0.000000,1.001358,60.394693,222.337866,-338.233794,0.295064,0.557370,-0.402800
0.001000,0.889764,171.767879,150.602056,-335.202684,0.518510,0.403548,-0.401181
0.002000,0.366505,271.664324,67.622683,-294.528840,0.712811,0.230297,-0.316984
0.003000,-0.070788,336.716177,-27.299774,-237.455977,0.839106,0.031138,-0.202023
0.004000,-0.480506,353.555567,-136.781960,-167.559281,0.871490,-0.189069,-0.048201
0.005000,-0.629407,322.467464,-242.171027,-85.875057,0.811580,-0.399562,0.129908
0.006000,-0.824372,265.317169,-317.352822,4.798741,0.699857,-0.542049,0.325828
0.007000,-1.009930,198.892253,-346.653543,108.762633,0.560608,-0.597101,0.542797
0.008000,-1.259394,120.187517,-323.751828,218.736828,0.390595,-0.555003,0.761386
0.009000,-1.364501,32.829881,-271.886217,303.374188,0.207628,-0.448137,0.934638
0.010000,-1.370015,-66.496763,-210.176049,346.223956,0.003612,-0.323461,1.023692
0.011000,-1.174401,-177.688857,-136.885588,338.970065,-0.219834,-0.169639,1.005881
0.012000,-0.665740,-274.658254,-53.906056,295.835323,-0.404420,0.008470,0.921684
0.013000,-0.175245,-336.808913,40.809169,237.415597,-0.525858,0.207628,0.803484
0.014000,0.319467,-349.840095,150.368896,166.664247,-0.551764,0.427836,0.651282
0.015000,0.431710,-315.927942,254.229080,84.436178,-0.483759,0.628614,0.469935
0.016000,0.621485,-258.725521,326.249850,-6.315271,-0.370417,0.772720,0.278872
0.017000,0.857000,-192.274412,352.130695,-109.994303,-0.232787,0.818057,0.057045
0.018000,1.092515,-113.932140,327.208399,-218.051734,-0.067631,0.769482,-0.163163
0.019000,1.236873,-26.859358,274.850854,-300.176544,0.118574,0.665855,-0.326699
0.020000,1.294617,72.985385,213.555477,-340.565417,0.320971,0.537940,-0.410896
0.021000,1.143121,184.514004,140.498419,-331.420275,0.544417,0.384118,-0.393085
0.022000,0.595208,280.550340,57.752202,-288.388906,0.727383,0.204390,-0.302412
0.023000,0.119636,341.301673,-38.051094,-230.564750,0.847202,0.008470,-0.187450
0.024000,-0.325118,351.845721,-149.243147,-158.725049,0.868251,-0.214976,-0.032009
0.025000,-0.497051,315.679895,-252.404243,-75.020103,0.795389,-0.414135,0.149338
0.026000,-0.700775,257.389703,-322.249227,17.285812,0.682046,-0.550145,0.350116
0.027000,-0.884062,189.980329,-345.669080,122.026897,0.541178,-0.592244,0.568704
0.028000,-1.131580,110.757454,-319.166305,229.332690,0.371165,-0.543669,0.788912
0.029000,-1.243823,22.959397,-265.746286,310.135850,0.189817,-0.435184,0.950829
0.030000,-1.258097,-77.766225,-202.870315,348.115148,-0.017437,-0.307269,1.026930
0.031000,-1.071890,-189.372845,-128.232707,335.213586,-0.239264,-0.146971,1.004262
0.032000,-0.565824,-283.026180,-45.201371,289.695423,-0.422230,0.029519,0.910350
0.033000,-0.072734,-340.461789,50.472397,231.664298,-0.535573,0.225439,0.792150
0.034000,0.427168,-348.104331,161.638336,159.850770,-0.551764,0.447266,0.635090
0.035000,0.543628,-310.539305,263.555510,75.886943,-0.477282,0.648044,0.450505
0.036000,0.722049,-252.222895,330.835345,-17.273844,-0.359083,0.777578,0.251346
0.037000,0.953996,-184.476450,350.913078,-123.051342,-0.216595,0.814819,0.031138
0.038000,1.178806,-105.020194,322.596998,-228.803083,-0.046582,0.761386,-0.184212
0.039000,1.299158,-17.144310,269.436343,-307.223221,0.138004,0.654520,-0.342891
0.040000,1.338086,84.384364,207.311949,-342.871133,0.345258,0.524987,-0.417373
0.041000,1.173291,196.845620,132.208255,-328.285538,0.567085,0.364688,-0.380132
0.042000,0.602669,290.187651,48.399855,-281.989904,0.748433,0.184960,-0.292696
0.043000,0.133585,345.731727,-48.776509,-224.295288,0.856917,-0.014199,-0.172878
0.044000,-0.301112,350.420849,-161.471173,-151.186159,0.866632,-0.240883,-0.017437
0.045000,-0.462989,310.265384,-262.482019,-65.693652,0.793769,-0.435184,0.170387
0.046000,-0.710831,250.083999,-327.197448,29.280652,0.665855,-0.559860,0.376022
0.047000,-0.889901,180.498456,-343.959223,136.508778,0.518510,-0.592244,0.599469
0.048000,-1.101086,100.006146,-313.311344,241.327517,0.348497,-0.530715,0.813200
0.049000,-1.214951,11.689946,-258.570080,317.726528,0.167149,-0.422230,0.967021
0.050000,-1.209112,-90.564190,-195.124166,350.265409,-0.044963,-0.291077,1.031788
0.051000,-1.004739,-202.507619,-118.543554,331.560734,-0.265171,-0.127541,0.994547
0.052000,-0.490887,-293.026241,-34.216888,282.415626,-0.440041,0.048949,0.895777
0.053000,-0.011098,-344.943686,62.752209,223.400043,-0.540430,0.249727,0.769482
0.054000,0.465123,-346.420381,174.410368,150.342989,-0.545288,0.473173,0.614041
0.055000,0.577366,-304.762066,273.529610,65.316980,-0.465948,0.665855,0.426217
0.056000,0.774277,-244.062229,335.576280,-29.916360,-0.338033,0.785674,0.223820
0.057000,0.993248,-173.595575,348.607377,-137.507352,-0.197165,0.811580,0.001993
0.058000,1.201189,-93.103058,315.757615,-239.813502,-0.022294,0.746813,-0.208499
0.059000,1.312459,-5.045839,261.560690,-313.440879,0.165530,0.636710,-0.352606
0.060000,1.325759,97.285935,198.866347,-343.803782,0.372784,0.507176,-0.417373
0.061000,1.147014,209.099515,122.493219,-324.166339,0.589753,0.338781,-0.378513
0.062000,0.575744,298.814600,37.648542,-275.124578,0.766243,0.163911,-0.278124
0.063000,0.093035,349.151419,-60.590012,-215.979185,0.865013,-0.038486,-0.156686
0.064000,-0.353666,347.985615,-173.232879,-141.989233,0.861775,-0.260313,0.006851
0.065000,-0.508729,304.773152,-271.238545,-56.134041,0.779197,-0.449756,0.196294
0.066000,-0.754301,243.270523,-331.394368,39.202949,0.656140,-0.564718,0.401929
0.067000,-0.919422,171.275650,-341.834856,148.840397,0.502318,-0.589005,0.623756
0.068000,-1.127039,89.513905,-306.912339,251.560684,0.329066,-0.516143,0.834249
0.069000,-1.228252,0.265053,-251.730664,322.622904,0.139623,-0.407658,0.975117
0.070000,-1.215600,-102.740394,-187.585272,349.876808,-0.067631,-0.273266,1.030169
0.071000,-1.011876,-213.336685,-110.020210,327.700628,-0.286220,-0.108111,0.988070
0.072000,-0.485697,-300.668775,-24.916348,276.767954,-0.454614,0.068379,0.882824
0.073000,0.004798,-347.767541,73.425800,216.638381,-0.548526,0.272395,0.754909
0.074000,0.487507,-343.596526,185.731621,142.545054,-0.537192,0.497461,0.596230
0.075000,0.612077,-299.606593,281.845677,57.104532,-0.456233,0.682046,0.410025
0.076000,0.803798,-238.673600,339.565920,-39.398248,-0.333176,0.797008,0.204390
0.077000,1.020498,-166.238032,346.949345,-149.191333,-0.177735,0.808342,-0.023914
0.078000,1.212219,-83.698885,310.213570,-250.357599,-0.002864,0.735479,-0.227930
0.079000,1.317974,6.482682,255.109909,-318.829515,0.188198,0.626994,-0.367179
0.080000,1.327381,110.265226,191.508828,-343.700154,0.400310,0.489365,-0.412515
0.081000,1.143446,220.938902,113.918080,-320.228488,0.617279,0.324209,-0.370417
0.082000,0.542655,307.363828,27.959406,-269.735946,0.780816,0.142861,-0.268409
0.083000,0.088493,352.519296,-72.636677,-208.958426,0.869871,-0.059535,-0.140494
0.084000,-0.338419,344.721364,-186.264023,-133.025470,0.855298,-0.287839,0.027900
0.085000,-0.515217,298.685066,-280.590932,-46.418991,0.767863,-0.467567,0.210867
0.086000,-0.763709,237.078809,-335.720823,50.912813,0.644805,-0.572814,0.419740
0.087000,-0.918448,162.830047,-340.358161,161.638336,0.486126,-0.587386,0.652901
0.088000,-1.112116,78.788502,-301.186913,261.975198,0.308017,-0.506427,0.852060
0.089000,-1.216573,-12.843783,-243.725440,328.218763,0.113716,-0.393085,0.986451
0.090000,-1.185431,-117.377747,-177.973832,349.047792,-0.098396,-0.253836,1.026930
0.091000,-0.959647,-226.108769,-99.787016,322.312023,-0.312127,-0.087061,0.973498
0.092000,-0.411409,-309.554843,-14.061402,270.109919,-0.474044,0.095905,0.869871
0.093000,0.047943,-351.083627,86.482813,208.400033,-0.553384,0.296683,0.741956
0.094000,0.533247,-339.529140,199.591736,131.897374,-0.533953,0.518510,0.567085
0.095000,0.641273,-292.171313,291.457082,45.627830,-0.440041,0.701476,0.384118
0.096000,0.831372,-230.979259,343.503747,-51.237656,-0.315365,0.803484,0.178483
0.097000,1.033798,-156.678408,345.135872,-161.419360,-0.155067,0.805104,-0.048201
0.098000,1.205082,-72.584863,304.462271,-259.761796,0.018185,0.725764,-0.245740
0.099000,1.307268,19.617422,246.819748,-323.492759,0.212486,0.610803,-0.372036
0.100000,1.299483,124.954362,181.042498,-341.627600,0.426217,0.468315,-0.410896
0.101000,1.102571,232.752381,103.114958,-314.218086,0.636710,0.299921,-0.354225
0.102000,0.513783,314.954506,17.052651,-262.844715,0.798627,0.123431,-0.255455
0.103000,0.038211,354.824997,-84.735157,-200.979115,0.876347,-0.087061,-0.124302
0.104000,-0.405245,340.654004,-198.517963,-123.129062,0.845583,-0.312127,0.048949
0.105000,-0.575556,291.405269,-289.114299,-35.952644,0.751671,-0.486997,0.236774
0.106000,-0.797771,229.876732,-338.959188,61.690031,0.626994,-0.584148,0.444028
0.107000,-0.957052,154.591697,-338.233794,172.700522,0.468315,-0.580910,0.673951
0.108000,-1.139366,69.539784,-296.005534,270.472613,0.286968,-0.498332,0.868251
0.109000,-1.226954,-24.061424,-236.963746,332.363843,0.092667,-0.376894,0.991309
0.110000,-1.181862,-130.693856,-169.217319,346.923438,-0.122683,-0.232787,1.023692
0.111000,-0.955755,-236.730584,-89.968333,316.508911,-0.336414,-0.069250,0.960544
0.112000,-0.424709,-315.694779,-3.750499,264.073645,-0.485378,0.116955,0.858536
0.113000,0.057675,-352.793484,97.778164,201.690183,-0.556622,0.320971,0.727383
0.114000,0.548170,-336.031706,210.705734,123.918091,-0.524238,0.546036,0.554132
0.115000,0.657169,-285.875938,299.591802,36.560457,-0.428707,0.719287,0.366307
0.116000,0.873220,-224.761612,346.638464,-61.626284,-0.302412,0.808342,0.159053
0.117000,1.066887,-149.579935,342.804264,-172.714742,-0.143732,0.798627,-0.064393
0.118000,1.221302,-64.372405,299.824963,-268.570136,0.039234,0.716049,-0.261932
0.119000,1.315054,29.876508,241.275703,-328.207817,0.235154,0.594611,-0.383370
0.120000,1.290399,138.244531,173.348191,-340.280440,0.453743,0.452124,-0.407658
0.121000,1.087324,244.410420,92.907692,-308.414939,0.657759,0.282110,-0.347748
0.122000,0.485236,321.897515,5.653665,-256.367995,0.808342,0.097525,-0.237645
0.123000,0.025560,356.664377,-97.584937,-193.647475,0.877966,-0.111349,-0.106491
0.124000,-0.390972,336.871618,-210.875534,-114.243022,0.839106,-0.334795,0.066760
0.125000,-0.586586,284.151378,-298.155806,-25.564018,0.738717,-0.504808,0.259442
0.126000,-0.822101,222.001079,-342.223460,74.021656,0.609184,-0.590625,0.471554
0.127000,-0.955430,145.705679,-335.280405,185.550274,0.447266,-0.574433,0.699857
0.128000,-1.104330,59.798837,-290.435551,279.747230,0.264299,-0.486997,0.882824
0.129000,-1.208463,-35.408601,-230.383402,337.234312,0.069999,-0.363940,1.004262
0.130000,-1.139041,-144.269034,-160.046297,345.783541,-0.150209,-0.214976,1.023692
0.131000,-0.897038,-248.829094,-78.413895,309.980409,-0.352606,-0.041724,0.950829
0.132000,-0.354314,-322.845086,9.358335,255.705764,-0.499951,0.142861,0.839106
0.133000,0.096279,-353.907482,111.871445,192.337844,-0.556622,0.351735,0.701476
0.134000,0.578015,-331.679344,223.633204,113.374038,-0.516143,0.570323,0.533082
0.135000,0.694799,-277.870708,308.685072,25.109660,-0.414135,0.735479,0.340401
0.136000,0.904362,-215.486955,349.203232,-74.657408,-0.282981,0.813200,0.131527
0.137000,1.076295,-139.320830,338.892345,-185.486817,-0.121064,0.792150,-0.096776
0.138000,1.205731,-53.776522,293.374182,-277.248943,0.060284,0.701476,-0.279743
0.139000,1.299158,41.430932,234.229066,-332.093854,0.254584,0.581658,-0.393085
0.140000,1.267043,151.016565,164.047665,-338.829653,0.474792,0.432694,-0.407658
0.141000,1.058128,255.032189,81.897314,-302.430445,0.682046,0.257823,-0.336414
0.142000,0.450201,327.622907,-7.273823,-248.155515,0.824534,0.068379,-0.226310
0.143000,-0.032184,356.457123,-111.186017,-184.087848,0.877966,-0.140494,-0.083823
0.144000,-0.450337,332.182496,-222.326366,-104.087548,0.831010,-0.357463,0.089429
0.145000,-0.647898,277.260182,-305.720621,-15.201301,0.722526,-0.519381,0.282110
0.146000,-0.871735,213.814544,-344.321920,85.783330,0.594611,-0.590625,0.497461
0.147000,-0.995332,136.456965,-331.213019,197.441475,0.429455,-0.566337,0.725764
0.148000,-1.133527,50.446491,-284.166083,287.959671,0.244869,-0.469186,0.905492
0.149000,-1.211059,-45.615880,-224.191661,340.472656,0.048949,-0.350987,1.010739
0.150000,-1.146827,-155.745762,-152.559221,343.814628,-0.172878,-0.197165,1.020454
0.151000,-0.907419,-258.129663,-69.372419,304.695432,-0.373655,-0.023914,0.939495
0.152000,-0.368912,-327.456517,20.679600,249.203170,-0.509666,0.165530,0.827772
0.153000,0.124178,-352.948926,124.773014,184.254936,-0.558241,0.377642,0.686904
0.154000,0.592288,-327.171541,234.099533,104.332576,-0.504808,0.592992,0.513652
0.155000,0.727239,-272.067566,315.446734,15.550057,-0.399562,0.748433,0.319351
0.156000,0.945886,-208.595730,351.353493,-85.926871,-0.268409,0.819676,0.105620
0.157000,1.104518,-131.030644,335.187679,-197.481689,-0.104872,0.784054,-0.124302
0.158000,1.238171,-44.890489,287.286095,-285.953658,0.078094,0.688523,-0.300792
0.159000,1.299807,51.638202,228.296420,-336.031706,0.278872,0.567085,-0.402800
0.160000,1.259581,162.804140,157.104653,-337.327052,0.499080,0.418121,-0.406039
0.161000,1.041908,265.058102,73.270359,-297.637668,0.696619,0.238393,-0.328318
0.162000,0.437549,332.907885,-18.931879,-242.093307,0.832630,0.048949,-0.208499
0.163000,-0.026669,355.394946,-125.667931,-175.305427,0.876347,-0.168020,-0.064393
0.164000,-0.433144,327.001145,-234.088084,-93.673008,0.821295,-0.381751,0.115335
0.165000,-0.668659,270.576240,-313.052275,-3.931847,0.709572,-0.533953,0.301540
0.166000,-0.895416,205.887077,-346.368567,98.399926,0.575181,-0.597101,0.523367
0.167000,-0.994034,126.845555,-326.860658,210.446666,0.408406,-0.556622,0.751671
0.168000,-1.120875,39.721085,-276.678992,297.389728,0.222201,-0.457852,0.928161
0.169000,-1.191919,-57.507102,-216.367788,344.073695,0.023043,-0.334795,1.018835
0.170000,-1.104655,-168.440113,-143.724991,341.664367,-0.198784,-0.179354,1.015596
0.171000,-0.857461,-268.285160,-59.683273,299.410455,-0.394704,-0.002864,0.931399
0.172000,-0.295598,-333.156038,32.881695,242.104719,-0.517762,0.191437,0.811580
0.173000,0.165052,-351.342697,139.928471,173.918140,-0.556622,0.405168,0.662616
0.174000,0.641922,-320.513464,246.508867,91.923234,-0.493474,0.615660,0.486126
0.175000,0.764545,-264.165966,322.467464,2.752105,-0.384989,0.763005,0.293445
0.176000,0.976055,-199.580144,352.622923,-99.294787,-0.252217,0.819676,0.079714
0.177000,1.117169,-120.642007,330.446743,-210.072421,-0.080585,0.774339,-0.148590
0.178000,1.237522,-33.491498,279.280909,-294.580654,0.099144,0.670712,-0.320222
0.179000,1.278072,63.943921,219.617657,-338.596491,0.296683,0.550893,-0.406039
0.180000,1.223897,175.135757,147.493245,-334.166408,0.526606,0.398691,-0.396324
0.181000,1.001358,274.099558,63.581226,-292.197220,0.719287,0.220582,-0.312127
0.182000,0.398621,337.778354,-30.201335,-235.279800,0.842345,0.024662,-0.197165
0.183000,-0.088954,353.322406,-139.191295,-165.797616,0.871490,-0.195546,-0.046582
0.184000,-0.493158,320.109949,-245.020783,-82.170383,0.805104,-0.401181,0.138004
0.185000,-0.715049,262.985562,-318.518632,8.218437,0.693381,-0.543669,0.332305
0.186000,-0.948618,197.519195,-346.627636,111.094242,0.560608,-0.595482,0.549274
0.187000,-1.036206,117.674561,-322.715552,221.405223,0.387357,-0.550145,0.772720
0.188000,-1.142285,29.746974,-270.020922,304.850873,0.204390,-0.443280,0.939495
0.189000,-1.197758,-68.776562,-208.777078,346.612557,-0.001245,-0.318603,1.022073
0.190000,-1.112440,-180.124100,-135.382991,338.166956,-0.218214,-0.161543,1.007500
0.191000,-0.860056,-276.678992,-51.211749,293.814596,-0.409277,0.014947,0.916827
0.192000,-0.304357,-337.171610,42.700364,236.560674,-0.527477,0.209248,0.798627
0.193000,0.177704,-349.555119,151.975115,166.819688,-0.550145,0.429455,0.649663
0.194000,0.644517,-314.606689,256.482967,82.596797,-0.483759,0.636710,0.461839
0.195000,0.789524,-257.611525,327.363840,-8.439628,-0.370417,0.769482,0.277253
0.196000,1.002980,-192.144878,352.389763,-112.118662,-0.234406,0.816438,0.052188
0.197000,1.144419,-112.092756,326.379383,-220.720141,-0.057916,0.767863,-0.171258
0.198000,1.245632,-24.009611,273.581423,-302.249096,0.125050,0.664235,-0.329937
0.199000,1.285533,75.265181,212.985528,-341.575786,0.325828,0.537940,-0.410896
0.200000,1.215138,187.752348,139.280802,-331.005764,0.550893,0.376022,-0.391466
0.201000,0.992275,283.633243,54.617482,-286.186820,0.735479,0.202771,-0.299173
0.202000,0.371696,342.571103,-40.641774,-229.424847,0.852060,0.003612,-0.184212
0.203000,-0.085061,352.027068,-151.937457,-158.440073,0.869871,-0.218214,-0.028771
0.204000,-0.482777,313.970049,-255.823951,-72.118541,0.793769,-0.420611,0.160672
0.205000,-0.746840,255.368977,-323.984990,20.938668,0.678808,-0.551764,0.358212
0.206000,-0.965162,188.503644,-345.928149,125.653844,0.537940,-0.593863,0.576800
0.207000,-1.018364,107.389575,-317.534170,233.710931,0.366307,-0.540430,0.797008
0.208000,-1.142610,18.840219,-263.026063,313.244660,0.180102,-0.431945,0.955687
0.209000,-1.171482,-81.470899,-200.901394,349.255046,-0.028771,-0.302412,1.030169
0.210000,-1.061509,-193.621568,-125.382956,334.410476,-0.245740,-0.143732,1.002643
0.211000,-0.805232,-286.808586,-40.512240,286.560706,-0.433565,0.034377,0.900635
0.212000,-0.246289,-342.145739,54.358414,228.866368,-0.535573,0.235154,0.784054
0.213000,0.233825,-348.337493,164.928495,157.596882,-0.550145,0.456981,0.626994
0.214000,0.681499,-308.233591,267.208362,71.482792,-0.472425,0.652901,0.442409
0.215000,0.843375,-248.777280,332.415657,-22.092508,-0.352606,0.780816,0.240012
0.216000,1.036718,-181.341722,350.420849,-127.170527,-0.210119,0.814819,0.019804
0.217000,1.159666,-100.745569,320.265390,-232.715020,-0.038486,0.754909,-0.192308
0.218000,1.246930,-12.481088,266.068465,-309.477122,0.146100,0.646425,-0.344510
0.219000,1.260555,88.037219,204.669460,-343.285643,0.351735,0.520129,-0.412515
0.220000,1.177508,200.394845,129.099444,-326.912472,0.573562,0.358212,-0.383370
0.221000,0.953022,292.726513,43.840262,-278.906984,0.754909,0.176864,-0.287839
0.222000,0.322062,346.508930,-52.040766,-221.523254,0.858536,-0.020675,-0.166401
0.223000,-0.155456,350.213595,-163.673255,-149.424494,0.865013,-0.245740,-0.009341
0.224000,-0.551550,308.322377,-264.969079,-62.325768,0.782435,-0.438422,0.178483
0.225000,-0.791932,247.726485,-328.363259,32.519000,0.664235,-0.561479,0.379261
0.226000,-0.999549,178.710890,-343.518806,139.228988,0.518510,-0.589005,0.604326
0.227000,-1.074161,97.156402,-311.446047,244.229073,0.343639,-0.524238,0.821295
0.228000,-1.149098,8.011182,-256.549343,318.736892,0.152576,-0.422230,0.963783
0.229000,-1.180565,-93.232592,-193.595661,350.058155,-0.048201,-0.287839,1.030169
0.230000,-1.059239,-204.839236,-116.730077,330.731718,-0.268409,-0.124302,0.992928
0.231000,-0.813991,-294.943351,-31.108073,280.265365,-0.443280,0.058664,0.890920
0.232000,-0.249857,-345.358197,64.876565,222.234239,-0.542049,0.256204,0.771101
0.233000,0.227662,-346.005870,176.172028,150.187548,-0.548526,0.481269,0.615660
0.234000,0.692204,-303.259465,275.705777,63.399879,-0.461091,0.670712,0.422979
0.235000,0.869003,-242.974140,336.612550,-32.066624,-0.341272,0.788912,0.220582
0.236000,1.071104,-173.336507,348.607377,-139.813059,-0.193927,0.809961,-0.004483
0.237000,1.173615,-91.108233,314.462278,-243.492278,-0.019056,0.741956,-0.216595
0.238000,1.274179,-1.392981,259.669498,-315.280269,0.170387,0.633471,-0.355844
0.239000,1.268340,100.446561,197.804170,-344.140572,0.376022,0.503937,-0.417373
0.240000,1.170696,212.441486,120.731559,-323.622294,0.597849,0.338781,-0.375274
0.241000,0.945237,301.690249,34.047500,-273.077934,0.771101,0.157434,-0.276505
0.242000,0.307140,350.343129,-63.931990,-214.347053,0.866632,-0.044963,-0.155067
0.243000,-0.161620,347.726547,-176.497142,-140.745705,0.863394,-0.268409,0.010089
0.244000,-0.545711,302.726519,-274.502813,-52.947505,0.774339,-0.461091,0.199533
0.245000,-0.819506,241.301610,-332.845155,43.684822,0.646425,-0.574433,0.403548
0.246000,-1.011227,169.617618,-341.860763,152.519157,0.500699,-0.587386,0.633471
0.247000,-1.049507,85.861050,-305.098855,255.187629,0.322590,-0.512904,0.840725
0.248000,-1.131580,-4.994025,-248.440491,325.006325,0.129908,-0.402800,0.978355
0.249000,-1.144881,-107.196367,-184.735519,350.265409,-0.077346,-0.268409,1.030169
0.250000,-1.012849,-217.844479,-107.092739,326.198036,-0.294316,-0.100015,0.984832
0.251000,-0.757870,-304.166207,-20.201312,273.581423,-0.462710,0.079714,0.879586
0.252000,-0.193411,-349.036980,78.037205,213.503663,-0.551764,0.280491,0.753290
0.253000,0.276322,-342.689784,189.954422,139.591683,-0.538811,0.505556,0.589753
0.254000,0.731781,-296.730927,285.343089,52.285872,-0.451376,0.691761,0.401929
0.255000,0.902416,-235.409334,340.990792,-43.906031,-0.328318,0.795389,0.194675
0.256000,1.086676,-163.362373,346.742091,-152.688756,-0.171258,0.803484,-0.033629
0.257000,1.177184,-79.191100,307.959683,-253.699587,0.005232,0.730622,-0.236025
0.258000,1.254391,12.130361,251.094362,-320.358023,0.197913,0.617279,-0.368798
0.259000,1.241091,114.747096,187.881882,-342.897039,0.405168,0.482888,-0.414135
0.260000,1.136633,224.565847,110.653827,-318.311377,0.620518,0.320971,-0.367179
0.261000,0.912797,309.747249,23.451626,-266.471679,0.784054,0.133146,-0.261932
0.262000,0.276646,352.933804,-76.185910,-206.082765,0.871490,-0.069250,-0.134017
0.263000,-0.200224,343.788721,-189.087869,-130.797483,0.853679,-0.292696,0.031138
0.264000,-0.589830,296.094391,-283.026180,-42.766132,0.758148,-0.475663,0.222201
0.265000,-0.868815,234.488134,-336.575751,54.177067,0.636710,-0.576052,0.427836
0.266000,-1.048858,161.249735,-340.073185,163.995851,0.482888,-0.582529,0.659378
0.267000,-1.075459,75.964664,-299.425244,264.539967,0.301540,-0.504808,0.858536
0.268000,-1.140988,-16.807522,-241.108845,329.203219,0.108859,-0.384989,0.989689
0.269000,-1.152991,-120.693821,-175.979005,348.426029,-0.104872,-0.247360,1.025311
0.270000,-0.996629,-228.569921,-97.662658,320.990779,-0.318603,-0.082204,0.971879
0.271000,-0.767277,-311.005629,-10.382638,267.856031,-0.475663,0.100763,0.865013
0.272000,-0.205414,-351.239069,89.073490,206.897441,-0.553384,0.296683,0.735479
0.273000,0.277619,-339.114629,201.560649,131.353332,-0.530715,0.526606,0.570323
0.274000,0.741513,-290.565085,293.762783,43.425754,-0.436803,0.706334,0.377642
0.275000,0.941993,-229.683916,344.436390,-53.880149,-0.315365,0.803484,0.176864
0.276000,1.113925,-156.237992,345.006338,-164.010044,-0.159924,0.803484,-0.054678
0.277000,1.200216,-70.693666,303.192841,-262.689274,0.023043,0.724145,-0.253836
0.278000,1.260230,23.114838,245.006276,-325.150801,0.217343,0.602707,-0.380132
0.279000,1.235576,128.633122,179.773067,-341.549880,0.432694,0.465077,-0.410896
0.280000,1.121062,236.275700,100.731536,-312.948647,0.644805,0.296683,-0.355844
0.281000,0.908579,317.389740,12.752124,-260.461282,0.801865,0.112097,-0.250598
0.282000,0.269509,355.602200,-88.647086,-199.139728,0.874728,-0.093538,-0.117826
0.283000,-0.203143,340.084055,-201.885854,-121.807814,0.845583,-0.316984,0.050568
0.284000,-0.595669,288.892314,-292.585823,-32.247972,0.746813,-0.495093,0.246489
0.285000,-0.896389,227.286056,-340.047278,65.964649,0.622137,-0.587386,0.453743
0.286000,-1.054048,152.674597,-337.897004,176.508816,0.465077,-0.579290,0.683666
0.287000,-1.050804,66.042370,-294.217958,273.944118,0.282110,-0.493474,0.877966
0.288000,-1.129309,-28.802368,-234.036270,334.358663,0.082952,-0.370417,1.001024
0.289000,-1.113089,-135.434805,-166.134405,346.871624,-0.134017,-0.227930,1.023692
0.290000,-0.961918,-241.264287,-85.952777,314.255023,-0.339653,-0.056297,0.960544
0.291000,-0.716346,-318.803608,1.897181,259.980379,-0.490236,0.128289,0.850441
0.292000,-0.158052,-353.415251,102.700450,198.166864,-0.559860,0.332305,0.716049
0.293000,0.318494,-335.021336,214.876721,120.990627,-0.525858,0.552512,0.550893
0.294000,0.779143,-282.197159,303.218747,31.638169,-0.418992,0.722526,0.356592
0.295000,0.985463,-220.668327,347.441573,-66.704018,-0.292696,0.808342,0.142861
0.296000,1.137607,-146.445208,342.052968,-176.419421,-0.135637,0.798627,-0.077346
0.297000,1.194701,-60.045969,297.571075,-271.419894,0.045711,0.711192,-0.271647
0.298000,1.244010,35.006051,237.804198,-329.503163,0.246489,0.589753,-0.384989
0.299000,1.201514,142.441427,169.747152,-339.865930,0.460220,0.447266,-0.409277
0.300000,1.071104,247.804205,89.047583,-306.212852,0.667474,0.277253,-0.342891
0.301000,0.855378,323.762801,0.265053,-252.326522,0.811580,0.087809,-0.231168
0.302000,0.219552,356.508936,-101.600494,-190.253678,0.877966,-0.119445,-0.098396
0.303000,-0.251155,335.861255,-213.725288,-111.989128,0.839106,-0.344510,0.073237
0.304000,-0.651466,281.457076,-300.539241,-21.859347,0.730622,-0.506427,0.265919
0.305000,-0.954133,219.021802,-342.508436,77.674511,0.605945,-0.589005,0.479650
0.306000,-1.089084,143.814485,-334.477291,188.400017,0.444028,-0.574433,0.706334
0.307000,-1.089732,56.949092,-288.622068,282.156558,0.259442,-0.483759,0.895777
0.308000,-1.141637,-39.165087,-227.948156,338.037422,0.060284,-0.360702,1.007500
0.309000,-1.113414,-147.559202,-158.284632,345.109965,-0.156686,-0.213357,1.020454
0.310000,-0.955755,-251.316154,-76.237723,308.503725,-0.360702,-0.036867,0.949210
0.311000,-0.709858,-323.933177,13.425701,253.115089,-0.501570,0.152576,0.835868
0.312000,-0.143778,-353.415251,115.161605,190.550278,-0.558241,0.358212,0.701476
0.313000,0.335687,-331.135299,225.653931,112.389581,-0.512904,0.578419,0.528225
0.314000,0.796661,-276.290388,310.679892,22.311728,-0.409277,0.740337,0.333924
0.315000,1.013361,-213.673475,349.928621,-77.921666,-0.279743,0.816438,0.125050
0.316000,1.153827,-138.465904,338.555557,-188.569732,-0.117826,0.792150,-0.101634
0.317000,1.215463,-51.600351,291.819777,-280.383677,0.063522,0.696619,-0.287839
0.318000,1.256662,45.057881,232.234246,-333.674176,0.264299,0.576800,-0.394704
0.319000,1.202487,154.513977,162.855954,-338.700118,0.484507,0.434313,-0.406039
0.320000,1.073375,258.477787,79.772959,-301.135100,0.685285,0.254584,-0.333176
0.321000,0.858622,329.565914,-12.066579,-245.564828,0.822915,0.060284,-0.218214
0.322000,0.222147,356.327589,-115.901058,-181.600790,0.874728,-0.148590,-0.078965
0.323000,-0.227798,331.379386,-225.823793,-102.144537,0.829391,-0.365559,0.094286
0.324000,-0.641734,274.928574,-308.725822,-11.082121,0.717668,-0.524238,0.288587
0.325000,-0.962891,210.938894,-345.306383,90.420642,0.586515,-0.593863,0.502318
0.326000,-1.098167,134.047636,-330.228557,201.871530,0.426217,-0.564718,0.733860
0.327000,-1.074486,46.430940,-281.497673,291.871590,0.236774,-0.467567,0.911969
0.328000,-1.126390,-50.745426,-220.668327,342.208409,0.035996,-0.347748,1.012358
0.329000,-1.080000,-160.253552,-149.605842,343.685094,-0.182593,-0.193927,1.018835
0.330000,-0.921368,-262.067509,-66.030441,303.192841,-0.381751,-0.015818,0.941114
0.331000,-0.669957,-329.891767,26.612254,245.394877,-0.511285,0.178483,0.819676
0.332000,-0.100632,-352.508508,130.731570,179.798974,-0.553384,0.390595,0.677189
0.333000,0.360666,-325.332150,238.451867,100.472468,-0.503189,0.601088,0.503937
0.334000,0.844672,-268.647857,318.477824,10.368700,-0.391466,0.753290,0.308017
0.335000,1.050018,-204.606074,352.001161,-91.082326,-0.260313,0.816438,0.097525
0.336000,1.163234,-127.714570,333.710994,-201.704507,-0.096776,0.782435,-0.129160
0.337000,1.206055,-40.175452,283.892311,-289.269741,0.087809,0.682046,-0.307269
0.338000,1.239469,57.052719,224.099526,-336.783006,0.288587,0.562228,-0.401181
0.339000,1.173940,166.819688,153.555427,-336.394403,0.508795,0.413263,-0.401181
0.340000,1.031852,267.985565,69.980199,-296.031441,0.703096,0.231916,-0.321842
0.341000,0.807042,334.462290,-24.190958,-238.440438,0.832630,0.037615,-0.203642
0.342000,0.151427,354.384583,-130.382974,-171.471214,0.873109,-0.179354,-0.059535
0.343000,-0.303708,325.109952,-237.119187,-90.667817,0.814819,-0.388228,0.118574
0.344000,-0.704668,267.726497,-314.943479,0.290960,0.703096,-0.538811,0.316113
0.345000,-1.017715,202.778267,-346.472195,102.596823,0.565466,-0.600340,0.528225
0.346000,-1.140015,124.721201,-326.005730,213.140969,0.405168,-0.553384,0.756528
0.347000,-1.101735,36.430924,-274.528720,299.876776,0.220582,-0.454614,0.929780
0.348000,-1.127687,-61.704004,-213.336685,344.876804,0.014947,-0.328318,1.018835
0.349000,-1.081298,-171.730282,-141.678351,340.679910,-0.203642,-0.176116,1.015596
0.350000,-0.912285,-270.746315,-57.662543,297.985583,-0.396324,0.003612,0.929780
0.351000,-0.657630,-333.985059,36.949059,239.695391,-0.521000,0.197913,0.806723
0.352000,-0.087332,-350.513675,143.477697,172.130573,-0.551764,0.416502,0.662616
0.353000,0.375264,-319.580816,248.892289,90.757430,-0.491855,0.622137,0.484507
0.354000,0.840780,-262.404298,324.099589,-0.641685,-0.376894,0.763005,0.286968
0.355000,1.088298,-197.663037,352.674737,-103.284437,-0.247360,0.819676,0.068379
0.356000,1.205406,-119.320759,330.032235,-213.129431,-0.080585,0.771101,-0.155067
0.357000,1.230385,-30.823098,277.881944,-297.508134,0.107240,0.670712,-0.325080
0.358000,1.242064,68.166725,217.337863,-340.124999,0.311256,0.544417,-0.410896
0.359000,1.164856,179.229025,145.679772,-333.700083,0.534702,0.393833,-0.396324
0.360000,1.029257,277.648783,61.327337,-290.694620,0.724145,0.214105,-0.310507
0.361000,0.813854,339.617734,-34.735024,-232.740927,0.843964,0.018185,-0.192308
0.362000,0.165701,352.856084,-143.828618,-163.647348,0.869871,-0.206880,-0.053059
0.363000,-0.265428,318.762798,-248.647746,-79.942397,0.803484,-0.407658,0.141242
0.364000,-0.726403,260.317166,-320.927975,13.037099,0.688523,-0.550145,0.342020
0.365000,-1.027447,194.047690,-346.783078,116.690104,0.550893,-0.595482,0.562228
0.366000,-1.123470,114.928444,-321.523834,225.861185,0.382499,-0.545288,0.780816
0.367000,-1.091030,25.627796,-267.378420,308.736885,0.193056,-0.438422,0.949210
0.368000,-1.106926,-74.424247,-205.124211,347.933801,-0.010960,-0.310507,1.028550
0.369000,-1.039450,-185.409097,-131.704222,337.130685,-0.232787,-0.156686,1.007500
0.370000,-0.869788,-280.772280,-47.377542,291.457082,-0.418992,0.024662,0.915207
0.371000,-0.619999,-339.451419,48.296228,232.545127,-0.530715,0.222201,0.795389
0.372000,-0.062353,-349.373770,157.078746,162.907767,-0.550145,0.439170,0.641567
0.373000,0.419058,-312.663671,260.420793,78.866222,-0.480521,0.641567,0.458600
0.374000,0.885223,-253.466425,329.565914,-14.683165,-0.360702,0.775959,0.254584
0.375000,1.126577,-187.248483,351.690280,-117.507281,-0.223072,0.814819,0.037615
0.376000,1.220004,-108.465801,324.591817,-225.046587,-0.057916,0.763005,-0.182593
0.377000,1.228114,-19.450015,270.472613,-305.306111,0.131527,0.656140,-0.341272
0.378000,1.223897,81.016484,208.659100,-342.171646,0.337162,0.528225,-0.414135
0.379000,1.132092,192.286031,135.291160,-329.529070,0.557370,0.371165,-0.386609
0.380000,0.981570,286.819774,50.886906,-283.829293,0.740337,0.193056,-0.294316
0.381000,0.758382,343.944161,-45.745414,-225.435190,0.852060,-0.007722,-0.174497
0.382000,0.109580,351.379399,-155.927110,-154.839023,0.865013,-0.227930,-0.020675
0.383000,-0.343933,312.622898,-258.492359,-69.709207,0.793769,-0.427088,0.163911
0.384000,-0.782849,252.182446,-325.435778,25.524169,0.673951,-0.555003,0.369546
0.385000,-1.090381,184.617631,-344.891872,130.602036,0.533082,-0.590625,0.589753
0.386000,-1.166940,104.928432,-316.212918,236.664301,0.358212,-0.533953,0.803484
0.387000,-1.108223,15.316896,-261.108954,315.058133,0.173626,-0.425469,0.962164
0.388000,-1.116658,-86.056405,-197.740758,349.462300,-0.033629,-0.295935,1.028550
0.389000,-1.040423,-197.144900,-122.844087,333.348300,-0.253836,-0.135637,0.999405
0.390000,-0.874330,-289.269741,-38.102908,284.902674,-0.431945,0.044092,0.900635
0.391000,-0.625838,-342.897039,58.477591,226.223880,-0.538811,0.240012,0.777578
0.392000,-0.045160,-347.404844,168.400000,155.809315,-0.548526,0.463458,0.625375
0.393000,0.437549,-307.534104,269.488157,70.550148,-0.469186,0.656140,0.439170
0.394000,0.913121,-247.171054,333.944155,-25.356764,-0.349368,0.782435,0.233535
0.395000,1.147987,-179.010106,349.928621,-131.600594,-0.210119,0.809961,0.008470
0.396000,1.245308,-98.906185,319.280933,-235.901564,-0.036867,0.751671,-0.202023
0.397000,1.251796,-9.061391,264.565874,-311.886464,0.157434,0.643186,-0.354225
0.398000,1.220978,93.037225,202.104691,-343.933316,0.361450,0.513652,-0.415754
0.399000,1.126901,204.669460,126.871462,-326.342519,0.580038,0.354973,-0.381751
0.400000,0.981245,296.353458,41.068237,-277.404384,0.761386,0.172007,-0.282981
0.401000,0.755462,348.115148,-57.248034,-218.388523,0.861775,-0.030390,-0.158305
0.402000,0.108931,349.488206,-168.414207,-146.756090,0.866632,-0.253836,-0.002864
0.403000,-0.317333,307.156574,-268.388788,-60.201410,0.784054,-0.446518,0.184960
0.404000,-0.803286,245.343063,-330.332184,37.078593,0.660997,-0.564718,0.388976
0.405000,-1.086813,174.954410,-343.130202,144.488061,0.508795,-0.589005,0.617279
0.406000,-1.154937,93.529454,-309.736191,248.633221,0.337162,-0.522619,0.829391
0.407000,-1.098167,2.959359,-253.388704,321.975236,0.147719,-0.409277,0.973498
0.408000,-1.085840,-99.502041,-189.450565,350.602197,-0.062774,-0.278124,1.030169
0.409000,-0.994683,-210.279676,-113.284469,329.332753,-0.279743,-0.114587,0.988070
0.410000,-0.817884,-299.036641,-26.988892,277.907851,-0.451376,0.065141,0.886062
0.411000,-0.573285,-347.016240,71.482792,217.260143,-0.550145,0.270776,0.759767
0.412000,-0.017261,-344.943686,181.793794,145.498424,-0.545288,0.484507,0.599469
0.413000,0.470962,-301.471889,279.384536,59.643396,-0.457852,0.680427,0.418121
0.414000,0.951725,-239.450806,338.477837,-37.455238,-0.334795,0.793769,0.210867
0.415000,1.168749,-168.310579,347.778361,-145.357121,-0.184212,0.806723,-0.017437
0.416000,1.255689,-86.626354,312.208390,-247.041519,-0.007722,0.738717,-0.221453
0.417000,1.236549,4.125164,256.042552,-317.482356,0.181722,0.626994,-0.362321
0.418000,1.204758,106.690092,192.830072,-343.726061,0.390595,0.492603,-0.414135
0.419000,1.089595,216.975168,117.052798,-321.782903,0.607564,0.330686,-0.370417
0.420000,0.928044,304.773152,30.213296,-270.720408,0.777578,0.149338,-0.271647
0.421000,0.709722,351.042612,-69.605580,-209.813353,0.868251,-0.056297,-0.143732
0.422000,0.068381,346.223956,-180.953119,-136.807867,0.860156,-0.273266,0.019804
0.423000,-0.380591,301.120300,-277.041688,-50.253197,0.769482,-0.467567,0.204390
0.424000,-0.846107,238.529587,-334.270035,47.700372,0.643186,-0.571194,0.414883
0.425000,-1.143583,166.146112,-341.135369,156.405171,0.492603,-0.584148,0.641567
0.426000,-1.182836,83.063119,-303.440814,258.348253,0.316113,-0.512904,0.847202
0.427000,-1.111792,-9.113205,-245.953431,326.560731,0.121812,-0.393085,0.984832
0.428000,-1.095896,-112.584985,-181.056747,349.436393,-0.088681,-0.258694,1.030169
0.429000,-0.991439,-221.212371,-104.268896,324.747258,-0.304031,-0.098396,0.975117
0.430000,-0.826643,-306.290573,-17.429285,272.260179,-0.464329,0.089429,0.876347
0.431000,-0.575880,-349.451491,82.467263,210.498480,-0.551764,0.291825,0.745194
0.432000,-0.014991,-341.549880,193.607275,137.234167,-0.537192,0.510414,0.584896
0.433000,0.480694,-295.772372,287.830137,50.990533,-0.444899,0.695000,0.397072
0.434000,0.975406,-233.777201,342.286129,-47.196195,-0.321842,0.800246,0.188198
0.435000,1.203784,-161.082571,346.172142,-156.885663,-0.168020,0.806723,-0.040105
0.436000,1.280343,-77.584877,307.156574,-256.678878,0.006851,0.729002,-0.242502
0.437000,1.259906,15.809125,249.384517,-322.326948,0.206009,0.612422,-0.373655
0.438000,1.201189,120.498398,184.695351,-342.663877,0.418121,0.478030,-0.410896
0.439000,1.073375,228.944089,107.622736,-316.964218,0.630233,0.311256,-0.363940
0.440000,0.929341,312.907872,20.057837,-265.020893,0.790531,0.125050,-0.260313
0.441000,0.715885,353.970075,-81.859501,-202.818501,0.871490,-0.082204,-0.129160
0.442000,0.083952,342.415663,-194.165612,-127.662757,0.850441,-0.304031,0.039234
0.443000,-0.372156,294.306825,-286.601331,-39.968197,0.756528,-0.482140,0.227058
0.444000,-0.870761,231.716111,-338.259701,59.047540,0.630233,-0.580910,0.437551
0.445000,-1.135149,157.622788,-339.399605,169.332644,0.471554,-0.587386,0.662616
0.446000,-1.183484,72.778131,-298.155806,268.451886,0.295064,-0.503189,0.869871
0.447000,-1.104006,-21.885253,-238.155462,331.923428,0.097525,-0.378513,0.996166
0.448000,-1.055021,-127.792291,-170.953077,347.881988,-0.117826,-0.236025,1.028550
0.449000,-0.939210,-234.062177,-92.973524,318.529638,-0.325080,-0.069250,0.970259
0.450000,-0.773117,-314.684410,-5.900763,264.928568,-0.482140,0.113716,0.860156
0.451000,-0.529815,-352.353067,95.809250,202.052877,-0.556622,0.320971,0.729002
0.452000,0.023289,-337.301145,207.337856,126.534674,-0.529096,0.539559,0.560608
0.453000,0.515730,-287.508072,297.545169,39.047508,-0.430326,0.714430,0.371165
0.454000,1.023093,-225.487004,345.679914,-59.605553,-0.302412,0.805104,0.160672
0.455000,1.223573,-151.445227,343.814628,-169.295039,-0.148590,0.800246,-0.066012
0.456000,1.265421,-66.729925,301.508902,-265.849913,0.026281,0.717668,-0.260313
0.457000,1.246281,28.322101,241.664304,-327.067913,0.228678,0.599469,-0.383370
0.458000,1.162261,135.161626,174.125394,-340.487696,0.445647,0.452124,-0.409277
0.459000,1.030230,240.757568,95.964690,-310.720653,0.651282,0.285349,-0.349368
0.460000,0.873869,319.954509,8.347971,-257.404270,0.808342,0.100763,-0.240883
0.461000,0.669820,355.731734,-94.398399,-194.450588,0.873109,-0.108111,-0.109730
0.462000,0.021667,338.270583,-206.264113,-117.844070,0.840725,-0.329937,0.057045
0.463000,-0.434117,286.638426,-295.021072,-29.242783,0.741956,-0.498332,0.252965
0.464000,-0.912934,223.995899,-341.005834,70.550148,0.614041,-0.587386,0.465077
0.465000,-1.167589,149.073557,-336.653472,180.861151,0.455362,-0.576052,0.691761
0.466000,-1.200678,63.710760,-292.844892,276.638420,0.278872,-0.490236,0.882824
0.467000,-1.111143,-32.584760,-231.937814,335.705814,0.076475,-0.367179,1.004262
0.468000,-1.055995,-140.590264,-162.429726,345.705820,-0.143732,-0.218214,1.022073
0.469000,-0.940183,-244.606273,-82.843960,312.337924,-0.347748,-0.049820,0.955687
0.470000,-0.771495,-320.332116,5.265063,258.322346,-0.495093,0.134766,0.847202
0.471000,-0.516191,-353.078461,107.726363,194.902613,-0.556622,0.343639,0.709572
0.472000,0.038860,-333.674176,218.374133,118.348137,-0.521000,0.562228,0.544417
0.473000,0.524489,-281.160883,305.524448,29.824694,-0.415754,0.729002,0.350116
0.474000,1.042233,-218.466244,348.451936,-70.590039,-0.287839,0.809961,0.138004
0.475000,1.243686,-143.750898,340.861258,-181.108560,-0.134017,0.795389,-0.088681
0.476000,1.286507,-58.362026,296.405272,-274.710068,0.050568,0.706334,-0.279743
0.477000,1.244659,38.425746,236.301607,-331.368461,0.248108,0.583277,-0.391466
0.478000,1.166803,147.804126,166.897408,-339.347791,0.471554,0.440789,-0.409277
0.479000,1.016929,252.078819,85.964677,-304.606624,0.672331,0.272395,-0.342891
0.480000,0.876788,326.301663,-3.854126,-250.513041,0.819676,0.076475,-0.229549
0.481000,0.664630,356.431216,-108.051292,-186.264023,0.877966,-0.132398,-0.090300
0.482000,0.045997,334.280943,-218.518058,-108.258546,0.835868,-0.350987,0.081333
0.483000,-0.450986,279.747230,-303.803510,-18.776438,0.727383,-0.516143,0.274015
0.484000,-0.939534,215.705737,-343.933316,83.140839,0.596230,-0.593863,0.489365
0.485000,-1.167589,139.488056,-332.741527,194.280851,0.437551,-0.567956,0.717668
0.486000,-1.179916,53.451677,-286.419982,286.198011,0.252965,-0.474044,0.903873
0.487000,-1.099789,-44.009658,-225.098401,340.213589,0.053807,-0.350987,1.010739
0.488000,-1.025825,-153.621402,-153.673215,344.617737,-0.168020,-0.202023,1.020454
0.489000,-0.891847,-256.005299,-71.859472,306.534811,-0.370417,-0.027152,0.945972
0.490000,-0.725754,-326.860658,18.892032,249.980372,-0.504808,0.162291,0.827772
0.491000,-0.474018,-353.026647,122.830007,184.462190,-0.555003,0.374403,0.688523
0.492000,0.073571,-328.648235,231.197976,107.000973,-0.512904,0.586515,0.516891
0.493000,0.579637,-273.518351,313.944142,18.218456,-0.401181,0.750052,0.324209
0.494000,1.071429,-209.269309,350.835357,-83.802512,-0.268409,0.814819,0.110478
0.495000,1.256337,-132.973656,336.068509,-194.424681,-0.109730,0.784054,-0.116206
0.496000,1.285858,-47.248008,288.918220,-283.699759,0.071618,0.690142,-0.295935
0.497000,1.234927,50.109703,228.685021,-334.917708,0.274015,0.570323,-0.399562
0.498000,1.135011,160.239371,157.648695,-337.534307,0.494222,0.419740,-0.402800
0.499000,0.984165,262.078825,75.731503,-299.243896,0.696619,0.244869,-0.328318
0.500000,0.821640,331.431200,-16.703895,-242.689165,0.829391,0.053807,-0.213357
0.501000,0.608508,354.980438,-122.533205,-175.953098,0.873109,-0.163163,-0.069250
0.502000,-0.034455,328.736898,-229.968892,-97.429496,0.824534,-0.375274,0.107240
0.503000,-0.498349,272.856034,-310.746560,-7.999213,0.714430,-0.527477,0.290206
0.504000,-0.977814,207.622830,-345.669080,95.083860,0.580038,-0.595482,0.515271
0.505000,-1.210085,129.980274,-328.492793,206.068425,0.416502,-0.559860,0.745194
0.506000,-1.190621,43.658915,-279.451029,294.462265,0.233535,-0.459471,0.920065
0.507000,-1.102384,-54.553726,-218.258989,343.166959,0.029519,-0.336414,1.018835
0.508000,-1.027447,-164.916783,-146.030699,342.130689,-0.190688,-0.185831,1.017215
0.509000,-0.897687,-264.943173,-63.310226,301.405275,-0.384989,-0.010960,0.934638
0.510000,-0.722834,-331.135299,29.721067,243.944099,-0.516143,0.186579,0.816438
0.511000,-0.449040,-351.135441,136.042456,176.301561,-0.553384,0.400310,0.670712
0.512000,0.098550,-323.389131,241.871559,97.493190,-0.498332,0.602707,0.495841
0.513000,0.601372,-267.482047,320.135856,7.881648,-0.389847,0.758148,0.301540
0.514000,1.099976,-202.403992,352.312042,-95.486485,-0.257075,0.819676,0.086190
0.515000,1.282938,-124.553938,332.337936,-206.056858,-0.090300,0.779197,-0.138875
0.516000,1.293319,-37.921560,282.700600,-292.300847,0.091048,0.678808,-0.315365
0.517000,1.236873,60.964642,222.156519,-338.518770,0.293445,0.555751,-0.404420
0.518000,1.129497,172.234200,150.213455,-335.332219,0.521748,0.401929,-0.397943
0.519000,0.972811,271.871578,67.156361,-294.295678,0.712811,0.230297,-0.316984
0.520000,0.824235,336.612550,-27.766096,-237.041467,0.837487,0.029519,-0.200404
0.521000,0.610130,353.374219,-136.678333,-167.481560,0.871490,-0.192308,-0.049820
0.522000,-0.012720,322.648811,-241.782424,-86.470914,0.811580,-0.397943,0.129908
0.523000,-0.508405,265.783491,-317.404635,4.358325,0.699857,-0.540430,0.325828
0.524000,-1.006037,199.306761,-346.783078,108.425845,0.562228,-0.595482,0.541178
0.525000,-1.198083,120.394771,-324.036804,218.892268,0.393833,-0.553384,0.766243
0.526000,-1.193541,32.674440,-272.119379,303.788696,0.210867,-0.448137,0.939495
0.527000,-1.087462,-67.092620,-209.891073,346.586650,0.005232,-0.320222,1.023692
0.528000,-0.990790,-178.310621,-136.445171,339.073692,-0.218214,-0.164782,1.010739
0.529000,-0.848702,-275.020951,-53.362013,295.602162,-0.407658,0.006851,0.918446
0.530000,-0.684231,-336.783006,41.379118,237.001089,-0.522619,0.209248,0.801865
0.531000,-0.420817,-349.658746,150.420709,166.638341,-0.550145,0.426217,0.651282
0.532000,0.142020,-316.135197,254.073639,84.876593,-0.483759,0.633471,0.471554
0.533000,0.654573,-259.010497,326.327570,-5.978483,-0.375274,0.771101,0.280491
0.534000,1.133389,-192.740735,352.337949,-109.761142,-0.234406,0.818057,0.055426
0.535000,1.281965,-114.009860,327.467467,-218.310803,-0.067631,0.769482,-0.163163
0.536000,1.298510,-26.600290,274.980388,-300.746496,0.115335,0.665855,-0.331557
0.537000,1.217734,73.684868,213.322316,-340.928113,0.320971,0.534702,-0.407658
0.538000,1.098678,185.161672,140.006191,-331.394368,0.542797,0.382499,-0.389847
0.539000,0.931288,281.016661,57.130439,-288.026210,0.730622,0.207628,-0.304031
0.540000,0.776548,341.353486,-38.698764,-230.098426,0.845583,0.005232,-0.185831
0.541000,0.553036,351.690280,-149.372681,-158.569607,0.868251,-0.213357,-0.033629
0.542000,-0.056190,315.861242,-252.326522,-75.356892,0.798627,-0.417373,0.150957
0.543000,-0.578800,257.700584,-322.352855,16.974930,0.680427,-0.550145,0.350116
0.544000,-1.049831,190.317117,-345.928149,122.052804,0.539559,-0.595482,0.571943
0.545000,-1.236362,110.861081,-319.347654,229.721291,0.372784,-0.543669,0.792150
0.546000,-1.208788,22.674423,-265.824007,310.653985,0.186579,-0.436803,0.950829
0.547000,-1.089408,-78.621150,-202.481712,348.451936,-0.017437,-0.302412,1.028550
0.548000,-0.991114,-190.150050,-127.636850,335.265399,-0.242502,-0.143732,1.001024
0.549000,-0.857461,-283.492504,-44.475980,289.384542,-0.420611,0.031138,0.908731
0.550000,-0.674823,-340.513603,51.275508,231.094349,-0.532334,0.228678,0.788912
0.551000,-0.413355,-347.845262,161.949217,159.617609,-0.546907,0.452124,0.635090
0.552000,0.153049,-310.720653,263.529604,76.146011,-0.475663,0.649663,0.452124
0.553000,0.672740,-252.378336,331.016692,-17.170217,-0.360702,0.775959,0.251346
0.554000,1.161937,-184.709612,351.120332,-123.232690,-0.214976,0.814819,0.029519
0.555000,1.320893,-104.942473,322.752438,-229.476661,-0.048201,0.759767,-0.187450
0.556000,1.318298,-16.703895,269.436343,-307.637732,0.138004,0.654520,-0.344510
0.557000,1.226168,85.394728,206.793814,-343.259736,0.343639,0.523367,-0.415754
0.558000,1.087000,197.752356,131.456959,-328.181910,0.568704,0.363069,-0.384989
0.559000,0.917987,290.783507,47.519025,-281.549487,0.748433,0.183341,-0.294316
0.560000,0.773629,345.887168,-49.631434,-223.621710,0.855298,-0.017437,-0.169639
0.561000,0.565688,350.161782,-161.833869,-150.875277,0.863394,-0.237645,-0.012579
0.562000,-0.055216,310.369011,-262.585646,-65.875000,0.785674,-0.438422,0.168768
0.563000,-0.618053,250.343067,-327.430610,29.306559,0.670712,-0.561479,0.374403
0.564000,-1.058590,180.757524,-344.296013,136.819659,0.521748,-0.590625,0.601088
0.565000,-1.225332,99.798892,-313.337251,242.026999,0.350116,-0.546907,0.814819
0.566000,-1.214303,11.016370,-258.466452,318.400104,0.162291,-0.420611,0.967021
0.567000,-1.067673,-91.626370,-194.554215,350.550383,-0.044963,-0.291077,1.031788
0.568000,-0.940183,-203.466173,-117.766350,331.508920,-0.266790,-0.122683,0.996166
0.569000,-0.808801,-293.699820,-33.310150,281.923397,-0.440041,0.055426,0.894158
0.570000,-0.630704,-345.021407,63.736667,222.622841,-0.542049,0.252965,0.771101
0.571000,-0.359505,-346.213126,174.928503,149.902574,-0.543669,0.478030,0.610803
0.572000,0.167323,-304.813880,273.736864,65.394700,-0.462710,0.665855,0.431074
0.573000,0.706802,-244.269484,335.835348,-29.994080,-0.342891,0.787293,0.225439
0.574000,1.196972,-173.673296,348.788724,-137.895954,-0.193927,0.808342,-0.002864
0.575000,1.328030,-92.818083,315.757615,-241.057032,-0.023914,0.743575,-0.211738
0.576000,1.320244,-4.216822,261.327530,-314.192179,0.165530,0.636710,-0.355844
0.577000,1.201514,98.607181,198.166864,-344.062851,0.374403,0.502318,-0.417373
0.578000,1.049694,210.317132,121.612389,-323.959084,0.594611,0.342020,-0.376894
0.579000,0.870625,299.539989,36.560457,-274.606441,0.758148,0.159053,-0.281362
0.580000,0.721076,349.255046,-61.781725,-215.072445,0.863394,-0.041724,-0.155067
0.581000,0.494644,347.674734,-173.984178,-141.341562,0.860156,-0.266790,0.008470
0.582000,-0.108094,304.669525,-271.471707,-56.082228,0.777578,-0.452995,0.193056
0.583000,-0.659576,243.477777,-331.705251,40.291034,0.654520,-0.567956,0.398691
0.584000,-1.101735,171.249744,-342.016204,149.669413,0.503937,-0.587386,0.625375
0.585000,-1.257448,89.047583,-306.808711,252.415607,0.327447,-0.517762,0.834249
0.586000,-1.224683,-0.719405,-251.393875,323.400107,0.141242,-0.410896,0.976736
0.587000,-1.074161,-104.242989,-186.704439,350.213595,-0.069250,-0.266790,1.030169
0.588000,-0.935642,-214.528401,-109.035751,327.441560,-0.287839,-0.104872,0.986451
0.589000,-0.810747,-301.445982,-23.802356,276.094378,-0.459471,0.074856,0.882824
0.590000,-0.632651,-347.871169,74.669325,215.731644,-0.548526,0.274015,0.754909
0.591000,-0.364695,-343.182016,186.586544,141.845571,-0.540430,0.497461,0.594611
0.592000,0.186463,-299.528872,282.234278,57.052719,-0.452995,0.685285,0.408406
0.593000,0.742811,-238.699506,339.902708,-39.812757,-0.331557,0.797008,0.204390
0.594000,1.228763,-166.160311,347.156599,-149.890817,-0.179354,0.809961,-0.025533
0.595000,1.352036,-83.180748,310.084036,-251.264340,-0.004483,0.732241,-0.229549
0.596000,1.338086,7.544860,254.695401,-319.580816,0.183341,0.618899,-0.368798
0.597000,1.208002,111.845539,190.576185,-343.803782,0.401929,0.487746,-0.414135
0.598000,1.038989,222.337866,112.752275,-319.839885,0.618899,0.322590,-0.368798
0.599000,0.872571,308.192844,26.638160,-269.010553,0.785674,0.142861,-0.266790
0.600000,0.725293,352.622923,-74.035644,-207.922152,0.868251,-0.064393,-0.138875
0.601000,0.520596,344.255042,-187.222576,-132.196452,0.853679,-0.292696,0.026281
0.602000,-0.123665,298.529625,-281.057256,-46.185829,0.764624,-0.469186,0.217343
0.603000,-0.677742,236.871555,-336.005799,51.327321,0.638329,-0.577671,0.424598
0.604000,-1.108548,162.674606,-340.461789,162.337819,0.486126,-0.584148,0.649663
0.605000,-1.243174,78.140832,-301.083286,262.881935,0.308017,-0.504808,0.856917
0.606000,-1.218195,-14.061402,-243.233209,329.125499,0.116955,-0.389847,0.988070
0.607000,-1.042045,-119.165318,-176.859837,349.125512,-0.101634,-0.248979,1.028550
0.608000,-0.888928,-227.585460,-98.491676,321.819795,-0.316984,-0.082204,0.973498
0.609000,-0.761114,-310.409771,-12.636528,269.254996,-0.474044,0.097525,0.868251
0.610000,-0.586910,-351.187255,87.959499,207.260135,-0.555003,0.296683,0.740337
0.611000,-0.311818,-338.985094,200.679819,130.964731,-0.529096,0.528225,0.570323
0.612000,0.230581,-291.834523,292.052937,45.213322,-0.438422,0.706334,0.385738
0.613000,0.777521,-230.797911,343.711001,-51.729885,-0.318603,0.803484,0.176864
0.614000,1.245632,-156.522967,345.317219,-162.222472,-0.161543,0.805104,-0.049820
0.615000,1.347494,-71.911286,304.358644,-260.798071,0.019804,0.724145,-0.245740
0.616000,1.321866,20.886855,246.301613,-324.269966,0.212486,0.604326,-0.376894
0.617000,1.170696,126.845555,179.876694,-341.679414,0.431074,0.468315,-0.410896
0.618000,1.003629,234.410414,101.586459,-313.544506,0.639948,0.299921,-0.357463
0.619000,0.826506,315.835335,15.472337,-261.886160,0.800246,0.118574,-0.250598
0.620000,0.661710,354.928624,-86.419100,-199.787399,0.874728,-0.087061,-0.121064
0.621000,0.456689,339.954521,-199.683772,-122.170510,0.847202,-0.313746,0.045711
0.622000,-0.158376,290.990761,-289.736065,-35.382694,0.748433,-0.488617,0.236774
0.623000,-0.718617,229.565851,-339.321884,62.415421,0.626994,-0.584148,0.447266
0.624000,-1.138717,154.332630,-338.311515,173.736792,0.466696,-0.582529,0.675570
0.625000,-1.265882,68.840301,-295.824185,271.534790,0.288587,-0.496712,0.873109
0.626000,-1.224683,-25.356764,-236.419702,333.063325,0.092667,-0.376894,0.992928
0.627000,-1.051453,-132.714588,-167.999697,346.975251,-0.129160,-0.231168,1.025311
0.628000,-0.890225,-238.414531,-88.362111,315.783522,-0.333176,-0.062774,0.962164
0.629000,-0.760789,-316.575614,-2.118372,263.011469,-0.488617,0.115335,0.853679
0.630000,-0.585612,-352.767578,99.488011,200.394845,-0.558241,0.329066,0.722526
0.631000,-0.297868,-335.358126,212.001071,122.726380,-0.522619,0.550893,0.554132
0.632000,0.244530,-285.331893,300.394911,35.938695,-0.423850,0.720907,0.366307
0.633000,0.811584,-224.321195,346.975251,-62.481208,-0.299173,0.809961,0.155815
0.634000,1.264447,-149.139519,342.804264,-173.776923,-0.140494,0.800246,-0.075727
0.635000,1.364039,-63.517481,299.514082,-269.658225,0.037615,0.717668,-0.268409
0.636000,1.332247,31.301381,240.705755,-329.010932,0.231916,0.592992,-0.386609
0.637000,1.149934,140.135725,172.001040,-340.332254,0.456981,0.448885,-0.407658
0.638000,0.986111,246.094359,91.146031,-307.663639,0.662616,0.278872,-0.346129
0.639000,0.821316,322.752438,3.710656,-255.228092,0.811580,0.092667,-0.236025
0.640000,0.679228,356.508936,-99.553855,-192.196691,0.876347,-0.116206,-0.104872
0.641000,0.460257,336.198042,-212.222690,-113.154935,0.837487,-0.339653,0.069999
0.642000,-0.209307,283.685057,-299.010734,-24.916348,0.732241,-0.508047,0.264299
0.643000,-0.738081,221.508850,-342.560249,74.980206,0.607564,-0.587386,0.471554
0.644000,-1.142934,145.135730,-335.228591,186.767891,0.447266,-0.576052,0.703096
0.645000,-1.212032,58.892100,-289.943320,281.042568,0.264299,-0.480521,0.894158
0.646000,-1.207490,-36.885288,-229.735730,338.063329,0.060284,-0.363940,1.002643
0.647000,-1.010578,-146.393395,-158.776862,345.783541,-0.151828,-0.211738,1.026930
0.648000,-0.819182,-250.409413,-76.678139,309.255020,-0.357463,-0.036867,0.949210
0.649000,-0.705317,-323.700014,11.404971,254.436334,-0.498332,0.149338,0.837487
0.650000,-0.537925,-353.777948,113.995800,190.705718,-0.558241,0.358212,0.701476
0.651000,-0.252777,-330.850322,224.928542,111.923259,-0.512904,0.576800,0.529844
0.652000,0.304545,-277.430291,309.410461,24.332457,-0.409277,0.738717,0.340401
0.653000,0.834940,-214.839283,349.617740,-75.849121,-0.281362,0.818057,0.128289
0.654000,1.276775,-138.595438,338.581464,-187.144856,-0.121064,0.790531,-0.103253
0.655000,1.346521,-52.688437,292.856047,-278.622008,0.060284,0.696619,-0.286220
0.656000,1.312783,43.011245,233.477771,-332.974690,0.257823,0.576800,-0.397943
0.657000,1.149934,153.089105,162.726420,-338.829653,0.479650,0.431074,-0.409277
0.658000,0.946534,256.793848,80.161561,-301.653238,0.683666,0.254584,-0.333176
0.659000,0.762923,328.426017,-9.449993,-246.860171,0.822915,0.065141,-0.221453
0.660000,0.612726,356.120335,-113.491724,-182.352089,0.876347,-0.145352,-0.082204
0.661000,0.399594,331.249853,-223.777151,-102.507232,0.827772,-0.360702,0.094286
0.662000,-0.247586,276.690234,-306.471921,-14.242750,0.722526,-0.521000,0.280491
0.663000,-0.792581,213.192782,-344.580989,86.949135,0.589753,-0.597101,0.492603
0.664000,-1.176348,135.679762,-330.928043,198.969974,0.426217,-0.563099,0.729002
0.665000,-1.263612,49.228872,-283.466597,289.384542,0.246489,-0.470806,0.908731
0.666000,-1.216898,-47.351635,-223.284920,341.301673,0.048949,-0.346129,1.012358
0.667000,-1.012849,-157.921937,-151.160252,343.685094,-0.176116,-0.193927,1.020454
0.668000,-0.832806,-259.865424,-67.610756,303.918230,-0.375274,-0.017437,0.941114
0.669000,-0.707912,-328.285538,22.855770,247.959645,-0.509666,0.168768,0.826153
0.670000,-0.517164,-352.508508,127.104623,182.389649,-0.553384,0.384118,0.683666
0.671000,-0.233313,-326.109357,235.679845,102.881797,-0.506427,0.596230,0.510414
0.672000,0.327577,-271.523521,316.198030,14.513786,-0.396324,0.751671,0.319351
0.673000,0.864461,-207.973966,351.638467,-87.248118,-0.268409,0.819676,0.104001
0.674000,1.299158,-130.175719,334.876798,-198.932473,-0.101634,0.784054,-0.122683
0.675000,1.375717,-43.595149,286.534799,-287.456258,0.078094,0.685285,-0.304031
0.676000,1.318622,53.451677,227.311963,-336.808913,0.280491,0.562228,-0.406039
0.677000,1.131119,165.006215,155.602061,-337.093889,0.505556,0.413263,-0.406039
0.678000,0.923826,266.871575,71.430978,-296.756834,0.701476,0.238393,-0.321842
0.679000,0.756435,333.788714,-21.185770,-240.797963,0.829391,0.039234,-0.210119
0.680000,0.615321,354.850904,-128.232707,-173.388320,0.873109,-0.176116,-0.061155
0.681000,0.393106,325.757621,-235.772030,-91.937251,0.816438,-0.384989,0.118574
0.682000,-0.279702,269.799038,-313.751761,-2.688321,0.716049,-0.535573,0.308017
0.683000,-0.798744,205.135781,-346.731264,99.928426,0.575181,-0.598720,0.524987
0.684000,-1.173428,125.990632,-326.472054,212.182419,0.406787,-0.558241,0.754909
0.685000,-1.255177,38.270305,-275.849971,298.944133,0.220582,-0.456233,0.929780
0.686000,-1.192568,-59.527833,-215.150166,345.058152,0.019804,-0.329937,1.022073
0.687000,-0.975219,-171.108518,-141.963326,341.172139,-0.202023,-0.172878,1.015596
0.688000,-0.771170,-270.046829,-57.843890,298.633252,-0.396324,0.000374,0.928161
0.689000,-0.641085,-334.036873,35.057864,240.809382,-0.521000,0.194675,0.809961
0.690000,-0.462016,-350.928186,142.441427,172.078760,-0.550145,0.414883,0.660997
0.691000,-0.183679,-319.192212,248.218713,90.006133,-0.490236,0.620518,0.481269
0.692000,0.376237,-263.336946,323.141039,1.586299,-0.381751,0.766243,0.288587
0.693000,0.890413,-198.725218,352.726550,-101.004637,-0.247360,0.816438,0.074856
0.694000,1.313756,-119.631641,329.954515,-211.730460,-0.080585,0.774339,-0.153447
0.695000,1.374744,-32.066624,278.451893,-296.160975,0.102382,0.670712,-0.321842
0.696000,1.290399,66.068276,218.451853,-339.529140,0.295064,0.544417,-0.412515
0.697000,1.105491,177.726433,145.705679,-333.751897,0.528225,0.393833,-0.394704
0.698000,0.884249,275.964845,61.638218,-291.135037,0.720907,0.217343,-0.313746
0.699000,0.708100,338.710997,-32.403412,-233.958549,0.842345,0.018185,-0.193927
0.700000,0.542979,352.830177,-141.678351,-163.984137,0.871490,-0.200404,-0.041724
0.701000,0.331146,318.736892,-246.730637,-80.201465,0.801865,-0.404420,0.141242
0.702000,-0.328362,262.130639,-319.244026,9.695124,0.690142,-0.543669,0.337162
0.703000,-0.846431,196.586552,-346.627636,112.985436,0.557370,-0.597101,0.550893
0.704000,-1.197109,116.664197,-322.275134,223.115069,0.387357,-0.548526,0.775959
0.705000,-1.254853,28.218474,-269.243715,306.482998,0.202771,-0.441661,0.945972
0.706000,-1.197109,-71.004548,-207.585363,347.337946,-0.001245,-0.313746,1.028550
0.707000,-0.969704,-182.792505,-133.465886,337.597007,-0.224691,-0.156686,1.009120
0.708000,-0.764033,-278.596101,-49.165111,292.648793,-0.414135,0.021423,0.916827
0.709000,-0.647573,-338.052445,44.980161,235.161709,-0.527477,0.214105,0.798627
0.710000,-0.457798,-349.062887,154.462164,164.980308,-0.551764,0.434313,0.641567
0.711000,-0.167135,-313.285437,258.218719,80.679696,-0.480521,0.636710,0.461839
0.712000,0.403163,-256.860226,328.037415,-10.123570,-0.367179,0.772720,0.275634
0.713000,0.925773,-191.056790,352.312042,-113.621258,-0.236025,0.813200,0.044092
0.714000,1.330301,-111.004669,325.887155,-222.922224,-0.059535,0.766243,-0.171258
0.715000,1.385773,-22.403389,272.804221,-303.777603,0.126670,0.662616,-0.336414
0.716000,1.299807,77.648604,211.897444,-342.119832,0.330686,0.534702,-0.415754
0.717000,1.090893,190.498464,137.311888,-330.487626,0.555751,0.376022,-0.391466
0.718000,0.858622,285.731690,52.389499,-284.969196,0.740337,0.196294,-0.299173
0.719000,0.703234,343.529653,-43.128827,-227.870436,0.855298,-0.001245,-0.182593
0.720000,0.551089,351.483026,-154.450420,-156.419340,0.868251,-0.224691,-0.025533
0.721000,0.316547,312.700618,-257.507898,-70.201437,0.787293,-0.427088,0.163911
0.722000,-0.358532,254.410427,-324.632663,22.622609,0.677189,-0.553384,0.361450
0.723000,-0.853892,187.156493,-345.669080,127.830012,0.536321,-0.592244,0.584896
0.724000,-1.188675,106.042423,-316.912404,235.602124,0.363069,-0.537192,0.800246
0.725000,-1.261341,17.104464,-262.093415,314.721345,0.178483,-0.428707,0.960544
0.726000,-1.182511,-83.880232,-199.631958,349.928621,-0.027152,-0.297554,1.035026
0.727000,-0.928829,-196.419508,-123.388130,333.892341,-0.252217,-0.137256,0.999405
0.728000,-0.699802,-288.829324,-38.180628,285.161741,-0.431945,0.042473,0.902254
0.729000,-0.595345,-342.922946,56.974998,227.208336,-0.537192,0.240012,0.780816
0.730000,-0.414977,-347.819355,167.441450,155.627968,-0.546907,0.461839,0.625375
0.731000,-0.129180,-307.093687,268.866395,69.565691,-0.465948,0.662616,0.439170
0.732000,0.450525,-247.922353,333.141046,-23.698729,-0.349368,0.782435,0.236774
0.733000,0.947183,-180.020473,350.187689,-129.424421,-0.206880,0.816438,0.016566
0.734000,1.330625,-99.320694,319.462281,-234.787569,-0.033629,0.748433,-0.195546
0.735000,1.380907,-10.563985,265.109915,-310.798374,0.149338,0.644805,-0.350987
0.736000,1.285209,90.601989,203.348215,-343.855596,0.356592,0.513652,-0.415754
0.737000,1.062021,203.244588,127.104623,-326.342519,0.578419,0.353354,-0.383370
0.738000,0.811908,294.799053,41.430932,-277.559826,0.756528,0.173626,-0.284601
0.739000,0.645815,347.260226,-54.786888,-219.761587,0.861775,-0.030390,-0.161543
0.740000,0.490102,349.591833,-166.445287,-147.274227,0.865013,-0.250598,-0.004483
0.741000,0.264319,307.052947,-266.704841,-60.382757,0.782435,-0.443280,0.181722
0.742000,-0.421790,246.897469,-328.933211,34.021593,0.660997,-0.564718,0.382499
0.743000,-0.896389,177.415552,-343.363364,141.482876,0.515271,-0.592244,0.609184
0.744000,-1.213978,95.472462,-310.565212,246.249800,0.340401,-0.524238,0.822915
0.745000,-1.276263,5.860919,-255.435347,320.135856,0.154196,-0.415754,0.970259
0.746000,-1.185755,-95.978714,-192.222598,350.524476,-0.059535,-0.282981,1.031788
0.747000,-0.925585,-207.740804,-114.657531,330.109956,-0.273266,-0.117826,0.988070
0.748000,-0.704343,-296.938182,-28.646927,278.970028,-0.448137,0.061903,0.889301
0.749000,-0.587883,-346.057684,67.674496,220.394860,-0.545288,0.262680,0.767863
0.750000,-0.388052,-345.332290,178.918144,147.985474,-0.542049,0.484507,0.605945
0.751000,-0.106472,-301.964120,277.519250,61.353243,-0.459471,0.678808,0.419740
0.752000,0.473558,-242.171027,337.337939,-33.621032,-0.339653,0.790531,0.215724
0.753000,0.972811,-172.041165,348.426029,-141.963326,-0.190688,0.811580,-0.009341
0.754000,1.354631,-89.450197,313.607355,-245.461200,-0.014199,0.740337,-0.219834
0.755000,1.396479,0.783189,258.633227,-316.575614,0.176864,0.630233,-0.362321
0.756000,1.284885,103.348119,196.275671,-344.451455,0.379261,0.500699,-0.420611
0.757000,1.046126,215.420763,118.581298,-322.793273,0.604326,0.333924,-0.375274
0.758000,0.798932,303.840509,31.534542,-271.756683,0.774339,0.150957,-0.273266
0.759000,0.628297,351.068518,-66.885365,-212.404038,0.866632,-0.053059,-0.146971
0.760000,0.489453,346.793904,-179.450522,-138.517718,0.858536,-0.276505,0.016566
0.761000,0.234474,301.275741,-276.290388,-50.771333,0.769482,-0.462710,0.204390
0.762000,-0.415302,240.498501,-333.700083,44.876534,0.648044,-0.572814,0.411644
0.763000,-0.898984,168.425907,-341.783042,154.695325,0.494222,-0.592244,0.635090
0.764000,-1.203273,84.125297,-304.243928,257.467424,0.317732,-0.512904,0.843964
0.765000,-1.264585,-7.325636,-247.222868,326.327570,0.126670,-0.397943,0.983213
0.766000,-1.147476,-110.356999,-182.999760,350.369036,-0.082204,-0.260313,1.033407
0.767000,-0.878871,-220.771955,-104.761126,325.291300,-0.299173,-0.095157,0.986451
0.768000,-0.653412,-306.161038,-17.584726,272.208366,-0.467567,0.082952,0.874728
0.769000,-0.535330,-349.710560,80.990577,211.638377,-0.551764,0.290206,0.746813
0.770000,-0.347177,-341.653507,192.933699,137.208261,-0.535573,0.510414,0.584896
0.771000,-0.068192,-295.150606,287.130655,50.083796,-0.441661,0.695000,0.397072
0.772000,0.501456,-234.606221,341.716181,-45.564066,-0.321842,0.798627,0.194675
0.773000,0.992275,-162.144751,346.638464,-154.813116,-0.171258,0.808342,-0.036867
0.774000,1.357226,-77.533064,307.156574,-255.694416,0.006851,0.727383,-0.231168
0.775000,1.389342,14.487879,249.954465,-321.446113,0.199533,0.612422,-0.372036
0.776000,1.253418,118.011349,186.016595,-342.793412,0.411644,0.476411,-0.414135
0.777000,1.010117,227.519217,108.166778,-317.223287,0.626994,0.312875,-0.363940
0.778000,0.762599,311.793882,20.679600,-265.020893,0.793769,0.128289,-0.258694
0.779000,0.587747,353.633287,-79.268820,-204.191565,0.873109,-0.074108,-0.132398
0.780000,0.428466,342.674730,-192.118971,-128.310427,0.847202,-0.304031,0.032758
0.781000,0.198141,294.410452,-284.891476,-40.382706,0.756528,-0.480521,0.227058
0.782000,-0.456825,233.581398,-337.249331,55.938727,0.635090,-0.580910,0.431074
0.783000,-0.933695,160.058024,-339.943651,166.197926,0.481269,-0.585767,0.662616
0.784000,-1.228901,74.410257,-298.777572,266.482973,0.298302,-0.501570,0.863394
0.785000,-1.276263,-19.320481,-239.891223,330.394930,0.102382,-0.381751,0.992928
0.786000,-1.147151,-124.009894,-174.061898,348.374216,-0.111349,-0.245740,1.030169
0.787000,-0.870113,-231.756466,-95.097883,319.773162,-0.320222,-0.074108,0.971879
0.788000,-0.645627,-312.819113,-7.636518,266.353440,-0.477282,0.108859,0.865013
0.789000,-0.531437,-351.783114,92.182302,205.032154,-0.555003,0.308017,0.735479
0.790000,-0.324794,-338.130166,204.617646,128.892190,-0.527477,0.534702,0.568704
0.791000,-0.042240,-288.803417,295.679883,40.912796,-0.430326,0.709572,0.377642
0.792000,0.528706,-228.544014,345.161779,-55.797253,-0.308888,0.805104,0.168768
0.793000,1.019200,-155.020371,344.773177,-166.263939,-0.155067,0.801865,-0.057916
0.794000,1.364687,-69.139258,302.571078,-264.710011,0.024662,0.719287,-0.257075
0.795000,1.392910,25.472355,243.840472,-326.497961,0.223820,0.597849,-0.381751
0.796000,1.244659,132.026908,177.804153,-341.523973,0.435932,0.458600,-0.415754
0.797000,0.989680,239.462230,97.959511,-311.601488,0.651282,0.290206,-0.352606
0.798000,0.762599,319.358654,9.669217,-258.855055,0.803484,0.105620,-0.242502
0.799000,0.583205,355.990801,-91.911344,-197.041273,0.877966,-0.101634,-0.114587
0.800000,0.431385,338.970065,-204.968770,-119.320759,0.843964,-0.326699,0.055426
0.801000,0.141695,286.949307,-294.373399,-29.709106,0.733860,-0.496712,0.249727
0.802000,-0.475640,225.990719,-340.902207,68.166725,0.618899,-0.587386,0.458600
0.803000,-0.927532,151.275632,-337.534307,178.969957,0.458600,-0.577671,0.685285
0.804000,-1.211059,64.436150,-293.466658,275.990751,0.282110,-0.490236,0.882824
0.805000,-1.261665,-31.108073,-232.948181,335.705814,0.078094,-0.368798,1.004262
0.806000,-1.120226,-138.673159,-164.320926,346.742091,-0.137256,-0.221453,1.025311
0.807000,-0.819182,-244.373111,-83.180748,312.959686,-0.346129,-0.048201,0.957306
0.808000,-0.531437,-320.487558,5.057809,258.089186,-0.493474,0.134766,0.845583
0.809000,-0.482453,-353.700227,106.120143,195.990697,-0.558241,0.337162,0.712811
0.810000,-0.273863,-333.933245,217.907811,118.322230,-0.521000,0.555751,0.544417
0.811000,0.010313,-280.409584,305.135847,29.125211,-0.415754,0.730622,0.351735
0.812000,0.557253,-219.321170,348.115148,-68.932003,-0.291077,0.811580,0.142861
0.813000,1.020173,-144.916705,341.327579,-179.165547,-0.134017,0.792150,-0.088681
0.814000,1.350738,-58.413840,296.508899,-273.544258,0.047330,0.706334,-0.274886
0.815000,1.374095,37.389474,236.716115,-330.694881,0.246489,0.584896,-0.388228
0.816000,1.210597,145.627958,167.959585,-339.865930,0.465077,0.440789,-0.407658
0.817000,0.940695,250.861202,86.275558,-304.969321,0.670712,0.274015,-0.339653
0.818000,0.659764,325.628088,-3.310084,-250.331693,0.819676,0.078094,-0.226310
0.819000,0.526111,356.586657,-105.305169,-187.792527,0.874728,-0.127541,-0.090300
0.820000,0.374615,334.514103,-216.808205,-109.217098,0.835868,-0.346129,0.078094
0.821000,0.090764,279.591790,-302.300910,-19.346388,0.725764,-0.512904,0.274015
0.822000,-0.524301,217.622837,-343.233829,80.006120,0.599469,-0.592244,0.482888
0.823000,-0.976841,142.156452,-333.803711,191.068413,0.440789,-0.571194,0.711192
0.824000,-1.229225,55.187431,-287.533979,284.358632,0.256204,-0.480521,0.899016
0.825000,-1.268153,-41.600326,-226.756440,339.229132,0.058664,-0.355844,1.009120
0.826000,-1.108223,-150.642116,-156.471154,345.032245,-0.159924,-0.206880,1.022073
0.827000,-0.810747,-254.269538,-73.569322,307.208387,-0.363940,-0.030390,0.947591
0.828000,-0.507756,-325.591219,16.897210,251.223896,-0.503189,0.159053,0.834249
0.829000,-0.463313,-353.285716,118.943992,188.011416,-0.556622,0.364688,0.691761
0.830000,-0.267375,-329.762232,228.788648,109.462116,-0.514523,0.580038,0.520129
0.831000,0.042428,-274.450999,312.389737,19.617422,-0.404420,0.745194,0.332305
0.832000,0.580610,-212.196784,350.524476,-80.356906,-0.276505,0.814819,0.121812
0.833000,1.049694,-136.548799,337.700634,-191.056790,-0.114587,0.787293,-0.111349
0.834000,1.365012,-49.683247,290.653973,-282.508042,0.065141,0.695000,-0.294316
0.835000,1.379610,47.622652,230.990722,-334.865894,0.267538,0.573562,-0.402800
0.836000,1.200865,157.726415,160.964760,-338.622398,0.489365,0.426217,-0.409277
0.837000,0.926746,261.379343,77.104562,-299.995196,0.695000,0.244869,-0.331557
0.838000,0.646788,331.120319,-15.615809,-243.751346,0.829391,0.052188,-0.213357
0.839000,0.526435,355.990801,-119.864802,-178.880571,0.876347,-0.158305,-0.072489
0.840000,0.369100,329.747261,-228.854896,-99.139346,0.824534,-0.370417,0.102382
0.841000,0.061568,272.959661,-310.280236,-8.128747,0.712811,-0.529096,0.288587
0.842000,-0.540845,209.514023,-345.772708,92.804064,0.584896,-0.595482,0.508795
0.843000,-0.974245,132.285976,-329.451349,204.591740,0.418121,-0.564718,0.740337
0.844000,-1.212681,44.358398,-280.046887,293.995944,0.233535,-0.465948,0.920065
0.845000,-1.244148,-53.413827,-219.191636,343.322399,0.031138,-0.338033,1.018835
0.846000,-1.074161,-163.440093,-147.636923,343.296492,-0.187450,-0.187450,1.020454
0.847000,-0.762411,-264.839545,-63.439760,301.949316,-0.386609,-0.012579,0.939495
0.848000,-0.457798,-331.731158,30.031949,243.736845,-0.511285,0.186579,0.814819
0.849000,-0.404921,-352.016277,134.695305,177.182391,-0.555003,0.397072,0.673951
0.850000,-0.211253,-323.518666,241.508864,97.208215,-0.501570,0.605945,0.497461
0.851000,0.087520,-266.575306,319.928602,7.104445,-0.388228,0.758148,0.303160
0.852000,0.611104,-203.129384,352.363856,-93.543474,-0.258694,0.819676,0.091048
0.853000,1.058128,-125.926999,332.881978,-204.450633,-0.090300,0.782435,-0.135637
0.854000,1.352684,-38.128815,282.467439,-291.445920,0.092667,0.680427,-0.313746
0.855000,1.364687,59.824744,222.415587,-337.767469,0.290206,0.555751,-0.406039
0.856000,1.174913,170.187567,151.482886,-336.005799,0.515271,0.406787,-0.402800
0.857000,0.889115,270.835308,67.363615,-294.787909,0.709572,0.228678,-0.320222
0.858000,0.585800,335.964882,-27.869723,-236.419702,0.839106,0.029519,-0.200404
0.859000,0.445659,353.892354,-134.139464,-168.854623,0.873109,-0.184212,-0.051440
0.860000,0.299354,323.115133,-240.202105,-87.325838,0.811580,-0.396324,0.126670
0.861000,0.011286,265.550330,-316.342452,3.658842,0.696619,-0.540430,0.320971
0.862000,-0.572961,201.301582,-346.627636,105.291127,0.565466,-0.595482,0.536321
0.863000,-0.989817,122.907727,-325.280336,215.964805,0.397072,-0.558241,0.759767
0.864000,-1.224683,34.358381,-273.207469,301.949316,0.210867,-0.452995,0.936257
0.865000,-1.253555,-64.605566,-211.626833,345.861261,0.010089,-0.325080,1.023692
0.866000,-1.079676,-175.149986,-139.424457,340.135869,-0.211738,-0.171258,1.013977
0.867000,-0.759167,-273.492444,-55.020049,296.560712,-0.401181,0.008470,0.926542
0.868000,-0.439956,-335.513567,39.928339,237.959639,-0.524238,0.206009,0.806723
0.869000,-0.381240,-350.021443,147.285991,169.643525,-0.550145,0.422979,0.656140
0.870000,-0.182057,-317.611891,251.949285,87.493177,-0.486997,0.628614,0.476411
0.871000,0.122231,-260.228120,325.317207,-4.035474,-0.373655,0.769482,0.280491
0.872000,0.642246,-195.849558,352.648830,-106.211907,-0.242502,0.818057,0.063522
0.873000,1.074348,-117.429561,329.125499,-215.823744,-0.072489,0.772720,-0.158305
0.874000,1.371175,-28.621020,276.638420,-299.528872,0.112097,0.667474,-0.329937
0.875000,1.359497,71.223724,215.653924,-340.954020,0.314494,0.539559,-0.410896
0.876000,1.168425,182.830064,143.296350,-333.052410,0.537940,0.385738,-0.394704
0.877000,0.864461,280.472619,58.555312,-289.166113,0.727383,0.210867,-0.310507
0.878000,0.580934,341.094419,-37.947467,-230.772005,0.847202,0.006851,-0.187450
0.879000,0.440144,352.467483,-147.455575,-161.186198,0.868251,-0.211738,-0.036867
0.880000,0.272429,316.716165,-251.601130,-76.833580,0.795389,-0.418992,0.142861
0.881000,-0.025371,257.959652,-322.067879,16.508608,0.683666,-0.551764,0.350116
0.882000,-0.587559,192.337844,-346.549916,119.695288,0.544417,-0.595482,0.568704
0.883000,-0.981707,112.933623,-320.513464,228.529581,0.377642,-0.543669,0.787293
0.884000,-1.219817,23.425719,-266.108982,310.705799,0.191437,-0.436803,0.952448
0.885000,-1.231171,-77.455343,-203.414359,348.788724,-0.015818,-0.307269,1.028550
0.886000,-1.030367,-188.906521,-129.320794,336.379390,-0.236025,-0.148590,1.005881
0.887000,-0.697855,-283.622038,-44.475980,289.565889,-0.420611,0.029519,0.911969
0.888000,-0.390647,-340.798579,51.560482,231.249790,-0.533953,0.227058,0.790531
0.889000,-0.347177,-348.881539,160.627973,160.394812,-0.548526,0.447266,0.638329
0.890000,-0.142156,-310.824281,263.218723,75.835130,-0.475663,0.649663,0.453743
0.891000,0.168945,-251.134806,330.576277,-18.076955,-0.357463,0.777578,0.249727
0.892000,0.668847,-185.305469,351.172145,-121.445119,-0.218214,0.813200,0.034377
0.893000,1.078241,-106.263721,323.451920,-227.844529,-0.049820,0.759767,-0.184212
0.894000,1.361443,-17.247937,269.177276,-307.119594,0.138004,0.651282,-0.344510
0.895000,1.352684,84.099390,207.052881,-342.948853,0.343639,0.523367,-0.415754
0.896000,1.135660,195.835256,132.907738,-328.725955,0.563847,0.366307,-0.386609
0.897000,0.829101,289.721330,47.855813,-281.886276,0.743575,0.181722,-0.295935
0.898000,0.525137,345.239499,-49.139205,-224.813425,0.855298,-0.014199,-0.169639
0.899000,0.377859,350.861264,-159.424533,-152.196526,0.866632,-0.236025,-0.019056
0.900000,0.219876,310.861239,-261.160768,-66.600391,0.788912,-0.435184,0.170387
0.901000,-0.071761,249.980372,-326.497961,28.762516,0.672331,-0.561479,0.377642
0.902000,-0.628758,182.622810,-344.425548,133.659034,0.526606,-0.592244,0.599469
0.903000,-1.015120,102.700450,-314.839852,239.306790,0.356592,-0.533953,0.811580
0.904000,-1.226630,12.855751,-259.813610,316.690258,0.168768,-0.422230,0.967021
0.905000,-1.232469,-89.191129,-196.108626,350.058155,-0.040105,-0.291077,1.030169
0.906000,-1.034909,-200.564605,-120.486566,332.648817,-0.260313,-0.130779,1.001024
0.907000,-0.699477,-292.119499,-35.045906,283.115108,-0.438422,0.050568,0.897397
0.908000,-0.372805,-344.140572,61.949099,224.928542,-0.542049,0.248108,0.774339
0.909000,-0.314737,-346.783078,172.026946,153.296359,-0.546907,0.469935,0.620518
0.910000,-0.119772,-305.798342,272.078832,67.596776,-0.465948,0.665855,0.434313
0.911000,0.190355,-244.994876,334.902705,-28.413766,-0.346129,0.784054,0.228678
0.912000,0.695448,-177.041185,349.384579,-134.631693,-0.200404,0.811580,0.008470
0.913000,1.101598,-96.652292,317.830155,-238.906761,-0.028771,0.748433,-0.206880
0.914000,1.368905,-6.444805,263.089189,-313.544506,0.159053,0.638329,-0.357463
0.915000,1.349440,96.353292,200.394845,-344.373734,0.367927,0.508795,-0.417373
0.916000,1.120738,208.166872,124.488040,-325.591219,0.588134,0.343639,-0.383370
0.917000,0.803798,299.099574,37.907610,-275.642716,0.763005,0.163911,-0.282981
0.918000,0.504700,349.229139,-60.900893,-216.315974,0.868251,-0.038486,-0.155067
0.919000,0.372344,348.659190,-172.222512,-143.932246,0.865013,-0.258694,0.001993
0.920000,0.223120,305.317194,-270.979477,-57.248034,0.779197,-0.452995,0.189817
0.921000,-0.115231,243.244616,-331.316647,40.213313,0.656140,-0.567956,0.398691
0.922000,-0.629731,173.166844,-342.715691,147.752313,0.507176,-0.585767,0.622137
0.923000,-1.000846,91.197845,-308.311311,251.172083,0.332305,-0.519381,0.834249
0.924000,-1.213654,0.057799,-251.834291,323.477827,0.139623,-0.406039,0.978355
0.925000,-1.206841,-102.947648,-187.533458,350.809451,-0.067631,-0.274886,1.035026
0.926000,-0.987870,-213.673475,-110.849228,328.503737,-0.284601,-0.106491,0.989689
0.927000,-0.636544,-301.756865,-23.905983,276.223912,-0.457852,0.073237,0.886062
0.928000,-0.320577,-348.104331,75.213367,214.980348,-0.553384,0.275634,0.753290
0.929000,-0.281648,-344.011037,185.627994,142.648681,-0.540430,0.497461,0.594611
0.930000,-0.083439,-299.554779,281.897491,56.638210,-0.456233,0.680427,0.408406
0.931000,0.232528,-237.404163,339.462293,-40.512240,-0.329937,0.795389,0.204390
0.932000,0.724644,-166.626635,347.441573,-148.103246,-0.179354,0.809961,-0.020675
0.933000,1.104518,-84.320648,310.964866,-249.761741,-0.004483,0.735479,-0.227930
0.934000,1.360146,7.052631,254.462240,-318.933143,0.188198,0.622137,-0.367179
0.935000,1.320569,110.368853,190.783439,-343.777875,0.395453,0.486126,-0.415754
0.936000,1.081485,220.524394,114.462122,-320.720720,0.612422,0.325828,-0.372036
0.937000,0.769087,307.493361,27.156296,-269.088274,0.779197,0.141242,-0.266790
0.938000,0.468367,352.104788,-73.310254,-207.533549,0.865013,-0.066012,-0.135637
0.939000,0.314925,345.109965,-184.890960,-133.802675,0.855298,-0.286220,0.026281
0.940000,0.165377,299.099574,-279.684191,-47.066661,0.766243,-0.470806,0.210867
0.941000,-0.134695,236.482954,-335.280405,50.809186,0.639948,-0.577671,0.418121
0.942000,-0.675472,164.513986,-340.902207,159.565795,0.487746,-0.584148,0.646425
0.943000,-1.033287,80.757416,-302.326817,260.809395,0.311256,-0.509666,0.850441
0.944000,-1.231496,-12.118393,-244.347205,327.907882,0.113716,-0.393085,0.984832
0.945000,-1.218520,-116.367381,-178.958292,349.099605,-0.093538,-0.252217,1.030169
0.946000,-0.993710,-224.787519,-101.600494,323.581454,-0.305650,-0.087061,0.979974
0.947000,-0.631029,-308.933077,-14.268656,270.576240,-0.474044,0.092667,0.869871
0.948000,-0.317008,-350.487768,86.249652,208.296405,-0.551764,0.296683,0.740337
0.949000,-0.254074,-340.461789,197.571009,134.228983,-0.532334,0.520129,0.578419
0.950000,-0.069166,-293.596192,290.420812,47.648559,-0.441661,0.701476,0.388976
0.951000,0.258804,-231.652838,343.192865,-50.589986,-0.318603,0.803484,0.181722
0.952000,0.749623,-159.450440,345.783541,-159.579974,-0.163163,0.806723,-0.044963
0.953000,1.117494,-75.486426,305.964863,-259.165938,0.016566,0.725764,-0.245740
0.954000,1.364687,18.607058,248.037366,-323.984990,0.209248,0.610803,-0.376894
0.955000,1.318947,124.410320,182.545090,-342.482529,0.424598,0.469935,-0.415754
0.956000,1.062021,232.493314,104.772991,-315.720686,0.636710,0.303160,-0.360702
0.957000,0.741837,315.420827,16.741769,-263.233318,0.793769,0.120193,-0.255455
0.958000,0.449876,354.980438,-85.745523,-200.512791,0.874728,-0.087061,-0.122683
0.959000,0.330172,341.379393,-198.051640,-124.683472,0.848821,-0.310507,0.042473
0.960000,0.135207,292.027031,-289.295648,-36.574407,0.748433,-0.486997,0.231916
0.961000,-0.155456,229.436317,-339.166443,62.363608,0.622137,-0.587386,0.442409
0.962000,-0.676445,155.990663,-338.985094,172.130573,0.468315,-0.584148,0.675570
0.963000,-1.011227,70.731496,-297.171344,270.757587,0.290206,-0.501570,0.871490
0.964000,-1.212356,-24.527746,-236.937839,333.322393,0.091048,-0.378513,0.996166
0.965000,-1.173752,-131.600594,-168.750996,347.752454,-0.124302,-0.232787,1.030169
0.966000,-0.922017,-237.637325,-90.046054,317.130673,-0.333176,-0.061155,0.967021
0.967000,-0.580422,-317.119659,-2.299719,262.907842,-0.486997,0.118574,0.858536
0.968000,-0.270619,-353.052554,99.721172,199.695363,-0.555003,0.335543,0.724145
0.969000,-0.213524,-336.368496,211.146149,123.788557,-0.524238,0.547655,0.557370
0.970000,-0.023425,-285.176452,300.161751,35.783254,-0.425469,0.725764,0.364688
0.971000,0.289947,-223.025852,346.431210,-63.154785,-0.295935,0.808342,0.154196
0.972000,0.751569,-149.735376,343.270586,-172.170699,-0.143732,0.800246,-0.067631
0.973000,1.118467,-64.735101,300.498538,-268.233347,0.035996,0.719287,-0.265171
0.974000,1.357875,30.886872,240.550314,-328.518700,0.231916,0.592992,-0.386609
0.975000,1.287155,138.866293,172.104667,-340.539510,0.450505,0.447266,-0.410896
0.976000,1.024391,244.332700,92.933598,-308.933077,0.659378,0.278872,-0.349368
0.977000,0.696097,322.286117,4.539673,-255.409441,0.808342,0.094286,-0.239264
0.978000,0.404136,356.353496,-98.569396,-191.885809,0.877966,-0.117826,-0.101634
0.979000,0.267887,337.182499,-210.098328,-114.864786,0.837487,-0.333176,0.066760
0.980000,0.088169,284.384539,-297.689482,-25.978527,0.732241,-0.508047,0.254584
0.981000,-0.195358,221.379317,-341.808949,74.073469,0.607564,-0.589005,0.471554
0.982000,-0.709858,147.260084,-335.953985,183.866335,0.450505,-0.576052,0.696619
0.983000,-1.034909,61.612311,-291.756803,278.970028,0.280491,-0.486997,0.889301
0.984000,-1.221115,-35.175440,-230.797911,337.130685,0.069999,-0.363940,1.007500
0.985000,-1.174077,-144.165407,-160.564434,345.783541,-0.146971,-0.216595,1.026930
0.986000,-0.923639,-248.077794,-79.942397,310.731705,-0.350987,-0.043344,0.955687
0.987000,-0.561607,-322.560110,9.151081,256.172086,-0.498332,0.142861,0.839106
0.988000,-0.238827,-353.492971,111.949166,192.260124,-0.559860,0.351735,0.706334
0.989000,-0.192762,-332.586086,222.078799,115.291138,-0.517762,0.568704,0.539559
0.990000,0.005447,-279.010612,307.985590,26.482720,-0.410896,0.732241,0.343639
0.991000,0.316547,-216.030999,349.177325,-74.216992,-0.282981,0.813200,0.131527
0.992000,0.776224,-141.807885,340.135869,-184.061941,-0.127541,0.793769,-0.095157
0.993000,1.129821,-56.237669,295.187654,-277.093502,0.048949,0.703096,-0.282981
0.994000,1.356577,41.042330,235.109896,-332.819248,0.252965,0.580038,-0.394704
0.995000,1.283911,151.275632,165.006215,-339.347791,0.473173,0.432694,-0.410896
0.996000,0.999412,255.472604,83.166746,-303.389000,0.677189,0.257823,-0.339653
0.997000,0.673064,328.348296,-7.843772,-248.440491,0.816438,0.063522,-0.227930
0.998000,0.393431,356.586657,-112.559078,-183.388363,0.873109,-0.143732,-0.087061
0.999000,0.266590,332.985605,-222.326366,-105.123821,0.829391,-0.359083,0.087809
1.000000,0.045672,277.596970,-306.186945,-15.253114,0.722526,-0.519381,0.280491
1.001000,-0.217417,213.115062,-344.529176,86.741880,0.592992,-0.593863,0.495841
1.002000,-0.709858,137.389608,-331.808878,197.389661,0.431074,-0.566337,0.725764
1.003000,-1.015444,51.197787,-284.969196,288.607339,0.249727,-0.472425,0.908731
1.004000,-1.199380,-46.678059,-223.803058,341.483020,0.045711,-0.350987,1.017215
1.005000,-1.137419,-156.963384,-151.833830,344.591830,-0.171258,-0.198784,1.023692
1.006000,-0.870113,-259.217752,-69.346512,305.446728,-0.375274,-0.022294,0.945972
1.007000,-0.519435,-328.777769,22.726236,248.011459,-0.508047,0.172007,0.827772
1.008000,-0.199575,-352.871205,127.363691,181.508820,-0.556622,0.382499,0.678808
1.009000,-0.155456,-327.119727,234.876735,103.788534,-0.504808,0.592992,0.510414
1.010000,0.063839,-271.419894,316.223937,14.591506,-0.397943,0.741956,0.320971
1.011000,0.350610,-206.808157,351.353493,-87.533093,-0.265171,0.816438,0.105620
1.012000,0.796986,-131.004737,335.239493,-197.507596,-0.104872,0.785674,-0.121064
1.013000,1.121062,-44.916396,287.363815,-286.264541,0.076475,0.685285,-0.302412
1.014000,1.336140,52.855821,227.260150,-336.213054,0.274015,0.560608,-0.404420
1.015000,1.255040,163.633157,155.809315,-337.430679,0.499080,0.413263,-0.407658
1.016000,0.968918,265.265356,73.166732,-298.259434,0.699857,0.238393,-0.328318
1.017000,0.622782,333.374206,-20.434473,-240.927497,0.831010,0.045711,-0.210119
1.018000,0.320440,354.876811,-127.144620,-172.999718,0.873109,-0.172878,-0.067631
1.019000,0.202034,327.001145,-233.725388,-93.776635,0.818057,-0.383370,0.110478
1.020000,-0.010449,270.576240,-312.845020,-4.113194,0.707953,-0.533953,0.309636
1.021000,-0.262184,205.058061,-346.057684,98.684901,0.571943,-0.597101,0.523367
1.022000,-0.738081,128.037267,-327.663772,209.125422,0.411644,-0.559860,0.751671
1.023000,-1.028096,41.223678,-277.922522,296.793873,0.227058,-0.457852,0.928161
1.024000,-1.209112,-57.455288,-216.678670,344.358669,0.024662,-0.331557,1.017215
1.025000,-1.142934,-168.466020,-143.906339,341.767994,-0.198784,-0.180973,1.017215
1.026000,-0.865571,-268.000185,-60.849080,300.317191,-0.393085,-0.002864,0.936257
1.027000,-0.497051,-333.052410,33.322110,242.156533,-0.516143,0.191437,0.813200
1.028000,-0.175245,-350.954093,140.498419,173.503632,-0.553384,0.406787,0.662616
1.029000,-0.121070,-321.549741,245.602131,93.866242,-0.491855,0.615660,0.489365
1.030000,0.096603,-265.331776,322.052956,3.995630,-0.388228,0.763005,0.291825
1.031000,0.379157,-199.787399,352.519296,-99.476135,-0.248979,0.818057,0.078094
1.032000,0.812557,-122.559112,331.534827,-209.165681,-0.085442,0.775959,-0.142113
1.033000,1.118791,-35.460414,281.146195,-294.684282,0.097525,0.677189,-0.318603
1.034000,1.335816,63.943921,220.498487,-339.658674,0.296683,0.550893,-0.406039
1.035000,1.246930,175.887053,148.063194,-334.917708,0.524987,0.398691,-0.401181
1.036000,0.949778,275.006295,64.565683,-293.103961,0.717668,0.220582,-0.315365
1.037000,0.610130,338.710997,-31.289420,-235.253893,0.842345,0.019804,-0.197165
1.038000,0.309411,353.270592,-141.082494,-164.864969,0.869871,-0.198784,-0.044963
1.039000,0.195870,320.783525,-245.487107,-83.103028,0.806723,-0.406039,0.133146
1.040000,-0.062678,261.638411,-316.290638,5.420504,0.690142,-0.538811,0.325828
1.041000,-0.276458,195.420748,-340.798579,106.042423,0.552512,-0.587386,0.536321
1.042000,-0.716022,121.612389,-317.974587,211.120242,0.398691,-0.538811,0.750052
1.043000,-1.006361,38.477559,-271.057197,297.674702,0.220582,-0.448137,0.924923
1.044000,-1.157208,-63.569294,-214.062078,348.503750,0.011708,-0.329937,1.030169
1.045000,-1.117631,-181.833952,-140.357103,344.980431,-0.223072,-0.171258,1.022073
1.046000,-0.841241,-282.870738,-53.906056,301.742062,-0.422230,0.010089,0.936257
1.047000,-0.464286,-344.529176,44.850627,240.887102,-0.545288,0.212486,0.805104
1.048000,-0.125611,-353.052554,155.964756,167.001035,-0.559860,0.435932,0.651282
1.049000,-0.059758,-314.606689,257.337890,83.322187,-0.482140,0.633471,0.466696
1.050000,0.164079,-254.969024,324.695444,-6.988848,-0.363940,0.764624,0.280491
1.051000,0.407380,-189.113776,345.861261,-106.833671,-0.226310,0.801865,0.061903
1.052000,0.791795,-116.056499,321.508914,-209.865166,-0.072489,0.754909,-0.148590
1.053000,1.096732,-32.921548,274.876761,-295.202420,0.102382,0.664235,-0.320222
1.054000,1.308242,70.627868,217.907811,-343.648340,0.314494,0.546036,-0.418992
1.055000,1.239793,189.099499,143.736765,-337.534307,0.552512,0.385738,-0.409277
1.056000,0.927395,288.995941,57.259973,-293.855261,0.746813,0.202771,-0.320222
1.057000,0.567958,348.736911,-42.377530,-233.544039,0.861775,-0.002864,-0.192308
1.058000,0.256858,354.643650,-154.657675,-158.776862,0.873109,-0.226310,-0.032009
1.059000,0.119312,314.021863,-255.020837,-73.906110,0.793769,-0.420611,0.154196
1.060000,-0.108743,253.451877,-320.176675,17.700320,0.670712,-0.546907,0.350116
1.061000,-0.322199,186.819705,-338.855560,118.581298,0.534702,-0.580910,0.562228
1.062000,-0.744894,113.011343,-313.414972,221.275690,0.377642,-0.532334,0.772720
1.063000,-1.016418,28.788423,-265.979448,305.472635,0.197913,-0.440041,0.941114
1.064000,-1.186728,-76.004562,-206.911785,351.301679,-0.017437,-0.316984,1.031788
1.065000,-1.118280,-194.139705,-131.056551,341.120325,-0.247360,-0.150209,1.013977
1.066000,-0.826643,-291.212758,-44.372353,294.799053,-0.436803,0.032758,0.923303
1.067000,-0.439956,-347.301216,54.980177,234.047719,-0.545288,0.238393,0.797008
1.068000,-0.085061,-350.280513,166.767874,159.410355,-0.545288,0.458600,0.635090
1.069000,-0.014017,-308.596287,265.628051,74.824766,-0.474044,0.654520,0.450505
1.070000,0.181272,-248.207329,328.400110,-17.532912,-0.350987,0.772720,0.249727
1.071000,0.440469,-181.264001,343.736907,-119.217132,-0.210119,0.800246,0.034377
1.072000,0.804447,-107.196367,316.638445,-220.616513,-0.054678,0.746813,-0.169639
1.073000,1.107762,-22.740178,269.436343,-302.585886,0.123431,0.652901,-0.334795
1.074000,1.310512,82.596797,211.223869,-345.798615,0.340401,0.531463,-0.422230
1.075000,1.215463,201.457022,134.902559,-333.881432,0.571943,0.367927,-0.401181
1.076000,0.895603,298.141024,47.337677,-286.704958,0.763005,0.181722,-0.302412
1.077000,0.547521,352.312042,-53.362013,-226.264210,0.866632,-0.027152,-0.179354
1.078000,0.237718,352.156602,-166.445287,-150.616209,0.866632,-0.250598,-0.009341
1.079000,0.104065,308.037403,-264.191873,-64.631473,0.784054,-0.440041,0.173626
1.080000,-0.142805,246.172079,-323.984990,29.047491,0.657759,-0.553384,0.372784
1.081000,-0.330957,177.234205,-336.342589,132.001001,0.513652,-0.576052,0.588134
1.082000,-0.720239,102.363662,-307.119594,232.493314,0.356592,-0.517762,0.797008
1.083000,-0.991114,17.467159,-258.699614,312.571085,0.175245,-0.423850,0.957306
1.084000,-1.142610,-88.880247,-199.139728,352.907898,-0.041724,-0.297554,1.036646
1.085000,-1.072539,-207.067226,-121.471025,337.312033,-0.273266,-0.130779,1.007500
1.086000,-0.765980,-300.850124,-33.336057,287.337909,-0.457852,0.055426,0.907112
1.087000,-0.399406,-351.031813,67.363615,225.239423,-0.553384,0.261061,0.775959
1.088000,-0.051324,-347.612099,179.047678,149.539879,-0.546907,0.481269,0.609184
1.089000,0.016476,-302.275003,274.591787,64.436150,-0.459471,0.667474,0.427836
1.090000,0.219552,-240.150291,332.260216,-29.035529,-0.336414,0.779197,0.228678
1.091000,0.465123,-170.901263,340.964885,-132.144638,-0.190688,0.795389,0.010089
1.092000,0.814828,-96.108249,309.902689,-230.927446,-0.030390,0.733860,-0.192308
1.093000,1.095759,-10.823053,262.156546,-308.881263,0.149338,0.636710,-0.349368
1.094000,1.288129,96.068317,202.933707,-346.808985,0.367927,0.515271,-0.423850
1.095000,1.197945,213.944078,125.239336,-329.839953,0.599469,0.346877,-0.389847
1.096000,0.859595,306.405278,36.508644,-279.761911,0.775959,0.157434,-0.291077
1.097000,0.499185,354.824997,-65.279143,-217.533597,0.869871,-0.053059,-0.163163
1.098000,0.192302,348.633284,-177.714763,-140.927053,0.860156,-0.273266,0.006851
1.099000,0.067407,301.897503,-271.704869,-55.305024,0.772720,-0.452995,0.194675
1.100000,-0.164864,239.462230,-327.456517,38.658907,0.644805,-0.559860,0.395453
1.101000,-0.371508,169.021762,-334.192315,143.011375,0.497461,-0.572814,0.612422
1.102000,-0.759492,92.881785,-301.601424,242.337880,0.335543,-0.506427,0.814819
1.103000,-1.020310,5.990453,-252.559684,318.581451,0.152576,-0.407658,0.967021
1.104000,-1.168238,-101.807748,-191.471300,353.037431,-0.067631,-0.281362,1.039884
1.105000,-1.074161,-218.077641,-112.481358,333.011512,-0.294316,-0.112968,0.999405
1.106000,-0.760465,-307.793173,-23.776449,281.249822,-0.469186,0.074856,0.895777
1.107000,-0.370859,-352.793484,77.855858,218.166879,-0.555003,0.285349,0.761386
1.108000,-0.030562,-343.777875,189.721262,141.534690,-0.537192,0.505556,0.591373
1.109000,0.023613,-296.627299,282.052931,56.379143,-0.446518,0.683666,0.410025
1.110000,0.248423,-234.839383,335.291306,-37.947467,-0.321842,0.784054,0.207628
1.111000,0.492697,-164.217298,339.151412,-142.533277,-0.177735,0.788912,-0.007722
1.112000,0.830399,-87.429466,305.058127,-240.901591,-0.012579,0.725764,-0.210119
1.113000,1.108735,0.472307,256.042552,-314.528969,0.173626,0.625375,-0.357463
1.114000,1.282938,108.943981,195.368935,-346.394474,0.390595,0.492603,-0.427088
1.115000,1.180752,225.265330,116.431036,-325.409871,0.622137,0.327447,-0.380132
1.116000,0.831048,314.151396,26.845415,-274.088303,0.793769,0.141242,-0.278124
1.117000,0.468692,357.337952,-76.755859,-210.694186,0.877966,-0.074108,-0.145352
1.118000,0.179975,344.617737,-189.839168,-132.066917,0.853679,-0.297554,0.029519
1.119000,0.061893,295.394908,-280.176422,-45.874948,0.758148,-0.469186,0.215724
1.120000,-0.187572,232.959635,-330.772602,48.866177,0.633471,-0.566337,0.418121
1.121000,-0.368264,161.068387,-332.223389,153.944028,0.484507,-0.567956,0.633471
1.122000,-0.728349,83.270373,-296.264603,251.690218,0.319351,-0.498332,0.832630
1.123000,-0.988844,-6.133924,-245.176225,323.892335,0.128289,-0.394704,0.978355
1.124000,-1.121524,-116.030593,-182.196648,351.871628,-0.091919,-0.261932,1.035026
1.125000,-1.020310,-230.305681,-102.429512,327.622907,-0.316984,-0.090300,0.989689
1.126000,-0.707587,-316.031569,-13.180571,274.514066,-0.485378,0.097525,0.881205
1.127000,-0.328687,-355.461898,90.239294,209.902624,-0.563099,0.298302,0.746813
1.128000,0.015828,-339.244164,202.415572,131.171985,-0.530715,0.529844,0.571943
1.129000,0.058000,-288.803417,290.446719,45.550110,-0.430326,0.699857,0.385738
1.130000,0.267238,-227.196857,338.063329,-48.439721,-0.308888,0.790531,0.184960
1.131000,0.489129,-155.616228,336.949338,-152.947824,-0.161543,0.782435,-0.033629
1.132000,0.818720,-77.999386,300.161751,-249.295418,0.006851,0.717668,-0.224691
1.133000,1.098354,12.622590,249.021822,-319.891699,0.199533,0.612422,-0.367179
1.134000,1.256013,123.555396,185.472554,-344.917779,0.422979,0.474792,-0.418992
1.135000,1.151880,236.819742,105.679728,-319.606723,0.646425,0.304779,-0.370417
1.136000,0.792768,321.016686,16.171820,-267.067537,0.809961,0.118574,-0.263551
1.137000,0.441442,358.736917,-88.206670,-202.481712,0.877966,-0.096776,-0.129160
1.138000,0.121907,340.032242,-200.771860,-122.688646,0.843964,-0.315365,0.050568
1.139000,0.010313,288.011484,-287.249003,-36.289432,0.741956,-0.482140,0.238393
1.140000,-0.225203,226.301600,-333.000596,58.270337,0.617279,-0.571194,0.437551
1.141000,-0.401353,154.125376,-330.228557,163.710877,0.468315,-0.564718,0.656140
1.142000,-0.762736,75.472435,-292.378568,259.876752,0.298302,-0.490236,0.850441
1.143000,-1.014471,-16.937056,-239.683968,328.814618,0.108859,-0.384989,0.989689
1.144000,-1.125417,-129.139446,-173.958271,350.343129,-0.121064,-0.240883,1.031788
1.145000,-1.019662,-240.409360,-92.636735,321.923422,-0.341272,-0.067631,0.978355
1.146000,-0.692989,-321.238858,-3.102830,268.270539,-0.495093,0.118574,0.866632
1.147000,-0.317657,-356.083664,100.653815,203.089148,-0.564718,0.330686,0.730622
1.148000,0.022964,-335.306312,212.208325,123.529490,-0.524238,0.546036,0.552512
1.149000,0.084276,-282.585762,297.337915,37.311754,-0.418992,0.712811,0.367927
1.150000,0.297408,-221.367812,340.498563,-57.325754,-0.294316,0.795389,0.165530
1.151000,0.516379,-149.320867,334.695451,-163.155118,-0.143732,0.782435,-0.051440
1.152000,0.838184,-70.590039,296.353458,-257.818780,0.019804,0.706334,-0.244121
1.153000,1.103220,22.337634,244.177260,-324.632663,0.217343,0.601088,-0.376894
1.154000,1.247579,135.964736,178.322289,-343.726061,0.447266,0.461839,-0.420611
1.155000,1.128523,247.545137,95.886970,-313.959017,0.664235,0.285349,-0.359083
1.156000,0.770060,327.078866,5.316877,-260.720351,0.818057,0.094286,-0.250598
1.157000,0.406407,359.643653,-99.994271,-195.357327,0.882824,-0.121064,-0.111349
1.158000,0.121907,336.146229,-211.652740,-114.217115,0.835868,-0.338033,0.066760
1.159000,0.006420,281.068475,-295.202420,-26.962985,0.725764,-0.501570,0.256204
1.160000,-0.245964,218.892268,-335.435847,69.254809,0.604326,-0.577671,0.461839
1.161000,-0.393891,146.068373,-327.042006,175.058037,0.447266,-0.556622,0.677189
1.162000,-0.725105,66.819573,-287.274910,268.192819,0.282110,-0.480521,0.865013
1.163000,-0.984626,-27.170240,-233.958549,333.633274,0.086190,-0.373655,0.997785
1.164000,-1.094274,-141.704258,-165.693988,349.565927,-0.150209,-0.229549,1.028550
1.165000,-0.978463,-251.627036,-81.911315,315.990776,-0.360702,-0.044963,0.965402
1.166000,-0.653088,-327.715586,9.228801,260.368980,-0.508047,0.141242,0.852060
1.167000,-0.281648,-356.705431,113.659012,194.229037,-0.563099,0.356592,0.709572
1.168000,0.052809,-330.824416,223.555484,113.814453,-0.517762,0.571943,0.531463
1.169000,0.101794,-275.098671,304.928593,27.026762,-0.406039,0.725764,0.345258
1.170000,0.328550,-212.766735,342.130689,-68.983817,-0.279743,0.797008,0.141242
1.171000,0.528381,-140.590264,330.887158,-174.113712,-0.127541,0.772720,-0.077346
1.172000,0.828128,-61.833538,291.042574,-265.668565,0.039234,0.695000,-0.263551
1.173000,1.086676,33.063042,238.451867,-329.295908,0.240012,0.589753,-0.388228
1.174000,1.229088,148.166821,169.928499,-342.948853,0.466696,0.445647,-0.415754
1.175000,1.102247,257.493330,85.601982,-308.492660,0.683666,0.272395,-0.350987
1.176000,0.728212,331.975242,-6.755687,-252.922380,0.827772,0.066760,-0.234406
1.177000,0.383699,358.944171,-112.248197,-186.160395,0.879586,-0.145352,-0.091919
1.178000,0.074869,331.223946,-221.445533,-104.968380,0.829391,-0.360702,0.082952
1.179000,-0.051648,274.643600,-301.264634,-17.869700,0.717668,-0.511285,0.275634
1.180000,-0.290732,211.664284,-336.886634,78.814408,0.589753,-0.580910,0.478030
1.181000,-0.434766,138.633133,-323.777735,185.058045,0.431074,-0.555003,0.691761
1.182000,-0.760789,59.125261,-282.689390,276.379353,0.262680,-0.467567,0.882824
1.183000,-1.001820,-37.118450,-228.751269,337.830168,0.065141,-0.359083,1.007500
1.184000,-1.095896,-152.688756,-158.673235,348.037428,-0.164782,-0.210119,1.030169
1.185000,-0.966784,-260.202213,-73.362067,310.938959,-0.375274,-0.032009,0.955687
1.186000,-0.626487,-331.368461,19.643329,254.099546,-0.514523,0.165530,0.839106
1.187000,-0.248235,-355.151015,124.928455,186.664264,-0.561479,0.379261,0.690142
1.188000,0.102767,-326.342519,232.415594,105.653821,-0.506427,0.588134,0.513652
1.189000,0.158564,-269.839574,310.576265,18.736591,-0.396324,0.737098,0.329066
1.190000,0.357098,-206.911785,343.685094,-78.336175,-0.266790,0.801865,0.123431
1.191000,0.544601,-133.724954,327.856068,-184.346916,-0.109730,0.769482,-0.098396
1.192000,0.833643,-54.087404,286.249825,-274.217837,0.057045,0.685285,-0.278124
1.193000,1.090568,42.337669,233.244610,-333.052410,0.256204,0.578419,-0.399562
1.194000,1.214490,159.021753,163.633157,-341.549880,0.490984,0.429455,-0.415754
1.195000,1.080836,266.638414,77.622697,-304.036672,0.699857,0.248108,-0.339653
1.196000,0.710370,336.534830,-17.299751,-247.222868,0.835868,0.050568,-0.224691
1.197000,0.352556,357.545206,-124.994354,-178.129273,0.876347,-0.171258,-0.075727
1.198000,0.072273,326.275756,-231.652838,-95.641926,0.814819,-0.376894,0.108859
1.199000,-0.073707,268.529607,-307.611825,-8.051026,0.706334,-0.521000,0.290206
1.200000,-0.311493,204.773087,-338.441049,89.824786,0.571943,-0.579290,0.503937
1.201000,-0.424385,130.291155,-319.710350,196.301578,0.416502,-0.542049,0.722526
1.202000,-0.725105,49.954262,-276.264481,284.747233,0.246489,-0.456233,0.902254
1.203000,-0.970028,-47.481169,-222.248646,341.560740,0.044092,-0.346129,1.015596
1.204000,-1.057617,-164.061857,-150.952998,346.508930,-0.189069,-0.195546,1.025311
1.205000,-0.931100,-269.450970,-64.553753,306.405278,-0.393085,-0.012579,0.945972
1.206000,-0.594047,-336.446216,30.757339,247.648764,-0.524238,0.186579,0.826153
1.207000,-0.224878,-353.441158,138.529506,177.156484,-0.558241,0.405168,0.672331
1.208000,0.116392,-320.047140,243.089176,94.747072,-0.477282,0.607564,0.490984
1.209000,0.163106,-262.559739,316.327564,7.933462,-0.380132,0.751671,0.304779
1.210000,0.389213,-198.984287,344.540017,-89.346570,-0.248979,0.801865,0.100763
1.211000,0.556604,-125.149795,323.685081,-194.839190,-0.091919,0.761386,-0.117826
1.212000,0.833967,-44.812769,279.773137,-281.653114,0.079714,0.675570,-0.291077
1.213000,1.071104,53.503490,226.249786,-336.653472,0.280491,0.563847,-0.402800
1.214000,1.193079,170.420727,155.213460,-339.503233,0.512033,0.406787,-0.414135
1.215000,1.057480,274.928574,68.814394,-299.399337,0.716049,0.228678,-0.331557
1.216000,0.679552,340.576283,-27.584748,-240.953404,0.843964,0.027900,-0.210119
1.217000,0.323035,355.213599,-136.937401,-169.372760,0.874728,-0.192308,-0.056297
1.218000,0.028479,319.799068,-240.720242,-85.667802,0.805104,-0.394704,0.128289
1.219000,-0.119772,261.975198,-311.964185,1.819460,0.690142,-0.530715,0.316113
1.220000,-0.346853,197.907797,-338.544677,99.824799,0.560608,-0.580910,0.523367
1.221000,-0.464286,123.218608,-316.705149,205.420756,0.400310,-0.535573,0.737098
1.222000,-0.756572,41.767720,-271.445800,292.234285,0.228678,-0.448137,0.916827
1.223000,-0.991439,-57.895704,-216.056906,344.850898,0.023043,-0.334795,1.020454
1.224000,-1.065402,-174.787290,-143.595457,343.814628,-0.211738,-0.179354,1.020454
1.225000,-0.919422,-276.938060,-56.885339,301.431181,-0.410896,0.003612,0.934638
1.226000,-0.582044,-339.503233,39.487924,242.441507,-0.530715,0.202771,0.811580
1.227000,-0.196006,-351.187255,148.814490,170.576168,-0.553384,0.424598,0.656140
1.228000,0.142020,-314.658503,251.431150,86.767787,-0.482140,0.622137,0.471554
1.229000,0.182894,-257.222922,320.420830,-1.211634,-0.368798,0.754909,0.283730
1.230000,0.409002,-193.025711,344.514110,-99.502041,-0.239264,0.803484,0.078094
1.231000,0.580286,-118.465834,320.809432,-204.295192,-0.080585,0.753290,-0.140494
1.232000,0.845970,-36.781661,275.446710,-289.528810,0.094286,0.667474,-0.305650
1.233000,1.078241,63.477599,220.628021,-339.762302,0.296683,0.552512,-0.409277
1.234000,1.180103,181.560633,148.192728,-336.912541,0.534702,0.397072,-0.404420
1.235000,1.035096,283.218735,61.120082,-294.269772,0.733860,0.212486,-0.320222
1.236000,0.664954,344.669550,-36.626220,-235.746123,0.850441,0.008470,-0.197165
1.237000,0.308113,353.581473,-147.999618,-162.740609,0.868251,-0.213357,-0.040105
1.238000,0.025235,314.177303,-249.917183,-76.781766,0.795389,-0.412515,0.146100
1.239000,-0.140209,255.420790,-316.549707,12.493056,0.677189,-0.537192,0.342020
1.240000,-0.348475,191.560641,-344.814152,118.788552,0.544417,-0.592244,0.565466
1.241000,-0.453581,111.327403,-317.767332,227.001082,0.374403,-0.543669,0.785674
1.242000,-0.760140,24.410177,-264.735917,307.674709,0.191437,-0.436803,0.944353
1.243000,-0.972299,-75.046010,-203.310732,346.249862,-0.010960,-0.307269,1.025311
1.244000,-1.000198,-186.652626,-128.880378,334.099595,-0.234406,-0.148590,0.997785
1.245000,-0.860705,-280.824094,-44.735048,287.907857,-0.414135,0.027900,0.907112
1.246000,-0.542143,-338.207887,49.228872,230.472587,-0.525858,0.225439,0.790531
1.247000,-0.174272,-346.653543,158.684966,159.695329,-0.545288,0.444028,0.633471
1.248000,0.137154,-308.414939,260.913022,75.057927,-0.474044,0.639948,0.447266
1.249000,0.219876,-250.746203,327.830161,-15.797157,-0.354225,0.771101,0.256204
1.250000,0.437549,-184.761426,348.995978,-119.087598,-0.216595,0.809961,0.039234
1.251000,0.609157,-105.434703,321.016686,-225.253842,-0.048201,0.754909,-0.177735
1.252000,0.862515,-18.931879,268.296446,-303.855324,0.133146,0.651282,-0.334795
1.253000,1.074997,80.653789,207.622830,-340.358161,0.335543,0.524987,-0.409277
1.254000,1.137282,192.648725,133.244526,-326.938378,0.558989,0.367927,-0.384989
1.255000,0.990329,286.249825,48.943898,-280.616839,0.738717,0.184960,-0.292696
1.256000,0.605264,342.519290,-45.926761,-223.932592,0.848821,-0.009341,-0.174497
1.257000,0.257506,348.970071,-156.678408,-152.300153,0.860156,-0.229549,-0.019056
1.258000,-0.018559,308.944139,-258.259197,-66.600391,0.784054,-0.427088,0.170387
1.259000,-0.173947,250.161719,-323.518666,25.731423,0.665855,-0.553384,0.371165
1.260000,-0.394864,183.063225,-342.534343,130.368875,0.524987,-0.589005,0.586515
1.261000,-0.494780,102.752263,-313.181809,236.120259,0.356592,-0.530715,0.801865
1.262000,-0.766953,15.550057,-259.658169,313.166940,0.173626,-0.425469,0.957306
1.263000,-0.975543,-84.838784,-197.403969,347.752454,-0.032009,-0.292696,1.026930
1.264000,-1.002468,-196.626763,-121.652373,331.249853,-0.250598,-0.134017,0.997785
1.265000,-0.859083,-288.181651,-37.014822,282.752414,-0.428707,0.050568,0.897397
1.266000,-0.528842,-341.446252,57.804015,225.368957,-0.532334,0.246489,0.782435
1.267000,-0.158052,-345.358197,168.400000,153.944028,-0.540430,0.465077,0.625375
1.268000,0.159862,-304.528904,268.736861,68.244445,-0.464329,0.657759,0.437551
1.269000,0.241935,-245.901617,331.897522,-24.709094,-0.346129,0.782435,0.238393
1.270000,0.462204,-178.258807,347.933801,-130.434787,-0.202023,0.811580,0.014947
1.271000,0.630568,-97.610844,316.949326,-234.683942,-0.033629,0.748433,-0.195546
1.272000,0.877761,-10.019943,263.685044,-309.736191,0.149338,0.643186,-0.349368
1.273000,1.074024,90.964684,202.441479,-342.352994,0.356592,0.513652,-0.410896
1.274000,1.126577,203.374122,126.353327,-324.762198,0.576800,0.350116,-0.375274
1.275000,0.979623,294.721333,40.705542,-275.901785,0.758148,0.168768,-0.284601
1.276000,0.614023,346.534837,-55.874973,-218.284896,0.856917,-0.030390,-0.163163
1.277000,0.278593,347.726547,-167.585188,-145.693910,0.860156,-0.252217,-0.001245
1.278000,0.010637,304.669525,-267.067537,-58.672908,0.775959,-0.446518,0.188198
1.279000,-0.204765,244.747208,-328.130096,35.731440,0.656140,-0.563099,0.388976
1.280000,-0.403623,175.058037,-341.472159,142.674587,0.507176,-0.587386,0.612422
1.281000,-0.485372,93.089039,-307.974522,246.638401,0.330686,-0.524238,0.819676
1.282000,-0.760789,4.980088,-253.259170,319.540001,0.149338,-0.410896,0.968640
1.283000,-0.949915,-96.574571,-190.538653,349.229139,-0.054678,-0.281362,1.030169
1.284000,-0.968731,-208.233034,-113.491724,328.244669,-0.276505,-0.114587,0.988070
1.285000,-0.803610,-296.989996,-27.325680,276.949301,-0.444899,0.066760,0.887682
1.286000,-0.486021,-345.435918,69.228903,217.959625,-0.542049,0.267538,0.763005
1.287000,-0.123016,-343.648340,180.109855,145.265264,-0.538811,0.489365,0.605945
1.288000,0.197492,-299.580686,277.519250,58.892100,-0.452995,0.675570,0.416502
1.289000,0.281512,-239.398992,336.249856,-35.227253,-0.331557,0.790531,0.214105
1.290000,0.484587,-169.139598,346.431210,-142.662811,-0.187450,0.811580,-0.009341
1.291000,0.626675,-86.989050,311.042586,-244.709901,-0.006103,0.737098,-0.218214
1.292000,0.858622,1.301325,256.664314,-314.969386,0.175245,0.625375,-0.359083
1.293000,1.044828,102.829984,194.695359,-342.508436,0.379261,0.495841,-0.414135
1.294000,1.092515,214.254959,117.985442,-321.135230,0.601088,0.333924,-0.370417
1.295000,0.922529,302.389731,31.353195,-270.228177,0.767863,0.149338,-0.273266
1.296000,0.554334,349.436393,-66.600391,-211.108696,0.861775,-0.051440,-0.145352
1.297000,0.203007,345.291312,-178.440155,-137.196470,0.855298,-0.274886,0.014947
1.298000,-0.057163,299.773149,-274.710068,-50.175477,0.763005,-0.462710,0.202771
1.299000,-0.234935,239.099536,-331.964320,44.850627,0.644805,-0.567956,0.406787
1.300000,-0.440929,167.467357,-339.995464,153.322266,0.494222,-0.582529,0.633471
1.301000,-0.524301,84.099390,-302.741327,255.291256,0.316113,-0.511285,0.842345
1.302000,-0.768250,-5.408534,-247.119240,323.659174,0.131527,-0.394704,0.979974
1.303000,-0.955755,-107.766317,-183.776965,348.659190,-0.075727,-0.261932,1.025311
1.304000,-0.966784,-217.792665,-106.030560,324.773165,-0.295935,-0.095157,0.983213
1.305000,-0.816586,-303.518534,-19.242760,272.389713,-0.459471,0.089429,0.879586
1.306000,-0.493482,-347.922982,78.684875,212.311952,-0.546907,0.285349,0.753290
1.307000,-0.120745,-341.109462,190.317117,138.451785,-0.530715,0.508795,0.591373
1.308000,0.212739,-295.072885,284.876767,51.664109,-0.443280,0.691761,0.400310
1.309000,0.308113,-234.943010,339.876801,-43.672870,-0.325080,0.797008,0.196294
1.310000,0.523515,-163.077397,345.369033,-152.662849,-0.171258,0.805104,-0.028771
1.311000,0.658142,-79.191100,306.742066,-253.414611,0.008470,0.729002,-0.234406
1.312000,0.871598,11.379065,251.249803,-319.684443,0.193056,0.615660,-0.367179
1.313000,1.051640,114.669376,188.089136,-342.327087,0.405168,0.481269,-0.412515
1.314000,1.082783,224.824915,110.213412,-317.560077,0.620518,0.314494,-0.367179
1.315000,0.922853,309.799062,22.622609,-265.746286,0.784054,0.128289,-0.261932
1.316000,0.561795,352.545203,-77.248089,-205.201932,0.869871,-0.074108,-0.130779
1.317000,0.227337,342.389756,-190.150050,-129.476235,0.852060,-0.295935,0.032758
1.318000,-0.046782,294.306825,-283.207528,-41.418978,0.753290,-0.475663,0.225439
1.319000,-0.266402,233.374143,-335.798544,54.669295,0.633471,-0.577671,0.431074
1.320000,-0.444822,160.265278,-338.881467,164.436266,0.479650,-0.584148,0.656140
1.321000,-0.503539,75.032020,-298.181713,264.384526,0.299921,-0.501570,0.856917
1.322000,-0.759167,-16.911149,-240.435267,328.970059,0.107240,-0.383370,0.989689
1.323000,-0.919746,-121.263771,-175.072265,347.830174,-0.106491,-0.245740,1.026930
1.324000,-0.918448,-229.347127,-96.522758,319.799068,-0.315365,-0.077346,0.971879
1.325000,-0.760465,-311.471954,-9.294552,266.327533,-0.477282,0.107240,0.866632
1.326000,-0.452608,-350.928186,90.446548,205.058061,-0.553384,0.298302,0.738717
1.327000,-0.081493,-337.586121,202.700546,129.073537,-0.527477,0.531463,0.568704
1.328000,0.241611,-288.181651,293.710969,41.197771,-0.431945,0.707953,0.376022
1.329000,0.339904,-227.922249,343.296492,-54.527820,-0.308888,0.801865,0.172007
1.330000,0.529679,-154.683582,343.788721,-163.388280,-0.153447,0.801865,-0.054678
1.331000,0.650356,-69.527860,301.923410,-261.704812,0.021423,0.716049,-0.252217
1.332000,0.858946,22.803956,244.151353,-324.010897,0.217343,0.602707,-0.376894
1.333000,1.015956,127.985453,178.736797,-340.513603,0.431074,0.461839,-0.409277
1.334000,1.045801,235.446684,100.239307,-312.015999,0.643186,0.293445,-0.354225
1.335000,0.883601,316.483004,12.726217,-259.399100,0.800246,0.112097,-0.245740
1.336000,0.509242,354.540023,-88.180763,-198.129361,0.869871,-0.095157,-0.119445
1.337000,0.147859,338.866438,-200.979115,-120.849262,0.842345,-0.316984,0.053807
1.338000,-0.113609,287.830137,-290.824154,-31.885276,0.741956,-0.491855,0.251346
1.339000,-0.298517,227.130616,-338.700118,64.513870,0.618899,-0.582529,0.448885
1.340000,-0.493807,153.037292,-337.016169,174.384461,0.465077,-0.577671,0.677189
1.341000,-0.526896,67.078640,-293.829354,271.923391,0.280491,-0.493474,0.873109
1.342000,-0.762087,-26.522570,-234.813476,332.519284,0.089429,-0.372036,0.997785
1.343000,-0.917151,-132.947750,-167.481560,346.016701,-0.129160,-0.229549,1.023692
1.344000,-0.917800,-238.751320,-87.766254,314.565905,-0.334795,-0.057916,0.963783
1.345000,-0.768250,-316.756963,0.005985,261.042555,-0.483759,0.125050,0.853679
1.346000,-0.447418,-352.249439,100.524281,199.254948,-0.553384,0.332305,0.720907
1.347000,-0.075978,-334.658639,212.545113,122.000991,-0.521000,0.549274,0.555751
1.348000,0.251018,-282.767111,300.964860,33.270296,-0.422230,0.717668,0.356592
1.349000,0.377535,-222.429994,346.223956,-63.828362,-0.295935,0.808342,0.152576
1.350000,0.564714,-148.440035,341.845714,-173.258786,-0.140494,0.798627,-0.070870
1.351000,0.667225,-62.351674,297.959677,-269.554598,0.040853,0.712811,-0.265171
1.352000,0.865759,31.845423,239.591764,-328.207817,0.235154,0.591373,-0.383370
1.353000,1.014334,139.669403,172.234200,-339.658674,0.453743,0.450505,-0.409277
1.354000,1.032501,245.783478,91.275565,-307.067780,0.660997,0.278872,-0.346129
1.355000,0.879059,322.545184,2.389410,-253.673680,0.808342,0.087809,-0.236025
1.356000,0.521569,356.016708,-99.864737,-191.600834,0.873109,-0.117826,-0.103253
1.357000,0.190031,335.809441,-212.067249,-112.818147,0.835868,-0.341272,0.069999
1.358000,-0.099984,281.560703,-298.984827,-22.999246,0.732241,-0.504808,0.262680
1.359000,-0.329660,220.109886,-341.653507,75.420621,0.604326,-0.589005,0.473173
1.360000,-0.495753,144.928476,-334.140501,186.068409,0.445647,-0.572814,0.699857
1.361000,-0.513920,58.192617,-288.751603,280.394899,0.264299,-0.485378,0.892539
1.362000,-0.742298,-36.729848,-229.036244,337.027058,0.066760,-0.363940,1.007500
1.363000,-0.888279,-145.046239,-159.476347,345.317219,-0.150209,-0.213357,1.023692
1.364000,-0.864273,-249.580393,-77.429436,309.047766,-0.359083,-0.038486,0.950829
1.365000,-0.702397,-323.285504,12.026734,253.374157,-0.499951,0.149338,0.834249
1.366000,-0.405245,-353.233902,113.555385,190.576185,-0.553384,0.359831,0.704715
1.367000,-0.033806,-330.772602,224.203153,112.415487,-0.511285,0.573562,0.531463
1.368000,0.290920,-275.668623,309.073673,22.907584,-0.404420,0.737098,0.338781
1.369000,0.403487,-213.958450,348.607377,-75.745494,-0.279743,0.813200,0.131527
1.370000,0.569580,-139.061761,338.089235,-185.668165,-0.121064,0.790531,-0.096776
1.371000,0.664305,-52.714343,292.052937,-277.508012,0.061903,0.698238,-0.279743
1.372000,0.850836,42.259949,233.218703,-331.808878,0.256204,0.580038,-0.394704
1.373000,0.988707,151.146098,163.969944,-338.518770,0.476411,0.434313,-0.407658
1.374000,0.997790,255.343070,81.534619,-301.886400,0.680427,0.256204,-0.338033
1.375000,0.886196,327.726534,-9.475900,-246.212499,0.821295,0.065141,-0.219834
1.376000,0.457338,355.731734,-112.170476,-182.740692,0.873109,-0.146971,-0.082204
1.377000,0.116392,331.534827,-222.378180,-103.621226,0.829391,-0.360702,0.089429
1.378000,-0.157078,275.420803,-305.668807,-13.517359,0.717668,-0.519381,0.282110
1.379000,-0.372156,212.752367,-343.596526,86.171931,0.589753,-0.592244,0.494222
1.380000,-0.519110,136.767846,-330.720788,196.845620,0.427836,-0.566337,0.722526
1.381000,-0.533384,49.954262,-283.181621,287.752417,0.248108,-0.470806,0.905492
1.382000,-0.754301,-45.823134,-223.492175,340.006335,0.050568,-0.349368,1.010739
1.383000,-0.896389,-155.357160,-152.896010,343.555560,-0.171258,-0.200404,1.022073
1.384000,-0.873357,-257.948315,-69.553767,304.488178,-0.373655,-0.020675,0.944353
1.385000,-0.584639,-327.301075,22.130380,247.726485,-0.503189,0.170387,0.827772
1.386000,-0.395189,-352.353067,125.057989,183.477733,-0.548526,0.380880,0.688523
1.387000,-0.041916,-326.834751,233.685025,104.436203,-0.503189,0.591373,0.513652
1.388000,0.304545,-270.720408,315.109946,14.746947,-0.393085,0.751671,0.317732
1.389000,0.427168,-208.025779,350.628103,-85.719616,-0.266790,0.814819,0.108859
1.390000,0.583205,-131.781942,335.006332,-196.341788,-0.106491,0.784054,-0.117826
1.391000,0.672091,-44.968210,286.742053,-285.409614,0.079714,0.686904,-0.302412
1.392000,0.849863,51.379135,228.011446,-335.358126,0.275634,0.568704,-0.402800
1.393000,0.979299,161.767870,157.804136,-337.223424,0.499080,0.421359,-0.406039
1.394000,0.989680,264.488153,73.866215,-297.715389,0.696619,0.240012,-0.328318
1.395000,0.891386,332.363843,-19.812710,-240.953404,0.827772,0.042473,-0.210119
1.396000,0.450525,354.850904,-125.201608,-174.942731,0.871490,-0.172878,-0.067631
1.397000,0.138776,326.975239,-233.103623,-94.320678,0.818057,-0.386609,0.110478
1.398000,-0.170703,269.514063,-312.404602,-3.439618,0.703096,-0.535573,0.306398
1.399000,-0.394216,205.705730,-345.591359,97.648630,0.578419,-0.597101,0.518510
1.400000,-0.519110,128.037267,-326.938378,208.762727,0.410025,-0.558241,0.746813
1.401000,-0.538899,40.265127,-276.523550,296.457085,0.225439,-0.456233,0.923303
1.402000,-0.737432,-56.703991,-216.497322,343.555560,0.023043,-0.333176,1.020454
1.403000,-0.863949,-166.859796,-144.890798,341.845714,-0.193927,-0.182593,1.017215
1.404000,-0.834753,-267.222978,-60.745452,299.876776,-0.386609,-0.006103,0.934638
1.405000,-0.708561,-332.430644,33.114856,241.301610,-0.516143,0.191437,0.813200
1.406000,-0.351395,-351.031813,139.021734,173.995860,-0.553384,0.411644,0.669093
1.407000,0.008042,-320.850254,245.032182,93.114946,-0.491855,0.617279,0.489365
1.408000,0.326280,-263.518294,321.508914,2.855732,-0.378513,0.758148,0.295064
1.409000,0.461555,-199.813306,351.949348,-97.844005,-0.250598,0.816438,0.082952
1.410000,0.610455,-122.325951,330.731718,-207.637177,-0.083823,0.777578,-0.142113
1.411000,0.674686,-34.579583,279.462256,-293.285309,0.100763,0.673951,-0.315365
1.412000,0.837536,62.570862,220.187606,-337.897004,0.293445,0.552512,-0.406039
1.413000,0.960159,172.985496,149.151278,-334.503198,0.518510,0.398691,-0.396324
1.414000,0.957564,272.752407,65.187446,-292.922613,0.712811,0.223820,-0.316984
1.415000,0.850512,336.508923,-29.864546,-234.839383,0.835868,0.019804,-0.202023
1.416000,0.384996,353.037431,-137.688699,-166.419380,0.866632,-0.193927,-0.049820
1.417000,0.079410,320.835338,-243.103675,-83.880232,0.805104,-0.402800,0.131527
1.418000,-0.207036,262.726494,-317.430542,7.415326,0.691761,-0.540430,0.332305
1.419000,-0.435415,198.218678,-346.031777,109.177142,0.562228,-0.597101,0.541178
1.420000,-0.547658,119.798916,-323.285504,218.659107,0.392214,-0.550145,0.769482
1.421000,-0.547009,31.301381,-270.513153,303.166934,0.206009,-0.443280,0.937876
1.422000,-0.743272,-66.729925,-209.787446,345.731727,0.003612,-0.320222,1.020454
1.423000,-0.864598,-177.300254,-137.507352,338.788718,-0.214976,-0.166401,1.010739
1.424000,-0.837024,-274.839603,-53.258386,294.980400,-0.404420,0.011708,0.921684
1.425000,-0.709209,-336.394403,41.974974,236.327513,-0.524238,0.210867,0.805104
1.426000,-0.354314,-349.347863,149.824854,167.700518,-0.548526,0.427836,0.656140
1.427000,0.011935,-315.694779,254.125453,84.902500,-0.480521,0.633471,0.471554
1.428000,0.353854,-257.818780,326.042596,-7.170196,-0.367179,0.767863,0.280491
1.429000,0.492697,-193.258872,351.897534,-109.268912,-0.232787,0.816438,0.058664
1.430000,0.637056,-114.787065,327.260213,-217.844479,-0.069250,0.769482,-0.161543
1.431000,0.702585,-26.159875,274.462253,-300.306079,0.116955,0.664235,-0.329937
1.432000,0.850187,72.778131,214.254959,-340.720858,0.316113,0.539559,-0.409277
1.433000,0.953347,184.436283,141.871478,-331.808878,0.541178,0.385738,-0.394704
1.434000,0.949778,281.431169,57.259973,-287.844862,0.730622,0.206009,-0.305650
1.435000,0.860244,341.379393,-40.045918,-229.787544,0.848821,0.006851,-0.185831
1.436000,0.413543,351.819814,-149.320867,-159.605881,0.869871,-0.216595,-0.036867
1.437000,0.084601,315.343107,-253.051915,-74.761035,0.797008,-0.417373,0.152576
1.438000,-0.250506,255.990739,-322.482390,19.021566,0.678808,-0.553384,0.353354
1.439000,-0.450337,190.135770,-345.617266,122.052804,0.539559,-0.597101,0.571943
1.440000,-0.541169,110.679734,-318.881329,229.902639,0.372784,-0.540430,0.792150
1.441000,-0.540196,21.560431,-264.217780,310.990773,0.184960,-0.435184,0.954068
1.442000,-0.716346,-78.310268,-202.507619,348.296496,-0.019056,-0.305650,1.030169
1.443000,-0.818533,-189.761448,-128.414055,335.394933,-0.239264,-0.145352,1.002643
1.444000,-0.781875,-284.114269,-43.646963,288.581433,-0.420611,0.032758,0.908731
1.445000,-0.660549,-340.772672,53.088982,229.669478,-0.529096,0.230297,0.787293
1.446000,-0.297220,-348.363400,161.819683,159.254914,-0.546907,0.452124,0.636710
1.447000,0.056378,-309.762098,264.125459,74.384350,-0.469186,0.652901,0.450505
1.448000,0.389862,-249.632207,330.731718,-19.760896,-0.355844,0.774339,0.241631
1.449000,0.517027,-183.621524,350.446756,-122.921808,-0.213357,0.814819,0.029519
1.450000,0.643868,-104.476151,321.975236,-228.569921,-0.046582,0.756528,-0.184212
1.451000,0.691555,-15.848971,267.700591,-307.093687,0.138004,0.649663,-0.339653
1.452000,0.817747,84.280737,206.612466,-342.430715,0.343639,0.524987,-0.414135
1.453000,0.912797,196.016603,132.467323,-328.181910,0.563847,0.366307,-0.386609
1.454000,0.910201,289.643609,47.493118,-281.238604,0.748433,0.183341,-0.292696
1.455000,0.808664,345.032245,-49.553713,-222.922224,0.853679,-0.017437,-0.171258
1.456000,0.356449,350.446756,-160.020390,-151.574762,0.863394,-0.239264,-0.017437
1.457000,0.035940,310.032223,-261.523464,-65.667746,0.785674,-0.433565,0.176864
1.458000,-0.299166,248.788662,-326.368426,29.772881,0.664235,-0.561479,0.377642
1.459000,-0.500619,181.431099,-343.622433,134.462144,0.523367,-0.592244,0.596230
1.460000,-0.580422,101.508739,-313.518599,239.436324,0.353354,-0.530715,0.809961
1.461000,-0.557065,12.052641,-258.595987,316.275750,0.165530,-0.423850,0.962164
1.462000,-0.724781,-88.776620,-196.030906,349.384579,-0.040105,-0.289458,1.028550
1.463000,-0.816586,-200.046468,-120.564287,332.182496,-0.257075,-0.129160,0.994547
1.464000,-0.789661,-291.575454,-35.304974,282.856041,-0.436803,0.050568,0.897397
1.465000,-0.667686,-343.777875,61.793659,223.892272,-0.542049,0.246489,0.771101
1.466000,-0.295598,-346.446288,171.897413,152.881851,-0.542049,0.471554,0.622137
1.467000,0.069678,-305.306111,272.027018,67.130454,-0.464329,0.665855,0.435932
1.468000,0.433981,-244.295391,334.540010,-28.880088,-0.339653,0.785674,0.230297
1.469000,0.557253,-176.419421,348.866444,-134.631693,-0.200404,0.809961,0.008470
1.470000,0.660088,-96.030528,317.078859,-238.492252,-0.027152,0.748433,-0.205261
1.471000,0.709722,-6.289365,262.311986,-312.767299,0.160672,0.638329,-0.352606
1.472000,0.823586,95.265207,200.757540,-343.700154,0.364688,0.507176,-0.415754
1.473000,0.905660,207.026975,125.006175,-325.332150,0.586515,0.348497,-0.381751
1.474000,0.900145,298.115117,38.684813,-275.798157,0.766243,0.165530,-0.282981
1.475000,0.812557,348.659190,-60.149596,-214.347053,0.861775,-0.041724,-0.156686
1.476000,0.372344,348.503750,-171.445307,-144.113593,0.861775,-0.260313,-0.001245
1.477000,0.038211,305.161754,-270.357711,-57.248034,0.777578,-0.452995,0.188198
1.478000,-0.317657,242.881922,-330.720788,40.083779,0.651282,-0.571194,0.393833
1.479000,-0.507756,172.881869,-342.145739,147.052830,0.507176,-0.587386,0.618899
1.480000,-0.573610,91.249658,-307.870894,249.876745,0.330686,-0.521000,0.829391
1.481000,-0.550902,0.575934,-251.445688,322.389744,0.141242,-0.409277,0.973498
1.482000,-0.692989,-101.185985,-188.310664,350.161782,-0.069250,-0.274886,1.028550
1.483000,-0.773117,-211.989529,-111.911408,328.426017,-0.279743,-0.108111,0.989689
1.484000,-0.734188,-300.357893,-25.227230,276.690234,-0.454614,0.071618,0.884443
1.485000,-0.620972,-347.378937,73.710774,215.524390,-0.545288,0.277253,0.759767
1.486000,-0.249857,-343.985130,184.203122,143.399977,-0.540430,0.497461,0.602707
1.487000,0.093035,-299.658406,280.809407,57.234066,-0.451376,0.683666,0.413263
1.488000,0.453120,-237.326442,338.685091,-39.760943,-0.328318,0.793769,0.207628
1.489000,0.577042,-166.833889,346.975251,-146.833811,-0.179354,0.811580,-0.019056
1.490000,0.670145,-84.864691,310.809426,-248.129608,-0.009341,0.737098,-0.224691
1.491000,0.692204,5.912733,254.488147,-317.611891,0.183341,0.620518,-0.360702
1.492000,0.785956,107.778176,192.078776,-343.285643,0.392214,0.489365,-0.414135
1.493000,0.869976,218.192786,116.068341,-320.927975,0.609184,0.325828,-0.372036
1.494000,0.860244,305.653982,28.995677,-269.761853,0.775959,0.146100,-0.268409
1.495000,0.759679,351.249866,-71.341336,-208.492103,0.861775,-0.059535,-0.142113
1.496000,0.308762,345.343126,-182.766598,-135.020296,0.852060,-0.286220,0.018185
1.497000,-0.021479,299.565895,-278.129777,-48.180653,0.764624,-0.467567,0.209248
1.498000,-0.353017,236.767928,-334.192315,49.539754,0.639948,-0.577671,0.413263
1.499000,-0.553497,165.083935,-340.435882,157.778229,0.489365,-0.584148,0.639948
1.500000,-0.600211,82.078662,-302.249096,258.762761,0.314494,-0.509666,0.847202
1.501000,-0.565824,-10.279010,-244.813528,326.379383,0.118574,-0.396324,0.983213
1.502000,-0.693963,-112.999494,-180.823585,349.021885,-0.087061,-0.257075,1.030169
1.503000,-0.772143,-221.808229,-103.750760,324.229123,-0.294316,-0.093538,0.984832
1.504000,-0.741974,-306.808711,-16.677988,271.664324,-0.467567,0.089429,0.874728
1.505000,-0.624541,-349.606933,83.529441,209.695370,-0.545288,0.293445,0.746813
1.506000,-0.252452,-340.876300,194.876706,136.016550,-0.532334,0.516891,0.584896
1.507000,0.112824,-294.554747,288.529619,49.436126,-0.441661,0.698238,0.395453
1.508000,0.493022,-232.326417,342.104782,-48.543348,-0.318603,0.797008,0.188198
1.509000,0.615645,-160.668061,345.550380,-157.196545,-0.168020,0.808342,-0.038486
1.510000,0.688960,-76.885393,306.223930,-256.937946,0.010089,0.727383,-0.240883
1.511000,0.712317,16.223633,248.685035,-322.119693,0.204390,0.612422,-0.372036
1.512000,0.794066,120.317051,184.824885,-342.249366,0.416502,0.474792,-0.415754
1.513000,0.857000,228.969995,107.596829,-316.627428,0.628614,0.309636,-0.365559
1.514000,0.863488,313.037406,19.772863,-264.735917,0.792150,0.128289,-0.260313
1.515000,0.774277,353.970075,-82.481265,-202.352178,0.860156,-0.087061,-0.134017
1.516000,0.333416,341.949341,-194.761470,-126.833738,0.848821,-0.308888,0.035996
1.517000,-0.010773,293.348275,-286.860400,-38.802391,0.753290,-0.485378,0.228678
1.518000,-0.377671,230.550307,-337.767469,59.747023,0.626994,-0.580910,0.440789
1.519000,-0.544414,157.415534,-338.907374,169.073576,0.473173,-0.580910,0.667474
1.520000,-0.580746,72.596783,-297.637668,267.933751,0.296683,-0.499951,0.866632
1.521000,-0.560634,-21.833440,-237.818673,331.405293,0.095905,-0.378513,0.991309
1.522000,-0.659576,-126.989179,-171.548935,347.674734,-0.114587,-0.239264,1.026930
1.523000,-0.725430,-233.595853,-93.465753,318.555544,-0.325080,-0.069250,0.967021
1.524000,-0.692665,-314.554876,-6.082110,264.980382,-0.478902,0.113716,0.863394
1.525000,-0.581395,-352.197625,95.783343,202.001064,-0.559860,0.322590,0.730622
1.526000,-0.225851,-337.042076,207.415576,126.327420,-0.524238,0.542797,0.563847
1.527000,0.158240,-286.912213,297.363821,38.529373,-0.427088,0.714430,0.369546
1.528000,0.513459,-224.657984,345.084058,-59.890528,-0.299173,0.806723,0.162291
1.529000,0.619214,-151.574762,343.400119,-168.491927,-0.146971,0.798627,-0.061155
1.530000,0.684418,-67.040806,301.301648,-265.202241,0.027900,0.719287,-0.257075
1.531000,0.703558,27.778059,241.612491,-326.290706,0.227058,0.597849,-0.373655
1.532000,0.754489,133.762661,175.109851,-340.435882,0.440789,0.452124,-0.415754
1.533000,0.816450,239.824925,96.897334,-310.617026,0.652901,0.295064,-0.350987
1.534000,0.813530,319.488187,9.099267,-257.741060,0.803484,0.104001,-0.245740
1.535000,0.716210,355.524480,-93.828449,-194.709656,0.873109,-0.109730,-0.111349
1.536000,0.266265,338.218769,-205.720069,-117.895884,0.839106,-0.328318,0.057045
1.537000,-0.070788,286.353452,-294.451120,-29.190970,0.737098,-0.499951,0.252965
1.538000,-0.419519,223.529577,-340.332254,70.265174,0.610803,-0.587386,0.461839
1.539000,-0.586586,149.591693,-336.342589,179.462186,0.456981,-0.577671,0.686904
1.540000,-0.605077,64.384336,-292.948520,275.446710,0.278872,-0.490236,0.881205
1.541000,-0.568095,-31.496674,-232.170975,334.617730,0.078094,-0.370417,1.001024
1.542000,-0.657954,-138.647252,-163.828696,345.731727,-0.138875,-0.223072,1.025311
1.543000,-0.716022,-243.103675,-84.294741,312.985593,-0.346129,-0.053059,0.957306
1.544000,-0.692016,-319.632630,3.892003,259.125456,-0.490236,0.133146,0.848821
1.545000,-0.575232,-352.923019,106.456931,195.524375,-0.556622,0.337162,0.714430
1.546000,-0.215146,-333.829618,217.311956,118.866272,-0.522619,0.560608,0.547655
1.547000,0.164728,-281.264511,304.617712,30.239203,-0.415754,0.730622,0.356592
1.548000,0.536491,-218.569871,347.778361,-69.838741,-0.287839,0.811580,0.142861
1.549000,0.650032,-144.838985,340.964885,-179.217360,-0.135637,0.792150,-0.085442
1.550000,0.685067,-59.605553,296.767966,-273.207469,0.045711,0.707953,-0.273266
1.551000,0.702909,36.845432,236.845648,-330.358091,0.246489,0.586515,-0.388228
1.552000,0.754813,145.317077,168.581348,-339.399605,0.463458,0.442409,-0.407658
1.553000,0.810610,250.161719,87.804058,-305.487459,0.670712,0.274015,-0.341272
1.554000,0.815476,325.343113,-1.988838,-251.627036,0.818057,0.081333,-0.231168
1.555000,0.730159,356.353496,-106.211907,-187.429831,0.874728,-0.130779,-0.095157
1.556000,0.295137,334.669544,-216.963646,-109.398446,0.835868,-0.352606,0.076475
1.557000,-0.069814,280.032205,-302.611793,-19.657269,0.725764,-0.516143,0.270776
1.558000,-0.434766,215.990712,-343.078388,81.586433,0.596230,-0.592244,0.482888
1.559000,-0.576854,141.094275,-333.104224,191.716082,0.439170,-0.567956,0.709572
1.560000,-0.591127,55.057897,-287.197189,284.203192,0.257823,-0.475663,0.897397
1.561000,-0.558038,-41.937114,-226.005141,339.047785,0.055426,-0.355844,1.009120
1.562000,-0.625189,-150.590302,-155.771669,344.850898,-0.159924,-0.203642,1.022073
1.563000,-0.683257,-253.777307,-74.087458,307.519268,-0.365559,-0.030390,0.945972
1.564000,-0.643680,-325.772567,16.482701,251.327523,-0.501570,0.160672,0.834249
1.565000,-0.524301,-353.182088,120.187517,186.042502,-0.555003,0.367927,0.693381
1.566000,-0.174920,-329.373628,229.177249,108.607193,-0.509666,0.583277,0.523367
1.567000,0.193275,-274.217837,312.519271,19.565609,-0.401181,0.746813,0.329066
1.568000,0.571851,-209.916980,349.928621,-81.911315,-0.270028,0.818057,0.116955
1.569000,0.664630,-134.916669,336.664364,-191.497206,-0.111349,0.787293,-0.106491
1.570000,0.696421,-49.398273,290.109931,-281.368139,0.068379,0.693381,-0.271647
1.571000,0.689609,47.622652,229.980359,-333.674176,0.269157,0.570323,-0.396324
1.572000,0.727888,156.767865,160.161651,-337.871097,0.487746,0.424598,-0.406039
1.573000,0.773629,259.514057,78.192646,-300.383799,0.685285,0.251346,-0.331557
1.574000,0.755787,330.109956,-13.905961,-244.191763,0.822915,0.055426,-0.219834
1.575000,0.663981,355.317226,-119.268945,-177.999739,0.871490,-0.158305,-0.075727
1.576000,0.229284,329.773168,-227.430019,-99.476135,0.821295,-0.372036,0.095905
1.577000,-0.117177,273.736864,-309.010798,-9.916315,0.712811,-0.530715,0.290206
1.578000,-0.479533,208.555473,-344.658710,92.544997,0.580038,-0.597101,0.508795
1.579000,-0.619026,132.415510,-329.140466,202.596919,0.418121,-0.563099,0.733860
1.580000,-0.600859,46.379127,-281.005442,291.793870,0.236774,-0.467567,0.913588
1.581000,-0.561282,-51.419003,-219.994749,341.793901,0.035996,-0.342891,1.015596
1.582000,-0.630704,-161.030757,-148.906358,342.726544,-0.182593,-0.197165,1.015596
1.583000,-0.682933,-262.015695,-66.237695,302.856053,-0.378513,-0.014199,0.941114
1.584000,-0.648871,-329.658604,26.534533,245.628038,-0.511285,0.175245,0.821295
1.585000,-0.518786,-351.679487,132.260069,178.555449,-0.551764,0.393833,0.678808
1.586000,-0.159025,-324.788105,238.788655,100.109773,-0.501570,0.604326,0.503937
1.587000,0.218254,-268.881019,318.374197,10.368700,-0.391466,0.756528,0.311256
1.588000,0.596181,-203.647521,351.534840,-92.429481,-0.255455,0.814819,0.094286
1.589000,0.678904,-127.325968,333.296486,-202.144923,-0.095157,0.779197,-0.130779
1.590000,0.711992,-41.108097,284.462259,-289.373368,0.089429,0.683666,-0.305650
1.591000,0.693502,57.156346,224.229059,-337.145703,0.288587,0.562228,-0.402800
1.592000,0.727564,167.700518,153.581334,-336.083520,0.505556,0.408406,-0.401181
1.593000,0.764221,268.710954,70.446521,-296.031441,0.704715,0.231916,-0.323461
1.594000,0.762275,334.980425,-24.190958,-239.036296,0.832630,0.032758,-0.206880
1.595000,0.667549,353.918261,-132.481427,-170.098151,0.869871,-0.185831,-0.059535
1.596000,0.233825,324.514097,-238.310903,-89.761079,0.814819,-0.393085,0.115335
1.597000,-0.149617,267.493337,-315.487524,1.042257,0.701476,-0.538811,0.316113
1.598000,-0.496078,201.042514,-346.213126,104.643457,0.565466,-0.598720,0.533082
1.599000,-0.610591,123.451769,-325.150801,214.539933,0.398691,-0.558241,0.754909
1.600000,-0.600211,36.223669,-274.088303,300.420818,0.215724,-0.452995,0.931399
1.601000,-0.543116,-62.740276,-212.455852,345.084058,0.011708,-0.325080,1.020454
1.602000,-0.589830,-172.999718,-140.331196,340.187682,-0.206880,-0.171258,1.010739
1.603000,-0.633624,-271.342173,-57.118500,297.778329,-0.396324,0.005232,0.926542
1.604000,-0.606050,-334.995429,37.441288,239.254976,-0.519381,0.199533,0.806723
1.605000,-0.475965,-350.099164,145.912933,169.306737,-0.548526,0.421359,0.657759
1.606000,-0.113933,-318.233656,250.239440,88.322193,-0.486997,0.628614,0.479650
1.607000,0.272105,-261.212582,324.306843,-2.040651,-0.375274,0.764624,0.285349
1.608000,0.626999,-194.916911,352.052975,-105.201541,-0.237645,0.821295,0.068379
1.609000,0.691555,-117.688629,328.892338,-213.569847,-0.074108,0.772720,-0.153447
1.610000,0.714263,-30.434496,277.027021,-297.145437,0.108859,0.669093,-0.325080
1.611000,0.676308,68.840301,216.068432,-339.373698,0.311256,0.541178,-0.409277
1.612000,0.689284,179.410372,144.332620,-332.793341,0.533082,0.388976,-0.396324
1.613000,0.721400,276.949301,61.301430,-290.668713,0.720907,0.210867,-0.310507
1.614000,0.705829,339.358666,-34.346422,-232.689113,0.842345,0.016566,-0.189069
1.615000,0.615645,352.130695,-144.476289,-161.885683,0.866632,-0.203642,-0.038486
1.616000,0.187111,318.063316,-248.207329,-79.113379,0.801865,-0.409277,0.142861
1.617000,-0.196006,260.187633,-320.124861,12.493056,0.688523,-0.548526,0.343639
1.618000,-0.535655,193.089140,-345.850429,116.586477,0.549274,-0.597101,0.558989
1.619000,-0.644005,114.902537,-321.161137,224.488127,0.382499,-0.546907,0.779197
1.620000,-0.603130,27.156296,-268.207440,306.949320,0.197913,-0.444899,0.945972
1.621000,-0.551875,-73.206627,-205.564628,346.923438,-0.009341,-0.312127,1.025311
1.622000,-0.596318,-183.906500,-132.455520,336.845711,-0.226310,-0.153447,1.005881
1.623000,-0.643356,-279.140146,-49.242832,292.389725,-0.410896,0.021423,0.915207
1.624000,-0.604752,-338.441049,46.379127,234.125439,-0.527477,0.220582,0.797008
1.625000,-0.465908,-348.389307,156.690145,162.959581,-0.548526,0.440789,0.643186
1.626000,-0.099659,-312.974554,259.203176,80.109747,-0.478902,0.643186,0.463458
1.627000,0.287676,-255.202185,328.581457,-12.325647,-0.362321,0.772720,0.262680
1.628000,0.662683,-187.896154,351.353493,-117.170493,-0.224691,0.811580,0.040853
1.629000,0.727888,-109.657514,325.058139,-223.673523,-0.057916,0.764624,-0.174497
1.630000,0.727888,-21.729813,272.104739,-304.036672,0.126670,0.657759,-0.336414
1.631000,0.675011,79.358451,210.032158,-341.860763,0.332305,0.528225,-0.412515
1.632000,0.679228,191.042506,136.664219,-329.943580,0.552512,0.369546,-0.393085
1.633000,0.709722,285.938944,52.959448,-284.995103,0.738717,0.193056,-0.297554
1.634000,0.710695,343.762814,-44.113285,-227.119136,0.852060,-0.002864,-0.180973
1.635000,0.626999,350.861264,-156.082551,-154.761302,0.865013,-0.229549,-0.025533
1.636000,0.177379,312.726525,-257.922408,-70.071903,0.792150,-0.430326,0.160672
1.637000,-0.233637,253.244623,-325.047174,24.177016,0.670712,-0.558241,0.363069
1.638000,-0.549604,184.488097,-344.736431,130.135714,0.529844,-0.592244,0.586515
1.639000,-0.637192,105.135686,-316.083383,235.835285,0.361450,-0.535573,0.803484
1.640000,-0.619350,16.819489,-261.601185,314.565905,0.175245,-0.430326,0.960544
1.641000,-0.523976,-85.020132,-198.207081,349.332766,-0.032009,-0.297554,1.030169
1.642000,-0.549604,-196.393601,-123.154969,333.400113,-0.250598,-0.134017,0.997785
1.643000,-0.590154,-288.596161,-39.113273,285.472622,-0.430326,0.042473,0.903873
1.644000,-0.553497,-343.000667,57.493134,226.793828,-0.537192,0.246489,0.780816
1.645000,-0.425358,-347.249402,168.607254,154.488070,-0.543669,0.461839,0.623756
1.646000,-0.066246,-307.326849,268.970022,69.902479,-0.467567,0.660997,0.435932
1.647000,0.331470,-247.067426,333.296486,-24.735001,-0.346129,0.784054,0.236774
1.648000,0.684094,-177.688857,349.280952,-131.237899,-0.202023,0.813200,0.013327
1.649000,0.725617,-98.802557,318.918239,-234.658035,-0.036867,0.748433,-0.200404
1.650000,0.726915,-10.797146,264.876755,-310.409771,0.147719,0.644805,-0.347748
1.651000,0.665603,91.223752,202.208318,-343.156109,0.356592,0.513652,-0.414135
1.652000,0.648410,202.752360,127.260064,-326.083450,0.576800,0.356592,-0.381751
1.653000,0.666901,294.255011,42.778084,-278.233405,0.756528,0.176864,-0.287839
1.654000,0.656520,347.182505,-54.890515,-219.554332,0.856917,-0.030390,-0.164782
1.655000,0.565039,349.047792,-166.989330,-146.341581,0.860156,-0.252217,-0.004483
1.656000,0.127422,307.545175,-266.471679,-61.056334,0.780816,-0.443280,0.180102
1.657000,-0.300788,246.327520,-328.959118,34.617449,0.657759,-0.559860,0.387357
1.658000,-0.586261,175.446638,-342.456622,142.648681,0.510414,-0.589005,0.607564
1.659000,-0.672228,95.498368,-310.332050,245.653944,0.340401,-0.524238,0.822915
1.660000,-0.631353,6.638123,-255.616696,319.436374,0.152576,-0.415754,0.968640
1.661000,-0.529815,-96.082342,-191.341765,349.669554,-0.056297,-0.281362,1.030169
1.662000,-0.548306,-206.678623,-115.253388,329.954515,-0.274886,-0.119445,0.991309
1.663000,-0.594371,-296.057347,-30.434496,279.902671,-0.448137,0.058664,0.890920
1.664000,-0.554470,-345.850429,67.208174,220.472580,-0.542049,0.262680,0.769482
1.665000,-0.419519,-344.891872,179.021771,147.311898,-0.537192,0.486126,0.605945
1.666000,-0.044187,-302.715421,276.767954,62.415421,-0.459471,0.673951,0.422979
1.667000,0.358720,-241.860145,337.104779,-33.828286,-0.336414,0.792150,0.218963
1.668000,0.715885,-170.486754,347.519293,-142.610997,-0.185831,0.808342,-0.009341
1.669000,0.753516,-89.916520,313.607355,-244.450832,-0.017437,0.740337,-0.216595
1.670000,0.738593,-0.486244,259.073642,-315.798407,0.170387,0.631852,-0.357463
1.671000,0.662359,102.881797,195.887070,-343.777875,0.380880,0.500699,-0.415754
1.672000,0.637705,213.944078,119.488034,-322.922807,0.602707,0.337162,-0.376894
1.673000,0.667874,302.545172,33.736618,-272.896586,0.772720,0.154196,-0.276505
1.674000,0.662683,350.602197,-65.978627,-212.922176,0.865013,-0.051440,-0.151828
1.675000,0.578664,346.508930,-178.906478,-138.258650,0.856917,-0.274886,0.010089
1.676000,0.121258,302.286104,-275.228206,-52.481182,0.767863,-0.461091,0.197913
1.677000,-0.293651,240.446687,-333.259666,44.954254,0.644805,-0.576052,0.406787
1.678000,-0.595345,167.156476,-341.031741,154.773045,0.494222,-0.587386,0.635090
1.679000,-0.650493,85.032034,-304.425276,255.913018,0.320971,-0.514523,0.840725
1.680000,-0.623892,-5.563975,-248.000074,324.980419,0.126670,-0.399562,0.979974
1.681000,-0.498997,-109.243005,-182.922039,349.669554,-0.080585,-0.263551,1.030169
1.682000,-0.508405,-218.828940,-106.108280,325.602181,-0.299173,-0.101634,0.981594
1.683000,-0.555119,-304.684345,-20.253125,273.710957,-0.461091,0.081333,0.879586
1.684000,-0.519759,-349.192422,79.591612,212.337859,-0.545288,0.286968,0.753290
1.685000,-0.380591,-341.549880,191.897429,137.337794,-0.530715,0.512033,0.586515
1.686000,-0.018883,-296.394137,285.809410,51.949084,-0.444899,0.696619,0.401929
1.687000,0.396350,-234.787569,341.120325,-44.812769,-0.320222,0.801865,0.194675
1.688000,0.737296,-161.212105,345.964888,-154.346793,-0.168020,0.808342,-0.035248
1.689000,0.749947,-78.880218,307.596988,-253.880935,0.010089,0.730622,-0.236025
1.690000,0.730159,12.182175,250.990735,-320.409837,0.196294,0.615660,-0.365559
1.691000,0.640300,116.275596,186.431104,-342.404808,0.410025,0.479650,-0.412515
1.692000,0.604940,225.135796,109.928438,-317.870960,0.623756,0.314494,-0.363940
1.693000,0.628946,310.058130,23.788414,-266.782561,0.787293,0.136385,-0.265171
1.694000,0.611753,353.037431,-77.299902,-205.331466,0.866632,-0.072489,-0.135637
1.695000,0.520920,342.700637,-190.564560,-128.802657,0.848821,-0.297554,0.032758
1.696000,0.076166,296.042577,-283.155714,-42.766132,0.754909,-0.480521,0.220582
1.697000,-0.331606,234.125439,-336.523937,54.747016,0.633471,-0.580910,0.426217
1.698000,-0.632002,159.462168,-339.270071,165.265282,0.476411,-0.584148,0.656140
1.699000,-0.680662,75.938757,-299.217989,264.254993,0.299921,-0.508047,0.855298
1.700000,-0.631353,-16.548454,-241.238380,329.099592,0.107240,-0.383370,0.988070
1.701000,-0.512298,-121.678280,-174.839104,347.726547,-0.104872,-0.242502,1.026930
1.702000,-0.501593,-228.751269,-97.299962,320.679898,-0.316984,-0.078965,0.971879
1.703000,-0.554146,-310.902002,-11.133935,268.477793,-0.472425,0.102382,0.868251
1.704000,-0.514244,-351.187255,89.798879,206.301585,-0.553384,0.299921,0.738717
1.705000,-0.367290,-338.233794,202.648733,129.695299,-0.527477,0.534702,0.571943
1.706000,-0.002988,-290.772341,293.607342,43.710728,-0.435184,0.712811,0.384118
1.707000,0.420356,-229.502568,344.306856,-54.009683,-0.307269,0.806723,0.176864
1.708000,0.759355,-154.735396,344.203229,-164.890876,-0.155067,0.803484,-0.054678
1.709000,0.767789,-71.004548,303.270561,-262.352484,0.023043,0.722526,-0.248979
1.710000,0.738918,22.389448,245.446690,-324.995360,0.217343,0.601088,-0.380132
1.711000,0.639327,129.177164,178.918144,-341.135369,0.432694,0.461839,-0.410896
1.712000,0.594235,236.146166,100.731536,-312.845020,0.644805,0.295064,-0.355844
1.713000,0.624729,317.052953,13.814302,-261.316209,0.797008,0.113716,-0.252217
1.714000,0.618565,355.446759,-88.957968,-198.802939,0.876347,-0.100015,-0.119445
1.715000,0.528381,339.255039,-202.559433,-120.512473,0.843964,-0.321842,0.052188
1.716000,0.051836,289.255008,-292.067685,-32.947455,0.741956,-0.499951,0.236774
1.717000,-0.346853,227.363777,-340.073185,65.705581,0.618899,-0.585767,0.448885
1.718000,-0.635895,151.275632,-337.093889,176.949230,0.460220,-0.579290,0.682046
1.719000,-0.660225,66.690039,-294.451120,273.218729,0.282110,-0.493474,0.876347
1.720000,-0.623892,-27.662469,-234.683942,334.099595,0.086190,-0.373655,0.997785
1.721000,-0.471748,-135.486619,-165.668081,346.508930,-0.134017,-0.224691,1.025311
1.722000,-0.450986,-240.668429,-86.341380,314.436371,-0.339653,-0.056297,0.960544
1.723000,-0.509378,-318.311377,0.368680,261.016649,-0.485378,0.126670,0.850441
1.724000,-0.464286,-353.311623,102.519103,198.166864,-0.556622,0.335543,0.720907
1.725000,-0.321550,-334.373663,215.032162,119.928449,-0.521000,0.555751,0.549274
1.726000,0.049241,-282.844831,302.519265,32.519000,-0.417373,0.725764,0.363069
1.727000,0.451174,-221.056930,347.156599,-66.108161,-0.291077,0.811580,0.149338
1.728000,0.764870,-145.512562,341.327579,-176.548955,-0.135637,0.798627,-0.078965
1.729000,0.757733,-61.030427,297.933770,-270.487246,0.044092,0.712811,-0.270028
1.730000,0.738593,33.555271,238.581401,-328.985025,0.241631,0.586515,-0.388228
1.731000,0.606562,142.078732,169.462177,-339.503233,0.458600,0.447266,-0.409277
1.732000,0.556604,246.897469,89.721159,-306.523735,0.664235,0.278872,-0.338033
1.733000,0.570878,323.166946,2.182155,-253.647773,0.809961,0.089429,-0.234406
1.734000,0.558551,356.301682,-100.952823,-190.512746,0.876347,-0.121064,-0.100015
1.735000,0.471287,335.265399,-213.492127,-111.367365,0.835868,-0.342891,0.069999
1.736000,0.001878,282.311999,-299.554779,-23.206500,0.732241,-0.509666,0.261061
1.737000,-0.391945,219.721284,-342.275273,76.586426,0.605945,-0.590625,0.474792
1.738000,-0.663469,143.218629,-333.959152,187.881882,0.442409,-0.571194,0.704715
1.739000,-0.687150,58.244430,-289.243834,280.938941,0.261061,-0.483759,0.890920
1.740000,-0.634273,-37.351611,-229.062151,337.027058,0.065141,-0.360702,1.005881
1.741000,-0.473045,-146.756090,-158.310539,344.695457,-0.156686,-0.210119,1.022073
1.742000,-0.458123,-250.020810,-77.299902,308.970046,-0.354225,-0.038486,0.952448
1.743000,-0.507756,-323.155969,11.068183,254.928562,-0.498332,0.147719,0.839106
1.744000,-0.466882,-353.285716,114.047614,191.172040,-0.555003,0.359831,0.699857
1.745000,-0.301437,-330.772602,225.058076,112.052793,-0.514523,0.575181,0.529844
1.746000,0.080059,-277.300757,309.514088,24.151109,-0.407658,0.740337,0.338781
1.747000,0.479397,-214.580215,349.514113,-76.470884,-0.279743,0.813200,0.129908
1.748000,0.797959,-138.077302,338.218769,-187.792527,-0.117826,0.788912,-0.101634
1.749000,0.785631,-53.180666,292.830140,-278.855170,0.057045,0.698238,-0.289458
1.750000,0.740864,42.752178,233.659118,-332.922876,0.259442,0.580038,-0.394704
1.751000,0.609806,153.425893,163.115021,-338.363328,0.481269,0.431074,-0.406039
1.752000,0.538438,256.949289,80.990577,-301.705051,0.682046,0.254584,-0.331557
1.753000,0.568607,328.685084,-9.320459,-247.481936,0.821295,0.065141,-0.223072
1.754000,0.560173,356.327589,-114.294835,-182.559344,0.874728,-0.148590,-0.083823
1.755000,0.455067,331.068505,-224.735705,-102.040910,0.826153,-0.363940,0.092667
1.756000,-0.024398,276.120285,-307.249128,-13.258291,0.717668,-0.524238,0.283730
1.757000,-0.405894,212.130605,-344.840059,88.503541,0.586515,-0.595482,0.499080
1.758000,-0.659576,134.047636,-329.995394,200.498472,0.422979,-0.566337,0.727383
1.759000,-0.670930,48.399855,-282.741204,289.902677,0.241631,-0.470806,0.911969
1.760000,-0.612538,-48.206560,-222.404087,341.431206,0.042473,-0.347748,1.012358
1.761000,-0.438983,-158.647328,-150.201699,343.451933,-0.179354,-0.195546,1.017215
1.762000,-0.401028,-260.202213,-67.584849,303.892323,-0.376894,-0.017437,0.939495
1.763000,-0.452932,-328.881397,23.632974,247.286070,-0.509666,0.172007,0.829391
1.764000,-0.413355,-352.638043,128.581309,181.094312,-0.555003,0.388976,0.680427
1.765000,-0.258292,-325.487591,236.975182,100.938790,-0.503189,0.596230,0.507176
1.766000,0.116716,-270.150456,317.027046,12.985285,-0.399562,0.746813,0.314494
1.767000,0.503727,-206.082765,351.508933,-88.802527,-0.261932,0.818057,0.100763
1.768000,0.805744,-127.921825,333.555554,-200.098282,-0.095157,0.780816,-0.127541
1.769000,0.776224,-42.558877,285.317182,-287.119469,0.082952,0.686904,-0.300792
1.770000,0.724644,54.021626,226.120252,-336.083520,0.282110,0.565466,-0.399562
1.771000,0.577042,164.850774,154.410350,-336.394403,0.500699,0.411644,-0.402800
1.772000,0.493346,265.964838,71.741860,-296.938182,0.701476,0.235154,-0.326699
1.773000,0.508593,333.270579,-20.823075,-240.487081,0.829391,0.042473,-0.210119
1.774000,0.495941,354.565930,-127.766384,-172.921997,0.871490,-0.176116,-0.064393
1.775000,0.402189,325.446740,-235.305707,-91.470929,0.814819,-0.388228,0.113716
1.776000,-0.079222,269.488157,-313.363158,-2.636507,0.704715,-0.535573,0.308017
1.777000,-0.451959,204.643553,-346.031777,99.772985,0.571943,-0.598720,0.520129
1.778000,-0.699477,125.291150,-326.031637,211.223869,0.401929,-0.558241,0.750052
1.779000,-0.690719,39.177042,-276.109040,297.467448,0.223820,-0.457852,0.926542
1.780000,-0.619350,-58.258399,-215.642396,343.995975,0.021423,-0.333176,1.018835
1.781000,-0.443849,-169.243226,-142.895972,340.861258,-0.198784,-0.179354,1.013977
1.782000,-0.392918,-268.336974,-59.735087,299.177294,-0.391466,-0.004483,0.933018
1.783000,-0.453906,-332.793341,33.270296,242.052906,-0.521000,0.189817,0.811580
1.784000,-0.389025,-350.798651,140.627953,173.840419,-0.548526,0.410025,0.665855
1.785000,-0.225527,-320.176675,246.767935,92.052768,-0.490236,0.617279,0.486126
1.786000,0.146237,-264.450942,322.363837,2.933452,-0.378513,0.764624,0.296683
1.787000,0.528706,-199.580144,352.467483,-99.916551,-0.247360,0.822915,0.079714
1.788000,0.828777,-120.279312,330.084049,-210.797813,-0.080585,0.777578,-0.148590
1.789000,0.795688,-33.828286,279.669510,-294.995165,0.102382,0.673951,-0.318603
1.790000,0.731781,64.332522,219.850818,-339.114629,0.298302,0.550893,-0.407658
1.791000,0.570554,176.275655,147.337804,-333.907339,0.526606,0.398691,-0.397943
1.792000,0.480046,275.006295,63.788480,-292.067685,0.717668,0.220582,-0.315365
1.793000,0.502105,338.270583,-30.797191,-235.512961,0.842345,0.021423,-0.197165
1.794000,0.477450,353.141058,-140.745705,-165.460827,0.871490,-0.198784,-0.046582
1.795000,0.391484,319.565908,-246.212499,-81.600433,0.803484,-0.406039,0.134766
1.796000,-0.101930,262.726494,-319.218119,9.073361,0.688523,-0.550145,0.330686
1.797000,-0.454554,196.664272,-346.783078,112.674555,0.554132,-0.598720,0.549274
1.798000,-0.683906,116.223782,-321.860624,222.959629,0.385738,-0.548526,0.777578
1.799000,-0.680662,28.969771,-269.295529,305.964863,0.201152,-0.446518,0.939495
1.800000,-0.596642,-70.123716,-207.948059,347.078878,-0.001245,-0.318603,1.025311
1.801000,-0.396486,-181.937579,-133.724954,337.571100,-0.226310,-0.159924,1.007500
1.802000,-0.341987,-277.689360,-50.201383,293.270555,-0.410896,0.019804,0.918446
1.803000,-0.393567,-338.052445,44.047517,235.446684,-0.524238,0.212486,0.800246
1.804000,-0.348475,-349.555119,153.684961,164.954401,-0.548526,0.435932,0.648044
1.805000,-0.191140,-313.414972,257.830118,80.420628,-0.478902,0.639948,0.463458
1.806000,0.196195,-256.108926,327.804255,-10.356731,-0.362321,0.772720,0.277253
1.807000,0.556280,-190.227771,351.949348,-113.750792,-0.226310,0.821295,0.048949
1.808000,0.842726,-110.201558,325.135859,-221.937763,-0.057916,0.767863,-0.168020
1.809000,0.794390,-23.206500,272.596967,-302.637700,0.123431,0.660997,-0.333176
1.810000,0.699665,76.327358,211.664284,-341.290810,0.329066,0.533082,-0.410896
1.811000,0.542006,188.529551,137.545049,-330.176743,0.549274,0.374403,-0.391466
1.812000,0.433656,283.503709,54.177067,-285.875938,0.735479,0.196294,-0.302412
1.813000,0.450201,342.493383,-41.056283,-228.647641,0.850441,0.000374,-0.185831
1.814000,0.427168,351.690280,-152.170619,-157.274266,0.868251,-0.223072,-0.028771
1.815000,0.333741,313.477821,-255.694416,-71.341336,0.788912,-0.418992,0.157434
1.816000,-0.151563,255.058096,-323.596387,20.912761,0.670712,-0.559860,0.353354
1.817000,-0.490887,188.011416,-345.384104,125.576124,0.534702,-0.597101,0.578419
1.818000,-0.718617,107.130507,-317.197380,233.166889,0.366307,-0.540430,0.793769
1.819000,-0.701748,19.384261,-263.492387,312.208390,0.181722,-0.431945,0.955687
1.820000,-0.608321,-80.926856,-200.953208,348.788724,-0.023914,-0.302412,1.026930
1.821000,-0.400055,-192.947990,-125.512490,334.125502,-0.244121,-0.140494,1.001024
1.822000,-0.339067,-285.694589,-41.781673,287.286095,-0.425469,0.035996,0.911969
1.823000,-0.383186,-341.446252,53.322143,229.799012,-0.533953,0.231916,0.790531
1.824000,-0.332255,-347.922982,164.306732,158.633152,-0.546907,0.455362,0.633471
1.825000,-0.171676,-308.492660,266.431160,72.596783,-0.469186,0.657759,0.448885
1.826000,0.219227,-250.098531,332.052962,-20.512193,-0.355844,0.780816,0.246489
1.827000,0.582881,-182.688878,350.576290,-126.186068,-0.211738,0.814819,0.023043
1.828000,0.856027,-101.496866,320.602178,-232.404137,-0.038486,0.754909,-0.190688
1.829000,0.808015,-13.828241,267.363803,-309.036705,0.144481,0.651282,-0.346129
1.830000,0.713614,87.389550,205.628010,-343.415178,0.348497,0.520129,-0.414135
1.831000,0.525786,200.187591,129.695299,-327.249261,0.573562,0.359831,-0.383370
1.832000,0.423275,292.674699,45.031974,-279.813725,0.754909,0.178483,-0.289458
1.833000,0.445984,346.664370,-51.548537,-222.455901,0.853679,-0.023914,-0.174497
1.834000,0.448254,350.161782,-163.906416,-149.890817,0.865013,-0.242502,-0.010960
1.835000,0.312655,308.451911,-265.124521,-62.558929,0.784054,-0.441661,0.176864
1.836000,-0.184004,248.374153,-328.337352,32.156305,0.662616,-0.563099,0.382499
1.837000,-0.509703,178.944051,-343.829689,139.254895,0.518510,-0.592244,0.605945
1.838000,-0.704019,96.638266,-311.290605,244.514047,0.340401,-0.527477,0.818057
1.839000,-0.695260,8.399784,-256.471623,319.203213,0.159053,-0.415754,0.967021
1.840000,-0.578800,-93.310312,-193.492034,350.420849,-0.051440,-0.286220,1.033407
1.841000,-0.356261,-205.435094,-116.367381,330.550370,-0.271647,-0.121064,0.992928
1.842000,-0.271268,-295.098792,-31.211700,280.472619,-0.444899,0.058664,0.895777
1.843000,-0.340689,-345.617266,65.316980,221.664291,-0.545288,0.259442,0.769482
1.844000,-0.291056,-346.005870,176.664256,149.203091,-0.543669,0.479650,0.612422
1.845000,-0.140534,-302.896769,275.887124,62.311794,-0.459471,0.673951,0.426217
1.846000,0.256858,-242.533723,336.534830,-32.299785,-0.336414,0.790531,0.218963
1.847000,0.614348,-172.274326,348.400123,-139.813059,-0.190688,0.811580,-0.004483
1.848000,0.863488,-89.994240,313.944142,-243.155488,-0.015818,0.741956,-0.211738
1.849000,0.801527,-1.781583,259.617684,-314.788038,0.168768,0.633471,-0.355844
1.850000,0.691231,99.954333,197.389661,-343.881502,0.374403,0.503937,-0.417373
1.851000,0.495293,211.871538,120.472491,-323.181876,0.597849,0.340401,-0.376894
1.852000,0.378184,300.757606,34.824703,-273.337003,0.766243,0.159053,-0.274886
1.853000,0.385321,349.695460,-63.025251,-214.372960,0.863394,-0.043344,-0.155067
1.854000,0.380454,347.597013,-175.331334,-140.797519,0.860156,-0.270028,0.008470
1.855000,0.272105,302.959680,-273.337003,-53.284293,0.774339,-0.459471,0.194675
1.856000,-0.220012,241.923372,-332.223389,42.259949,0.649663,-0.571194,0.400310
1.857000,-0.555443,170.187567,-341.731228,150.835217,0.495841,-0.590625,0.628614
1.858000,-0.732242,86.690067,-305.202483,254.047732,0.322590,-0.514523,0.837487
1.859000,-0.704668,-2.766041,-249.813555,323.762801,0.134766,-0.402800,0.976736
1.860000,-0.581395,-105.072007,-186.160395,349.954528,-0.070870,-0.270028,1.028550
1.861000,-0.355612,-215.771930,-108.180826,326.690264,-0.291077,-0.101634,0.986451
1.862000,-0.279378,-302.275003,-22.325669,275.084015,-0.461091,0.078094,0.881205
1.863000,-0.334850,-348.182052,75.627876,215.213509,-0.548526,0.278872,0.756528
1.864000,-0.273863,-343.156109,187.622814,141.716037,-0.540430,0.500699,0.596230
1.865000,-0.121070,-297.896737,283.814590,54.565668,-0.449756,0.690142,0.406787
1.866000,0.288649,-237.481884,340.239496,-41.496699,-0.329937,0.795389,0.201152
1.867000,0.637056,-165.409013,346.923438,-150.823463,-0.174497,0.809961,-0.023914
1.868000,0.873220,-81.211831,308.710979,-252.481963,0.005232,0.732241,-0.231168
1.869000,0.804447,9.151081,253.374157,-319.736257,0.191437,0.618899,-0.368798
1.870000,0.684418,112.467301,190.213490,-343.389271,0.401929,0.487746,-0.412515
1.871000,0.482316,223.089162,112.182327,-319.192212,0.618899,0.322590,-0.365559
1.872000,0.362937,308.762792,25.446448,-268.077905,0.782435,0.138004,-0.265171
1.873000,0.390511,352.778364,-74.579687,-207.714897,0.868251,-0.066012,-0.138875
1.874000,0.387916,344.358669,-187.870248,-132.274172,0.853679,-0.291077,0.024662
1.875000,0.233825,297.001127,-282.223066,-43.931938,0.758148,-0.474044,0.215724
1.876000,-0.227149,235.757565,-336.290775,52.700380,0.638329,-0.580910,0.424598
1.877000,-0.551226,162.208285,-340.306347,162.881861,0.481269,-0.587386,0.652901
1.878000,-0.720563,76.586426,-299.865662,263.788671,0.301540,-0.506427,0.855298
1.879000,-0.687799,-15.201301,-242.119214,329.073686,0.110478,-0.388228,0.989689
1.880000,-0.542143,-119.372573,-176.808024,348.892351,-0.101634,-0.247360,1.028550
1.881000,-0.303059,-227.948156,-98.154887,321.275753,-0.316984,-0.082204,0.973498
1.882000,-0.229744,-310.642933,-11.807511,268.529607,-0.474044,0.097525,0.868251
1.883000,-0.281000,-351.290883,88.063126,207.286042,-0.556622,0.293445,0.738717
1.884000,-0.220012,-339.244164,200.835260,131.405146,-0.529096,0.529844,0.571943
1.885000,-0.057487,-290.565085,292.907860,43.373940,-0.433565,0.706334,0.385738
1.886000,0.312330,-229.917078,343.892348,-52.792064,-0.312127,0.808342,0.178483
1.887000,0.654573,-156.367526,345.109965,-162.792422,-0.155067,0.806723,-0.048201
1.888000,0.866732,-70.745480,303.270561,-261.368023,0.026281,0.722526,-0.248979
1.889000,0.797634,21.689965,245.420784,-324.140432,0.215724,0.607564,-0.376894
1.890000,0.653925,126.612395,180.058041,-341.420345,0.429455,0.465077,-0.409277
1.891000,0.438847,234.306787,101.664179,-313.233623,0.639948,0.296683,-0.357463
1.892000,0.312655,315.835335,14.980108,-261.342116,0.798627,0.116955,-0.252217
1.893000,0.343148,354.954531,-86.134125,-200.124188,0.874728,-0.091919,-0.124302
1.894000,0.315250,340.369029,-199.476517,-122.869994,0.842345,-0.316984,0.042473
1.895000,0.178028,289.876770,-290.306016,-33.828286,0.743575,-0.496712,0.238393
1.896000,-0.290407,228.892275,-339.062815,63.114904,0.622137,-0.587386,0.444028
1.897000,-0.569068,154.384443,-338.207887,173.581352,0.465077,-0.582529,0.672331
1.898000,-0.733540,67.855844,-294.969258,271.664324,0.283730,-0.496712,0.873109
1.899000,-0.698504,-25.745366,-235.772030,332.778351,0.087809,-0.376894,0.997785
1.900000,-0.554146,-131.963290,-168.491927,346.742091,-0.129160,-0.236025,1.023692
1.901000,-0.298517,-237.974114,-88.776620,315.653988,-0.334795,-0.061155,0.963783
1.902000,-0.219363,-316.316545,-1.988838,262.726494,-0.485378,0.120193,0.855298
1.903000,-0.268997,-352.715764,98.840342,200.964794,-0.555003,0.329066,0.724145
1.904000,-0.213524,-335.902171,211.379309,123.788557,-0.522619,0.550893,0.558989
1.905000,-0.030237,-284.476965,300.628072,34.721076,-0.420611,0.724145,0.366307
1.906000,0.335687,-223.828965,346.793904,-62.766183,-0.299173,0.811580,0.157434
1.907000,0.666252,-149.424494,342.881984,-173.336507,-0.140494,0.803484,-0.072489
1.908000,0.891062,-62.869810,298.814600,-269.580505,0.042473,0.714430,-0.265171
1.909000,0.812232,31.353195,240.265340,-328.544607,0.235154,0.594611,-0.384989
1.910000,0.648734,139.151268,172.881869,-340.176813,0.452124,0.450505,-0.410896
1.911000,0.421005,245.343063,92.000955,-307.741360,0.660997,0.277253,-0.344510
1.912000,0.292217,322.312023,4.047444,-255.176279,0.809961,0.091048,-0.237645
1.913000,0.333416,356.534843,-98.439862,-192.973897,0.873109,-0.116206,-0.108111
1.914000,0.332768,336.871618,-211.212323,-114.294835,0.839106,-0.339653,0.065141
1.915000,0.150130,283.037388,-298.933013,-24.113238,0.733860,-0.509666,0.261061
1.916000,-0.290407,221.301596,-342.275273,74.850672,0.607564,-0.590625,0.468315
1.917000,-0.584639,145.783399,-335.280405,185.835248,0.447266,-0.576052,0.699857
1.918000,-0.717319,58.477591,-289.451089,280.576246,0.264299,-0.485378,0.890920
1.919000,-0.679689,-36.470780,-229.476661,337.363846,0.068379,-0.362321,1.009120
1.920000,-0.514893,-144.864892,-159.813136,345.679914,-0.148590,-0.214976,1.022073
1.921000,-0.249208,-249.399045,-77.792132,309.462274,-0.355844,-0.038486,0.950829
1.922000,-0.163242,-323.026435,10.757302,254.591774,-0.496712,0.146100,0.840725
1.923000,-0.221310,-353.648413,112.441394,191.819709,-0.558241,0.354973,0.706334
1.924000,-0.168432,-331.731158,223.633204,113.710826,-0.514523,0.573562,0.534702
1.925000,0.013881,-276.886247,309.125487,23.943855,-0.406039,0.737098,0.340401
1.926000,0.370074,-214.865190,349.229139,-75.279171,-0.281362,0.816438,0.133146
1.927000,0.689284,-139.553991,338.918251,-185.719979,-0.121064,0.793769,-0.098396
1.928000,0.874842,-52.714343,292.545166,-277.870708,0.065141,0.699857,-0.281362
1.929000,0.782712,42.285856,233.503677,-332.171575,0.257823,0.581658,-0.394704
1.930000,0.621809,151.223819,163.995851,-338.829653,0.476411,0.434313,-0.407658
1.931000,0.383374,255.394883,81.560526,-302.093655,0.680427,0.257823,-0.334795
1.932000,0.251992,327.622907,-8.361908,-247.248774,0.818057,0.066760,-0.224691
1.933000,0.275997,356.198055,-111.496899,-183.751059,0.873109,-0.145352,-0.087061
1.934000,0.271780,332.286123,-222.119112,-104.605685,0.829391,-0.360702,0.086190
1.935000,0.095630,276.379353,-305.901969,-14.216843,0.719287,-0.522619,0.282110
1.936000,-0.332904,213.451850,-344.140572,86.042398,0.588134,-0.593863,0.495841
1.937000,-0.613835,136.975100,-331.394368,197.182407,0.429455,-0.569575,0.724145
1.938000,-0.739054,49.669287,-283.466597,288.374179,0.243250,-0.469186,0.907112
1.939000,-0.697531,-46.263550,-223.492175,340.369029,0.047330,-0.347748,1.013977
1.940000,-0.526896,-155.693949,-152.714662,343.762814,-0.171258,-0.198784,1.020454
1.941000,-0.243693,-258.181477,-69.268792,304.462271,-0.373655,-0.020675,0.942733
1.942000,-0.147346,-327.275168,21.482711,248.425967,-0.506427,0.167149,0.827772
1.943000,-0.207685,-352.663950,124.721201,184.229029,-0.555003,0.377642,0.691761
1.944000,-0.139236,-327.378796,233.659118,105.083873,-0.503189,0.592992,0.516891
1.945000,0.045997,-271.419894,315.524454,14.772853,-0.396324,0.750052,0.320971
1.946000,0.393431,-208.440289,351.223959,-85.926871,-0.265171,0.819676,0.108859
1.947000,0.698692,-131.730129,335.446747,-197.015366,-0.104872,0.785674,-0.119445
1.948000,0.890089,-44.346446,286.767960,-286.135007,0.081333,0.688523,-0.300792
1.949000,0.792120,51.974991,227.830098,-335.850357,0.278872,0.568704,-0.401181
1.950000,0.623755,162.441446,157.286001,-337.223424,0.495841,0.414883,-0.406039
1.951000,0.367154,264.980382,73.348080,-297.508134,0.701476,0.240012,-0.325080
1.952000,0.225066,332.700631,-19.501828,-241.497449,0.829391,0.045711,-0.210119
1.953000,0.253614,355.187692,-125.253422,-175.357241,0.873109,-0.171258,-0.069250
1.954000,0.253614,327.312026,-233.362691,-94.657467,0.819676,-0.380132,0.108859
1.955000,0.064488,270.032198,-312.896834,-3.465525,0.707953,-0.532334,0.303160
1.956000,-0.337121,205.887077,-346.239032,98.140859,0.573562,-0.600340,0.521748
1.957000,-0.607023,127.752292,-327.249261,209.669464,0.410025,-0.558241,0.746813
1.958000,-0.723807,39.462017,-276.316295,297.337915,0.223820,-0.456233,0.924923
1.959000,-0.672876,-57.584822,-216.005092,344.021882,0.023043,-0.334795,1.018835
1.960000,-0.489265,-167.792442,-144.217221,341.742087,-0.195546,-0.184212,1.017215
1.961000,-0.196655,-267.922464,-59.968248,299.410455,-0.391466,-0.002864,0.933018
1.962000,-0.082142,-332.819248,33.063042,241.612491,-0.516143,0.189817,0.814819
1.963000,-0.139561,-351.213162,139.332615,174.436275,-0.551764,0.406787,0.667474
1.964000,-0.091549,-321.083416,245.602131,93.192666,-0.495093,0.615660,0.490984
1.965000,0.089791,-264.010525,322.156583,2.596664,-0.380132,0.764624,0.296683
1.966000,0.421005,-199.787399,352.415669,-98.724837,-0.248979,0.821295,0.082952
1.967000,0.714263,-121.730094,330.809438,-208.984333,-0.082204,0.779197,-0.143732
1.968000,0.880681,-33.413777,279.073655,-294.347492,0.104001,0.675570,-0.316984
1.969000,0.757084,63.684853,219.539937,-338.389235,0.296683,0.550893,-0.406039
1.970000,0.591640,174.229021,148.218634,-334.399570,0.523367,0.398691,-0.397943
1.971000,0.332119,273.581423,64.177082,-292.326754,0.717668,0.222201,-0.315365
1.972000,0.179001,337.286126,-30.149521,-234.994824,0.840725,0.024662,-0.197165
1.973000,0.191653,353.192872,-138.206836,-166.315752,0.869871,-0.195546,-0.048201
1.974000,0.189058,320.809432,-243.829067,-83.698885,0.805104,-0.402800,0.131527
1.975000,0.019072,262.881935,-318.155936,7.959369,0.690142,-0.545288,0.333924
1.976000,-0.384808,197.959610,-346.472195,110.135692,0.558989,-0.597101,0.544417
1.977000,-0.641734,119.021713,-323.337318,219.850818,0.387357,-0.553384,0.767863
1.978000,-0.745218,30.006042,-269.917294,304.306831,0.202771,-0.446518,0.939495
1.979000,-0.678067,-68.284333,-208.880706,346.249862,0.001993,-0.318603,1.023692
1.980000,-0.495429,-178.880571,-136.341544,338.477837,-0.219834,-0.164782,1.005881
1.981000,-0.191465,-275.875878,-52.014860,294.229104,-0.406039,0.014947,0.920065
1.982000,-0.080844,-336.498030,42.441296,236.405234,-0.524238,0.212486,0.800246
1.983000,-0.118799,-349.425584,150.653870,167.467357,-0.553384,0.426217,0.651282
1.984000,-0.070139,-315.539338,255.135816,84.410271,-0.482140,0.631852,0.471554
1.985000,0.121582,-257.715153,326.897518,-8.051026,-0.365559,0.771101,0.280491
1.986000,0.451498,-192.818456,352.337949,-110.771508,-0.229549,0.819676,0.057045
1.987000,0.728537,-113.802606,327.182493,-219.476612,-0.066012,0.772720,-0.164782
1.988000,0.898523,-24.527746,273.762771,-301.549610,0.123431,0.664235,-0.329937
1.989000,0.777846,74.513884,213.244596,-341.135369,0.325828,0.536321,-0.410896
1.990000,0.578664,186.172036,140.524326,-331.446182,0.547655,0.382499,-0.391466
1.991000,0.311681,282.700600,55.783287,-286.860400,0.732241,0.202771,-0.302412
1.992000,0.165377,342.001155,-40.123638,-229.502568,0.848821,0.003612,-0.185831
1.993000,0.199763,351.949348,-150.408954,-159.217278,0.866632,-0.219834,-0.033629
1.994000,0.174784,315.084040,-254.217724,-74.087458,0.795389,-0.422230,0.150957
1.995000,-0.007529,255.628044,-323.363225,20.135558,0.673951,-0.555003,0.353354
1.996000,-0.395838,189.358567,-345.954056,123.943998,0.537940,-0.597101,0.573562
1.997000,-0.626163,109.384396,-318.544539,231.845645,0.369546,-0.540430,0.790531
1.998000,-0.728674,19.669236,-263.336946,312.337924,0.181722,-0.435184,0.954068
1.999000,-0.651466,-80.356906,-201.341811,348.840538,-0.020675,-0.302412,1.028550
2.000000,-0.444173,-191.782182,-126.807831,334.954518,-0.245740,-0.145352,0.999405
2.001000,-0.137614,-285.513241,-41.911207,287.441536,-0.423850,0.037615,0.908731
2.002000,-0.019208,-341.394438,53.503490,229.229063,-0.533953,0.235154,0.787293
2.003000,-0.078249,-348.389307,163.140928,158.762686,-0.546907,0.453743,0.636710
2.004000,-0.017261,-309.477122,265.446703,73.658961,-0.470806,0.656140,0.448885
2.005000,0.172838,-249.191790,331.742081,-21.030329,-0.349368,0.784054,0.248108
2.006000,0.478424,-182.559344,350.576290,-125.149795,-0.206880,0.816438,0.029519
2.007000,0.728861,-103.025369,321.534821,-230.797911,-0.041724,0.758148,-0.185831
2.008000,0.891711,-13.646893,266.664321,-308.570380,0.147719,0.649663,-0.342891
2.009000,0.751569,86.612347,205.317129,-342.922946,0.351735,0.523367,-0.415754
2.010000,0.537140,198.270491,130.731570,-327.611958,0.571943,0.363069,-0.384989
2.011000,0.268212,291.275735,45.550110,-279.943260,0.748433,0.178483,-0.289458
2.012000,0.126124,345.679914,-50.823147,-222.119112,0.853679,-0.019056,-0.169639
2.013000,0.149481,350.394943,-161.626614,-150.823463,0.865013,-0.242502,-0.015818
2.014000,0.118014,309.669528,-263.000156,-64.761007,0.784054,-0.438422,0.173626
2.015000,-0.057812,248.270526,-327.404703,31.508635,0.659378,-0.563099,0.379261
2.016000,-0.445471,180.239389,-343.777875,136.871473,0.515271,-0.597101,0.599469
2.017000,-0.665415,99.643451,-312.974554,241.923372,0.345258,-0.532334,0.808342
2.018000,-0.745867,9.591496,-257.300643,317.804248,0.162291,-0.418992,0.962164
2.019000,-0.662820,-91.419115,-194.502401,349.773181,-0.044963,-0.286220,1.033407
2.020000,-0.447742,-202.559433,-118.621275,331.457107,-0.265171,-0.127541,0.994547
2.021000,-0.135019,-293.285309,-33.102896,281.405262,-0.443280,0.053807,0.894158
2.022000,-0.024723,-344.451455,63.244438,223.011442,-0.540430,0.254584,0.767863
2.023000,-0.070463,-346.342660,173.736792,151.923301,-0.540430,0.474792,0.618899
2.024000,-0.004610,-304.736159,273.710957,66.068276,-0.464329,0.670712,0.429455
2.025000,0.190355,-243.673626,335.731721,-30.564030,-0.338033,0.788912,0.227058
2.026000,0.508593,-174.968638,348.918258,-137.326004,-0.193927,0.813200,0.003612
2.027000,0.750921,-93.957983,316.146216,-241.031125,-0.022294,0.746813,-0.206880
2.028000,0.904038,-3.465525,260.783488,-314.269900,0.168768,0.636710,-0.357463
2.029000,0.760977,98.218579,198.969974,-343.311550,0.372784,0.507176,-0.418992
2.030000,0.532274,209.798997,122.881821,-324.451315,0.591373,0.343639,-0.378513
2.031000,0.249721,300.006310,36.301390,-274.321465,0.767863,0.160672,-0.279743
2.032000,0.103091,349.462300,-62.066700,-215.305607,0.861775,-0.041724,-0.155067
2.033000,0.146886,348.166962,-173.673296,-142.844159,0.858536,-0.265171,0.001993
2.034000,0.115419,304.462271,-272.197100,-55.926787,0.774339,-0.454614,0.191437
2.035000,-0.078573,242.078813,-331.938413,41.949068,0.652901,-0.572814,0.401929
2.036000,-0.450986,171.353371,-342.171646,149.850760,0.499080,-0.589005,0.623756
2.037000,-0.649195,88.814422,-306.808711,252.907835,0.327447,-0.519381,0.834249
2.038000,-0.735486,-2.636507,-249.658114,323.866428,0.133146,-0.404420,0.978355
2.039000,-0.624865,-104.527964,-186.212209,350.291316,-0.072489,-0.270028,1.033407
2.040000,-0.399082,-214.942911,-109.502074,327.286120,-0.286220,-0.104872,0.989689
2.041000,-0.080195,-302.300910,-22.584737,275.032201,-0.457852,0.078094,0.882824
2.042000,0.031074,-348.156145,75.835130,214.539933,-0.551764,0.280491,0.756528
2.043000,-0.029589,-343.415178,186.793798,141.845571,-0.538811,0.502318,0.596230
2.044000,0.028804,-298.751665,282.881947,55.627846,-0.449756,0.686904,0.411644
2.045000,0.229284,-236.445609,339.928615,-41.911207,-0.326699,0.795389,0.199533
2.046000,0.530652,-165.149945,347.052972,-149.864911,-0.176116,0.813200,-0.020675
2.047000,0.767141,-82.325824,309.747249,-251.082992,0.000374,0.735479,-0.229549
2.048000,0.890089,9.436056,252.545141,-319.218119,0.193056,0.620518,-0.363940
2.049000,0.732105,111.664191,189.695355,-343.156109,0.400310,0.486126,-0.412515
2.050000,0.497888,221.379317,113.374038,-319.684443,0.612422,0.319351,-0.373655
2.051000,0.210468,307.804242,26.171838,-268.026092,0.782435,0.141242,-0.265171
2.052000,0.058973,352.052975,-73.724763,-207.404015,0.868251,-0.064393,-0.135637
2.053000,0.076815,344.669550,-185.668165,-133.258631,0.852060,-0.287839,0.024662
2.054000,0.054431,298.425998,-280.409584,-46.159923,0.763005,-0.469186,0.215724
2.055000,-0.120421,235.705751,-335.461754,51.871363,0.635090,-0.577671,0.419740
2.056000,-0.496727,163.296369,-340.513603,160.679786,0.484507,-0.589005,0.648044
2.057000,-0.685528,79.228917,-301.135100,261.716131,0.309636,-0.508047,0.850441
2.058000,-0.747164,-14.061402,-242.689165,328.011509,0.113716,-0.389847,0.986451
2.059000,-0.626811,-117.196400,-178.051552,348.736911,-0.095157,-0.252217,1.026930
2.060000,-0.402975,-225.227935,-100.719662,322.622904,-0.308888,-0.088681,0.976736
2.061000,-0.075654,-308.933077,-13.569173,269.695411,-0.474044,0.097525,0.871490
2.062000,0.055729,-350.280513,86.249652,208.218685,-0.553384,0.296683,0.740337
2.063000,-0.010125,-340.099092,197.881890,134.177169,-0.530715,0.521748,0.580038
2.064000,0.045997,-293.129868,290.887134,47.156330,-0.441661,0.701476,0.388976
2.065000,0.252316,-231.031073,343.348306,-51.159935,-0.312127,0.806723,0.184960
2.066000,0.549792,-158.543701,345.498566,-160.486714,-0.161543,0.808342,-0.041724
2.067000,0.768763,-74.139272,305.058127,-259.839517,0.014947,0.724145,-0.247360
2.068000,0.899496,20.135558,246.612494,-323.881363,0.214105,0.607564,-0.373655
2.069000,0.729186,124.850735,181.975141,-341.783042,0.429455,0.468315,-0.415754
2.070000,0.483614,232.648754,104.203042,-314.917572,0.636710,0.303160,-0.359083
2.071000,0.191653,315.187667,16.301354,-262.559739,0.797008,0.118574,-0.255455
2.072000,0.045348,354.721370,-85.382827,-200.694139,0.873109,-0.088681,-0.122683
2.073000,0.080708,341.068512,-198.025733,-124.631658,0.845583,-0.315365,0.040853
2.074000,0.024911,291.664336,-289.373368,-36.367152,0.750052,-0.491855,0.233535
2.075000,-0.132099,228.995902,-339.062815,62.907650,0.622137,-0.585767,0.444028
2.076000,-0.484724,155.161646,-338.596491,172.752336,0.468315,-0.584148,0.672331
2.077000,-0.668010,69.798852,-296.109161,270.887121,0.286968,-0.499951,0.869871
2.078000,-0.731269,-25.719459,-235.590682,332.985605,0.089429,-0.376894,0.996166
2.079000,-0.594047,-131.548781,-168.414207,347.260226,-0.125922,-0.231168,1.023692
2.080000,-0.343609,-237.352349,-89.657452,316.379377,-0.334795,-0.062774,0.963783
2.081000,-0.017586,-316.653335,-2.196092,262.389707,-0.485378,0.121812,0.860156
2.082000,0.096603,-352.715764,98.995782,200.058057,-0.551764,0.329066,0.724145
2.083000,0.040806,-336.083520,210.757547,123.995811,-0.524238,0.546036,0.555751
2.084000,0.101794,-285.046917,299.980403,35.860974,-0.423850,0.720907,0.366307
2.085000,0.284756,-222.714969,346.353489,-63.258413,-0.295935,0.811580,0.155815
2.086000,0.563092,-149.217240,342.881984,-172.403860,-0.140494,0.800246,-0.067631
2.087000,0.775575,-63.983803,299.824963,-267.715209,0.037615,0.717668,-0.261932
2.088000,0.888142,31.767703,239.410417,-328.104190,0.235154,0.592992,-0.384989
2.089000,0.703234,138.399972,172.001040,-340.073185,0.452124,0.452124,-0.410896
2.090000,0.444037,243.814565,92.959505,-308.337218,0.659378,0.280491,-0.344510
2.091000,0.144290,321.612541,4.798741,-254.994930,0.809961,0.092667,-0.237645
2.092000,-0.005583,355.938988,-97.507217,-192.507574,0.877966,-0.114587,-0.109730
2.093000,0.012259,337.104779,-209.295215,-115.382922,0.839106,-0.334795,0.061903
2.094000,-0.028615,284.410446,-297.223158,-26.263502,0.735479,-0.506427,0.254584
2.095000,-0.179786,221.327503,-341.575786,73.918029,0.607564,-0.592244,0.468315
2.096000,-0.523652,146.975110,-335.617195,183.633174,0.447266,-0.576052,0.696619
2.097000,-0.671579,61.171896,-291.186851,278.555520,0.278872,-0.490236,0.887682
2.098000,-0.740028,-35.641762,-229.787544,336.431203,0.066760,-0.363940,1.004262
2.099000,-0.594047,-143.336389,-160.642155,345.187685,-0.150209,-0.216595,1.020454
2.100000,-0.345231,-247.171054,-80.279186,310.628078,-0.357463,-0.046582,0.950829
2.101000,-0.013693,-321.679275,8.555225,256.016645,-0.496712,0.144481,0.840725
2.102000,0.116716,-353.078461,110.498387,193.063233,-0.555003,0.351735,0.707953
2.103000,0.051836,-332.586086,221.068435,116.120155,-0.516143,0.568704,0.539559
2.104000,0.127746,-279.269680,307.337921,27.130389,-0.412515,0.735479,0.346877
2.105000,0.313628,-216.186440,348.788724,-73.672949,-0.281362,0.816438,0.136385
2.106000,0.579312,-141.807885,339.954521,-183.725152,-0.121064,0.793769,-0.090300
2.107000,0.775575,-56.004507,294.799053,-276.653085,0.055426,0.703096,-0.278124
2.108000,0.890089,41.223678,234.332693,-332.119761,0.256204,0.584896,-0.391466
2.109000,0.696746,150.161641,165.368909,-338.933281,0.474792,0.437551,-0.407658
2.110000,0.426519,254.229080,83.762602,-303.259465,0.678808,0.261061,-0.334795
2.111000,0.130666,327.337933,-6.859314,-248.466398,0.821295,0.073237,-0.226310
2.112000,-0.017586,356.249869,-110.667880,-184.605985,0.874728,-0.142113,-0.088681
2.113000,0.023289,333.166952,-220.849675,-106.237814,0.832630,-0.355844,0.082952
2.114000,-0.069166,278.011478,-305.332018,-16.315293,0.722526,-0.521000,0.275634
2.115000,-0.195033,213.529570,-344.140572,85.886957,0.589753,-0.597101,0.492603
2.116000,-0.512622,137.804116,-331.886599,196.405205,0.427836,-0.569575,0.720907
2.117000,-0.653737,51.301414,-284.787848,287.830137,0.244869,-0.477282,0.903873
2.118000,-0.717968,-46.470804,-223.155386,340.628097,0.047330,-0.352606,1.013977
2.119000,-0.563553,-155.486694,-152.377874,344.047788,-0.171258,-0.200404,1.022073
2.120000,-0.292678,-257.766966,-70.149623,305.369008,-0.368798,-0.023914,0.942733
2.121000,0.045672,-327.611958,21.430897,248.166899,-0.506427,0.170387,0.826153
2.122000,0.188085,-352.612136,125.057989,183.011412,-0.556622,0.379261,0.686904
2.123000,0.098225,-327.508331,233.192796,105.161593,-0.504808,0.591373,0.516891
2.124000,0.183543,-272.015752,315.058133,16.068193,-0.397943,0.754909,0.319351
2.125000,0.339256,-207.352201,350.861264,-86.211845,-0.261932,0.818057,0.110478
2.126000,0.590666,-131.522874,335.291306,-196.315881,-0.101634,0.788912,-0.114587
2.127000,0.764870,-45.356812,287.441536,-285.098731,0.079714,0.691761,-0.297554
2.128000,0.864461,52.311779,226.949269,-335.306312,0.278872,0.565466,-0.397943
2.129000,0.668523,161.793777,156.612425,-337.171610,0.495841,0.416502,-0.402800
2.130000,0.391484,263.477790,74.203003,-298.311248,0.695000,0.241631,-0.326699
2.131000,0.078113,332.078869,-18.854159,-241.264287,0.831010,0.045711,-0.211738
2.132000,-0.086034,354.695464,-124.372590,-174.735476,0.871490,-0.168020,-0.064393
2.133000,-0.059109,327.726534,-231.626931,-95.771460,0.819676,-0.378513,0.105620
2.134000,-0.109391,271.405256,-311.679209,-5.926670,0.706334,-0.533953,0.286968
2.135000,-0.235908,205.861171,-345.591359,97.182308,0.571943,-0.593863,0.515271
2.136000,-0.547009,128.814469,-327.767400,207.363762,0.410025,-0.563099,0.743575
2.137000,-0.674823,41.974974,-278.000243,295.498535,0.228678,-0.464329,0.923303
2.138000,-0.722834,-56.522643,-216.549136,343.218772,0.024662,-0.333176,1.017215
2.139000,-0.564851,-166.186218,-145.175774,341.638460,-0.192308,-0.182593,1.017215
2.140000,-0.290407,-266.031262,-62.170327,300.524445,-0.389847,-0.006103,0.931399
2.141000,0.054431,-331.575716,31.456822,242.674668,-0.516143,0.188198,0.819676
2.142000,0.204305,-350.980000,137.363701,175.420732,-0.550145,0.401929,0.672331
2.143000,0.127097,-322.482390,243.192803,96.146038,-0.495093,0.612422,0.495841
2.144000,0.206575,-266.368051,320.835338,6.171801,-0.386609,0.758148,0.303160
2.145000,0.377535,-200.927301,352.130695,-97.377683,-0.250598,0.822915,0.084571
2.146000,0.621160,-123.569478,331.690267,-207.248574,-0.083823,0.779197,-0.140494
2.147000,0.780441,-36.522593,281.586610,-293.052147,0.099144,0.677189,-0.313746
2.148000,0.871598,62.596769,220.731648,-338.518770,0.295064,0.550893,-0.407658
2.149000,0.663981,173.192751,149.591693,-334.917708,0.518510,0.401929,-0.399562
2.150000,0.366505,272.778314,66.171903,-293.518472,0.712811,0.225439,-0.316984
2.151000,0.062217,336.949338,-29.061436,-235.927471,0.840725,0.026281,-0.197165
2.152000,-0.034779,353.115152,-137.533258,-166.963423,0.869871,-0.192308,-0.049820
2.153000,-0.038672,321.871609,-242.792792,-85.382827,0.805104,-0.399562,0.129908
2.154000,-0.148644,264.669501,-317.870960,5.783199,0.696619,-0.543669,0.325828
2.155000,-0.249533,197.933703,-346.627636,109.980251,0.558989,-0.600340,0.546036
2.156000,-0.540845,119.695288,-323.596387,219.721284,0.388976,-0.555003,0.771101
2.157000,-0.670606,31.664076,-271.134918,304.280924,0.207628,-0.446518,0.936257
2.158000,-0.705965,-68.465681,-208.751171,346.301676,0.000374,-0.320222,1.020454
2.159000,-0.520083,-178.880571,-135.952942,338.607370,-0.223072,-0.161543,1.005881
2.160000,-0.242720,-275.539089,-52.688437,294.876773,-0.406039,0.011708,0.921684
2.161000,0.102443,-336.964355,42.389483,236.068446,-0.524238,0.210867,0.800246
2.162000,0.213388,-349.451491,150.964751,166.327460,-0.550145,0.427836,0.654520
2.163000,0.182894,-315.591152,254.565867,84.228924,-0.483759,0.631852,0.469935
2.164000,0.246477,-258.103756,326.586637,-7.118382,-0.368798,0.771101,0.275634
2.165000,0.401865,-191.600834,351.975255,-110.875135,-0.229549,0.818057,0.057045
2.166000,0.620836,-113.647165,327.156586,-218.699406,-0.064393,0.769482,-0.163163
2.167000,0.781739,-25.797179,274.254999,-300.876031,0.118574,0.660997,-0.329937
2.168000,0.845646,74.669325,212.286046,-340.669044,0.322590,0.537940,-0.410896
2.169000,0.629595,185.524367,139.721217,-331.083485,0.542797,0.379261,-0.391466
2.170000,0.336012,281.301635,56.664117,-287.533979,0.732241,0.206009,-0.304031
2.171000,0.013232,341.327579,-39.424155,-229.295313,0.848821,0.006851,-0.184212
2.172000,-0.173947,351.664374,-149.528122,-158.517794,0.869871,-0.213357,-0.035248
2.173000,-0.099010,315.472641,-252.585591,-74.968290,0.795389,-0.417373,0.147719
2.174000,-0.204117,257.001102,-322.378762,17.363532,0.678808,-0.553384,0.353354
2.175000,-0.303383,189.436287,-345.435918,122.752287,0.539559,-0.595482,0.571943
2.176000,-0.575556,110.627921,-319.036771,229.928545,0.372784,-0.543669,0.788912
2.177000,-0.684231,22.104473,-265.279962,310.705799,0.186579,-0.436803,0.949210
2.178000,-0.708236,-79.268820,-201.600879,348.115148,-0.020675,-0.304031,1.026930
2.179000,-0.528518,-190.150050,-127.559129,334.954518,-0.240883,-0.146971,1.001024
2.180000,-0.232988,-283.518411,-44.268726,288.944127,-0.423850,0.032758,0.910350
2.181000,0.115094,-340.384068,51.690016,230.420774,-0.533953,0.228678,0.790531
2.182000,0.238042,-347.741634,161.741963,159.824863,-0.548526,0.450505,0.636710
2.183000,0.195870,-310.487491,263.503697,76.094197,-0.474044,0.649663,0.455362
2.184000,0.281512,-251.963826,330.861251,-17.558819,-0.357463,0.774339,0.249727
2.185000,0.428790,-184.087848,350.705824,-123.569478,-0.213357,0.818057,0.031138
2.186000,0.649059,-105.046101,322.622904,-229.217593,-0.044963,0.764624,-0.182593
2.187000,0.792444,-16.522547,269.021835,-307.637732,0.141242,0.654520,-0.339653
2.188000,0.852134,85.705610,206.146145,-342.871133,0.345258,0.521748,-0.414135
2.189000,0.614997,197.286034,131.819654,-328.104190,0.567085,0.364688,-0.384989
2.190000,0.311357,290.602159,47.570838,-281.368139,0.750052,0.184960,-0.291077
2.191000,0.000256,345.576287,-49.786875,-223.129479,0.855298,-0.017437,-0.171258
2.192000,-0.193411,349.591833,-161.367546,-151.315693,0.865013,-0.239264,-0.015818
2.193000,-0.095118,310.239477,-262.248857,-66.030441,0.788912,-0.436803,0.170387
2.194000,-0.219363,250.058092,-327.171541,29.306559,0.664235,-0.559860,0.372784
2.195000,-0.310196,180.291202,-343.933316,136.690125,0.520129,-0.592244,0.597849
2.196000,-0.561931,100.239307,-313.363158,241.534771,0.348497,-0.532334,0.809961
2.197000,-0.676445,11.171810,-258.285104,317.959689,0.160672,-0.422230,0.967021
2.198000,-0.681960,-91.574556,-194.139705,349.928621,-0.046582,-0.289458,1.028550
2.199000,-0.481155,-202.688967,-118.336300,331.457107,-0.263551,-0.124302,0.997785
2.200000,-0.175569,-293.155775,-33.646939,281.897491,-0.443280,0.055426,0.895777
2.201000,0.165377,-344.606896,63.477599,222.415587,-0.540430,0.254584,0.771101
2.202000,0.375264,-346.239032,174.203114,150.498429,-0.542049,0.474792,0.617279
2.203000,0.218578,-304.813880,273.166915,65.809209,-0.461091,0.667474,0.429455
2.204000,0.323035,-244.165856,335.446747,-29.683199,-0.338033,0.788912,0.228678
2.205000,0.450850,-173.517855,348.477843,-137.481445,-0.192308,0.811580,0.005232
2.206000,0.651978,-93.491660,315.990776,-240.228012,-0.020675,0.746813,-0.205261
2.207000,0.784334,-4.709051,261.405250,-313.648134,0.165530,0.638329,-0.350987
2.208000,0.822938,98.140859,197.985517,-343.622433,0.372784,0.507176,-0.414135
2.209000,0.578339,209.151328,122.441406,-324.088618,0.591373,0.345258,-0.378513
2.210000,0.266914,298.840506,37.234034,-274.710068,0.766243,0.160672,-0.278124
2.211000,-0.053270,348.788724,-61.159961,-215.098352,0.865013,-0.038486,-0.155067
2.212000,-0.251155,347.778361,-172.792463,-142.274208,0.860156,-0.261932,0.005232
2.213000,-0.155132,304.902686,-270.668594,-56.833525,0.775959,-0.454614,0.188198
2.214000,-0.268672,243.477777,-331.135299,39.643364,0.651282,-0.571194,0.395453
2.215000,-0.362100,171.301557,-341.627600,148.814490,0.502318,-0.592244,0.622137
2.216000,-0.592749,90.057947,-307.223221,251.146176,0.327447,-0.521000,0.831010
2.217000,-0.688772,0.265053,-251.730664,322.545184,0.138004,-0.414135,0.979974
2.218000,-0.689421,-103.232623,-186.859880,349.799087,-0.070870,-0.270028,1.030169
2.219000,-0.484399,-213.129431,-110.072024,327.648814,-0.286220,-0.106491,0.989689
2.220000,-0.175894,-300.461520,-24.786814,276.431166,-0.457852,0.071618,0.884443
2.221000,0.171865,-347.275309,73.736681,215.938898,-0.543669,0.277253,0.758148
2.222000,0.391160,-343.441085,185.032139,143.192723,-0.537192,0.499080,0.597849
2.223000,0.251018,-299.943382,281.172102,58.296244,-0.451376,0.683666,0.414883
2.224000,0.350934,-238.958575,339.255039,-38.854205,-0.333176,0.798627,0.207628
2.225000,0.476802,-166.445287,346.975251,-148.750917,-0.177735,0.808342,-0.020675
2.226000,0.663981,-84.501996,310.679892,-249.865369,-0.004483,0.738717,-0.224691
2.227000,0.789849,6.249521,255.187629,-318.544539,0.186579,0.625375,-0.362321
2.228000,0.821640,110.498387,190.938879,-343.311550,0.398691,0.490984,-0.415754
2.229000,0.557253,220.420767,114.203054,-320.358023,0.614041,0.325828,-0.372036
2.230000,0.253289,306.949320,27.907593,-269.528691,0.780816,0.146100,-0.266790
2.231000,-0.056190,352.001161,-72.636677,-208.336662,0.866632,-0.062774,-0.140494
2.232000,-0.250506,344.695457,-185.771793,-133.699048,0.852060,-0.287839,0.021423
2.233000,-0.159674,299.151387,-279.580563,-47.558890,0.763005,-0.469186,0.212486
2.234000,-0.287812,237.363783,-335.384033,50.161516,0.635090,-0.582529,0.414883
2.235000,-0.353341,163.192742,-340.332254,160.912947,0.484507,-0.585767,0.646425
2.236000,-0.579449,79.772959,-301.705051,261.249809,0.308017,-0.511285,0.848821
2.237000,-0.674823,-12.429274,-243.932695,328.115136,0.113716,-0.393085,0.984832
2.238000,-0.648871,-117.300027,-177.637043,348.970071,-0.098396,-0.252217,1.030169
2.239000,-0.431197,-225.409283,-100.356966,322.493371,-0.310507,-0.085442,0.976736
2.240000,-0.122692,-309.010798,-14.294563,270.006292,-0.469186,0.094286,0.871490
2.241000,0.223769,-350.513675,86.301465,207.933711,-0.551764,0.296683,0.740337
2.242000,0.441766,-339.606861,198.918160,132.545043,-0.529096,0.523367,0.575181
2.243000,0.287351,-292.870799,290.317185,47.052703,-0.440041,0.703096,0.393833
2.244000,0.384672,-231.575117,343.037425,-50.149570,-0.315365,0.800246,0.186579
2.245000,0.494319,-157.248359,345.109965,-160.383086,-0.159924,0.806723,-0.044963
2.246000,0.663981,-73.776576,305.084033,-258.958683,0.019804,0.727383,-0.242502
2.247000,0.768438,18.943846,247.156536,-323.311411,0.212486,0.609184,-0.373655
2.248000,0.780765,124.591667,180.912964,-341.523973,0.426217,0.463458,-0.410896
2.249000,0.534545,231.845645,103.892161,-314.580782,0.635090,0.304779,-0.357463
2.250000,0.211117,314.306837,17.570786,-262.896529,0.793769,0.120193,-0.255455
2.251000,-0.108418,354.229142,-84.268835,-200.668232,0.869871,-0.087061,-0.125922
2.252000,-0.318955,340.654004,-196.911739,-124.087615,0.845583,-0.310507,0.044092
2.253000,-0.220985,292.208378,-287.870768,-37.507051,0.750052,-0.485378,0.233535
2.254000,-0.338743,230.628028,-338.233794,60.291066,0.625375,-0.582529,0.439170
2.255000,-0.388376,155.342994,-338.363328,171.534718,0.466696,-0.579290,0.667474
2.256000,-0.597940,70.938750,-296.679113,269.436343,0.288587,-0.499951,0.866632
2.257000,-0.681311,-23.180593,-237.378256,331.975242,0.094286,-0.376894,0.994547
2.258000,-0.656981,-130.020278,-169.217319,346.767997,-0.122683,-0.236025,1.022073
2.259000,-0.438659,-235.564775,-91.056420,317.052953,-0.326699,-0.069250,0.963783
2.260000,-0.117501,-314.943479,-4.579517,264.306806,-0.482140,0.115335,0.860156
2.261000,0.227986,-352.093997,96.949147,201.586556,-0.555003,0.322590,0.727383
2.262000,0.469665,-336.213054,208.710914,124.436226,-0.522619,0.541178,0.560608
2.263000,0.320440,-286.834493,298.244651,38.373932,-0.428707,0.717668,0.369546
2.264000,0.408353,-225.720166,346.094422,-60.071876,-0.302412,0.808342,0.163911
2.265000,0.517027,-150.512581,343.089238,-171.263959,-0.145352,0.798627,-0.069250
2.266000,0.674686,-65.875000,300.679886,-267.378420,0.035996,0.720907,-0.260313
2.267000,0.782387,28.840237,241.845652,-327.793307,0.233535,0.597849,-0.383370
2.268000,0.784009,137.363701,173.503632,-340.176813,0.452124,0.453743,-0.409277
2.269000,0.511513,242.959642,94.125310,-309.140332,0.656140,0.282110,-0.347748
2.270000,0.194248,321.016686,6.767657,-256.808412,0.806723,0.099144,-0.240883
2.271000,-0.114257,356.068522,-96.470944,-193.828823,0.874728,-0.112968,-0.108111
2.272000,-0.314089,337.182499,-208.802985,-116.082406,0.839106,-0.336414,0.061903
2.273000,-0.232015,285.265368,-296.627299,-27.636562,0.740337,-0.503189,0.252965
2.274000,-0.358207,223.218696,-341.679414,72.130461,0.609184,-0.589005,0.461839
2.275000,-0.386754,146.897390,-335.643102,183.710894,0.448885,-0.577671,0.695000
2.276000,-0.573934,61.405057,-291.549547,278.400079,0.275634,-0.491855,0.884443
2.277000,-0.660874,-34.113261,-231.108794,336.742084,0.071618,-0.365559,1.010739
2.278000,-0.619999,-143.258668,-160.383086,345.679914,-0.148590,-0.214976,1.023692
2.279000,-0.383835,-247.248774,-79.838770,310.679892,-0.352606,-0.041724,0.954068
2.280000,-0.065922,-321.886531,7.907555,256.301620,-0.496712,0.141242,0.842345
2.281000,0.275673,-353.492971,110.317039,192.726445,-0.559860,0.350116,0.707953
2.282000,0.495617,-332.145668,221.275690,117.674561,-0.517762,0.567085,0.537940
2.283000,0.335687,-279.088332,306.975226,27.363550,-0.412515,0.733860,0.350116
2.284000,0.448903,-216.782298,348.633284,-72.636677,-0.286220,0.811580,0.133146
2.285000,0.533247,-140.719799,339.384573,-183.647431,-0.124302,0.795389,-0.090300
2.286000,0.670469,-55.745439,294.747240,-275.772251,0.057045,0.706334,-0.278124
2.287000,0.763572,39.928339,235.135803,-331.575716,0.254584,0.584896,-0.391466
2.288000,0.760977,149.695320,164.462173,-338.700118,0.476411,0.434313,-0.406039
2.289000,0.475504,253.322343,83.451721,-303.104024,0.677189,0.261061,-0.334795
2.290000,0.145912,326.560731,-5.563975,-248.855001,0.818057,0.074856,-0.226310
2.291000,-0.173298,356.120335,-109.268912,-184.709612,0.874728,-0.135637,-0.083823
2.292000,-0.371832,332.804258,-219.787494,-106.056466,0.832630,-0.354225,0.082952
2.293000,-0.278080,278.581426,-303.933045,-17.714260,0.725764,-0.517762,0.274015
2.294000,-0.417897,215.472577,-343.648340,83.270373,0.596230,-0.592244,0.489365
2.295000,-0.419843,138.166811,-331.860692,195.109867,0.429455,-0.569575,0.719287
2.296000,-0.597615,52.726287,-285.720496,286.249825,0.249727,-0.478902,0.899016
2.297000,-0.669308,-43.854217,-225.279749,339.876801,0.050568,-0.352606,1.010739
2.298000,-0.623243,-154.243166,-153.155079,343.814628,-0.169639,-0.202023,1.018835
2.299000,-0.376049,-256.290274,-71.134082,305.550355,-0.365559,-0.025533,0.939495
2.300000,-0.050026,-326.316613,18.762498,250.083999,-0.501570,0.163911,0.829391
2.301000,0.300976,-352.689857,122.467312,185.420740,-0.558241,0.369546,0.686904
2.302000,0.512161,-328.052376,231.353417,106.586465,-0.511285,0.588134,0.520129
2.303000,0.357422,-273.673793,313.685075,18.347990,-0.401181,0.746813,0.329066
2.304000,0.480370,-210.331490,350.731730,-83.128935,-0.268409,0.814819,0.113716
2.305000,0.552712,-132.921843,335.938975,-194.968725,-0.104872,0.788912,-0.114587
2.306000,0.684743,-47.429356,289.021847,-284.140176,0.076475,0.698238,-0.294316
2.307000,0.766492,49.539754,229.591757,-335.409940,0.274015,0.571943,-0.397943
2.308000,0.748650,160.964760,157.907763,-337.378866,0.499080,0.419740,-0.402800
2.309000,0.456040,263.063282,75.083833,-298.596223,0.693381,0.240012,-0.326699
2.310000,0.127746,331.793894,-16.911149,-243.000047,0.829391,0.050568,-0.216595
2.311000,-0.191789,355.291319,-123.051342,-176.341701,0.873109,-0.166401,-0.067631
2.312000,-0.367290,328.037415,-231.134701,-96.211876,0.824534,-0.378513,0.102382
2.313000,-0.311493,272.389713,-311.212885,-7.118382,0.711192,-0.532334,0.288587
2.314000,-0.419843,207.778270,-346.005870,95.317021,0.580038,-0.597101,0.515271
2.315000,-0.426656,128.684936,-327.534237,207.674643,0.410025,-0.561479,0.743575
2.316000,-0.590154,42.441296,-278.647915,295.394908,0.227058,-0.464329,0.920065
2.317000,-0.646600,-55.123676,-217.948107,343.711001,0.029519,-0.339653,1.018835
2.318000,-0.580746,-166.315752,-144.838985,341.949341,-0.193927,-0.185831,1.015596
2.319000,-0.328362,-266.108982,-61.704004,300.602165,-0.386609,-0.004483,0.934638
2.320000,0.006096,-331.912506,30.731432,243.115083,-0.516143,0.188198,0.814819
2.321000,0.356124,-351.264976,137.260074,175.032130,-0.555003,0.403548,0.670712
2.322000,0.554009,-321.860624,243.374150,94.798886,-0.495093,0.610803,0.492603
2.323000,0.403163,-266.186703,320.576271,6.249521,-0.383370,0.758148,0.299921
2.324000,0.504700,-201.652693,352.337949,-95.900994,-0.247360,0.822915,0.086190
2.325000,0.579312,-123.154969,331.146226,-206.963598,-0.083823,0.779197,-0.138875
2.326000,0.688636,-36.470780,281.223915,-292.508103,0.097525,0.678808,-0.312127
2.327000,0.755462,61.275523,221.457037,-337.922911,0.293445,0.555751,-0.402800
2.328000,0.726590,172.674615,148.840397,-334.632732,0.518510,0.403548,-0.394704
2.329000,0.427817,271.871578,65.809209,-293.570285,0.711192,0.223820,-0.316984
2.330000,0.077464,336.379390,-27.817909,-236.419702,0.835868,0.027900,-0.200404
2.331000,-0.256670,353.244685,-136.263824,-167.041144,0.869871,-0.192308,-0.049820
2.332000,-0.432819,321.638448,-241.704704,-85.201480,0.808342,-0.394704,0.129908
2.333000,-0.355288,265.291263,-316.705149,4.176978,0.698238,-0.540430,0.324209
2.334000,-0.454230,199.928524,-346.498102,107.208227,0.557370,-0.601959,0.533082
2.335000,-0.451310,120.109797,-323.751828,218.115065,0.388976,-0.551764,0.764624
2.336000,-0.605401,32.985322,-272.197100,302.674706,0.206009,-0.451376,0.934638
2.337000,-0.661198,-65.745466,-210.797813,345.938981,0.006851,-0.326699,1.022073
2.338000,-0.584964,-177.222533,-137.118749,338.736904,-0.214976,-0.168020,1.005881
2.339000,-0.328038,-274.140117,-53.802429,295.472629,-0.402800,0.011708,0.924923
2.340000,0.009664,-335.694916,40.083779,237.881919,-0.525858,0.207628,0.808342
2.341000,0.355151,-349.425584,148.814490,168.192746,-0.551764,0.424598,0.656140
2.342000,0.583854,-316.290638,252.933742,85.835143,-0.483759,0.625375,0.471554
2.343000,0.434629,-260.176306,325.498554,-4.113194,-0.367179,0.767863,0.282110
2.344000,0.534221,-194.787377,352.467483,-107.714503,-0.237645,0.819676,0.061903
2.345000,0.586774,-114.968413,327.700628,-217.663131,-0.066012,0.769482,-0.161543
2.346000,0.701936,-27.507028,275.861218,-300.021103,0.118574,0.667474,-0.326699
2.347000,0.756111,71.975021,215.083975,-341.005834,0.320971,0.544417,-0.410896
2.348000,0.713939,184.565817,141.223809,-331.757065,0.544417,0.384118,-0.391466
2.349000,0.407704,280.913034,57.519041,-288.181651,0.729002,0.206009,-0.308888
2.350000,0.066110,341.172139,-37.740213,-230.953353,0.848821,0.010089,-0.189069
2.351000,-0.250181,351.871628,-148.621382,-159.942670,0.865013,-0.214976,-0.038486
2.352000,-0.421465,315.705802,-252.274708,-75.382798,0.797008,-0.417373,0.149338
2.353000,-0.393567,258.166906,-322.223321,16.301354,0.680427,-0.550145,0.348497
2.354000,-0.468179,191.508828,-346.264939,120.887000,0.542797,-0.595482,0.568704
2.355000,-0.441254,110.627921,-319.088584,229.954452,0.371165,-0.543669,0.788912
2.356000,-0.597940,22.674423,-265.487217,310.835332,0.188198,-0.438422,0.952448
2.357000,-0.639788,-77.843945,-203.129384,348.685097,-0.015818,-0.308888,1.026930
2.358000,-0.541494,-190.201864,-127.507316,335.265399,-0.239264,-0.146971,1.001024
2.359000,-0.268348,-283.751573,-43.698776,288.736873,-0.423850,0.034377,0.910350
2.360000,0.059946,-340.669044,51.094160,230.809375,-0.532334,0.228678,0.788912
2.361000,0.405758,-348.337493,161.353362,159.436262,-0.546907,0.448885,0.635090
2.362000,0.606886,-309.995260,263.555510,74.824766,-0.472425,0.659378,0.453743
2.363000,0.478099,-251.601130,330.550370,-17.481099,-0.357463,0.779197,0.252965
2.364000,0.577690,-184.787333,350.964891,-122.196417,-0.216595,0.814819,0.032758
2.365000,0.597803,-104.372523,322.208396,-228.880803,-0.046582,0.758148,-0.184212
2.366000,0.697394,-16.807522,268.736861,-307.145501,0.141242,0.656140,-0.341272
2.367000,0.735025,84.099390,207.026975,-342.793412,0.343639,0.524987,-0.414135
2.368000,0.675660,196.716086,131.327426,-327.845120,0.563847,0.359831,-0.386609
2.369000,0.372344,289.539982,47.389491,-281.290418,0.748433,0.184960,-0.292696
2.370000,0.014854,345.006338,-48.362001,-223.803058,0.853679,-0.012579,-0.172878
2.371000,-0.305330,350.343129,-159.890856,-151.548855,0.866632,-0.237645,-0.017437
2.372000,-0.482453,310.109943,-261.212582,-65.900907,0.784054,-0.435184,0.173626
2.373000,-0.441578,250.602134,-326.238892,27.803965,0.667474,-0.558241,0.374403
2.374000,-0.516515,182.363743,-344.166479,134.073542,0.524987,-0.592244,0.594611
2.375000,-0.479533,101.042417,-313.674041,240.058086,0.350116,-0.533953,0.811580
2.376000,-0.613187,12.700311,-259.528634,316.508911,0.167149,-0.423850,0.963783
2.377000,-0.641085,-88.776620,-196.341788,349.824994,-0.041724,-0.292696,1.030169
2.378000,-0.540845,-201.082742,-119.191225,331.690267,-0.261932,-0.127541,0.996166
2.379000,-0.277431,-291.575454,-34.890465,282.622880,-0.438422,0.050568,0.899016
2.380000,0.060595,-343.803782,60.809201,224.721288,-0.538811,0.249727,0.774339
2.381000,0.421978,-346.394474,171.949226,152.700504,-0.543669,0.469935,0.618899
2.382000,0.638678,-305.254297,271.845671,67.130454,-0.465948,0.664235,0.429455
2.383000,0.523515,-246.082965,334.591824,-27.196146,-0.346129,0.787293,0.233535
2.384000,0.601047,-177.041185,349.255046,-134.450346,-0.200404,0.814819,0.006851
2.385000,0.621485,-95.279230,316.923419,-239.243551,-0.023914,0.750052,-0.206880
2.386000,0.696097,-6.781594,263.063282,-313.000461,0.159053,0.641567,-0.354225
2.387000,0.741513,95.601995,200.887073,-343.855596,0.367927,0.512033,-0.414135
2.388000,0.667225,208.218685,123.477676,-324.710384,0.592992,0.345258,-0.378513
2.389000,0.350285,298.374185,38.088957,-275.461368,0.764624,0.165530,-0.281362
2.390000,0.005447,348.840538,-59.476019,-217.041366,0.863394,-0.035248,-0.158305
2.391000,-0.311493,348.296496,-171.782096,-143.699084,0.860156,-0.258694,-0.001245
2.392000,-0.465908,304.902686,-270.435432,-57.014873,0.774339,-0.452995,0.186579
2.393000,-0.468504,244.384514,-330.772602,38.581186,0.654520,-0.567956,0.393833
2.394000,-0.532735,173.425911,-342.586156,147.026923,0.505556,-0.590625,0.618899
2.395000,-0.470126,90.109760,-307.508197,251.146176,0.327447,-0.517762,0.832630
2.396000,-0.596967,0.731375,-251.989733,322.856065,0.142861,-0.409277,0.971879
2.397000,-0.604428,-101.781841,-188.232943,350.602197,-0.067631,-0.274886,1.028550
2.398000,-0.496727,-213.388499,-110.123837,327.674721,-0.287839,-0.108111,0.986451
2.399000,-0.221634,-300.694682,-24.372306,276.146192,-0.454614,0.073237,0.884443
2.400000,0.113472,-347.534379,73.244452,216.275686,-0.546907,0.274015,0.758148
2.401000,0.464150,-343.648340,184.721258,142.778214,-0.542049,0.492603,0.592992
2.402000,0.664305,-299.347524,281.042568,56.819558,-0.449756,0.680427,0.422979
2.403000,0.537465,-238.725413,338.970065,-38.621044,-0.329937,0.793769,0.204390
2.404000,0.627973,-167.144771,347.389759,-147.248320,-0.179354,0.813200,-0.017437
2.405000,0.619863,-83.698885,310.317197,-249.347231,0.000374,0.737098,-0.223072
2.406000,0.694150,6.094080,254.876748,-318.130029,0.186579,0.625375,-0.360702
2.407000,0.712641,108.684913,191.819709,-343.596526,0.393833,0.494222,-0.412515
2.408000,0.635109,219.799005,114.073520,-320.150768,0.614041,0.327447,-0.370417
2.409000,0.316223,306.198024,27.933499,-269.140088,0.779197,0.142861,-0.266790
2.410000,-0.038347,351.508933,-71.082268,-208.984333,0.868251,-0.057916,-0.140494
2.411000,-0.370859,344.980431,-183.595618,-134.191277,0.853679,-0.281362,0.021423
2.412000,-0.523003,299.047760,-278.518381,-47.714331,0.764624,-0.469186,0.209248
2.413000,-0.506459,238.011452,-334.529105,48.529389,0.643186,-0.576052,0.411644
2.414000,-0.573610,165.291189,-340.798579,158.296364,0.486126,-0.587386,0.639948
2.415000,-0.492509,80.576069,-301.730958,260.058099,0.308017,-0.509666,0.847202
2.416000,-0.613835,-10.719426,-245.072597,326.923425,0.116955,-0.396324,0.983213
2.417000,-0.618053,-114.217115,-180.279541,349.229139,-0.091919,-0.260313,1.028550
2.418000,-0.496727,-223.647616,-101.600494,323.141039,-0.312127,-0.093538,0.975117
2.419000,-0.229744,-307.430477,-15.408555,270.861214,-0.469186,0.092667,0.874728
2.420000,0.111202,-349.840095,83.607161,210.006251,-0.550145,0.290206,0.748433
2.421000,0.470962,-340.384068,195.861163,134.980279,-0.529096,0.518510,0.581658
2.422000,0.685067,-293.907075,288.970034,48.555296,-0.440041,0.699857,0.390595
2.423000,0.576068,-233.466319,342.493383,-47.688424,-0.320222,0.803484,0.188198
2.424000,0.664954,-160.564434,345.964888,-157.947843,-0.166401,0.809961,-0.038486
2.425000,0.649059,-75.408705,305.524448,-258.311011,0.014947,0.725764,-0.242502
2.426000,0.704207,16.923117,248.788662,-322.870993,0.207628,0.614041,-0.372036
2.427000,0.705829,121.793736,184.203122,-342.560249,0.422979,0.474792,-0.410896
2.428000,0.624404,230.990722,105.187500,-315.513431,0.633471,0.308017,-0.357463
2.429000,0.314925,313.788702,18.270269,-263.777363,0.792150,0.121812,-0.255455
2.430000,-0.035428,354.332769,-82.714426,-202.559433,0.873109,-0.083823,-0.129160
2.431000,-0.358532,341.405300,-196.030906,-125.745652,0.848821,-0.308888,0.040853
2.432000,-0.532735,292.493352,-287.637606,-37.740213,0.753290,-0.485378,0.233535
2.433000,-0.542143,231.508857,-338.363328,59.332515,0.628614,-0.584148,0.439170
2.434000,-0.578476,157.286001,-339.140536,170.135753,0.471554,-0.582529,0.660997
2.435000,-0.482128,70.809216,-296.808647,269.384530,0.285349,-0.503189,0.865013
2.436000,-0.600535,-22.584737,-237.844580,332.104776,0.094286,-0.383370,0.992928
2.437000,-0.582368,-128.647216,-170.719916,347.752454,-0.121064,-0.236025,1.026930
2.438000,-0.443200,-235.772030,-90.797351,317.156580,-0.328318,-0.066012,0.967021
2.439000,-0.163891,-315.332083,-4.294542,263.788671,-0.485378,0.115335,0.858536
2.440000,0.166674,-352.508508,96.249665,201.975157,-0.555003,0.320971,0.725764
2.441000,0.526111,-336.420310,208.814541,124.980268,-0.524238,0.544417,0.558989
2.442000,0.725942,-285.875938,298.244651,37.415381,-0.423850,0.719287,0.367927
2.443000,0.600074,-225.409283,345.654007,-59.579646,-0.302412,0.806723,0.163911
2.444000,0.673064,-151.445227,343.736907,-169.580014,-0.145352,0.801865,-0.062774
2.445000,0.634461,-65.201423,300.394911,-266.756654,0.035996,0.717668,-0.258694
2.446000,0.691231,28.684796,241.560677,-327.197448,0.231916,0.597849,-0.381751
2.447000,0.672416,135.602041,174.177207,-340.617230,0.445647,0.455362,-0.406039
2.448000,0.576717,242.156533,94.047589,-308.855356,0.651282,0.282110,-0.346129
2.449000,0.252965,320.420830,7.026725,-256.445716,0.806723,0.097525,-0.240883
2.450000,-0.099335,355.835361,-94.631560,-194.528308,0.876347,-0.106491,-0.108111
2.451000,-0.429575,337.467473,-207.404015,-116.445102,0.837487,-0.331557,0.053807
2.452000,-0.590479,285.213555,-295.513303,-27.662469,0.740337,-0.498332,0.254584
2.453000,-0.580746,224.099526,-340.954020,69.772945,0.614041,-0.587386,0.461839
2.454000,-0.613835,149.151278,-336.420310,180.990685,0.453743,-0.577671,0.686904
2.455000,-0.506134,62.285887,-291.808616,277.234275,0.275634,-0.490236,0.882824
2.456000,-0.607672,-32.688387,-231.911907,335.809441,0.071618,-0.368798,1.001024
2.457000,-0.574583,-140.719799,-162.740609,345.861261,-0.145352,-0.221453,1.022073
2.458000,-0.441578,-245.642548,-81.289551,311.301654,-0.347748,-0.046582,0.955687
2.459000,-0.158700,-320.565278,6.249521,257.519237,-0.491855,0.138004,0.842345
2.460000,0.164403,-353.182088,107.596829,195.213494,-0.555003,0.343639,0.711192
2.461000,0.522542,-333.052410,219.151336,117.156426,-0.519381,0.562228,0.542797
2.462000,0.748325,-279.969166,305.628075,28.555262,-0.412515,0.729002,0.350116
2.463000,0.647112,-218.984381,348.374216,-69.812835,-0.286220,0.811580,0.142861
2.464000,0.691880,-144.139500,340.835351,-180.979026,-0.129160,0.795389,-0.085442
2.465000,0.654573,-57.273941,295.498535,-275.098671,0.053807,0.704715,-0.276505
2.466000,0.704531,38.218491,236.482954,-331.368461,0.251346,0.586515,-0.391466
2.467000,0.675335,147.545059,167.467357,-339.529140,0.469935,0.439170,-0.407658
2.468000,0.572176,252.778301,84.669339,-303.803510,0.672331,0.261061,-0.341272
2.469000,0.247450,326.379383,-4.579517,-249.891276,0.819676,0.076475,-0.227930
2.470000,-0.095118,356.560750,-107.688596,-186.730346,0.874728,-0.134017,-0.090300
2.471000,-0.402975,333.710994,-218.932567,-107.429528,0.831010,-0.355844,0.079714
2.472000,-0.595669,278.659147,-303.725790,-17.817887,0.725764,-0.514523,0.275634
2.473000,-0.594696,216.301593,-343.777875,82.234102,0.594611,-0.593863,0.487746
2.474000,-0.613835,140.109818,-332.741527,193.762716,0.434313,-0.569575,0.712811
2.475000,-0.498997,52.544940,-285.616869,286.172105,0.249727,-0.475663,0.902254
2.476000,-0.588857,-43.517429,-225.487004,340.058148,0.053807,-0.357463,1.010739
2.477000,-0.547333,-152.999638,-154.502234,344.824991,-0.166401,-0.206880,1.020454
2.478000,-0.392269,-256.419809,-70.900921,305.809422,-0.368798,-0.025533,0.942733
2.479000,-0.108418,-326.705216,19.254727,249.539957,-0.506427,0.165530,0.826153
2.480000,0.213712,-353.182088,121.975084,185.265299,-0.555003,0.374403,0.688523
2.481000,0.553360,-328.207817,231.275696,106.482838,-0.511285,0.589753,0.516891
2.482000,0.776873,-272.663424,313.685075,17.467159,-0.397943,0.746813,0.320971
2.483000,0.675660,-210.072421,350.654010,-82.558985,-0.271647,0.816438,0.118574
2.484000,0.695124,-133.880395,336.353483,-193.621568,-0.108111,0.787293,-0.111349
2.485000,0.656844,-46.729872,288.400085,-283.596131,0.073237,0.686904,-0.295935
2.486000,0.683770,49.358406,229.306783,-334.736360,0.272395,0.573562,-0.397943
2.487000,0.648410,159.306728,158.710872,-337.897004,0.497461,0.424598,-0.406039
2.488000,0.531301,262.208359,74.954299,-298.725758,0.693381,0.244869,-0.328318
2.489000,0.185489,331.198039,-16.781615,-242.456003,0.829391,0.052188,-0.214976
2.490000,-0.168108,355.291319,-121.315584,-177.041185,0.869871,-0.163163,-0.070870
2.491000,-0.475316,328.477830,-229.761637,-97.092708,0.822915,-0.373655,0.104001
2.492000,-0.644329,272.130645,-310.306143,-7.506984,0.714430,-0.529096,0.291825
2.493000,-0.632651,208.633193,-345.410011,93.555361,0.580038,-0.595482,0.510414
2.494000,-0.647898,131.197892,-328.777769,205.006248,0.416502,-0.563099,0.737098
2.495000,-0.508405,43.399847,-279.140146,294.125477,0.233535,-0.465948,0.918446
2.496000,-0.596967,-53.543361,-218.958474,342.856078,0.032758,-0.339653,1.015596
2.497000,-0.551226,-163.750975,-147.300134,342.597010,-0.189069,-0.189069,1.015596
2.498000,-0.400379,-264.839545,-62.895717,301.016673,-0.388228,-0.010960,0.933018
2.499000,-0.106472,-330.720788,29.462000,243.866378,-0.512904,0.183341,0.816438
2.500000,0.228310,-351.575859,134.410330,177.596899,-0.551764,0.397072,0.675570
2.501000,0.570229,-323.285504,241.327517,97.467283,-0.498332,0.605945,0.497461
2.502000,0.811259,-267.145258,319.565908,7.752115,-0.389847,0.758148,0.304779
2.503000,0.709073,-203.621614,352.208415,-93.491660,-0.257075,0.821295,0.094286
2.504000,0.733079,-126.056534,332.856071,-204.683795,-0.091919,0.782435,-0.132398
2.505000,0.676633,-37.921560,282.545159,-291.704989,0.094286,0.682046,-0.312127
2.506000,0.689933,59.436142,223.166883,-338.207887,0.296683,0.562228,-0.404420
2.507000,0.646463,170.705702,151.793767,-335.902171,0.518510,0.408406,-0.401181
2.508000,0.530652,271.586603,66.871386,-294.088423,0.711192,0.228678,-0.316984
2.509000,0.187436,336.172136,-27.273867,-237.093281,0.840725,0.029519,-0.202023
2.510000,-0.160647,353.762821,-134.864855,-169.010064,0.873109,-0.189069,-0.054678
2.511000,-0.443200,322.830158,-240.979311,-86.755889,0.811580,-0.394704,0.126670
2.512000,-0.658278,265.420797,-316.653335,4.047444,0.696619,-0.540430,0.319351
2.513000,-0.660549,200.861167,-346.808985,106.197863,0.563847,-0.600340,0.537940
2.514000,-0.652115,122.026897,-324.684477,217.260143,0.397072,-0.555003,0.761386
2.515000,-0.517813,33.011229,-271.963938,302.856053,0.210867,-0.449756,0.933018
2.516000,-0.576854,-65.356864,-211.160509,346.172142,0.005232,-0.325080,1.023692
2.517000,-0.512298,-176.341701,-138.284556,339.669547,-0.214976,-0.169639,1.010739
2.518000,-0.347826,-274.347372,-53.465641,295.602162,-0.409277,0.006851,0.918446
2.519000,-0.063651,-336.135333,40.627822,237.260156,-0.522619,0.206009,0.803484
2.520000,0.271456,-350.073257,148.296355,168.374093,-0.548526,0.424598,0.652901
2.521000,0.611428,-316.368359,252.933742,85.472449,-0.488617,0.628614,0.473173
2.522000,0.838833,-258.984590,325.498554,-5.253093,-0.370417,0.769482,0.280491
2.523000,0.735349,-194.554215,352.389763,-107.092739,-0.236025,0.818057,0.065141
2.524000,0.758382,-116.108313,328.296483,-216.419602,-0.067631,0.774339,-0.158305
2.525000,0.679877,-27.170240,275.109922,-299.710220,0.115335,0.667474,-0.320222
2.526000,0.675335,71.638233,214.669467,-340.461789,0.317732,0.542797,-0.407658
2.527000,0.604940,182.907785,142.104639,-332.223389,0.537940,0.385738,-0.393085
2.528000,0.489453,280.109925,57.467227,-288.259372,0.727383,0.206009,-0.305650
2.529000,0.146237,340.705817,-37.610679,-230.564750,0.847202,0.010089,-0.189069
2.530000,-0.220012,352.234322,-146.989252,-160.693968,0.866632,-0.213357,-0.036867
2.531000,-0.515217,316.223937,-251.005271,-76.185910,0.798627,-0.417373,0.149338
2.532000,-0.700451,257.830118,-321.394299,16.016379,0.683666,-0.550145,0.351735
2.533000,-0.704668,192.467378,-346.031777,118.995806,0.546036,-0.597101,0.563847
2.534000,-0.682933,113.114970,-320.358023,227.545124,0.376022,-0.546907,0.784054
2.535000,-0.531113,23.529346,-266.160796,309.539995,0.188198,-0.443280,0.942733
2.536000,-0.583342,-76.237723,-204.010217,348.115148,-0.014199,-0.312127,1.025311
2.537000,-0.517488,-187.637086,-129.994371,336.120322,-0.234406,-0.151828,1.002643
2.538000,-0.356910,-282.352600,-45.149557,289.773143,-0.418992,0.027900,0.908731
2.539000,-0.059109,-339.710488,49.902448,231.716111,-0.530715,0.225439,0.793769
2.540000,0.298705,-348.415214,159.203101,161.767870,-0.548526,0.445647,0.641567
2.541000,0.615970,-311.109257,262.001105,77.156375,-0.475663,0.644805,0.456981
2.542000,0.844348,-252.715125,329.902702,-15.900784,-0.357463,0.775959,0.254584
2.543000,0.772007,-187.118949,351.431213,-119.709361,-0.221453,0.816438,0.035996
2.544000,0.766492,-107.636782,323.995962,-226.885975,-0.051440,0.764624,-0.180973
2.545000,0.697394,-17.973328,269.850851,-306.523735,0.136385,0.654520,-0.339653
2.546000,0.678255,82.648611,208.555473,-342.897039,0.340401,0.528225,-0.414135
2.547000,0.605589,194.954426,134.099449,-329.244094,0.562228,0.371165,-0.386609
2.548000,0.478748,289.332728,48.529389,-282.119438,0.746813,0.186579,-0.291077
2.549000,0.151427,344.980431,-47.869771,-224.450729,0.853679,-0.012579,-0.176116
2.550000,-0.210280,350.809451,-158.854583,-153.232799,0.866632,-0.237645,-0.020675
2.551000,-0.494780,310.913053,-260.798071,-67.066713,0.788912,-0.433565,0.173626
2.552000,-0.751706,250.757575,-326.212985,27.855779,0.664235,-0.564718,0.367927
2.553000,-0.727052,183.348199,-344.684617,132.985458,0.524987,-0.593863,0.591373
2.554000,-0.680987,102.752263,-314.788038,239.177256,0.354973,-0.535573,0.805104
2.555000,-0.528518,12.726217,-259.165938,316.949326,0.165530,-0.427088,0.963783
2.556000,-0.560309,-88.543459,-196.523136,350.187689,-0.041724,-0.294316,1.026930
2.557000,-0.468828,-200.383257,-120.616100,332.674724,-0.258694,-0.132398,0.994547
2.558000,-0.304032,-292.041778,-34.527770,282.571066,-0.440041,0.050568,0.897397
2.559000,-0.013693,-344.114665,61.586404,223.814551,-0.538811,0.248108,0.775959
2.560000,0.314277,-346.938519,171.534718,152.622784,-0.546907,0.469935,0.618899
2.561000,0.653925,-305.409738,271.819764,66.819573,-0.464329,0.664235,0.434313
2.562000,0.902416,-244.632180,334.462290,-28.336045,-0.342891,0.787293,0.230297
2.563000,0.811908,-176.341701,348.995978,-133.984023,-0.200404,0.814819,0.006851
2.564000,0.793093,-96.160062,317.389740,-238.000021,-0.027152,0.750052,-0.203642
2.565000,0.694150,-6.341178,262.260173,-312.689578,0.159053,0.639948,-0.350987
2.566000,0.654898,95.032047,200.394845,-343.855596,0.366307,0.512033,-0.415754
2.567000,0.569256,206.897441,124.591667,-325.254429,0.584896,0.351735,-0.378513
2.568000,0.440144,297.700609,38.037144,-275.305927,0.759767,0.162291,-0.282981
2.569000,0.099847,348.322402,-59.216951,-216.471416,0.860156,-0.036867,-0.155067
2.570000,-0.268348,348.633284,-170.227686,-144.320848,0.865013,-0.255455,-0.001245
2.571000,-0.536952,305.731702,-269.295529,-57.843890,0.780816,-0.449756,0.189817
2.572000,-0.795500,243.866378,-330.202650,38.270305,0.654520,-0.569575,0.393833
2.573000,-0.771170,174.151301,-342.404808,145.472518,0.508795,-0.590625,0.618899
2.574000,-0.710507,92.674531,-308.725822,249.125449,0.335543,-0.522619,0.829391
2.575000,-0.544414,1.845367,-252.611498,321.819795,0.144481,-0.409277,0.973498
2.576000,-0.563878,-100.123805,-189.243311,350.187689,-0.066012,-0.281362,1.030169
2.577000,-0.472072,-210.875534,-112.351824,328.866432,-0.281362,-0.112968,0.989689
2.578000,-0.306627,-299.399337,-25.641739,276.923394,-0.451376,0.071618,0.884443
2.579000,-0.022776,-346.808985,71.819580,217.182422,-0.543669,0.270776,0.759767
2.580000,0.330497,-344.347827,182.441463,145.576145,-0.538811,0.489365,0.601088
2.581000,0.667874,-300.565148,279.773137,59.047540,-0.456233,0.678808,0.414883
2.582000,0.931936,-239.139923,338.115142,-37.558865,-0.326699,0.793769,0.209248
2.583000,0.833643,-169.191412,347.571107,-145.460749,-0.184212,0.806723,-0.015818
2.584000,0.819045,-87.014957,312.052950,-247.093333,-0.006103,0.740337,-0.223072
2.585000,0.702909,4.487859,256.120272,-317.948680,0.181722,0.623756,-0.363940
2.586000,0.649059,107.311854,193.477741,-344.036944,0.390595,0.497461,-0.414135
2.587000,0.555631,218.270506,116.456943,-321.575648,0.610803,0.332305,-0.372036
2.588000,0.432683,305.938956,28.736610,-269.943201,0.780816,0.144481,-0.270028
2.589000,0.109904,351.534840,-70.745480,-209.580191,0.868251,-0.059535,-0.142113
2.590000,-0.246289,345.679914,-182.662971,-135.849314,0.853679,-0.279743,0.018185
2.591000,-0.546036,299.876776,-278.311126,-48.672882,0.769482,-0.467567,0.210867
2.592000,-0.818533,237.700571,-334.425477,48.866177,0.643186,-0.579290,0.413263
2.593000,-0.776361,165.912951,-340.954020,157.726415,0.492603,-0.590625,0.641567
2.594000,-0.713751,82.026848,-302.793141,259.332710,0.312875,-0.511285,0.843964
2.595000,-0.536628,-10.745333,-244.761715,327.337933,0.116955,-0.393085,0.981594
2.596000,-0.529491,-114.087581,-180.175914,349.643647,-0.091919,-0.257075,1.028550
2.597000,-0.421141,-223.233107,-102.740394,323.918242,-0.305650,-0.093538,0.978355
2.598000,-0.266402,-308.000429,-15.175394,270.498520,-0.472425,0.089429,0.871490
2.599000,0.022640,-350.073257,84.384364,208.995888,-0.550145,0.295064,0.741956
2.600000,0.358720,-340.591324,195.809349,134.902559,-0.532334,0.518510,0.580038
2.601000,0.701612,-293.673913,288.970034,48.088974,-0.441661,0.698238,0.390595
2.602000,0.956266,-231.937814,342.208409,-48.828323,-0.320222,0.798627,0.183341
2.603000,0.856027,-159.994484,345.835354,-157.377893,-0.164782,0.806723,-0.038486
2.604000,0.818072,-75.978655,306.275744,-257.145201,0.013327,0.729002,-0.242502
2.605000,0.693177,17.415345,247.856018,-322.482390,0.209248,0.610803,-0.373655
2.606000,0.622782,121.379228,183.425920,-342.197553,0.419740,0.474792,-0.409277
2.607000,0.520596,229.721291,106.301491,-316.031569,0.631852,0.311256,-0.359083
2.608000,0.391160,313.348287,18.503430,-263.440573,0.793769,0.123431,-0.257075
2.609000,0.055405,353.788727,-82.325824,-201.808134,0.873109,-0.085442,-0.125922
2.610000,-0.311818,341.664367,-194.502401,-126.367415,0.848821,-0.305650,0.039234
2.611000,-0.607023,293.063301,-286.419982,-38.672857,0.751671,-0.483759,0.231916
2.612000,-0.853892,231.094349,-337.637935,59.073447,0.626994,-0.582529,0.434313
2.613000,-0.823074,158.011390,-339.088722,168.425907,0.473173,-0.584148,0.659378
2.614000,-0.728674,73.089012,-297.896737,267.648777,0.295064,-0.503189,0.863394
2.615000,-0.550902,-21.729813,-238.103648,331.120319,0.095905,-0.381751,0.989689
2.616000,-0.536303,-126.885552,-171.730282,347.519293,-0.116206,-0.239264,1.025311
2.617000,-0.420168,-233.414505,-93.439847,318.581451,-0.325080,-0.074108,0.967021
2.618000,-0.260562,-314.036737,-5.615788,264.850848,-0.482140,0.112097,0.858536
2.619000,0.025235,-351.834928,95.006140,202.752360,-0.553384,0.317732,0.730622
2.620000,0.369425,-337.119796,206.534746,127.130530,-0.522619,0.537940,0.563847
2.621000,0.717832,-287.585793,296.819780,39.487924,-0.428707,0.714430,0.372784
2.622000,0.997790,-226.160582,345.239499,-58.025238,-0.302412,0.805104,0.167149
2.623000,0.886520,-153.180985,343.944161,-168.129231,-0.148590,0.803484,-0.057916
2.624000,0.833643,-68.128892,301.871596,-265.642658,0.029519,0.720907,-0.257075
2.625000,0.706802,27.467177,242.389694,-326.990192,0.228678,0.597849,-0.380132
2.626000,0.626675,134.462144,175.835240,-340.798579,0.445647,0.461839,-0.410896
2.627000,0.506971,240.861195,96.560546,-310.539305,0.654520,0.288587,-0.347748
2.628000,0.392782,320.109949,7.907555,-257.404270,0.806723,0.102382,-0.242502
2.629000,0.057675,355.835361,-94.424306,-194.942818,0.874728,-0.109730,-0.111349
2.630000,-0.301761,338.166956,-206.523182,-117.869977,0.842345,-0.328318,0.060284
2.631000,-0.595020,285.990757,-295.331954,-28.672834,0.737098,-0.499951,0.252965
2.632000,-0.890225,223.736831,-340.902207,70.213360,0.609184,-0.589005,0.461839
2.633000,-0.817560,149.669413,-336.549844,180.550270,0.455362,-0.577671,0.686904
2.634000,-0.710831,63.710760,-292.767172,276.223912,0.277253,-0.493474,0.882824
2.635000,-0.539547,-32.843828,-231.652838,335.887161,0.069999,-0.372036,0.997785
2.636000,-0.500295,-140.486637,-162.636981,346.327583,-0.145352,-0.221453,1.022073
2.637000,-0.368912,-245.279852,-82.144476,312.156577,-0.349368,-0.049820,0.957306
2.638000,-0.216444,-321.135230,6.741750,256.897475,-0.493474,0.138004,0.843964
2.639000,0.075193,-353.285716,108.322218,194.021783,-0.553384,0.346877,0.709572
2.640000,0.420031,-333.130131,219.047709,117.130519,-0.517762,0.563847,0.542797
2.641000,0.772655,-279.736004,305.705795,28.451635,-0.414135,0.730622,0.348497
2.642000,1.039962,-217.404063,347.804267,-71.056361,-0.287839,0.809961,0.139623
2.643000,0.895279,-143.517736,340.446750,-180.357262,-0.129160,0.793769,-0.087061
2.644000,0.825857,-57.999331,296.042577,-274.010582,0.050568,0.706334,-0.271647
2.645000,0.694150,38.581186,235.679845,-330.720788,0.251346,0.584896,-0.389847
2.646000,0.594884,146.975110,166.612434,-339.244164,0.468315,0.440789,-0.406039
2.647000,0.469989,251.457057,85.731516,-304.477090,0.675570,0.275634,-0.336414
2.648000,0.327902,325.809435,-4.294542,-249.399045,0.816438,0.076475,-0.226310
2.649000,0.005447,356.094428,-107.066832,-186.056768,0.874728,-0.134017,-0.093538
2.650000,-0.353666,333.866435,-217.559504,-108.232639,0.834249,-0.350987,0.082952
2.651000,-0.660225,279.229095,-302.715421,-18.776438,0.724145,-0.514523,0.274015
2.652000,-0.932398,215.731644,-342.948853,81.871407,0.592992,-0.595482,0.479650
2.653000,-0.863300,141.016555,-332.948783,191.949243,0.435932,-0.569575,0.711192
2.654000,-0.736784,55.006083,-286.989934,284.436352,0.254584,-0.480521,0.894158
2.655000,-0.549928,-42.507064,-225.797886,339.099599,0.052188,-0.357463,1.005881
2.656000,-0.505485,-151.626575,-155.305346,344.384576,-0.166401,-0.206880,1.020454
2.657000,-0.373130,-254.476793,-73.258440,306.845693,-0.365559,-0.033629,0.942733
2.658000,-0.214822,-325.668940,17.648507,250.446694,-0.504808,0.159053,0.831010
2.659000,0.085574,-352.741671,120.291144,186.586544,-0.555003,0.369546,0.691761
2.660000,0.419383,-329.140466,229.177249,108.788540,-0.511285,0.583277,0.521748
2.661000,0.765519,-274.217837,312.415644,19.487888,-0.402800,0.746813,0.332305
2.662000,1.059102,-210.746000,349.980435,-81.600433,-0.271647,0.814819,0.118574
2.663000,0.923502,-135.642060,337.001152,-191.808089,-0.109730,0.787293,-0.109730
2.664000,0.841428,-49.786875,290.498532,-282.404414,0.068379,0.696619,-0.291077
2.665000,0.704531,48.218508,230.317147,-334.606825,0.270776,0.575181,-0.397943
2.666000,0.600723,158.322271,160.135744,-338.052445,0.490984,0.422979,-0.404420
2.667000,0.465123,261.379343,77.182282,-299.839755,0.695000,0.249727,-0.329937
2.668000,0.342824,331.094412,-15.848971,-243.336837,0.829391,0.052188,-0.214976
2.669000,0.006420,355.420853,-120.849262,-177.637043,0.869871,-0.163163,-0.078965
2.670000,-0.342636,329.332753,-228.958524,-98.543489,0.824534,-0.370417,0.100763
2.671000,-0.670930,272.959661,-310.124795,-8.310094,0.712811,-0.530715,0.291825
2.672000,-0.957052,208.166872,-345.280476,93.814428,0.580038,-0.595482,0.510414
2.673000,-0.857461,131.638307,-328.829583,204.669460,0.416502,-0.561479,0.737098
2.674000,-0.733215,44.772906,-280.098701,293.685063,0.230297,-0.465948,0.916827
2.675000,-0.533059,-53.724709,-218.621685,343.011518,0.029519,-0.339653,1.017215
2.676000,-0.466233,-163.673255,-146.989252,342.700637,-0.190688,-0.190688,1.017215
2.677000,-0.326740,-264.502756,-63.750642,301.923410,-0.388228,-0.014199,0.936257
2.678000,-0.168432,-331.238926,29.850601,243.425964,-0.516143,0.183341,0.816438
2.679000,0.124826,-351.498138,135.187533,176.197934,-0.553384,0.400310,0.670712
2.680000,0.463501,-323.207783,241.249796,97.078681,-0.499951,0.607564,0.497461
2.681000,0.799256,-266.808468,319.565908,7.648487,-0.388228,0.758148,0.306398
2.682000,1.088298,-202.067202,351.742094,-94.268865,-0.257075,0.814819,0.089429
2.683000,0.940695,-125.616117,332.493377,-204.165658,-0.091919,0.780816,-0.135637
2.684000,0.854080,-38.828298,282.700600,-290.798247,0.092667,0.683666,-0.305650
2.685000,0.685716,59.772930,222.260146,-337.430679,0.290206,0.554132,-0.402800
2.686000,0.569580,170.032126,151.120192,-335.487661,0.516891,0.405168,-0.401181
2.687000,0.424573,270.161732,67.933564,-294.865630,0.709572,0.231916,-0.318603
2.688000,0.285729,335.679907,-26.937078,-236.782398,0.835868,0.032758,-0.198784
2.689000,-0.057812,353.426033,-134.294905,-168.155138,0.871490,-0.185831,-0.051440
2.690000,-0.398433,323.089226,-239.709874,-87.533093,0.811580,-0.394704,0.126670
2.691000,-0.722834,266.016652,-315.824314,2.493037,0.699857,-0.538811,0.319351
2.692000,-0.989168,200.420752,-346.005870,105.524288,0.565466,-0.593863,0.534702
2.693000,-0.894118,122.881821,-324.917639,215.343043,0.398691,-0.555003,0.758148
2.694000,-0.746516,35.265118,-273.570165,301.068487,0.212486,-0.454614,0.931399
2.695000,-0.534681,-64.139244,-211.523205,345.369033,0.010089,-0.323461,1.018835
2.696000,-0.476938,-174.683663,-139.320830,339.799081,-0.210119,-0.171258,1.009120
2.697000,-0.329011,-272.585703,-55.823160,296.845686,-0.402800,0.003612,0.924923
2.698000,-0.161296,-335.021336,39.332483,238.115079,-0.522619,0.201152,0.803484
2.699000,0.127422,-349.606933,146.897390,169.177203,-0.551764,0.419740,0.659378
2.700000,0.482965,-317.689611,251.094362,88.218566,-0.488617,0.626994,0.476411
2.701000,0.825533,-260.875792,324.669538,-2.740135,-0.376894,0.767863,0.282110
2.702000,1.123009,-195.253700,352.104788,-106.004653,-0.240883,0.814819,0.060284
2.703000,0.967620,-117.740443,328.944152,-214.917004,-0.075727,0.774339,-0.155067
2.704000,0.863812,-29.890453,277.260182,-298.518503,0.110478,0.670712,-0.318603
2.705000,0.695772,70.472428,215.809364,-340.435882,0.319351,0.544417,-0.409277
2.706000,0.558551,181.949235,143.477697,-332.819248,0.539559,0.393833,-0.393085
2.707000,0.417761,279.384536,59.643396,-289.632437,0.727383,0.214105,-0.305650
2.708000,0.296435,340.550377,-36.911195,-231.264235,0.847202,0.010089,-0.187450
2.709000,-0.048404,352.052975,-146.859718,-160.953037,0.871490,-0.211738,-0.036867
2.710000,-0.387728,317.078859,-250.383506,-77.533064,0.801865,-0.412515,0.146100
2.711000,-0.760465,258.970015,-321.394299,14.928294,0.683666,-0.550145,0.346877
2.712000,-1.004415,191.975149,-346.005870,119.099433,0.546036,-0.595482,0.563847
2.713000,-0.896713,113.529478,-320.409837,227.208336,0.377642,-0.548526,0.784054
2.714000,-0.751382,25.031940,-266.912096,309.462274,0.193056,-0.441661,0.945972
2.715000,-0.520408,-76.367257,-203.828869,348.063335,-0.014199,-0.310507,1.025311
2.716000,-0.425683,-187.714806,-129.787117,336.249856,-0.239264,-0.151828,1.001024
2.717000,-0.280026,-282.223066,-45.849041,290.368998,-0.418992,0.026281,0.908731
2.718000,-0.118150,-340.124999,50.239236,231.172069,-0.532334,0.225439,0.787293
2.719000,0.193599,-348.518842,159.695329,160.524345,-0.550145,0.442409,0.635090
2.720000,0.532923,-311.186978,261.845665,76.897307,-0.477282,0.646425,0.455362
2.721000,0.870949,-252.300615,329.799075,-16.082132,-0.359083,0.775959,0.256204
2.722000,1.149934,-185.279563,350.809451,-120.357032,-0.216595,0.814819,0.034377
2.723000,0.977677,-107.222273,323.685081,-226.264210,-0.049820,0.761386,-0.179354
2.724000,0.860568,-19.165040,270.213546,-305.824249,0.136385,0.656140,-0.338033
2.725000,0.676308,82.570890,207.700550,-342.352994,0.342020,0.529844,-0.409277
2.726000,0.532274,194.254944,133.555407,-328.803676,0.562228,0.369546,-0.384989
2.727000,0.369749,288.089204,49.565660,-282.844831,0.746813,0.188198,-0.294316
2.728000,0.236420,344.488203,-47.455263,-224.191661,0.853679,-0.010960,-0.172878
2.729000,-0.100632,350.602197,-158.206912,-152.636942,0.866632,-0.232787,-0.019056
2.730000,-0.442876,311.379374,-259.528634,-67.869824,0.790531,-0.430326,0.163911
2.731000,-0.803286,251.275710,-325.565312,26.560440,0.670712,-0.559860,0.382499
2.732000,-1.060861,182.959598,-344.062851,132.337789,0.524987,-0.593863,0.589753
2.733000,-0.942778,104.021695,-315.202548,236.923369,0.354973,-0.537192,0.801865
2.734000,-0.777983,15.109642,-261.238488,315.032226,0.170387,-0.427088,0.960544
2.735000,-0.531113,-87.325838,-196.963552,349.540020,-0.038486,-0.295935,1.028550
2.736000,-0.425358,-198.673405,-121.471025,332.830165,-0.257075,-0.134017,0.996166
2.737000,-0.284568,-290.254203,-37.092543,284.280912,-0.435184,0.047330,0.900635
2.738000,-0.118150,-343.311550,59.876557,225.161703,-0.537192,0.248108,0.777578
2.739000,0.187760,-346.627636,170.265287,153.684961,-0.545288,0.469935,0.623756
2.740000,0.533572,-306.497828,270.291266,69.151182,-0.465948,0.662616,0.437551
2.741000,0.905660,-246.523382,333.970062,-26.030341,-0.344510,0.784054,0.233535
2.742000,1.175237,-177.637043,349.203232,-132.870029,-0.200404,0.813200,0.006851
2.743000,1.013037,-98.284421,318.503731,-236.730584,-0.032009,0.753290,-0.198784
2.744000,0.881979,-9.216832,264.695407,-312.015999,0.155815,0.646425,-0.349368
2.745000,0.681823,94.021683,201.560649,-343.907409,0.364688,0.513652,-0.414135
2.746000,0.513459,205.912984,125.679751,-325.928009,0.588134,0.351735,-0.380132
2.747000,0.357746,297.078847,40.265127,-277.041688,0.763005,0.168768,-0.281362
2.748000,0.248099,348.426029,-58.413840,-217.585411,0.865013,-0.033629,-0.161543
2.749000,-0.080195,348.736911,-170.124058,-144.890798,0.861775,-0.257075,-0.001245
2.750000,-0.437685,306.327557,-268.932833,-59.035603,0.780816,-0.449756,0.184960
2.751000,-0.828914,244.928555,-330.228557,37.467195,0.656140,-0.566337,0.392214
2.752000,-1.075783,173.892233,-342.508436,145.420704,0.505556,-0.593863,0.615660
2.753000,-0.926558,93.166759,-309.218053,248.685035,0.335543,-0.524238,0.827772
2.754000,-0.759816,3.322054,-253.621866,322.001142,0.146100,-0.412515,0.975117
2.755000,-0.503215,-100.149712,-189.087869,350.576290,-0.061155,-0.276505,1.031788
2.756000,-0.381240,-211.160509,-112.300010,328.970059,-0.282981,-0.114587,0.988070
2.757000,-0.228771,-299.528872,-26.522570,277.700597,-0.451376,0.066760,0.886062
2.758000,-0.065597,-347.223496,72.285902,216.742008,-0.548526,0.270776,0.759767
2.759000,0.225715,-344.218292,183.089132,143.814485,-0.540430,0.490984,0.601088
2.760000,0.560497,-300.720589,279.591790,58.788473,-0.454614,0.682046,0.416502
2.761000,0.938100,-239.165830,338.400116,-37.584772,-0.329937,0.793769,0.210867
2.762000,1.209624,-167.507467,347.260226,-145.901165,-0.180973,0.808342,-0.015818
2.763000,1.020498,-86.522727,311.949323,-247.171054,-0.007722,0.741956,-0.218214
2.764000,0.879708,3.503401,256.534781,-317.326915,0.180102,0.626994,-0.359083
2.765000,0.659764,107.026880,192.752352,-343.700154,0.392214,0.495841,-0.415754
2.766000,0.480046,217.622837,116.405129,-321.523834,0.610803,0.333924,-0.372036
2.767000,0.321413,305.084033,30.057855,-270.694501,0.777578,0.147719,-0.266790
2.768000,0.191977,351.223959,-70.149623,-209.476563,0.866632,-0.057916,-0.140494
2.769000,-0.144751,345.524473,-181.937579,-135.382991,0.852060,-0.282981,0.018185
2.770000,-0.494780,300.550352,-277.119409,-49.657341,0.766243,-0.467567,0.206009
2.771000,-0.871086,238.581401,-333.985059,47.363584,0.643186,-0.572814,0.414883
2.772000,-1.113089,165.550257,-340.591324,157.001026,0.487746,-0.585767,0.639948
2.773000,-0.962567,83.296280,-303.285372,258.063279,0.314494,-0.511285,0.843964
2.774000,-0.756572,-7.999213,-246.652916,326.275756,0.123431,-0.396324,0.981594
2.775000,-0.515866,-112.507265,-181.212188,349.436393,-0.087061,-0.258694,1.026930
2.776000,-0.381888,-221.497347,-103.854387,324.617724,-0.302412,-0.096776,0.981594
2.777000,-0.245315,-306.446014,-17.481099,272.389713,-0.465948,0.087809,0.876347
2.778000,-0.070788,-349.555119,82.674517,210.446666,-0.551764,0.291825,0.746813
2.779000,0.227013,-340.954020,194.229037,136.120177,-0.530715,0.515271,0.583277
2.780000,0.576717,-295.409675,287.648790,50.757372,-0.440041,0.695000,0.395453
2.781000,0.958537,-233.932642,341.975248,-46.729872,-0.320222,0.800246,0.189817
2.782000,1.234927,-160.771689,345.705820,-156.678408,-0.158305,0.805104,-0.038486
2.783000,1.035096,-78.025293,307.078853,-256.316181,0.008470,0.729002,-0.237645
2.784000,0.886845,14.384252,250.420787,-322.145600,0.202771,0.615660,-0.368798
2.785000,0.657169,120.032076,185.135766,-342.689784,0.416502,0.478030,-0.412515
2.786000,0.467070,228.918182,107.519109,-316.938311,0.630233,0.309636,-0.367179
2.787000,0.313303,312.778339,20.420532,-265.435403,0.793769,0.128289,-0.257075
2.788000,0.199114,354.073702,-81.755874,-202.922129,0.873109,-0.080585,-0.127541
2.789000,-0.129829,341.975248,-194.424681,-126.652391,0.850441,-0.305650,0.035996
2.790000,-0.493482,294.099571,-286.186820,-40.020011,0.753290,-0.482140,0.228678
2.791000,-0.889901,232.104713,-337.897004,58.270337,0.628614,-0.580910,0.437551
2.792000,-1.118280,157.389628,-338.907374,168.840415,0.473173,-0.585767,0.664235
2.793000,-0.943427,73.529427,-298.337154,267.415616,0.296683,-0.501570,0.863394
2.794000,-0.773441,-20.253125,-239.373085,331.508920,0.100763,-0.384989,0.992928
2.795000,-0.477911,-127.015086,-171.574841,348.011521,-0.116206,-0.239264,1.025311
2.796000,-0.338743,-233.751294,-93.154872,318.685078,-0.325080,-0.074108,0.968640
2.797000,-0.198926,-314.451248,-6.600246,265.498517,-0.483759,0.110478,0.860156
2.798000,-0.029264,-352.301253,95.265207,202.467386,-0.555003,0.316113,0.727383
2.799000,0.266914,-336.990262,207.234229,125.938819,-0.525858,0.537940,0.558989
2.800000,0.612077,-287.508072,296.871593,39.358390,-0.427088,0.714430,0.372784
2.801000,1.001683,-226.056955,345.239499,-58.465654,-0.304031,0.806723,0.167149
2.802000,1.234278,-151.652482,343.555560,-168.362393,-0.150209,0.800246,-0.066012
2.803000,1.045152,-67.714383,301.716156,-264.787731,0.031138,0.722526,-0.255455
2.804000,0.882303,26.327279,243.037362,-326.472054,0.225439,0.602707,-0.378513
2.805000,0.631217,133.969915,175.058037,-340.669044,0.445647,0.456981,-0.409277
2.806000,0.431385,240.109899,96.431012,-310.591119,0.652901,0.288587,-0.347748
2.807000,0.276646,319.565908,9.384242,-258.129663,0.808342,0.104001,-0.244121
2.808000,0.150778,355.705827,-93.517567,-194.968725,0.874728,-0.103253,-0.106491
2.809000,-0.185950,337.985608,-205.849603,-117.403654,0.839106,-0.326699,0.060284
2.810000,-0.558038,286.793867,-294.140237,-29.786826,0.740337,-0.498332,0.248108
2.811000,-0.929154,224.850822,-340.487696,68.762581,0.614041,-0.587386,0.458600
2.812000,-1.136446,149.488066,-336.472123,179.591720,0.456981,-0.576052,0.685285
2.813000,-0.961918,64.902471,-293.363030,275.291269,0.278872,-0.491855,0.879586
2.814000,-0.773117,-30.408589,-233.388598,335.161772,0.076475,-0.372036,0.999405
2.815000,-0.481155,-139.113575,-163.517814,345.913074,-0.142113,-0.224691,1.023692
2.816000,-0.328687,-243.699533,-83.569351,312.830152,-0.346129,-0.053059,0.952448
2.817000,-0.193736,-319.762164,3.840190,259.332710,-0.493474,0.129908,0.847202
2.818000,-0.027967,-353.104368,106.405118,195.731629,-0.558241,0.342020,0.712811
2.819000,0.282810,-333.492828,217.622837,118.166789,-0.521000,0.557370,0.541178
2.820000,0.627973,-281.523580,304.384551,30.653711,-0.417373,0.730622,0.354973
2.821000,1.017254,-219.683866,347.907894,-68.776562,-0.291077,0.809961,0.142861
2.822000,1.270935,-144.424475,340.809444,-179.476429,-0.132398,0.797008,-0.083823
2.823000,1.082458,-59.683273,296.923407,-272.948400,0.044092,0.712811,-0.273266
2.824000,0.889115,35.860974,238.011452,-330.798509,0.244869,0.591373,-0.389847
2.825000,0.633163,146.068373,168.218653,-339.529140,0.468315,0.440789,-0.407658
2.826000,0.417436,250.887108,86.949135,-305.176576,0.675570,0.275634,-0.339653
2.827000,0.268860,325.628088,-2.066558,-251.730664,0.818057,0.082952,-0.227930
2.828000,0.150454,356.560750,-106.315535,-187.481645,0.876347,-0.127541,-0.093538
2.829000,-0.172650,334.332756,-217.404063,-108.517614,0.834249,-0.350987,0.081333
2.830000,-0.593074,280.239459,-302.508165,-20.045871,0.729002,-0.516143,0.270776
2.831000,-0.952186,217.078795,-343.337457,80.938764,0.601088,-0.593863,0.482888
2.832000,-1.144556,140.498419,-332.948783,192.130590,0.435932,-0.569575,0.711192
2.833000,-0.963865,55.342871,-287.482165,284.384539,0.257823,-0.480521,0.897397
2.834000,-0.759816,-41.211724,-227.067323,338.892345,0.057045,-0.357463,1.009120
2.835000,-0.451635,-151.522948,-155.227625,344.928618,-0.164782,-0.205261,1.020454
2.836000,-0.302410,-254.606327,-73.077092,307.208387,-0.370417,-0.035248,0.941114
2.837000,-0.144102,-326.057543,16.819489,251.301617,-0.506427,0.157434,0.831010
2.838000,0.016152,-353.311623,120.576118,186.042502,-0.555003,0.371165,0.691761
2.839000,0.326280,-328.855490,229.773105,107.648642,-0.506427,0.584896,0.521748
2.840000,0.679552,-274.269651,312.545178,19.721049,-0.402800,0.743575,0.329066
2.841000,1.064292,-210.771906,350.161782,-81.289551,-0.273266,0.821295,0.120193
2.842000,1.291697,-134.243091,336.379390,-192.041250,-0.109730,0.787293,-0.108111
2.843000,1.051316,-49.553713,290.343092,-281.575394,0.069999,0.696619,-0.289458
2.844000,0.873544,46.974983,230.990722,-334.192315,0.267538,0.576800,-0.397943
2.845000,0.607211,157.752322,159.513982,-338.026538,0.490984,0.424598,-0.404420
2.846000,0.382725,260.446700,77.026841,-300.047010,0.693381,0.249727,-0.326699
2.847000,0.218254,330.576277,-14.346377,-244.165856,0.827772,0.055426,-0.214976
2.848000,0.081357,355.524480,-119.761175,-177.766577,0.871490,-0.156686,-0.070870
2.849000,-0.225527,329.177313,-228.181318,-98.362142,0.822915,-0.373655,0.097525
2.850000,-0.629731,273.736864,-309.218053,-9.838595,0.714430,-0.527477,0.290206
2.851000,-0.994358,209.436303,-344.969593,92.026861,0.581658,-0.593863,0.508795
2.852000,-1.181862,131.612400,-328.855490,203.451842,0.416502,-0.564718,0.737098
2.853000,-0.964189,46.275500,-281.005442,292.182471,0.236774,-0.467567,0.913588
2.854000,-0.766953,-51.030401,-220.746048,342.363849,0.035996,-0.344510,1.013977
2.855000,-0.454554,-162.222472,-148.129153,342.752451,-0.185831,-0.190688,1.013977
2.856000,-0.298193,-263.077877,-64.942355,302.389731,-0.383370,-0.012579,0.934638
2.857000,-0.145724,-330.124929,27.156296,245.550317,-0.511285,0.178483,0.821295
2.858000,0.035940,-351.783114,132.933645,178.374102,-0.551764,0.393833,0.675570
2.859000,0.351907,-324.114525,239.747205,98.788528,-0.498332,0.604326,0.502318
2.860000,0.717183,-268.803298,318.477824,10.187352,-0.394704,0.756528,0.312875
2.861000,1.088622,-204.450633,351.793907,-92.066785,-0.258694,0.818057,0.097525
2.862000,1.311486,-126.445136,332.907885,-203.051663,-0.095157,0.779197,-0.130779
2.863000,1.087649,-40.900842,284.384539,-289.658344,0.091048,0.685285,-0.305650
2.864000,0.876464,56.949092,224.980355,-337.715655,0.286968,0.560608,-0.404420
2.865000,0.602994,168.995856,152.674597,-336.083520,0.510414,0.408406,-0.401181
2.866000,0.371371,269.824944,69.021648,-295.435582,0.709572,0.231916,-0.321842
2.867000,0.218903,335.498560,-24.864535,-238.803134,0.837487,0.034377,-0.203642
2.868000,0.088818,354.099608,-133.362259,-169.735456,0.873109,-0.184212,-0.053059
2.869000,-0.230717,323.866428,-239.347178,-88.128950,0.808342,-0.397943,0.121812
2.870000,-0.662171,267.234269,-315.642966,1.612206,0.701476,-0.538811,0.317732
2.871000,-1.001820,201.741996,-346.601729,104.513924,0.568704,-0.598720,0.534702
2.872000,-1.177321,122.493219,-324.710384,215.653924,0.398691,-0.555003,0.759767
2.873000,-0.975543,35.886881,-273.958768,301.016673,0.214105,-0.456233,0.931399
2.874000,-0.749111,-62.766183,-212.999896,345.705820,0.011708,-0.325080,1.023692
2.875000,-0.418546,-174.580035,-139.294923,340.084055,-0.211738,-0.171258,1.010739
2.876000,-0.253750,-272.611610,-55.615905,297.156567,-0.402800,0.003612,0.924923
2.877000,-0.110689,-335.487661,38.296212,238.944095,-0.522619,0.204390,0.803484
2.878000,0.094333,-350.228699,146.949203,168.969949,-0.553384,0.419740,0.654520
2.879000,0.385969,-317.301008,251.379337,86.741880,-0.485378,0.626994,0.476411
2.880000,0.767141,-260.849885,324.617724,-2.506973,-0.376894,0.764624,0.283730
2.881000,1.113277,-195.486862,352.312042,-105.253355,-0.237645,0.819676,0.065141
2.882000,1.324462,-116.574636,328.374203,-214.761563,-0.070870,0.769482,-0.155067
2.883000,1.072726,-30.097707,277.001115,-297.896737,0.110478,0.670712,-0.313746
2.884000,0.856351,68.918021,216.560660,-340.073185,0.316113,0.546036,-0.409277
2.885000,0.567958,181.094312,143.244536,-332.611993,0.536321,0.388976,-0.393085
2.886000,0.328550,278.244639,59.747023,-289.917413,0.724145,0.207628,-0.310507
2.887000,0.159537,340.006335,-35.227253,-232.248696,0.845583,0.014947,-0.190688
2.888000,0.024911,352.260229,-145.564376,-161.289826,0.866632,-0.208499,-0.035248
2.889000,-0.300464,317.156580,-249.450859,-77.507157,0.798627,-0.410896,0.147719
2.890000,-0.716671,259.747218,-320.513464,13.322074,0.688523,-0.546907,0.342020
2.891000,-1.048858,193.529555,-346.005870,116.819638,0.550893,-0.595482,0.557370
2.892000,-1.210410,113.684919,-320.591185,225.835278,0.377642,-0.546907,0.779197
2.893000,-0.986897,26.534533,-268.103812,307.286107,0.194675,-0.443280,0.945972
2.894000,-0.757545,-73.465695,-205.927324,347.700640,-0.010960,-0.313746,1.025311
2.895000,-0.417897,-185.719979,-131.160178,336.508923,-0.231168,-0.153447,1.005881
2.896000,-0.251803,-280.513211,-47.455263,291.534802,-0.415754,0.023043,0.911969
2.897000,-0.099659,-339.166443,47.493118,233.555491,-0.530715,0.220582,0.793769
2.898000,0.084925,-348.544749,157.778229,162.441446,-0.551764,0.440789,0.639948
2.899000,0.405433,-311.964185,260.446700,78.425807,-0.477282,0.641567,0.460220
2.900000,0.785631,-254.632234,329.099592,-13.154664,-0.360702,0.774339,0.261061
2.901000,1.144095,-188.310664,351.560747,-117.662722,-0.226310,0.816438,0.039234
2.902000,1.356253,-108.310360,324.358657,-224.994773,-0.054678,0.763005,-0.179354
2.903000,1.105491,-21.056236,271.897484,-304.839786,0.125050,0.657759,-0.338033
2.904000,0.870949,79.772959,210.550293,-342.378901,0.333924,0.533082,-0.410896
2.905000,0.561470,192.985513,135.368881,-329.684511,0.562228,0.371165,-0.388228
2.906000,0.318169,287.415629,51.042347,-284.036548,0.745194,0.193056,-0.294316
2.907000,0.153698,344.488203,-45.304998,-226.730533,0.856917,-0.004483,-0.174497
2.908000,0.033021,351.016705,-157.377893,-154.087725,0.868251,-0.231168,-0.022294
2.909000,-0.293002,311.793882,-259.269566,-68.336147,0.792150,-0.430326,0.167149
2.910000,-0.735810,252.674674,-325.461684,25.109660,0.670712,-0.556622,0.366307
2.911000,-1.058265,184.669444,-344.943686,130.887011,0.528225,-0.593863,0.588134
2.912000,-1.204571,103.684907,-315.306176,237.441504,0.356592,-0.537192,0.803484
2.913000,-0.988195,16.016379,-261.342116,315.420827,0.172007,-0.430326,0.960544
2.914000,-0.730296,-85.564175,-198.569777,349.954528,-0.033629,-0.300792,1.028550
2.915000,-0.375076,-198.414336,-121.833721,333.115139,-0.258694,-0.135637,0.996166
2.916000,-0.188870,-290.202389,-37.040729,284.462259,-0.436803,0.045711,0.899016
2.917000,-0.045809,-343.674247,58.892100,226.094346,-0.542049,0.240012,0.775959
2.918000,0.146237,-347.275309,169.954406,153.477707,-0.545288,0.465077,0.622137
2.919000,0.437874,-306.264666,270.317173,68.063098,-0.464329,0.659378,0.434313
2.920000,0.830074,-246.575196,333.633274,-25.615832,-0.347748,0.785674,0.235154
2.921000,1.171993,-177.844298,349.436393,-131.833756,-0.202023,0.814819,0.013327
2.922000,1.362092,-97.222242,318.089223,-235.590682,-0.030390,0.750052,-0.197165
2.923000,1.086351,-9.812688,264.514060,-311.264698,0.154196,0.644805,-0.347748
2.924000,0.851161,91.897328,202.596919,-343.855596,0.359831,0.516891,-0.412515
2.925000,0.526759,204.773087,125.912912,-325.798474,0.583277,0.353354,-0.383370
2.926000,0.275349,295.887137,40.679635,-277.093502,0.761386,0.173626,-0.281362
2.927000,0.105362,347.881988,-56.341296,-218.803033,0.863394,-0.028771,-0.158305
2.928000,-0.025696,349.047792,-168.491927,-145.668003,0.863394,-0.252217,-0.001245
2.929000,-0.350421,306.379371,-267.741116,-59.061510,0.779197,-0.444899,0.186579
2.930000,-0.778956,245.783478,-329.425442,35.653720,0.654520,-0.564718,0.387357
2.931000,-1.098816,175.602079,-342.689784,143.425884,0.510414,-0.592244,0.614041
2.932000,-1.225008,93.814428,-309.347588,247.182443,0.335543,-0.521000,0.822915
2.933000,-1.006037,5.446411,-255.072651,320.369017,0.150957,-0.412515,0.968640
2.934000,-0.740028,-96.859546,-191.626741,350.420849,-0.057916,-0.281362,1.030169
2.935000,-0.380915,-208.802985,-113.776699,329.591821,-0.278124,-0.116206,0.989689
2.936000,-0.200548,-297.611761,-28.310139,278.736867,-0.456233,0.060284,0.882824
2.937000,-0.045809,-346.498102,68.866208,219.617657,-0.546907,0.262680,0.764624
2.938000,0.134558,-344.917779,180.602083,146.431068,-0.542049,0.487746,0.604326
2.939000,0.457662,-301.523703,278.218732,60.524227,-0.457852,0.678808,0.421359
2.940000,0.850836,-241.316100,337.597007,-34.864558,-0.336414,0.792150,0.217343
2.941000,1.204433,-170.616288,347.804267,-143.310482,-0.184212,0.808342,-0.009341
2.942000,1.372149,-88.154856,312.648805,-246.057058,-0.009341,0.743575,-0.218214
2.943000,1.122035,0.705468,258.581414,-316.575614,0.176864,0.633471,-0.359083
2.944000,0.858946,103.840348,195.990697,-344.321920,0.385738,0.503937,-0.414135
2.945000,0.518974,216.042525,118.063162,-322.430576,0.605945,0.332305,-0.373655
2.946000,0.259777,304.151390,31.482728,-271.860311,0.777578,0.154196,-0.273266
2.947000,0.098874,351.275772,-67.714383,-211.963622,0.869871,-0.053059,-0.146971
2.948000,-0.014991,346.405303,-180.668144,-137.222376,0.856917,-0.278124,0.018185
2.949000,-0.364046,301.016673,-276.653085,-50.227290,0.769482,-0.464329,0.202771
2.950000,-0.797447,239.876739,-333.725990,46.120059,0.643186,-0.576052,0.410025
2.951000,-1.114711,167.286010,-341.083555,155.524341,0.494222,-0.587386,0.635090
2.952000,-1.207490,83.296280,-303.492628,257.467424,0.316113,-0.509666,0.842345
2.953000,-1.006037,-6.988848,-247.430123,326.068502,0.123431,-0.404420,0.975117
2.954000,-0.704668,-110.486533,-182.947946,350.213595,-0.083823,-0.263551,1.028550
2.955000,-0.326740,-221.031023,-104.476151,324.980419,-0.300792,-0.096776,0.979974
2.956000,-0.136317,-306.264666,-17.947421,272.519247,-0.469186,0.086190,0.873109
2.957000,0.007718,-349.866002,81.301459,211.457030,-0.553384,0.290206,0.746813
2.958000,0.185814,-341.342624,193.684995,136.275617,-0.533953,0.513652,0.583277
2.959000,0.493346,-294.995165,287.260188,49.824728,-0.441661,0.695000,0.393833
2.960000,0.884574,-234.165804,341.560740,-45.926761,-0.321842,0.798627,0.191437
2.961000,1.213841,-161.315732,346.172142,-155.227625,-0.166401,0.806723,-0.035248
2.962000,1.377339,-77.092648,306.690252,-255.487161,0.010089,0.729002,-0.236025
2.963000,1.099327,13.607048,250.420787,-321.238858,0.201152,0.614041,-0.370417
2.964000,0.828777,117.519120,186.379290,-342.819319,0.411644,0.479650,-0.414135
2.965000,0.489453,227.363777,108.270405,-317.145566,0.628614,0.312875,-0.363940
2.966000,0.230257,311.664348,21.404990,-265.513124,0.793769,0.133146,-0.257075
2.967000,0.062866,353.659194,-79.242913,-204.269285,0.873109,-0.074108,-0.129160
2.968000,-0.099010,342.467476,-192.352133,-127.740477,0.850441,-0.304031,0.037615
2.969000,-0.408489,294.488172,-284.632407,-40.434520,0.753290,-0.482140,0.225439
2.970000,-0.839943,233.374143,-337.067983,56.016448,0.633471,-0.580910,0.431074
2.971000,-1.142610,159.565795,-339.529140,166.249739,0.476411,-0.582529,0.657759
2.972000,-1.243823,74.177096,-298.337154,265.990745,0.298302,-0.501570,0.860156
2.973000,-0.995007,-17.973328,-240.616615,329.954515,0.104001,-0.388228,0.988070
2.974000,-0.713751,-123.077249,-174.631849,348.218775,-0.108111,-0.244121,1.025311
2.975000,-0.325443,-231.031073,-95.434671,319.954509,-0.321842,-0.075727,0.971879
2.976000,-0.145075,-312.430509,-8.698696,267.104735,-0.480521,0.105620,0.866632
2.977000,0.005447,-351.679487,91.690073,205.343035,-0.553384,0.301540,0.733860
2.978000,0.193924,-337.922911,204.436299,128.581309,-0.527477,0.534702,0.568704
2.979000,0.513459,-289.166113,295.109934,41.379118,-0.431945,0.711192,0.376022
2.980000,0.907606,-228.621735,344.799084,-55.382744,-0.308888,0.805104,0.173626
2.981000,1.234603,-154.735396,344.384576,-165.771709,-0.158305,0.805104,-0.057916
2.982000,1.386422,-69.216978,302.337918,-263.855083,0.024662,0.719287,-0.253836
2.983000,1.116521,23.762507,244.928555,-325.798474,0.218963,0.604326,-0.380132
2.984000,0.820991,130.602036,178.788610,-341.549880,0.437551,0.465077,-0.410896
2.985000,0.466421,238.451867,98.840342,-311.990092,0.646425,0.295064,-0.349368
2.986000,0.213388,318.607358,11.223624,-259.839517,0.800246,0.105620,-0.248979
2.987000,0.053134,355.990801,-91.004606,-197.792572,0.877966,-0.098396,-0.116206
2.988000,-0.065597,338.970065,-204.372913,-119.398480,0.845583,-0.323461,0.053807
2.989000,-0.449688,287.622883,-293.544378,-30.615843,0.743575,-0.498332,0.244869
2.990000,-0.855514,226.431134,-340.461789,67.234081,0.615660,-0.587386,0.453743
2.991000,-1.140339,151.379259,-337.249331,178.037314,0.460220,-0.579290,0.683666
2.992000,-1.214303,64.798844,-293.466658,274.721320,0.280491,-0.490236,0.881205
2.993000,-0.999549,-29.061436,-234.165804,334.902705,0.081333,-0.373655,0.999405
2.994000,-0.676120,-136.756053,-165.538547,346.949345,-0.135637,-0.226310,1.026930
2.995000,-0.273863,-242.922327,-84.450182,313.581448,-0.346129,-0.051440,0.957306
2.996000,-0.095766,-319.762164,3.114800,259.591777,-0.491855,0.129908,0.845583
2.997000,0.058649,-353.648413,104.591644,197.182407,-0.556622,0.337162,0.714430
2.998000,0.262697,-334.062780,216.819728,118.814458,-0.521000,0.557370,0.541178
2.999000,0.567958,-281.290418,303.918230,30.265110,-0.417373,0.730622,0.353354
3.000000,0.934856,-220.046562,347.441573,-67.558942,-0.291077,0.811580,0.146100
3.001000,1.244659,-145.383028,341.327579,-177.688857,-0.132398,0.795389,-0.080585
3.002000,1.383178,-59.216951,296.819780,-271.834404,0.048949,0.709572,-0.271647
3.003000,1.098030,34.902424,238.115079,-329.788139,0.241631,0.589753,-0.389847
3.004000,0.795039,143.322256,169.462177,-339.943651,0.460220,0.445647,-0.410896
3.005000,0.435927,249.125449,87.855871,-305.720621,0.670712,0.275634,-0.341272
3.006000,0.171540,324.514097,-0.693498,-252.041546,0.818057,0.086190,-0.227930
3.007000,0.004798,356.612563,-103.180810,-189.243311,0.877966,-0.122683,-0.096776
3.008000,-0.129829,334.954518,-215.279700,-110.097930,0.837487,-0.344510,0.076475
3.009000,-0.501593,280.757594,-300.953751,-21.315304,0.729002,-0.509666,0.267538
3.010000,-0.899309,218.710921,-342.715691,78.192646,0.601088,-0.592244,0.479650
3.011000,-1.177321,143.063189,-333.985059,189.099499,0.442409,-0.572814,0.707953
3.012000,-1.249338,56.405049,-288.052117,282.519253,0.261061,-0.485378,0.894158
3.013000,-0.998251,-38.776485,-228.492200,337.933795,0.061903,-0.359083,1.004262
3.014000,-0.684555,-147.947805,-158.232819,345.187685,-0.156686,-0.210119,1.020454
3.015000,-0.270619,-252.196988,-75.434612,308.115123,-0.362321,-0.035248,0.947591
3.016000,-0.083764,-324.373594,13.840209,253.115089,-0.503189,0.154196,0.832630
3.017000,0.061568,-353.492971,116.275596,189.773075,-0.559860,0.359831,0.698238
3.018000,0.263670,-330.358091,226.871548,110.861081,-0.512904,0.576800,0.528225
3.019000,0.592613,-275.720437,310.809426,21.689965,-0.406039,0.738717,0.335543
3.020000,0.966647,-213.621661,349.824994,-77.947573,-0.281362,0.813200,0.121812
3.021000,1.268016,-137.844140,338.141049,-188.932428,-0.116206,0.792150,-0.104872
3.022000,1.394208,-51.289469,291.638429,-280.228235,0.063522,0.698238,-0.287839
3.023000,1.112628,44.254771,233.037356,-333.544642,0.261061,0.578419,-0.396324
3.024000,0.791146,154.643511,163.089115,-338.855560,0.484507,0.429455,-0.406039
3.025000,0.408353,259.021829,79.280730,-300.979658,0.690142,0.254584,-0.329937
3.026000,0.158240,329.876795,-12.066579,-245.823896,0.829391,0.061903,-0.216595
3.027000,0.006420,356.431216,-116.548729,-181.160374,0.876347,-0.151828,-0.077346
3.028000,-0.131775,330.731718,-226.497372,-100.693755,0.827772,-0.367179,0.099144
3.029000,-0.519110,274.539973,-308.570380,-10.771239,0.717668,-0.527477,0.288587
3.030000,-0.917475,211.120242,-345.125035,90.032040,0.586515,-0.595482,0.500699
3.031000,-1.172455,133.866288,-329.969487,201.741996,0.421359,-0.566337,0.730622
3.032000,-1.221115,46.482754,-281.342232,291.457082,0.236774,-0.469186,0.913588
3.033000,-0.991439,-49.579620,-221.652788,342.104782,0.039234,-0.347748,1.013977
3.034000,-0.653088,-159.839043,-150.123979,343.840534,-0.182593,-0.195546,1.020454
3.035000,-0.224878,-262.171136,-65.849093,303.218747,-0.383370,-0.015818,0.937876
3.036000,-0.034130,-329.995394,26.275465,245.835292,-0.514523,0.172007,0.818057
3.037000,0.116716,-352.534415,130.861104,179.695347,-0.555003,0.390595,0.677189
3.038000,0.316223,-324.865825,238.710935,99.539824,-0.499951,0.597849,0.503937
3.039000,0.637705,-268.621950,318.011502,10.342793,-0.391466,0.753290,0.311256
3.040000,0.992275,-205.098305,351.742094,-90.253308,-0.257075,0.819676,0.099144
3.041000,1.287804,-127.818198,333.503740,-201.030928,-0.096776,0.782435,-0.127541
3.042000,1.394532,-40.564054,283.995938,-288.647975,0.087809,0.682046,-0.304031
3.043000,1.087000,55.446499,225.317143,-336.498030,0.285349,0.563847,-0.401181
3.044000,0.764545,166.042485,154.384443,-336.731193,0.507176,0.411644,-0.402800
3.045000,0.377535,267.830124,70.135640,-296.238696,0.706334,0.235154,-0.318603
3.046000,0.106660,334.410476,-23.361941,-239.088110,0.834249,0.040853,-0.202023
3.047000,-0.064948,354.462303,-129.942558,-171.626655,0.873109,-0.177735,-0.057916
3.048000,-0.195682,324.850885,-236.937839,-90.149681,0.814819,-0.386609,0.118574
3.049000,-0.563878,267.830124,-314.321713,-0.123549,0.703096,-0.535573,0.312875
3.050000,-0.956728,203.581376,-346.187219,101.353298,0.571943,-0.597101,0.524987
3.051000,-1.199380,125.239336,-326.031637,212.208325,0.405168,-0.555003,0.753290
3.052000,-1.242526,37.234034,-274.735975,298.918227,0.218963,-0.456233,0.928161
3.053000,-0.990790,-59.683273,-214.839283,344.565923,0.016566,-0.336414,1.017215
3.054000,-0.658603,-170.434940,-142.766438,341.094419,-0.200404,-0.180973,1.010739
3.055000,-0.222283,-270.124549,-58.128865,298.322371,-0.397943,0.000374,0.926542
3.056000,-0.024723,-333.725990,35.783254,240.602128,-0.521000,0.196294,0.811580
3.057000,0.147859,-350.669117,142.674587,172.570988,-0.551764,0.413263,0.660997
3.058000,0.336336,-319.425374,248.322340,90.757430,-0.491855,0.620518,0.484507
3.059000,0.675660,-262.741088,323.270573,0.446400,-0.378513,0.764624,0.288587
3.060000,1.019525,-198.543870,352.493390,-101.574587,-0.245740,0.818057,0.076475
3.061000,1.297536,-120.149777,330.187676,-211.678646,-0.080585,0.774339,-0.148590
3.062000,1.402967,-31.885276,278.425986,-296.264603,0.107240,0.670712,-0.320222
3.063000,1.099652,65.757395,219.125429,-339.762302,0.301540,0.549274,-0.409277
3.064000,0.760004,177.545086,147.208271,-334.244128,0.528225,0.398691,-0.396324
3.065000,0.357098,276.793861,62.182260,-291.316385,0.722526,0.217343,-0.310507
3.066000,0.099199,339.177319,-33.284243,-233.803108,0.845583,0.018185,-0.192308
3.067000,-0.079222,353.063338,-142.662811,-164.346833,0.873109,-0.202023,-0.041724
3.068000,-0.227149,319.047773,-247.637378,-80.071931,0.803484,-0.407658,0.141242
3.069000,-0.594047,260.990742,-319.969419,11.638132,0.688523,-0.546907,0.338781
3.070000,-0.962243,195.576189,-346.601729,114.254868,0.549274,-0.598720,0.550893
3.071000,-1.180565,116.223782,-321.782903,224.021805,0.384118,-0.546907,0.777578
3.072000,-1.243174,27.104482,-268.077905,307.286107,0.199533,-0.443280,0.945972
3.073000,-0.977165,-71.574498,-207.222667,347.571107,-0.004483,-0.316984,1.025311
3.074000,-0.613511,-183.207015,-133.569513,337.830168,-0.227930,-0.158305,1.005881
3.075000,-0.170054,-279.476936,-48.569255,292.312005,-0.415754,0.019804,0.915207
3.076000,0.027830,-338.907374,46.456847,233.866372,-0.532334,0.217343,0.792150
3.077000,0.196843,-349.503305,155.524341,163.866317,-0.553384,0.435932,0.643186
3.078000,0.362288,-312.870927,259.229083,79.358451,-0.480521,0.641567,0.458600
3.079000,0.711019,-254.347259,328.503737,-12.817876,-0.360702,0.774339,0.259442
3.080000,1.046774,-189.113776,351.768001,-115.331108,-0.226310,0.818057,0.045711
3.081000,1.305322,-110.072024,325.213579,-222.818597,-0.057916,0.761386,-0.174497
3.082000,1.401669,-21.341211,271.327536,-303.673976,0.125050,0.659378,-0.334795
3.083000,1.081485,77.700417,211.016615,-341.549880,0.329066,0.534702,-0.410896
3.084000,0.725942,189.643541,137.493235,-330.435812,0.550893,0.372784,-0.389847
3.085000,0.319791,285.187648,52.570846,-284.917383,0.738717,0.197913,-0.295935
3.086000,0.049890,343.244679,-43.439708,-227.067323,0.853679,-0.001245,-0.179354
3.087000,-0.142805,351.586653,-153.932284,-156.134365,0.868251,-0.223072,-0.020675
3.088000,-0.274836,312.959686,-256.912039,-70.305064,0.793769,-0.423850,0.163911
3.089000,-0.641734,253.296436,-324.218153,23.322092,0.673951,-0.553384,0.364688
3.090000,-1.007334,186.897425,-345.073221,127.078716,0.533082,-0.593863,0.581658
3.091000,-1.228576,107.026880,-316.964218,233.995906,0.363069,-0.537192,0.800246
3.092000,-1.255502,17.622600,-262.430205,312.881966,0.180102,-0.427088,0.955687
3.093000,-0.989492,-82.222196,-200.409164,349.099605,-0.028771,-0.302412,1.030169
3.094000,-0.614160,-194.036078,-125.382956,334.332756,-0.247360,-0.145352,1.001024
3.095000,-0.165188,-287.352631,-40.201359,286.327545,-0.430326,0.039234,0.902254
3.096000,0.037238,-342.171646,55.705566,228.270513,-0.535573,0.236774,0.780816
3.097000,0.201385,-347.715727,165.912951,157.363721,-0.548526,0.458600,0.630233
3.098000,0.403811,-308.078149,267.752404,71.638233,-0.472425,0.657759,0.442409
3.099000,0.739242,-248.466398,332.519284,-22.740178,-0.350987,0.780816,0.241631
3.100000,1.071104,-181.626697,350.213595,-127.636850,-0.210119,0.814819,0.019804
3.101000,1.330301,-101.470960,320.498551,-233.129530,-0.038486,0.754909,-0.193927
3.102000,1.413996,-12.066579,266.094372,-309.891633,0.144481,0.649663,-0.349368
3.103000,1.092515,88.607168,205.032154,-343.622433,0.350116,0.520129,-0.418992
3.104000,0.715561,201.146141,129.747113,-327.534237,0.575181,0.359831,-0.381751
3.105000,0.296435,294.099571,43.503474,-278.958798,0.758148,0.176864,-0.286220
3.106000,0.033994,347.312039,-53.880149,-220.823768,0.860156,-0.023914,-0.163163
3.107000,-0.132424,350.084062,-165.512640,-148.828637,0.868251,-0.245740,-0.009341
3.108000,-0.273214,307.907869,-266.160796,-61.626284,0.784054,-0.446518,0.180102
3.109000,-0.655034,246.819748,-328.803676,34.254754,0.660997,-0.566337,0.384118
3.110000,-1.015120,177.933687,-343.518806,140.342979,0.515271,-0.590625,0.605945
3.111000,-1.217871,96.638266,-311.212885,245.161716,0.340401,-0.524238,0.819676
3.112000,-1.238308,6.560402,-255.279906,319.980416,0.154196,-0.417373,0.970259
3.113000,-0.957701,-94.527933,-192.922083,350.628103,-0.051440,-0.286220,1.030169
3.114000,-0.574907,-206.290020,-116.367381,330.809438,-0.273266,-0.121064,0.992928
3.115000,-0.112960,-296.575485,-29.812733,279.591790,-0.449756,0.061903,0.889301
3.116000,0.082330,-346.109498,67.596776,220.109886,-0.548526,0.261061,0.764624
3.117000,0.256533,-345.850429,178.115034,148.037287,-0.546907,0.479650,0.609184
3.118000,0.435278,-302.534072,276.819767,61.586404,-0.459471,0.673951,0.421359
3.119000,0.772980,-240.823870,336.923431,-34.268702,-0.336414,0.790531,0.217343
3.120000,1.084729,-171.393493,348.141055,-140.849333,-0.190688,0.808342,-0.009341
3.121000,1.335816,-90.123774,313.840515,-243.440464,-0.014199,0.741956,-0.213357
3.122000,1.405237,-0.175362,258.296440,-315.254362,0.173626,0.630233,-0.355844
3.123000,1.062994,101.042417,196.819713,-343.933316,0.379261,0.502318,-0.414135
3.124000,0.681823,212.648740,120.653839,-323.389131,0.596230,0.342020,-0.375274
3.125000,0.263994,302.001130,33.529364,-272.637517,0.771101,0.157434,-0.271647
3.126000,-0.013693,350.187689,-65.175516,-212.844455,0.868251,-0.044963,-0.146971
3.127000,-0.200872,347.389759,-176.782117,-139.735339,0.863394,-0.268409,0.013327
3.128000,-0.340365,302.596985,-274.191930,-52.636623,0.774339,-0.459471,0.201152
3.129000,-0.700775,240.498501,-332.560179,44.099330,0.648044,-0.572814,0.405168
3.130000,-1.055021,169.488084,-341.472159,152.001021,0.499080,-0.589005,0.628614
3.131000,-1.245121,86.819601,-305.254297,254.462240,0.320971,-0.517762,0.834249
3.132000,-1.252906,-4.424076,-248.570025,324.203216,0.131527,-0.399562,0.978355
3.133000,-0.967433,-106.237814,-185.616352,350.032248,-0.075727,-0.271647,1.031788
3.134000,-0.572312,-216.445509,-108.310360,326.923425,-0.294316,-0.104872,0.983213
3.135000,-0.109716,-303.414907,-21.133956,274.436346,-0.459471,0.076475,0.877966
3.136000,0.089791,-348.518842,77.622697,213.840451,-0.548526,0.278872,0.753290
3.137000,0.251018,-343.000667,188.918152,140.627953,-0.540430,0.500699,0.589753
3.138000,0.455716,-297.534041,284.617700,53.866185,-0.448137,0.690142,0.403548
3.139000,0.799905,-235.979285,340.498563,-43.206547,-0.325080,0.797008,0.201152
3.140000,1.132416,-164.735435,346.716184,-151.652482,-0.176116,0.809961,-0.027152
3.141000,1.353009,-81.548619,308.918233,-252.792846,0.003612,0.733860,-0.231168
3.142000,1.415294,10.705488,252.260166,-320.150768,0.194675,0.617279,-0.365559
3.143000,1.064941,113.399945,189.721262,-343.466992,0.403548,0.486126,-0.414135
3.144000,0.675011,223.633204,112.389581,-319.451281,0.620518,0.320971,-0.365559
3.145000,0.248748,309.747249,24.332457,-267.559768,0.788912,0.134766,-0.263551
3.146000,-0.021479,353.192872,-76.444978,-206.315927,0.873109,-0.067631,-0.130779
3.147000,-0.180760,344.073695,-189.010149,-131.367433,0.856917,-0.292696,0.027900
3.148000,-0.352368,296.638432,-282.948459,-43.413802,0.759767,-0.475663,0.220582
3.149000,-0.708885,234.306787,-336.472123,54.410228,0.633471,-0.580910,0.426217
3.150000,-1.056319,161.664243,-340.099092,163.581343,0.482888,-0.587386,0.652901
3.151000,-1.235064,77.078655,-300.072917,263.970018,0.303160,-0.508047,0.855298
3.152000,-1.240255,-16.600268,-241.057032,329.384567,0.108859,-0.384989,0.989689
3.153000,-0.928180,-120.227498,-176.341701,348.866444,-0.104872,-0.250598,1.028550
3.154000,-0.523327,-228.414480,-98.439862,321.586634,-0.318603,-0.083823,0.973498
3.155000,-0.057487,-311.601488,-10.797146,268.011472,-0.475663,0.100763,0.866632
3.156000,0.142344,-351.498138,89.876600,205.912984,-0.555003,0.296683,0.737098
3.157000,0.305193,-338.907374,201.897437,130.653850,-0.530715,0.528225,0.570323
3.158000,0.492373,-290.228296,293.503715,42.933525,-0.435184,0.711192,0.380880
3.159000,0.830074,-228.466293,343.918255,-54.372379,-0.308888,0.801865,0.173626
3.160000,1.140851,-155.849390,344.824991,-162.896050,-0.155067,0.803484,-0.051440
3.161000,1.344250,-71.211802,303.685069,-261.342116,0.024662,0.724145,-0.247360
3.162000,1.397776,22.778050,244.514047,-324.347687,0.217343,0.604326,-0.376894
3.163000,1.030554,127.260064,179.669440,-341.472159,0.432694,0.466696,-0.409277
3.164000,0.634136,234.669481,102.026874,-313.622227,0.641567,0.298302,-0.354225
3.165000,0.203656,316.664351,13.995650,-260.849885,0.800246,0.112097,-0.250598
3.166000,-0.069814,355.135878,-87.843975,-198.751125,0.876347,-0.093538,-0.117826
3.167000,-0.236557,340.161775,-200.331443,-122.196417,0.848821,-0.316984,0.050568
3.168000,-0.401353,289.669516,-290.694620,-33.439684,0.746813,-0.491855,0.241631
3.169000,-0.758194,227.519217,-339.192350,64.591590,0.620518,-0.584148,0.448885
3.170000,-1.098816,153.944028,-337.948818,173.995860,0.461839,-0.584148,0.670712
3.171000,-1.256799,68.581233,-295.357861,271.379349,0.285349,-0.495093,0.871490
3.172000,-1.248689,-26.755731,-234.994824,332.959698,0.087809,-0.375274,0.994547
3.173000,-0.941481,-132.481427,-168.206952,346.457116,-0.127541,-0.232787,1.026930
3.174000,-0.523327,-238.233183,-89.242943,316.120310,-0.333176,-0.062774,0.962164
3.175000,-0.056514,-317.016032,-1.082100,262.234266,-0.486997,0.121812,0.855298
3.176000,0.162457,-352.793484,100.394748,199.695363,-0.559860,0.327447,0.720907
3.177000,0.320116,-335.798544,212.078792,123.192702,-0.525858,0.547655,0.555751
3.178000,0.517676,-284.399245,300.938953,34.565635,-0.422230,0.724145,0.366307
3.179000,0.844672,-222.663156,346.793904,-64.113337,-0.295935,0.809961,0.150957
3.180000,1.170371,-148.958171,342.493383,-173.543761,-0.142113,0.801865,-0.072489
3.181000,1.360794,-63.672921,299.280921,-269.450970,0.037615,0.716049,-0.266790
3.182000,1.404913,32.156305,239.488137,-328.648235,0.236774,0.592992,-0.386609
3.183000,1.036069,139.462149,172.726429,-339.995464,0.455362,0.450505,-0.407658
3.184000,0.612401,245.446690,92.570904,-308.259498,0.662616,0.280491,-0.346129
3.185000,0.188409,322.881972,3.244334,-254.813582,0.811580,0.091048,-0.237645
3.186000,-0.075329,356.508936,-99.864737,-191.808089,0.879586,-0.119445,-0.100015
3.187000,-0.234286,336.716177,-211.859994,-113.776699,0.839106,-0.342891,0.066760
3.188000,-0.432819,282.985574,-299.166175,-24.009611,0.737098,-0.506427,0.262680
3.189000,-0.767602,220.109886,-342.171646,76.042384,0.604326,-0.589005,0.474792
3.190000,-1.093950,145.550238,-335.124964,186.068409,0.445647,-0.576052,0.698238
3.191000,-1.225981,59.306608,-290.021041,280.368992,0.262680,-0.485378,0.890920
3.192000,-1.239606,-37.247984,-228.699455,337.441566,0.063522,-0.360702,1.002643
3.193000,-0.908068,-145.098053,-159.787229,345.446753,-0.151828,-0.211738,1.022073
3.194000,-0.465260,-249.450859,-78.439802,310.109943,-0.357463,-0.041724,0.950829
3.195000,0.002852,-323.570480,11.327251,254.280893,-0.499951,0.147719,0.839106
3.196000,0.197817,-353.674320,113.710826,190.705718,-0.558241,0.353354,0.698238
3.197000,0.363261,-331.653437,224.151339,113.348131,-0.516143,0.570323,0.533082
3.198000,0.565688,-276.963967,309.280927,23.892041,-0.409277,0.737098,0.338781
3.199000,0.889440,-213.777102,349.073698,-76.367257,-0.279743,0.814819,0.125050
3.200000,1.179454,-139.372643,338.736904,-185.849513,-0.119445,0.792150,-0.095157
3.201000,1.350738,-53.621081,293.166928,-277.533919,0.058664,0.696619,-0.281362
3.202000,1.389991,42.959432,232.881915,-332.171575,0.259442,0.581658,-0.393085
3.203000,1.011415,151.353352,164.099478,-338.907374,0.478030,0.432694,-0.406039
3.204000,0.576393,255.265350,82.311823,-302.689514,0.680427,0.259442,-0.334795
3.205000,0.136829,328.063322,-8.802323,-247.015613,0.821295,0.068379,-0.218214
3.206000,-0.127558,356.172149,-112.610892,-182.662971,0.877966,-0.142113,-0.078965
3.207000,-0.315062,332.260216,-222.352273,-104.320710,0.834249,-0.355844,0.092667
3.208000,-0.481804,276.534793,-305.927876,-14.268656,0.720907,-0.519381,0.283730
3.209000,-0.816262,212.415580,-343.985130,86.949135,0.588134,-0.590625,0.497461
3.210000,-1.122497,136.897380,-331.264833,197.078780,0.429455,-0.567956,0.724145
3.211000,-1.249338,50.705558,-284.140176,288.011484,0.248108,-0.474044,0.903873
3.212000,-1.240579,-46.729872,-223.025852,340.369029,0.042473,-0.349368,1.010739
3.213000,-0.915853,-155.668042,-152.818290,343.944161,-0.174497,-0.200404,1.022073
3.214000,-0.473694,-258.000128,-70.227344,305.161754,-0.373655,-0.025533,0.942733
3.215000,0.014206,-327.663772,21.767685,248.322340,-0.506427,0.168768,0.824534
3.216000,0.218578,-352.663950,125.653844,183.400013,-0.556622,0.377642,0.682046
3.217000,0.396350,-327.430610,233.840465,104.876618,-0.509666,0.589753,0.508795
3.218000,0.592288,-271.653056,315.524454,15.006015,-0.399562,0.750052,0.320971
3.219000,0.907606,-207.481735,350.938984,-86.704075,-0.266790,0.818057,0.107240
3.220000,1.195026,-131.781942,335.343120,-196.652670,-0.106491,0.784054,-0.124302
3.221000,1.362092,-45.486346,287.519256,-285.668683,0.078094,0.691761,-0.297554
3.222000,1.399398,52.363592,227.467404,-335.720823,0.280491,0.568704,-0.397943
3.223000,1.002656,162.234192,157.752322,-337.508400,0.500699,0.419740,-0.402800
3.224000,0.564714,264.643594,74.410257,-298.311248,0.699857,0.241631,-0.325080
3.225000,0.126124,332.985605,-19.631362,-241.471542,0.832630,0.047330,-0.205261
3.226000,-0.140858,355.135878,-126.030627,-174.580035,0.876347,-0.166401,-0.062774
3.227000,-0.285541,327.441560,-233.362691,-94.605653,0.822915,-0.381751,0.113716
3.228000,-0.521057,270.420800,-312.896834,-3.802313,0.709572,-0.532334,0.309636
3.229000,-0.817235,205.006248,-345.954056,98.710808,0.576800,-0.597101,0.520129
3.230000,-1.124443,127.959546,-327.223355,209.229049,0.410025,-0.558241,0.745194
3.231000,-1.235064,40.705542,-277.197129,296.845686,0.223820,-0.457852,0.926542
3.232000,-1.222088,-57.843890,-215.771930,343.866441,0.023043,-0.333176,1.017215
3.233000,-0.874654,-167.455653,-144.579916,341.975248,-0.197165,-0.184212,1.012358
3.234000,-0.425034,-267.482047,-61.082241,300.369005,-0.389847,-0.006103,0.933018
3.235000,0.058973,-333.026503,33.140762,241.716118,-0.521000,0.191437,0.813200
3.236000,0.273727,-351.083627,139.876657,173.503632,-0.555003,0.405168,0.664235
3.237000,0.436576,-321.264765,245.472597,93.218573,-0.499951,0.609184,0.487746
3.238000,0.638353,-264.373221,322.104769,3.166613,-0.381751,0.766243,0.296683
3.239000,0.927395,-199.036101,352.156602,-99.035719,-0.245740,0.819676,0.079714
3.240000,1.201838,-122.144603,330.990785,-208.440289,-0.080585,0.777578,-0.142113
3.241000,1.354955,-34.890465,280.032205,-293.725727,0.100763,0.677189,-0.313746
3.242000,1.384476,63.762573,219.254963,-338.233794,0.296683,0.549274,-0.404420
3.243000,0.976379,173.710886,148.762676,-334.580918,0.523367,0.400310,-0.396324
3.244000,0.533247,273.089195,65.472421,-293.440751,0.716049,0.223820,-0.315365
3.245000,0.077464,337.493380,-30.019987,-235.150265,0.842345,0.026281,-0.197165
3.246000,-0.203792,353.141058,-138.673159,-165.849429,0.873109,-0.192308,-0.044963
3.247000,-0.354314,321.042592,-243.569998,-83.906139,0.809961,-0.402800,0.133146
3.248000,-0.564851,263.400070,-318.000494,7.259886,0.695000,-0.543669,0.330686
3.249000,-0.859407,197.363755,-346.290846,110.317039,0.555751,-0.597101,0.546036
3.250000,-1.151044,119.539848,-323.466852,219.410403,0.392214,-0.551764,0.769482
3.251000,-1.247392,31.534542,-271.057197,303.762789,0.207628,-0.446518,0.936257
3.252000,-1.232793,-68.128892,-208.777078,346.016701,0.003612,-0.318603,1.022073
3.253000,-0.884711,-178.103366,-137.041029,338.866438,-0.216595,-0.168020,1.010739
3.254000,-0.426656,-275.305927,-53.491547,295.343095,-0.409277,0.006851,0.918446
3.255000,0.063839,-336.705286,42.182229,236.664301,-0.525858,0.207628,0.800246
3.256000,0.301301,-349.373770,150.938844,167.001035,-0.550145,0.427836,0.649663
3.257000,0.447606,-315.824314,254.773121,84.772966,-0.486997,0.631852,0.473173
3.258000,0.671442,-258.414638,326.690264,-7.066568,-0.370417,0.769482,0.278872
3.259000,0.960159,-192.300319,352.078882,-110.745601,-0.231168,0.819676,0.057045
3.260000,1.221302,-114.372556,327.389747,-218.673499,-0.066012,0.771101,-0.163163
3.261000,1.366958,-26.237595,274.850854,-300.876031,0.118574,0.664235,-0.328318
3.262000,1.381556,74.203003,213.244596,-340.928113,0.324209,0.539559,-0.412515
3.263000,0.964701,185.317113,141.301529,-331.757065,0.544417,0.387357,-0.391466
3.264000,0.514432,281.975211,57.311786,-288.052117,0.733860,0.204390,-0.304031
3.265000,0.069678,342.052968,-39.709129,-229.813450,0.850441,0.005232,-0.182593
3.266000,-0.216444,351.897534,-150.564395,-158.776862,0.869871,-0.214976,-0.030390
3.267000,-0.362100,315.420827,-253.673680,-74.527874,0.798627,-0.418992,0.152576
3.268000,-0.593398,256.457060,-323.104155,19.125193,0.678808,-0.551764,0.354973
3.269000,-0.874005,188.969966,-345.694987,123.659023,0.539559,-0.595482,0.575181
3.270000,-1.137744,110.135692,-318.829515,230.653934,0.371165,-0.542049,0.790531
3.271000,-1.237335,21.508617,-264.606383,311.638442,0.186579,-0.436803,0.954068
3.272000,-1.210085,-79.890583,-201.367717,348.633284,-0.019056,-0.304031,1.028550
3.273000,-0.843836,-190.771815,-127.688664,335.369026,-0.244121,-0.145352,1.002643
3.274000,-0.367939,-284.710128,-43.569242,288.685060,-0.425469,0.032758,0.910350
3.275000,0.114121,-341.394438,52.907634,229.695384,-0.533953,0.230297,0.787293
3.276000,0.328875,-348.311586,163.089115,158.399991,-0.548526,0.448885,0.633471
3.277000,0.486209,-309.865726,264.799034,74.203003,-0.474044,0.648044,0.445647
3.278000,0.723995,-250.046717,331.379386,-19.709083,-0.355844,0.779197,0.248108
3.279000,0.994870,-182.274368,350.420849,-124.657565,-0.210119,0.813200,0.026281
3.280000,1.225844,-103.958014,321.949329,-229.632102,-0.041724,0.759767,-0.187450
3.281000,1.364363,-15.719437,267.985565,-307.715453,0.144481,0.651282,-0.344510
3.282000,1.368905,85.938770,205.420756,-342.586156,0.348497,0.520129,-0.412515
3.283000,0.939073,197.130594,131.716027,-328.026469,0.567085,0.363069,-0.384989
3.284000,0.474531,290.368998,47.363584,-281.316325,0.748433,0.183341,-0.291077
3.285000,0.024262,345.679914,-50.020036,-222.689063,0.856917,-0.014199,-0.168020
3.286000,-0.267375,350.343129,-161.393453,-150.668022,0.869871,-0.237645,-0.012579
3.287000,-0.421790,310.109943,-262.300671,-65.356864,0.785674,-0.440041,0.170387
3.288000,-0.642383,249.177263,-327.016099,30.213296,0.662616,-0.558241,0.376022
3.289000,-0.914231,180.058041,-343.570619,136.379244,0.520129,-0.592244,0.599469
3.290000,-1.173104,100.731536,-313.440879,240.576221,0.351735,-0.532334,0.809961
3.291000,-1.255826,11.767666,-258.803242,316.975232,0.162291,-0.418992,0.963783
3.292000,-1.213654,-90.486470,-194.683749,349.591833,-0.043344,-0.287839,1.031788
3.293000,-0.841241,-201.238183,-119.683455,332.027055,-0.261932,-0.130779,0.994547
3.294000,-0.368912,-292.326754,-34.994092,282.856041,-0.440041,0.048949,0.897397
3.295000,0.122880,-344.373734,62.311794,223.710924,-0.542049,0.251346,0.772720
3.296000,0.352880,-346.342660,173.296378,151.767861,-0.545288,0.471554,0.618899
3.297000,0.505025,-305.254297,272.856034,66.767759,-0.464329,0.665855,0.432694
3.298000,0.750596,-244.606273,335.239493,-29.527758,-0.342891,0.785674,0.230297
3.299000,1.002007,-174.839104,348.633284,-136.600612,-0.197165,0.809961,0.000374
3.300000,1.242064,-95.201510,316.716165,-239.580340,-0.023914,0.746813,-0.205261
3.301000,1.375068,-5.874856,262.441520,-313.363158,0.162291,0.638329,-0.352606
3.302000,1.366634,97.104588,199.358575,-343.726061,0.371165,0.507176,-0.415754
3.303000,0.924800,208.244592,124.125345,-325.098988,0.588134,0.348497,-0.380132
3.304000,0.453769,298.840506,38.373932,-275.798157,0.763005,0.160672,-0.282981
3.305000,0.017450,349.306859,-60.745452,-216.134626,0.865013,-0.036867,-0.155067
3.306000,-0.260238,348.270589,-172.973811,-142.947786,0.861775,-0.260313,0.008470
3.307000,-0.413680,305.058127,-271.160825,-56.833525,0.779197,-0.452995,0.194675
3.308000,-0.668659,243.166896,-331.394368,40.420568,0.652901,-0.569575,0.398691
3.309000,-0.948293,171.379277,-341.990297,148.892210,0.502318,-0.585767,0.623756
3.310000,-1.158506,90.213388,-307.482290,251.275710,0.327447,-0.517762,0.831010
3.311000,-1.246094,0.109612,-251.419781,323.037412,0.141242,-0.404420,0.976736
3.312000,-1.186080,-103.128996,-186.808067,350.135875,-0.072489,-0.273266,1.031788
3.313000,-0.793554,-213.233058,-110.875135,328.037415,-0.286220,-0.109730,0.986451
3.314000,-0.314413,-301.057379,-24.838628,276.586607,-0.454614,0.069999,0.882824
3.315000,0.171865,-347.922982,74.410257,215.472577,-0.550145,0.277253,0.753290
3.316000,0.388565,-343.570619,185.757528,142.104639,-0.540430,0.497461,0.594611
3.317000,0.550116,-299.528872,281.638423,56.664117,-0.456233,0.683666,0.406787
3.318000,0.751894,-237.611418,339.462293,-40.097731,-0.329937,0.792150,0.202771
3.319000,1.018551,-165.201758,346.845718,-148.750917,-0.177735,0.808342,-0.014199
3.320000,1.258933,-83.776605,310.343104,-249.373138,-0.001245,0.737098,-0.224691
3.321000,1.368905,6.534496,254.436334,-318.233656,0.184960,0.622137,-0.363940
3.322000,1.344899,109.850718,190.524371,-343.104295,0.397072,0.487746,-0.412515
3.323000,0.893981,219.436310,115.006164,-320.539371,0.614041,0.329066,-0.370417
3.324000,0.423600,306.405278,28.607076,-269.684132,0.782435,0.146100,-0.266790
3.325000,-0.029264,351.768001,-72.014913,-208.414382,0.869871,-0.061155,-0.135637
3.326000,-0.315062,344.876804,-184.398730,-133.647234,0.856917,-0.282981,0.019804
3.327000,-0.466882,299.358641,-279.036518,-47.481169,0.769482,-0.464329,0.212486
3.328000,-0.693963,237.026996,-334.891801,49.980169,0.644805,-0.574433,0.421359
3.329000,-0.935966,163.607250,-340.254534,159.565795,0.484507,-0.585767,0.646425
3.330000,-1.190297,80.809230,-302.015934,259.850845,0.312875,-0.509666,0.850441
3.331000,-1.262314,-10.952587,-244.709901,326.949332,0.115335,-0.391466,0.984832
3.332000,-1.194514,-115.149761,-179.139640,348.736911,-0.093538,-0.257075,1.028550
3.333000,-0.798095,-223.155386,-102.533139,323.633268,-0.307269,-0.093538,0.976736
3.334000,-0.311818,-307.560011,-16.185759,271.508883,-0.469186,0.087809,0.873109
3.335000,0.175433,-350.047350,84.462085,209.436303,-0.551764,0.293445,0.741956
3.336000,0.412246,-340.384068,196.431112,134.669398,-0.533953,0.518510,0.578419
3.337000,0.555956,-294.217958,289.410449,48.736643,-0.448137,0.695000,0.388976
3.338000,0.799905,-232.507765,342.700637,-49.113298,-0.320222,0.797008,0.183341
3.339000,1.036069,-158.595514,345.265406,-159.061837,-0.163163,0.806723,-0.040105
3.340000,1.286182,-75.849121,305.861236,-257.689246,0.011708,0.725764,-0.240883
3.341000,1.375068,16.949023,248.607314,-322.767366,0.206009,0.610803,-0.373655
3.342000,1.342628,122.467312,183.140945,-341.990297,0.419740,0.471554,-0.410896
3.343000,0.879383,230.317147,106.327397,-316.057476,0.633471,0.311256,-0.360702
3.344000,0.402189,313.788702,19.177007,-264.528662,0.795389,0.126670,-0.257075
3.345000,-0.040943,354.436396,-83.310283,-202.119016,0.876347,-0.083823,-0.124302
3.346000,-0.310196,341.431206,-196.419508,-125.408863,0.850441,-0.307269,0.040853
3.347000,-0.471423,292.933767,-287.793048,-38.077001,0.754909,-0.485378,0.235154
3.348000,-0.719266,230.679841,-338.441049,60.472413,0.626994,-0.580910,0.440789
3.349000,-0.887306,155.679781,-338.492863,170.938863,0.468315,-0.580910,0.669093
3.350000,-1.176996,71.534605,-297.171344,268.892301,0.291825,-0.501570,0.861775
3.351000,-1.254528,-22.429296,-237.740952,332.001149,0.095905,-0.380132,0.994547
3.352000,-1.163696,-129.087632,-169.761362,347.260226,-0.121064,-0.234406,1.026930
3.353000,-0.749111,-234.891197,-92.092692,317.752435,-0.331557,-0.070870,0.965402
3.354000,-0.264780,-315.228455,-5.382627,264.617687,-0.486997,0.108859,0.856917
3.355000,0.219227,-352.612136,96.638266,201.716090,-0.555003,0.322590,0.725764
3.356000,0.449228,-336.523937,208.969981,124.850735,-0.527477,0.542797,0.558989
3.357000,0.610779,-286.445889,298.244651,37.907610,-0.427088,0.716049,0.367927
3.358000,0.820342,-224.657984,345.705820,-60.641825,-0.300792,0.805104,0.159053
3.359000,1.045477,-149.994445,343.141052,-170.383127,-0.143732,0.798627,-0.067631
3.360000,1.267367,-65.926814,300.783513,-266.134889,0.032758,0.720907,-0.258694
3.361000,1.360470,28.296194,241.560677,-326.860658,0.228678,0.597849,-0.381751
3.362000,1.308566,135.783389,173.425911,-340.047278,0.447266,0.453743,-0.407658
3.363000,0.844997,241.120263,95.524275,-309.788005,0.654520,0.283730,-0.347748
3.364000,0.358720,320.109949,8.373877,-257.456084,0.808342,0.102382,-0.242502
3.365000,-0.090900,355.913081,-94.709280,-194.398774,0.876347,-0.108111,-0.109730
3.366000,-0.374752,337.622914,-207.274481,-116.419195,0.842345,-0.328318,0.061903
3.367000,-0.534033,285.913037,-295.357861,-28.387859,0.738717,-0.499951,0.252965
3.368000,-0.761762,223.503670,-340.902207,70.912843,0.610803,-0.590625,0.465077
3.369000,-0.944400,148.089101,-336.031706,181.379286,0.453743,-0.576052,0.691761
3.370000,-1.213005,63.373972,-292.352661,276.353446,0.278872,-0.490236,0.881205
3.371000,-1.253880,-32.040717,-232.170975,335.343120,0.074856,-0.372036,0.996166
3.372000,-1.166291,-140.616171,-162.170658,345.239499,-0.143732,-0.218214,1.022073
3.373000,-0.752030,-244.399018,-82.973494,312.208390,-0.347748,-0.049820,0.955687
3.374000,-0.257967,-320.176675,4.721020,258.659134,-0.491855,0.133146,0.845583
3.375000,0.237069,-353.182088,107.415482,195.446655,-0.558241,0.342020,0.709572
3.376000,0.461555,-333.181945,218.762734,117.363680,-0.519381,0.560608,0.539559
3.377000,0.610779,-280.772280,305.394914,29.539720,-0.417373,0.727383,0.350116
3.378000,0.856351,-218.492151,348.166962,-70.512318,-0.287839,0.811580,0.139623
3.379000,1.078241,-142.999600,340.369029,-180.901305,-0.129160,0.793769,-0.087061
3.380000,1.277748,-58.439747,296.146204,-274.114210,0.048949,0.707953,-0.274886
3.381000,1.352684,37.311754,236.767928,-330.928043,0.249727,0.586515,-0.389847
3.382000,1.314081,147.182364,166.975128,-338.985094,0.468315,0.437551,-0.406039
3.383000,0.835265,251.379337,86.560533,-304.684345,0.673951,0.274015,-0.339653
3.384000,0.346392,325.861248,-2.740135,-251.186620,0.818057,0.079714,-0.229549
3.385000,-0.091549,356.534843,-107.170460,-187.015321,0.879586,-0.129160,-0.091919
3.386000,-0.362749,333.970062,-218.440337,-107.818130,0.834249,-0.350987,0.086190
3.387000,-0.555443,279.643603,-303.311279,-19.242760,0.727383,-0.514523,0.274015
3.388000,-0.781227,215.990712,-343.518806,82.337729,0.597849,-0.592244,0.487746
3.389000,-0.951537,139.228988,-331.782971,193.529555,0.432694,-0.569575,0.717668
3.390000,-1.171806,54.021626,-286.497703,285.084021,0.252965,-0.475663,0.902254
3.391000,-1.237984,-42.481157,-225.953327,339.358666,0.053807,-0.355844,1.009120
3.392000,-1.135149,-152.429687,-154.139538,344.332763,-0.164782,-0.203642,1.020454
3.393000,-0.694287,-254.839489,-72.895745,306.793879,-0.365559,-0.028771,0.945972
3.394000,-0.216119,-326.187078,17.208091,250.990735,-0.504808,0.160672,0.829391
3.395000,0.274051,-353.259809,121.171974,185.679808,-0.558241,0.372784,0.691761
3.396000,0.502429,-328.518700,230.550307,107.104600,-0.509666,0.584896,0.518510
3.397000,0.647437,-273.699700,313.166940,18.814312,-0.402800,0.743575,0.325828
3.398000,0.893981,-209.891073,350.369036,-82.222196,-0.276505,0.818057,0.115335
3.399000,1.087324,-133.103191,335.887161,-193.077524,-0.106491,0.787293,-0.112968
3.400000,1.275801,-48.362001,289.462262,-282.171252,0.071618,0.691761,-0.292696
3.401000,1.347818,48.114881,229.902639,-334.036873,0.269157,0.570323,-0.399562
3.402000,1.283587,158.529525,158.581338,-337.378866,0.492603,0.421359,-0.404420
3.403000,0.798932,260.524420,77.052748,-299.787941,0.688523,0.248108,-0.328318
3.404000,0.302598,330.576277,-14.527724,-244.010415,0.824534,0.053807,-0.218214
3.405000,-0.153834,355.420853,-120.175684,-177.637043,0.877966,-0.159924,-0.070870
3.406000,-0.433144,328.970059,-228.803083,-97.973539,0.827772,-0.368798,0.102382
3.407000,-0.602157,273.348263,-309.710284,-9.061391,0.717668,-0.524238,0.291825
3.408000,-0.833131,208.633193,-345.150942,93.166759,0.584896,-0.595482,0.508795
3.409000,-0.976841,130.705663,-328.518700,204.047698,0.418121,-0.563099,0.737098
3.410000,-1.193541,45.239228,-280.280049,292.648793,0.235154,-0.465948,0.916827
3.411000,-1.244148,-51.937139,-219.865214,342.156595,0.034377,-0.342891,1.013977
3.412000,-1.140663,-162.740609,-147.300134,342.208409,-0.185831,-0.187450,1.013977
3.413000,-0.698829,-262.974249,-65.123703,302.234291,-0.381751,-0.014199,0.934638
3.414000,-0.203468,-330.021301,27.104482,245.446690,-0.511285,0.178483,0.818057
3.415000,0.288000,-351.705394,133.114992,178.348195,-0.555003,0.392214,0.672331
3.416000,0.529030,-323.933177,240.135806,98.529460,-0.499951,0.602707,0.499080
3.417000,0.676957,-268.440602,318.866425,9.617403,-0.394704,0.754909,0.308017
3.418000,0.904038,-203.725241,351.923441,-92.947617,-0.260313,0.816438,0.091048
3.419000,1.102247,-125.590211,332.597004,-204.398819,-0.090300,0.782435,-0.134017
3.420000,1.284236,-40.020011,283.814590,-290.150575,0.091048,0.682046,-0.305650
3.421000,1.354306,57.752202,224.099526,-337.404772,0.288587,0.555751,-0.407658
3.422000,1.280667,169.332644,152.078742,-335.591288,0.512033,0.408406,-0.401181
3.423000,0.782063,269.565877,69.358437,-295.409675,0.709572,0.233535,-0.318603
3.424000,0.293839,335.420840,-24.683187,-238.829041,0.837487,0.035996,-0.203642
3.425000,-0.155456,354.021888,-133.258631,-169.916803,0.874728,-0.182593,-0.054678
3.426000,-0.425358,323.710988,-239.554433,-88.336204,0.813200,-0.389847,0.126670
3.427000,-0.636868,267.078829,-315.953849,1.845367,0.703096,-0.537192,0.320971
3.428000,-0.834104,201.172048,-346.601729,105.135686,0.565466,-0.598720,0.537940
3.429000,-0.975543,121.897363,-324.503129,217.571024,0.397072,-0.553384,0.763005
3.430000,-1.178618,35.239212,-273.440631,301.146207,0.214105,-0.452995,0.934638
3.431000,-1.221764,-63.258413,-212.378132,345.446753,0.010089,-0.325080,1.022073
3.432000,-1.097518,-174.735476,-138.776786,339.643640,-0.210119,-0.169639,1.009120
3.433000,-0.655359,-272.223007,-56.030414,297.130661,-0.399562,0.005232,0.926542
3.434000,-0.157727,-335.384033,37.855796,239.177256,-0.524238,0.197913,0.805104
3.435000,0.333092,-350.254606,146.612415,169.229016,-0.550145,0.419740,0.654520
3.436000,0.569905,-317.378728,251.431150,87.052762,-0.490236,0.625375,0.474792
3.437000,0.730159,-260.772165,324.824978,-2.817855,-0.376894,0.761386,0.282110
3.438000,0.941344,-195.124166,352.337949,-105.667864,-0.242502,0.814819,0.065141
3.439000,1.118143,-116.056499,328.141042,-215.072445,-0.070870,0.772720,-0.156686
3.440000,1.280992,-29.579572,276.586607,-297.819016,0.110478,0.667474,-0.323461
3.441000,1.328679,69.254809,216.016618,-339.658674,0.314494,0.542797,-0.406039
3.442000,1.249849,180.964778,142.855935,-332.171575,0.536321,0.385738,-0.391466
3.443000,0.750596,277.700597,60.420599,-290.046948,0.729002,0.214105,-0.308888
3.444000,0.245828,339.721361,-34.657304,-232.611392,0.845583,0.016566,-0.190688
3.445000,-0.214822,352.312042,-145.020333,-161.652521,0.869871,-0.208499,-0.036867
3.446000,-0.481155,317.260207,-249.217697,-77.714411,0.801865,-0.409277,0.147719
3.447000,-0.685528,259.824938,-320.591185,13.088912,0.688523,-0.546907,0.345258
3.448000,-0.881467,193.296394,-346.031777,117.052798,0.542797,-0.597101,0.560608
3.449000,-1.004415,113.374038,-320.383930,225.938905,0.379261,-0.546907,0.782435
3.450000,-1.199056,26.223652,-267.689302,307.622895,0.193056,-0.440041,0.942733
3.451000,-1.229225,-73.621135,-205.461001,347.363853,-0.009341,-0.313746,1.025311
3.452000,-1.103682,-185.357283,-131.004737,336.172136,-0.231168,-0.151828,1.004262
3.453000,-0.651466,-279.839632,-48.284280,291.793870,-0.415754,0.023043,0.913588
3.454000,-0.146373,-338.803746,46.741822,234.021812,-0.530715,0.215724,0.793769
3.455000,0.360017,-348.622469,157.130560,163.063208,-0.550145,0.440789,0.641567
3.456000,0.583205,-312.145533,260.161726,78.943942,-0.478902,0.641567,0.456981
3.457000,0.753191,-254.865396,329.021872,-12.921503,-0.363940,0.774339,0.257823
3.458000,0.973135,-188.155223,351.560747,-117.585002,-0.223072,0.814819,0.039234
3.459000,1.137931,-108.103105,324.203216,-225.020680,-0.053059,0.766243,-0.176116
3.460000,1.290075,-20.874888,271.612510,-304.606624,0.129908,0.659378,-0.336414
3.461000,1.333869,79.721145,210.187599,-342.171646,0.335543,0.529844,-0.412515
3.462000,1.236873,192.389658,135.291160,-329.295908,0.558989,0.371165,-0.388228
3.463000,0.724968,286.560706,51.949084,-284.321524,0.743575,0.196294,-0.297554
3.464000,0.228310,344.021882,-44.346446,-227.015509,0.852060,-0.006103,-0.177735
3.465000,-0.222932,351.094425,-156.445247,-154.787209,0.869871,-0.227930,-0.020675
3.466000,-0.474667,312.027043,-258.855055,-68.983817,0.795389,-0.428707,0.163911
3.467000,-0.710831,252.985555,-325.306243,24.669245,0.675570,-0.555003,0.366307
3.468000,-0.894118,184.695351,-344.969593,130.576129,0.529844,-0.593863,0.588134
3.469000,-1.001820,103.684907,-315.357990,237.104716,0.364688,-0.538811,0.800246
3.470000,-1.192243,16.068193,-261.186675,314.980413,0.172007,-0.430326,0.958925
3.471000,-1.207490,-85.305107,-198.362522,349.591833,-0.038486,-0.302412,1.028550
3.472000,-1.056968,-197.637130,-121.859628,332.778351,-0.257075,-0.134017,0.997785
3.473000,-0.604752,-289.243834,-38.258349,284.902674,-0.435184,0.044092,0.902254
3.474000,-0.099659,-343.233829,57.674481,226.690201,-0.535573,0.240012,0.779197
3.475000,0.379481,-347.482565,168.866322,154.410350,-0.548526,0.465077,0.622137
3.476000,0.627648,-306.653270,269.695411,68.814394,-0.467567,0.659378,0.434313
3.477000,0.799256,-246.911985,333.607367,-25.071789,-0.349368,0.782435,0.233535
3.478000,1.011739,-178.025646,349.488206,-131.393340,-0.202023,0.814819,0.010089
3.479000,1.151880,-97.325869,318.141036,-235.694310,-0.032009,0.751671,-0.198784
3.480000,1.291373,-10.071756,264.565874,-310.642933,0.150957,0.643186,-0.347748
3.481000,1.319271,91.431006,202.441479,-343.415178,0.358212,0.516891,-0.415754
3.482000,1.208650,203.788630,126.068353,-325.565312,0.580038,0.351735,-0.383370
3.483000,0.696097,294.695426,42.026788,-277.715267,0.756528,0.175245,-0.284601
3.484000,0.183867,347.389759,-54.916422,-219.657960,0.858536,-0.027152,-0.164782
3.485000,-0.273538,349.306859,-167.170678,-146.497022,0.863394,-0.252217,-0.006103
3.486000,-0.522354,306.975226,-267.041630,-60.123689,0.785674,-0.441661,0.184960
3.487000,-0.763384,246.042546,-329.114559,34.876517,0.660997,-0.563099,0.384118
3.488000,-0.934993,175.887053,-342.715691,142.726401,0.508795,-0.592244,0.612422
3.489000,-1.027123,94.151216,-309.632563,246.612494,0.338781,-0.525858,0.824534
3.490000,-1.209112,5.964546,-255.098558,319.876789,0.152576,-0.415754,0.970259
3.491000,-1.213978,-96.134155,-191.652648,350.006341,-0.054678,-0.282981,1.030169
3.492000,-1.060861,-207.688990,-114.087581,329.384567,-0.271647,-0.114587,0.988070
3.493000,-0.597291,-296.445951,-29.735012,279.436349,-0.448137,0.061903,0.890920
3.494000,-0.094144,-346.005870,67.311801,220.576207,-0.545288,0.262680,0.764624
3.495000,0.390511,-345.099128,179.125398,147.674592,-0.543669,0.486126,0.607564
3.496000,0.641922,-302.067748,277.389716,61.586404,-0.457852,0.675570,0.422979
3.497000,0.816450,-241.886052,337.363846,-33.983727,-0.336414,0.790531,0.217343
3.498000,1.017254,-170.978984,347.907894,-142.610997,-0.187450,0.808342,-0.007722
3.499000,1.166154,-88.569365,312.985593,-245.253945,-0.014199,0.743575,-0.216595
3.500000,1.304349,0.109612,258.866388,-315.953849,0.173626,0.631852,-0.357463
3.501000,1.318298,102.855891,196.172044,-344.088758,0.382499,0.500699,-0.415754
3.502000,1.198918,214.773094,118.451764,-322.326948,0.602707,0.335543,-0.375274
3.503000,0.685067,302.830146,33.088949,-272.585703,0.775959,0.152576,-0.274886
3.504000,0.180623,350.731730,-65.875000,-213.103524,0.869871,-0.051440,-0.150209
3.505000,-0.277107,346.716184,-178.958292,-138.647252,0.860156,-0.274886,0.013327
3.506000,-0.523652,301.690249,-275.668623,-51.444910,0.772720,-0.461091,0.206009
3.507000,-0.770521,240.524407,-333.389200,45.057881,0.648044,-0.574433,0.411644
3.508000,-0.947645,167.778238,-341.368531,154.643511,0.495841,-0.587386,0.636710
3.509000,-1.017391,83.814415,-303.984859,256.638408,0.317732,-0.511285,0.845583
3.510000,-1.194514,-5.978483,-247.766912,325.498554,0.129908,-0.397943,0.981594
3.511000,-1.179267,-109.165285,-183.336549,349.954528,-0.082204,-0.265171,1.031788
3.512000,-1.015444,-219.528425,-105.149728,325.032232,-0.297554,-0.096776,0.983213
3.513000,-0.548306,-304.943414,-19.683176,273.348263,-0.464329,0.082952,0.874728
3.514000,-0.042565,-349.296049,79.410264,212.571020,-0.550145,0.285349,0.750052
3.515000,0.441442,-341.834856,191.845616,137.700489,-0.537192,0.510414,0.584896
3.516000,0.684418,-295.901906,286.146198,51.197787,-0.444899,0.691761,0.397072
3.517000,0.851161,-234.865290,341.223952,-44.760955,-0.323461,0.800246,0.193056
3.518000,1.048396,-161.963403,346.275769,-154.165445,-0.169639,0.808342,-0.035248
3.519000,1.172318,-77.714411,307.052947,-253.932748,0.010089,0.730622,-0.232787
3.520000,1.286182,12.518963,250.783481,-320.513464,0.197913,0.617279,-0.367179
3.521000,1.285533,115.990621,186.845612,-342.586156,0.403548,0.476411,-0.415754
3.522000,1.163559,225.705744,109.073515,-317.301008,0.623756,0.314494,-0.365559
3.523000,0.651978,310.135850,23.425719,-266.497585,0.790531,0.136385,-0.261932
3.524000,0.138451,353.089245,-77.014927,-205.564628,0.871490,-0.070870,-0.132398
3.525000,-0.334850,343.115145,-190.331398,-129.372607,0.853679,-0.295935,0.035996
3.526000,-0.584964,295.550349,-283.518411,-42.040741,0.761386,-0.477282,0.225439
3.527000,-0.817235,234.254973,-336.601658,54.617482,0.636710,-0.574433,0.429455
3.528000,-0.979111,160.187558,-339.606861,164.902588,0.481269,-0.580910,0.659378
3.529000,-1.041397,74.928393,-298.648037,264.747221,0.298302,-0.503189,0.856917
3.530000,-1.217547,-16.729802,-241.134752,328.555550,0.107240,-0.384989,0.988070
3.531000,-1.186728,-121.341491,-175.409054,347.907894,-0.103253,-0.245740,1.026930
3.532000,-0.998576,-229.165779,-96.548664,320.213576,-0.316984,-0.077346,0.971879
3.533000,-0.562256,-310.902002,-10.797146,268.218726,-0.475663,0.100763,0.865013
3.534000,-0.053594,-351.213162,89.410278,206.664280,-0.556622,0.296683,0.738717
3.535000,0.446632,-338.570584,202.208318,130.368875,-0.532334,0.528225,0.568704
3.536000,0.695772,-290.331923,293.659156,43.140779,-0.435184,0.706334,0.377642
3.537000,0.873869,-229.632102,344.332763,-53.750615,-0.312127,0.801865,0.170387
3.538000,1.085054,-155.668042,344.565923,-164.191392,-0.161543,0.798627,-0.057916
3.539000,1.186591,-70.123716,302.752426,-262.585646,0.024662,0.720907,-0.250598
3.540000,1.297861,22.415355,245.291250,-324.917639,0.217343,0.605945,-0.375274
3.541000,1.282938,128.607215,179.565813,-341.342624,0.435932,0.465077,-0.409277
3.542000,1.153178,236.327513,100.135680,-312.456416,0.643186,0.295064,-0.352606
3.543000,0.648734,316.975232,13.736582,-261.083047,0.798627,0.118574,-0.250598
3.544000,0.138127,355.446759,-88.310297,-199.346983,0.877966,-0.093538,-0.116206
3.545000,-0.316684,339.747267,-201.911761,-121.289678,0.847202,-0.318603,0.050568
3.546000,-0.589830,288.840500,-292.015872,-32.584760,0.748433,-0.493474,0.246489
3.547000,-0.839619,227.674658,-340.047278,65.342887,0.622137,-0.584148,0.453743
3.548000,-0.988844,152.441436,-337.508400,176.327468,0.463458,-0.580910,0.685285
3.549000,-1.027123,65.912836,-293.958889,273.425983,0.280491,-0.496712,0.877966
3.550000,-1.192568,-27.584748,-234.709849,333.970062,0.084571,-0.373655,0.997785
3.551000,-1.151369,-134.735321,-166.367566,346.742091,-0.130779,-0.227930,1.023692
3.552000,-0.969379,-240.720242,-85.875057,314.047769,-0.339653,-0.056297,0.957306
3.553000,-0.501593,-318.181843,0.316867,260.990742,-0.493474,0.126670,0.852060
3.554000,0.001229,-353.259809,101.715993,198.762720,-0.559860,0.329066,0.717668
3.555000,0.482965,-334.839988,214.358586,120.938813,-0.524238,0.547655,0.546036
3.556000,0.735025,-282.533949,302.337918,32.467186,-0.420611,0.724145,0.358212
3.557000,0.912148,-221.445533,347.027065,-65.253237,-0.294316,0.808342,0.150957
3.558000,1.083107,-146.704277,341.845714,-175.745843,-0.134017,0.798627,-0.077346
3.559000,1.182050,-60.460478,297.545169,-270.539059,0.045711,0.707953,-0.268409
3.560000,1.276126,33.244390,238.814562,-328.803676,0.240012,0.591373,-0.383370
3.561000,1.253093,141.094275,170.394821,-339.684581,0.455362,0.445647,-0.407658
3.562000,1.121062,246.664308,89.436184,-306.264666,0.664235,0.277253,-0.341272
3.563000,0.585152,322.830158,2.493037,-253.673680,0.811580,0.089429,-0.232787
3.564000,0.076166,356.353496,-99.994271,-191.238138,0.877966,-0.117826,-0.100015
3.565000,-0.377347,335.913068,-212.585387,-112.481358,0.840725,-0.339653,0.073237
3.566000,-0.645302,282.156558,-299.295710,-22.999246,0.732241,-0.508047,0.265919
3.567000,-0.874979,220.213513,-342.145739,75.886943,0.605945,-0.590625,0.474792
3.568000,-1.018364,144.488061,-334.555011,186.534731,0.447266,-0.571194,0.703096
3.569000,-1.048858,57.855829,-289.010672,280.757594,0.262680,-0.483759,0.892539
3.570000,-1.197434,-36.988916,-229.217593,337.182499,0.065141,-0.362321,1.007500
3.571000,-1.149422,-145.719817,-159.269092,344.954525,-0.155067,-0.218214,1.022073
3.572000,-0.963865,-249.761741,-77.118555,308.685072,-0.355844,-0.038486,0.950829
3.573000,-0.499322,-322.741459,10.575954,254.928562,-0.496712,0.146100,0.837487
3.574000,0.005447,-353.337530,112.804089,191.975149,-0.558241,0.353354,0.703096
3.575000,0.501456,-331.368461,223.995899,113.503572,-0.516143,0.571943,0.531463
3.576000,0.755787,-277.197129,309.125487,24.177016,-0.409277,0.737098,0.340401
3.577000,0.952049,-215.227886,349.203232,-75.434612,-0.282981,0.809961,0.128289
3.578000,1.111006,-139.476271,338.866438,-186.419464,-0.121064,0.792150,-0.096776
3.579000,1.194377,-52.895691,292.622886,-278.518381,0.063522,0.701476,-0.286220
3.580000,1.281641,42.285856,233.918185,-332.715620,0.256204,0.581658,-0.394704
3.581000,1.252769,152.130555,164.229012,-338.622398,0.481269,0.432694,-0.407658
3.582000,1.103220,256.508874,81.016484,-301.549610,0.682046,0.254584,-0.333176
3.583000,0.590991,328.192856,-8.620976,-247.611471,0.821295,0.068379,-0.224691
3.584000,0.082979,356.431216,-112.714519,-183.647431,0.876347,-0.146971,-0.082204
3.585000,-0.365020,332.001149,-223.518082,-103.595319,0.831010,-0.360702,0.091048
3.586000,-0.639788,276.120285,-306.782804,-13.569173,0.722526,-0.522619,0.286968
3.587000,-0.902553,212.933715,-344.658710,87.311829,0.591373,-0.595482,0.495841
3.588000,-1.019337,135.653855,-330.772602,199.047694,0.422979,-0.566337,0.724145
3.589000,-1.035557,48.399855,-282.663483,289.539982,0.243250,-0.469186,0.910350
3.590000,-1.177645,-47.403449,-222.844504,341.094419,0.044092,-0.349368,1.015596
3.591000,-1.116009,-157.144731,-151.419321,343.892348,-0.176116,-0.197165,1.022073
3.592000,-0.923963,-259.632262,-67.610756,303.788696,-0.375274,-0.019056,0.941114
3.593000,-0.452284,-328.337352,22.803956,247.571044,-0.511285,0.170387,0.824534
3.594000,0.050863,-352.715764,126.845555,182.234209,-0.556622,0.382499,0.682046
3.595000,0.527408,-326.290706,235.524404,102.700450,-0.506427,0.592992,0.508795
3.596000,0.787902,-270.228177,316.405284,13.270260,-0.396324,0.754909,0.314494
3.597000,0.974433,-206.885878,351.301679,-87.377652,-0.265171,0.818057,0.104001
3.598000,1.118143,-129.735303,334.410476,-198.414336,-0.103253,0.782435,-0.122683
3.599000,1.191133,-42.584784,285.446716,-286.523610,0.082952,0.683666,-0.300792
3.600000,1.266394,53.011262,226.716108,-335.565381,0.277253,0.565466,-0.401181
3.601000,1.225195,163.218648,155.835222,-336.808913,0.499080,0.414883,-0.404420
3.602000,1.069807,265.135822,72.000927,-296.886368,0.699857,0.238393,-0.323461
3.603000,0.529030,332.674724,-19.864524,-240.927497,0.831010,0.045711,-0.210119
3.604000,0.012584,354.824997,-125.771558,-174.269153,0.874728,-0.172878,-0.062774
3.605000,-0.446444,326.534824,-233.673574,-93.413940,0.819676,-0.383370,0.110478
3.606000,-0.702721,269.721317,-312.637764,-3.802313,0.709572,-0.533953,0.308017
3.607000,-0.936939,205.628010,-345.850429,98.114952,0.578419,-0.595482,0.520129
3.608000,-1.049831,127.260064,-327.016099,209.384489,0.406787,-0.555003,0.751671
3.609000,-1.045938,39.436110,-276.316295,296.716153,0.223820,-0.457852,0.924923
3.610000,-1.183160,-57.040779,-216.471416,343.581467,0.026281,-0.334795,1.017215
3.611000,-1.116009,-167.326119,-144.528103,341.431206,-0.193927,-0.182593,1.013977
3.612000,-0.922341,-267.404326,-60.123689,299.203201,-0.389847,-0.004483,0.929780
3.613000,-0.456176,-332.042041,32.182212,242.467414,-0.516143,0.186579,0.816438
3.614000,0.059622,-351.005907,138.425878,175.187571,-0.553384,0.406787,0.670712
3.615000,0.546872,-321.446113,244.876742,94.280750,-0.496712,0.612422,0.489365
3.616000,0.794715,-264.865452,321.612541,3.892003,-0.388228,0.758148,0.296683
3.617000,1.007846,-200.745953,352.389763,-98.051260,-0.255455,0.816438,0.081333
3.618000,1.155449,-122.325951,331.120319,-208.725265,-0.087061,0.772720,-0.145352
3.619000,1.213841,-34.294609,279.980391,-293.570285,0.099144,0.672331,-0.315365
3.620000,1.275477,62.778116,220.809368,-338.726025,0.296683,0.554132,-0.407658
3.621000,1.219680,174.099487,149.125371,-334.658639,0.523367,0.401929,-0.399562
3.622000,1.067212,273.892304,64.384336,-292.326754,0.717668,0.223820,-0.312127
3.623000,0.540384,337.415660,-29.501851,-235.953378,0.840725,0.024662,-0.195546
3.624000,0.026208,353.426033,-138.284556,-167.144771,0.871490,-0.192308,-0.046582
3.625000,-0.414329,320.990779,-244.217670,-83.776605,0.809961,-0.399562,0.136385
3.626000,-0.713102,263.374163,-318.389098,7.700301,0.695000,-0.540430,0.332305
3.627000,-0.955755,198.140957,-346.912612,110.394760,0.558989,-0.595482,0.547655
3.628000,-1.044965,118.633111,-323.000528,220.809368,0.392214,-0.553384,0.772720
3.629000,-1.047885,29.721067,-269.684132,304.928593,0.202771,-0.444899,0.942733
3.630000,-1.163696,-68.387960,-208.958426,346.586650,0.000374,-0.316984,1.025311
3.631000,-1.074486,-179.502336,-135.745687,338.503743,-0.223072,-0.163163,1.007500
3.632000,-0.872708,-276.394016,-51.056308,293.736876,-0.407658,0.014947,0.918446
3.633000,-0.406543,-337.171610,42.570830,236.146166,-0.527477,0.209248,0.800246
3.634000,0.101145,-349.762374,151.249725,166.586527,-0.553384,0.427836,0.649663
3.635000,0.584503,-314.865758,255.731671,82.829958,-0.485378,0.631852,0.463458
3.636000,0.851161,-256.912039,326.975239,-8.724603,-0.370417,0.771101,0.275634
3.637000,1.031852,-191.885809,352.156602,-111.056483,-0.236025,0.814819,0.050568
3.638000,1.153178,-112.818147,326.664358,-219.606146,-0.067631,0.763005,-0.171258
3.639000,1.203460,-24.113238,273.063288,-301.368262,0.123431,0.662616,-0.331557
3.640000,1.259581,74.306630,212.778274,-340.772672,0.324209,0.539559,-0.409277
3.641000,1.186916,185.783435,139.824844,-331.057578,0.547655,0.379261,-0.389847
3.642000,1.024391,281.949304,55.291058,-286.549517,0.733860,0.201152,-0.300792
3.643000,0.484263,341.560740,-39.346434,-229.580289,0.848821,0.005232,-0.185831
3.644000,-0.036401,351.949348,-149.450401,-159.113651,0.871490,-0.214976,-0.032009
3.645000,-0.471748,314.928599,-253.362797,-73.957924,0.795389,-0.418992,0.154196
3.646000,-0.765006,255.990739,-322.637831,19.047473,0.680427,-0.551764,0.356592
3.647000,-1.011876,190.135770,-345.669080,122.545033,0.542797,-0.593863,0.573562
3.648000,-1.093950,110.032065,-318.829515,230.109893,0.372784,-0.540430,0.792150
3.649000,-1.066051,20.731414,-264.114152,311.042586,0.186579,-0.431945,0.954068
3.650000,-1.167913,-78.621150,-202.326271,348.270589,-0.020675,-0.307269,1.026930
3.651000,-1.076756,-190.098237,-127.895918,335.084052,-0.240883,-0.148590,1.001024
3.652000,-0.872708,-283.932921,-43.258361,288.218738,-0.423850,0.034377,0.905492
3.653000,-0.403948,-340.435882,51.301414,230.938909,-0.532334,0.228678,0.788912
3.654000,0.112175,-348.233866,161.405175,160.576159,-0.551764,0.448885,0.636710
3.655000,0.591964,-310.150702,264.021832,75.291088,-0.477282,0.646425,0.445647
3.656000,0.862839,-251.134806,330.990785,-18.517370,-0.359083,0.777578,0.249727
3.657000,1.060724,-184.839146,350.990798,-122.921808,-0.218214,0.814819,0.029519
3.658000,1.183996,-104.735219,322.389744,-229.398941,-0.048201,0.759767,-0.187450
3.659000,1.223573,-15.330835,268.063285,-307.663639,0.139623,0.649663,-0.342891
3.660000,1.266069,84.747059,207.182415,-342.897039,0.343639,0.524987,-0.410896
3.661000,1.181401,196.949247,132.363696,-328.285538,0.563847,0.364688,-0.388228
3.662000,1.016605,290.653973,46.793635,-280.772280,0.750052,0.183341,-0.292696
3.663000,0.486209,345.550380,-49.113298,-223.854871,0.856917,-0.010960,-0.171258
3.664000,-0.022452,350.679917,-160.590341,-152.248339,0.865013,-0.237645,-0.017437
3.665000,-0.432495,310.084036,-262.585646,-65.538211,0.787293,-0.435184,0.172007
3.666000,-0.794527,249.488144,-327.145634,30.006042,0.665855,-0.559860,0.379261
3.667000,-1.009605,181.379286,-344.321920,135.809295,0.524987,-0.589005,0.597849
3.668000,-1.067024,100.187493,-313.389065,241.405237,0.350116,-0.530715,0.813200
3.669000,-1.053399,10.316886,-257.533805,317.778342,0.160672,-0.422230,0.963783
3.670000,-1.146503,-90.331029,-195.305514,350.109968,-0.041724,-0.289458,1.031788
3.671000,-1.039450,-202.041296,-119.139411,331.742081,-0.263551,-0.129160,0.991309
3.672000,-0.827292,-293.078054,-33.206523,281.405262,-0.443280,0.052188,0.889301
3.673000,-0.370534,-344.503269,62.544955,223.244603,-0.542049,0.252965,0.774339
3.674000,0.150454,-346.731264,173.063217,151.767861,-0.545288,0.471554,0.617279
3.675000,0.621160,-304.813880,273.244636,65.524234,-0.465948,0.667474,0.429455
3.676000,0.905335,-243.621812,335.291306,-30.071801,-0.341272,0.787293,0.225439
3.677000,1.102247,-174.813197,348.892351,-136.186103,-0.198784,0.811580,0.031138
3.678000,1.187889,-93.880262,316.120310,-239.839409,-0.022294,0.746813,-0.208499
3.679000,1.210272,-4.216822,260.809395,-313.285437,0.163911,0.636710,-0.355844
3.680000,1.240117,96.431012,199.358575,-343.700154,0.367927,0.507176,-0.415754
3.681000,1.143446,208.140965,123.451769,-324.554943,0.589753,0.345258,-0.378513
3.682000,0.978326,298.477812,36.974966,-274.476906,0.763005,0.168768,-0.279743
3.683000,0.439171,348.633284,-59.916435,-216.186440,0.863394,-0.036867,-0.156686
3.684000,-0.082790,348.503750,-171.367587,-143.828618,0.861775,-0.258694,0.001993
3.685000,-0.509054,305.032220,-270.461339,-56.859432,0.779197,-0.451376,0.188198
3.686000,-0.841241,243.063269,-330.772602,39.721085,0.654520,-0.566337,0.400310
3.687000,-1.055670,172.855963,-342.327087,147.208271,0.505556,-0.587386,0.623756
3.688000,-1.108223,90.705616,-307.611825,250.653948,0.329066,-0.522619,0.829391
3.689000,-1.065402,0.057799,-251.367968,322.260210,0.139623,-0.409277,0.971879
3.690000,-1.148773,-101.211891,-188.543826,349.928621,-0.066012,-0.271647,1.030169
3.691000,-1.039775,-211.859994,-111.367365,328.166949,-0.286220,-0.109730,0.989689
3.692000,-0.839619,-299.891568,-24.812721,276.275726,-0.454614,0.071618,0.884443
3.693000,-0.376698,-347.093961,72.156368,217.208329,-0.546907,0.269157,0.759767
3.694000,0.144615,-344.296013,183.322293,144.876662,-0.545288,0.495841,0.602707
3.695000,0.627324,-300.228358,280.757594,58.322151,-0.456233,0.682046,0.411644
3.696000,0.938100,-238.725413,338.892345,-38.724671,-0.333176,0.793769,0.206009
3.697000,1.115547,-168.181045,347.493386,-146.937438,-0.182593,0.806723,-0.017437
3.698000,1.213516,-85.356921,311.146213,-248.673653,-0.006103,0.737098,-0.227930
3.699000,1.228439,6.068173,255.058096,-318.259563,0.186579,0.623756,-0.363940
3.700000,1.240442,108.063151,192.881886,-343.777875,0.390595,0.492603,-0.414135
3.701000,1.139553,218.918175,115.783367,-321.109323,0.609184,0.329066,-0.368798
3.702000,0.981570,306.146210,28.218474,-269.528691,0.779197,0.144481,-0.265171
3.703000,0.451174,351.742094,-70.719573,-209.839259,0.871490,-0.056297,-0.142113
3.704000,-0.067544,345.731727,-183.207015,-135.901128,0.856917,-0.281362,0.018185
3.705000,-0.484075,299.747243,-279.010612,-48.128839,0.763005,-0.470806,0.209248
3.706000,-0.863300,237.389690,-334.891801,49.643381,0.643186,-0.574433,0.419740
3.707000,-1.058914,165.161655,-340.979927,158.762686,0.490984,-0.587386,0.644805
3.708000,-1.094598,80.886950,-302.223189,260.239446,0.312875,-0.508047,0.850441
3.709000,-1.057941,-11.911138,-243.958601,327.493374,0.116955,-0.389847,0.986451
3.710000,-1.121524,-114.502090,-179.916845,349.203232,-0.095157,-0.257075,1.028550
3.711000,-0.995332,-223.543989,-102.351791,323.581454,-0.305650,-0.093538,0.978355
3.712000,-0.781551,-308.104056,-14.890419,270.265359,-0.469186,0.094286,0.869871
3.713000,-0.329660,-350.202792,84.073483,209.565836,-0.553384,0.293445,0.743575
3.714000,0.185165,-340.746765,196.016603,135.083906,-0.533953,0.516891,0.578419
3.715000,0.665279,-293.699820,289.462262,47.829906,-0.441661,0.698238,0.387357
3.716000,0.980597,-231.730559,342.571103,-49.424179,-0.321842,0.798627,0.183341
3.717000,1.137282,-159.450440,345.887168,-157.921937,-0.163163,0.805104,-0.043344
3.718000,1.202162,-74.994196,305.783516,-257.715153,0.011708,0.725764,-0.242502
3.719000,1.210597,18.244363,247.208350,-322.560110,0.207628,0.607564,-0.372036
3.720000,1.215463,121.431042,183.400013,-342.093925,0.419740,0.473173,-0.410896
3.721000,1.102896,229.669478,106.171957,-315.876128,0.631852,0.306398,-0.362321
3.722000,0.933234,313.218753,18.529337,-263.388760,0.790531,0.118574,-0.257075
3.723000,0.406407,353.918261,-81.729967,-202.585340,0.873109,-0.080585,-0.125922
3.724000,-0.123665,342.001155,-194.398774,-126.730111,0.847202,-0.300792,0.042473
3.725000,-0.538574,293.348275,-286.653144,-38.646951,0.754909,-0.483759,0.230297
3.726000,-0.900282,231.120256,-337.871097,59.228888,0.628614,-0.577671,0.440789
3.727000,-1.094274,157.752322,-339.270071,168.866322,0.474792,-0.582529,0.667474
3.728000,-1.116009,72.415436,-297.559948,268.063285,0.293445,-0.499951,0.865013
3.729000,-1.062483,-22.144321,-237.689139,331.094412,0.097525,-0.378513,0.994547
3.730000,-1.120875,-126.652391,-171.937537,347.467480,-0.116206,-0.240883,1.025311
3.731000,-0.994683,-233.077716,-93.673008,318.607358,-0.325080,-0.072489,0.968640
3.732000,-0.794203,-313.751761,-5.926670,265.006288,-0.480521,0.112097,0.858536
3.733000,-0.325118,-351.886742,93.995776,203.710910,-0.556622,0.316113,0.727383
3.734000,0.185489,-337.612028,206.146145,127.830012,-0.529096,0.534702,0.562228
3.735000,0.675984,-288.103930,296.845686,39.772898,-0.430326,0.712811,0.372784
3.736000,1.001034,-226.419651,345.524473,-58.517467,-0.307269,0.803484,0.163911
3.737000,1.162910,-153.129172,344.099602,-168.284672,-0.153447,0.801865,-0.062774
3.738000,1.226492,-67.636663,301.638435,-265.772193,0.029519,0.717668,-0.258694
3.739000,1.217085,27.674432,242.208346,-326.808844,0.225439,0.601088,-0.381751
3.740000,1.204758,133.659034,176.327468,-340.902207,0.442409,0.458600,-0.412515
3.741000,1.086351,240.239433,97.156402,-310.876095,0.652901,0.286968,-0.350987
3.742000,0.936154,319.721348,8.607038,-257.844687,0.805104,0.102382,-0.239264
3.743000,0.416139,355.964895,-93.128965,-196.212254,0.876347,-0.103253,-0.109730
3.744000,-0.100957,338.710997,-205.797790,-118.828529,0.843964,-0.326699,0.057045
3.745000,-0.540521,286.767960,-295.098792,-29.372317,0.743575,-0.499951,0.252965
3.746000,-0.927207,224.280873,-341.005834,70.161547,0.614041,-0.587386,0.460220
3.747000,-1.113089,149.980294,-336.912541,180.291202,0.461839,-0.574433,0.690142
3.748000,-1.097518,63.425785,-292.793078,276.534793,0.280491,-0.490236,0.886062
3.749000,-1.055670,-32.636574,-231.601024,335.705814,0.074856,-0.365559,1.002643
3.750000,-1.091354,-139.450364,-163.284652,346.353489,-0.138875,-0.224691,1.022073
3.751000,-0.944076,-244.450832,-82.973494,312.545178,-0.346129,-0.051440,0.957306
3.752000,-0.742947,-320.539371,5.679572,257.596957,-0.493474,0.139623,0.842345
3.753000,-0.293327,-353.518878,106.586465,195.524375,-0.558241,0.340401,0.712811
3.754000,0.219552,-333.855525,218.063252,118.322230,-0.521000,0.557370,0.541178
3.755000,0.708424,-280.565025,305.291287,29.332466,-0.420611,0.725764,0.346877
3.756000,1.034447,-217.999920,347.985615,-70.330971,-0.287839,0.813200,0.139623
3.757000,1.182374,-144.009966,340.913071,-179.813218,-0.134017,0.795389,-0.082204
3.758000,1.232981,-58.025238,296.223924,-273.621979,0.048949,0.707953,-0.274886
3.759000,1.208975,38.322118,235.731658,-330.513533,0.248108,0.586515,-0.389847
3.760000,1.171993,145.524331,167.493264,-339.451419,0.468315,0.442409,-0.409277
3.761000,1.054560,250.368973,86.741880,-304.917507,0.672331,0.274015,-0.341272
3.762000,0.889764,325.135859,-2.947389,-250.305786,0.814819,0.076475,-0.227930
3.763000,0.360342,356.353496,-104.994287,-187.870248,0.876347,-0.130779,-0.091919
3.764000,-0.175245,334.824984,-216.212347,-109.864769,0.835868,-0.346129,0.076475
3.765000,-0.587883,280.317179,-302.145469,-20.019964,0.729002,-0.512904,0.272395
3.766000,-0.967109,216.742008,-343.052481,80.576069,0.602707,-0.589005,0.486126
3.767000,-1.129958,141.819664,-333.596456,190.912972,0.440789,-0.569575,0.712811
3.768000,-1.119253,55.342871,-287.533979,283.866404,0.257823,-0.478902,0.897397
3.769000,-1.062807,-41.781673,-226.212396,338.607370,0.058664,-0.355844,1.005881
3.770000,-1.094923,-149.994445,-156.445247,344.617737,-0.163163,-0.208499,1.023692
3.771000,-0.944400,-253.103728,-74.553781,307.441548,-0.363940,-0.033629,0.945972
3.772000,-0.736784,-324.917639,15.835032,251.560684,-0.503189,0.152576,0.827772
3.773000,-0.285866,-353.104368,117.804095,188.607271,-0.558241,0.364688,0.695000
3.774000,0.231230,-330.254463,227.596937,110.705641,-0.512904,0.576800,0.526606
3.775000,0.714912,-275.487275,311.767975,21.094109,-0.407658,0.741956,0.333924
3.776000,1.068509,-211.834088,350.161782,-80.253279,-0.274886,0.813200,0.118574
3.777000,1.199892,-136.730147,337.778354,-190.486839,-0.117826,0.790531,-0.111349
3.778000,1.245957,-50.538172,291.068481,-281.549487,0.065141,0.698238,-0.291077
3.779000,1.218058,47.208144,230.809375,-334.036873,0.265919,0.576800,-0.397943
3.780000,1.184969,156.379264,161.482896,-338.337422,0.487746,0.429455,-0.404420
3.781000,1.038340,259.721311,78.658968,-300.539241,0.690142,0.251346,-0.333176
3.782000,0.884574,330.187676,-13.802334,-244.476739,0.826153,0.057045,-0.216595
3.783000,0.370074,355.990801,-117.895884,-180.072286,0.877966,-0.151828,-0.075727
3.784000,-0.135992,330.705811,-226.963695,-100.849196,0.824534,-0.367179,0.097525
3.785000,-0.593074,274.410439,-309.218053,-10.279010,0.717668,-0.525858,0.290206
3.786000,-0.992736,209.617650,-345.358197,92.026861,0.583277,-0.593863,0.510414
3.787000,-1.141961,132.830018,-329.554977,202.933707,0.421359,-0.561479,0.735479
3.788000,-1.118280,45.809178,-281.031349,292.519259,0.236774,-0.465948,0.916827
3.789000,-1.045938,-52.325741,-219.450705,342.363849,0.032758,-0.342891,1.013977
3.790000,-1.060212,-161.367546,-148.621382,343.270586,-0.182593,-0.192308,1.020454
3.791000,-0.907743,-262.663367,-65.434584,302.804239,-0.380132,-0.014199,0.939495
3.792000,-0.705317,-330.202650,27.622618,244.643581,-0.511285,0.180102,0.816438
3.793000,-0.240449,-352.145811,131.923281,178.788610,-0.555003,0.390595,0.675570
3.794000,0.263994,-324.839919,239.021816,99.824799,-0.503189,0.601088,0.500699
3.795000,0.746703,-268.440602,318.685078,10.083725,-0.391466,0.756528,0.309636
3.796000,1.105167,-203.647521,351.793907,-91.989065,-0.258694,0.819676,0.094286
3.797000,1.215463,-127.196434,333.348300,-202.300364,-0.096776,0.782435,-0.134017
3.798000,1.240442,-40.045918,283.814590,-289.528810,0.086190,0.678808,-0.305650
3.799000,1.195999,58.011269,223.192789,-336.860727,0.290206,0.557370,-0.401181
3.800000,1.157395,167.363730,153.063199,-336.213054,0.508795,0.411644,-0.401181
3.801000,1.011415,268.115099,69.876572,-295.927813,0.704715,0.233535,-0.323461
3.802000,0.825857,334.514103,-24.553653,-238.103648,0.832630,0.034377,-0.205261
3.803000,0.312330,354.099608,-130.667949,-170.978984,0.869871,-0.179354,-0.057916
3.804000,-0.207036,324.980419,-237.093281,-90.564190,0.816438,-0.384989,0.120193
3.805000,-0.638814,267.959658,-314.813945,-0.175362,0.701476,-0.538811,0.312875
3.806000,-1.025501,202.337852,-346.264939,102.959518,0.570323,-0.595482,0.531463
3.807000,-1.165967,124.721201,-326.031637,212.830088,0.403548,-0.556622,0.756528
3.808000,-1.120875,36.949059,-274.865509,299.565895,0.220582,-0.451376,0.929780
3.809000,-1.054697,-62.066700,-212.870362,344.462296,0.014947,-0.325080,1.022073
3.810000,-1.067997,-171.574841,-141.548817,340.550377,-0.203642,-0.172878,1.009120
3.811000,-0.917800,-270.279991,-57.973424,298.218744,-0.393085,0.000374,0.926542
3.812000,-0.702073,-333.777804,36.689991,239.721298,-0.521000,0.199533,0.808342
3.813000,-0.235908,-350.384140,143.192723,172.078760,-0.551764,0.413263,0.662616
3.814000,0.283459,-319.788071,248.322340,91.327379,-0.491855,0.620518,0.484507
3.815000,0.759679,-263.026063,323.633268,0.420494,-0.381751,0.763005,0.285349
3.816000,1.133389,-197.403969,352.519296,-102.947648,-0.245740,0.818057,0.071618
3.817000,1.235576,-119.787082,330.135862,-212.300411,-0.080585,0.774339,-0.153447
3.818000,1.256662,-31.755742,278.555520,-296.860461,0.105620,0.670712,-0.323461
3.819000,1.206055,67.933564,217.286049,-339.658674,0.312875,0.544417,-0.409277
3.820000,1.151880,178.400009,146.120187,-333.777804,0.531463,0.393833,-0.397943
3.821000,1.002980,276.793861,62.208167,-291.238665,0.720907,0.215724,-0.313746
3.822000,0.844024,339.151412,-33.957820,-233.103623,0.839106,0.014947,-0.193927
3.823000,0.326280,352.752457,-142.818252,-164.010044,0.868251,-0.202023,-0.044963
3.824000,-0.184004,319.358654,-247.430123,-81.082297,0.806723,-0.407658,0.139623
3.825000,-0.678716,261.379343,-320.306209,11.456785,0.691761,-0.546907,0.338781
3.826000,-1.038477,194.565825,-346.601729,115.524299,0.552512,-0.593863,0.558989
3.827000,-1.156235,115.964714,-321.912438,224.384500,0.385738,-0.545288,0.779197
3.828000,-1.137095,27.130389,-268.388788,307.726522,0.199533,-0.444899,0.947591
3.829000,-1.031340,-73.517508,-205.409187,347.493386,-0.009341,-0.313746,1.025311
3.830000,-1.021608,-183.828779,-132.636868,337.415660,-0.231168,-0.155067,1.004262
3.831000,-0.863300,-279.373308,-48.802416,292.363818,-0.414135,0.019804,0.913588
3.832000,-0.656981,-338.751932,46.949076,233.270516,-0.530715,0.217343,0.793769
3.833000,-0.204765,-349.270143,155.498434,163.659063,-0.551764,0.439170,0.643186
3.834000,0.340878,-313.414972,258.788668,80.394722,-0.482140,0.638329,0.458600
3.835000,0.816450,-254.969024,328.659178,-12.325647,-0.363940,0.771101,0.259442
3.836000,1.167127,-188.258850,351.742094,-116.289661,-0.227930,0.813200,0.040853
3.837000,1.245957,-110.020210,325.446740,-222.740876,-0.057916,0.763005,-0.172878
3.838000,1.246605,-21.626186,271.819764,-303.907138,0.125050,0.654520,-0.339653
3.839000,1.182050,79.410264,209.410396,-341.627600,0.332305,0.524987,-0.415754
3.840000,1.114250,190.032143,136.716032,-329.995394,0.554132,0.377642,-0.389847
3.841000,0.957564,284.876767,52.907634,-285.072824,0.737098,0.194675,-0.299173
3.842000,0.791146,343.011518,-43.724683,-226.626906,0.853679,-0.001245,-0.179354
3.843000,0.260102,351.405306,-153.595495,-156.134365,0.868251,-0.223072,-0.025533
3.844000,-0.244018,313.607355,-256.290274,-71.574498,0.795389,-0.423850,0.157434
3.845000,-0.721537,254.099546,-324.295873,22.518982,0.677189,-0.555003,0.361450
3.846000,-1.106926,186.249756,-344.891872,127.674572,0.533082,-0.593863,0.583277
3.847000,-1.188999,107.182321,-317.378728,234.073626,0.367927,-0.538811,0.797008
3.848000,-1.144232,18.063015,-262.870622,313.374194,0.180102,-0.430326,0.958925
3.849000,-1.041721,-83.698885,-198.854753,348.814631,-0.028771,-0.299173,1.030169
3.850000,-1.024528,-194.217426,-124.787099,333.970062,-0.248979,-0.140494,0.997785
3.851000,-0.865895,-286.860400,-40.797215,286.638426,-0.430326,0.037615,0.903873
3.852000,-0.661198,-341.834856,55.731473,227.881912,-0.533953,0.235154,0.780816
3.853000,-0.199575,-347.586192,165.524350,157.493255,-0.548526,0.456981,0.630233
3.854000,0.332768,-308.881263,266.871575,72.985385,-0.474044,0.654520,0.447266
3.855000,0.833643,-249.399045,332.545190,-21.833440,-0.355844,0.779197,0.241631
3.856000,1.182374,-181.212188,350.135875,-128.051359,-0.210119,0.813200,0.018185
3.857000,1.270611,-101.859562,320.913059,-232.999995,-0.041724,0.756528,-0.195546
3.858000,1.275153,-12.714249,266.767948,-309.995260,0.147719,0.649663,-0.347748
3.859000,1.192106,89.850693,203.736817,-343.441085,0.354973,0.518510,-0.414135
3.860000,1.109384,201.068421,129.280791,-327.249261,0.576800,0.358212,-0.381751
3.861000,0.954644,293.555529,44.228864,-279.321494,0.754909,0.178483,-0.289458
3.862000,0.793093,346.871624,-53.698802,-220.616513,0.863394,-0.022294,-0.164782
3.863000,0.295137,349.902714,-164.787249,-149.165426,0.865013,-0.245740,-0.010960
3.864000,-0.231691,308.814606,-265.254055,-63.362040,0.790531,-0.443280,0.176864
3.865000,-0.739379,247.804205,-328.751862,33.088949,0.664235,-0.561479,0.385738
3.866000,-1.112440,177.622806,-343.518806,140.420699,0.515271,-0.587386,0.607564
3.867000,-1.181214,97.156402,-311.731023,244.773115,0.343639,-0.527477,0.821295
3.868000,-1.135473,7.415326,-256.108926,319.928602,0.154196,-0.415754,0.971879
3.869000,-1.004739,-95.512392,-191.730368,350.317222,-0.054678,-0.282981,1.030169
3.870000,-0.980085,-206.005045,-116.134220,330.653997,-0.271647,-0.122683,0.994547
3.871000,-0.811396,-295.824185,-30.719471,280.213552,-0.444899,0.057045,0.890920
3.872000,-0.603455,-345.694987,67.130454,219.928538,-0.546907,0.256204,0.764624
3.873000,-0.165188,-345.798615,177.260111,148.529515,-0.543669,0.479650,0.610803
3.874000,0.360017,-303.544441,275.835311,63.270345,-0.461091,0.670712,0.426217
3.875000,0.873544,-242.171027,336.897525,-33.025176,-0.338033,0.788912,0.218963
3.876000,1.217734,-171.082611,348.192869,-140.927053,-0.189069,0.811580,-0.007722
3.877000,1.257635,-90.745538,314.539998,-243.155488,-0.019056,0.743575,-0.216595
3.878000,1.262501,-1.159820,259.280896,-315.332083,0.172007,0.633471,-0.357463
3.879000,1.169074,101.819620,195.679816,-343.492899,0.380880,0.502318,-0.414135
3.880000,1.077592,212.208325,120.472491,-323.363225,0.597849,0.338781,-0.376894
3.881000,0.915068,301.146207,34.565635,-273.155655,0.769482,0.160672,-0.274886
3.882000,0.739242,349.695460,-64.657380,-212.922176,0.863394,-0.048201,-0.148590
3.883000,0.224093,347.389759,-175.642216,-140.434823,0.860156,-0.266790,0.011708
3.884000,-0.281973,303.710976,-273.026120,-54.501913,0.775959,-0.456233,0.194675
3.885000,-0.796473,241.819745,-332.352924,42.726271,0.651282,-0.571194,0.401929
3.886000,-1.151693,169.306737,-341.549880,151.871488,0.499080,-0.587386,0.630233
3.887000,-1.217222,87.648617,-305.953783,253.503690,0.325828,-0.517762,0.839106
3.888000,-1.151369,-3.076923,-249.735834,324.073682,0.133146,-0.399562,0.978355
3.889000,-1.018040,-106.730044,-184.657798,349.773181,-0.078965,-0.268409,1.026930
3.890000,-0.983004,-215.927371,-108.336267,326.949332,-0.287839,-0.103253,0.986451
3.891000,-0.815613,-302.378631,-22.325669,275.109922,-0.459471,0.076475,0.882824
3.892000,-0.611889,-348.078424,76.975028,213.918171,-0.548526,0.280491,0.753290
3.893000,-0.157403,-343.104295,187.648721,141.431063,-0.537192,0.499080,0.594611
3.894000,0.364883,-298.881199,283.374176,55.886914,-0.451376,0.686904,0.406787
3.895000,0.890737,-237.378256,340.343123,-41.600326,-0.329937,0.797008,0.199533
3.896000,1.241415,-164.787249,346.793904,-151.341600,-0.177735,0.808342,-0.023914
3.897000,1.300132,-82.429451,309.643622,-252.145174,-0.001245,0.735479,-0.232787
3.898000,1.280992,9.228801,253.477784,-319.969419,0.191437,0.618899,-0.368798
3.899000,1.167776,113.659012,188.918152,-343.285643,0.405168,0.482888,-0.414135
3.900000,1.060075,222.881908,112.622742,-319.606723,0.618899,0.324209,-0.368798
3.901000,0.911499,308.788699,25.705516,-268.362881,0.784054,0.139623,-0.266790
3.902000,0.754165,352.622923,-75.512333,-206.756343,0.868251,-0.069250,-0.135637
3.903000,0.254262,344.332763,-187.611179,-132.351892,0.853679,-0.292696,0.026281
3.904000,-0.278729,298.115117,-281.575394,-45.589973,0.764624,-0.472425,0.215724
3.905000,-0.799393,235.835285,-336.238961,52.493126,0.638329,-0.579290,0.426217
3.906000,-1.136446,161.741963,-340.280440,163.115021,0.478030,-0.590625,0.648044
3.907000,-1.202300,78.089019,-300.927844,263.166909,0.306398,-0.503189,0.856917
3.908000,-1.137744,-14.968140,-242.456003,329.255033,0.113716,-0.388228,0.991309
3.909000,-0.985275,-120.175684,-175.771750,348.711004,-0.103253,-0.245740,1.025311
3.910000,-0.933371,-227.455926,-98.854371,321.871609,-0.312127,-0.082204,0.975117
3.911000,-0.777009,-310.539305,-12.299740,268.918208,-0.472425,0.097525,0.869871
3.912000,-0.568744,-351.031813,88.814422,206.405212,-0.555003,0.299921,0.738717
3.913000,-0.122367,-339.347791,200.265311,131.690120,-0.530715,0.524987,0.573562
3.914000,0.399270,-291.860430,292.104751,45.291042,-0.436803,0.706334,0.384118
3.915000,0.916041,-230.253867,343.814628,-52.403462,-0.313746,0.806723,0.176864
3.916000,1.271909,-156.082551,345.032245,-162.352006,-0.158305,0.801865,-0.044963
3.917000,1.290399,-72.377609,304.565898,-260.564910,0.018185,0.722526,-0.248979
3.918000,1.263150,21.042295,246.016639,-324.088618,0.215724,0.604326,-0.376894
3.919000,1.137607,127.130530,179.229025,-341.342624,0.424598,0.466696,-0.410896
3.920000,1.030230,233.633211,102.622730,-313.984924,0.638329,0.299921,-0.355844
3.921000,0.867381,315.524454,15.809125,-261.963881,0.800246,0.116955,-0.252217
3.922000,0.679877,354.591837,-86.445007,-199.346983,0.876347,-0.090300,-0.122683
3.923000,0.204305,340.576283,-198.543870,-123.414037,0.847202,-0.308888,0.047330
3.924000,-0.335823,291.431175,-289.295648,-36.082178,0.750052,-0.488617,0.238393
3.925000,-0.842538,229.462224,-339.036908,62.389514,0.625375,-0.585767,0.450505
3.926000,-1.166616,154.280816,-338.285608,173.218657,0.468315,-0.579290,0.673951
3.927000,-1.228576,69.824758,-296.342323,270.783494,0.288587,-0.495093,0.874728
3.928000,-1.157857,-24.994069,-236.497422,332.856071,0.091048,-0.375274,0.996166
3.929000,-0.992412,-132.144638,-167.818349,346.664370,-0.125922,-0.231168,1.023692
3.930000,-0.933695,-236.963746,-89.994240,316.638445,-0.333176,-0.062774,0.963783
3.931000,-0.780578,-315.927942,-3.076923,263.529604,-0.486997,0.115335,0.855298
3.932000,-0.574583,-352.378974,98.866248,200.446659,-0.556622,0.325828,0.720907
3.933000,-0.101281,-336.161240,210.213505,124.462133,-0.525858,0.544417,0.558989
3.934000,0.415165,-286.160913,299.514082,37.156313,-0.427088,0.719287,0.369546
3.935000,0.941993,-224.683891,346.586650,-61.781725,-0.302412,0.808342,0.154196
3.936000,1.199567,-149.631749,342.907891,-172.507488,-0.143732,0.800246,-0.072489
3.937000,1.313756,-65.045982,300.394911,-268.466509,0.031138,0.714430,-0.265171
3.938000,1.282289,30.239203,241.197983,-328.259631,0.231916,0.596230,-0.383370
3.939000,1.139229,139.021734,172.363734,-340.099092,0.448885,0.447266,-0.412515
3.940000,1.013037,244.151353,93.399920,-308.803543,0.659378,0.282110,-0.347748
3.941000,0.872247,321.767981,5.472317,-256.160740,0.809961,0.094286,-0.240883
3.942000,0.715236,356.223962,-98.128980,-192.740735,0.876347,-0.114587,-0.104872
3.943000,0.220200,337.286126,-209.813353,-115.279295,0.843964,-0.334795,0.065141
3.944000,-0.346529,284.928581,-297.585854,-26.729824,0.738717,-0.504808,0.256204
3.945000,-0.855190,222.337866,-342.042111,73.503520,0.610803,-0.585767,0.469935
3.946000,-1.206193,146.327441,-335.824450,184.747164,0.450505,-0.572814,0.701476
3.947000,-1.214627,60.783294,-291.186851,279.177282,0.278872,-0.483759,0.887682
3.948000,-1.133202,-35.279067,-230.538843,337.234312,0.068379,-0.363940,1.005881
3.949000,-0.957377,-144.502196,-159.528161,345.654007,-0.150209,-0.214976,1.023692
3.950000,-0.895740,-248.025981,-79.450168,310.679892,-0.354225,-0.044963,0.952448
3.951000,-0.734837,-322.508297,8.917920,255.861205,-0.499951,0.144481,0.840725
3.952000,-0.533384,-353.415251,111.690098,191.819709,-0.558241,0.350116,0.703096
3.953000,-0.078573,-332.249296,222.001079,114.902537,-0.522619,0.567085,0.536321
3.954000,0.453445,-278.855170,307.726522,26.741787,-0.414135,0.733860,0.343639
3.955000,0.986760,-216.108719,349.047792,-73.698856,-0.282981,0.811580,0.133146
3.956000,1.344250,-140.978867,339.332759,-184.502357,-0.127541,0.788912,-0.093538
3.957000,1.305322,-55.330930,294.539985,-276.368109,0.055426,0.703096,-0.279743
3.958000,1.263474,40.731449,234.695388,-331.990227,0.252965,0.583277,-0.393085
3.959000,1.113277,150.576150,163.840411,-338.726025,0.474792,0.431074,-0.409277
3.960000,0.978975,253.762758,83.270373,-303.285372,0.678808,0.262680,-0.336414
3.961000,0.820667,326.923425,-6.237551,-248.647746,0.819676,0.071618,-0.223072
3.962000,0.657169,356.094428,-110.253371,-184.165568,0.876347,-0.140494,-0.087061
3.963000,0.157591,333.063325,-220.176097,-106.186001,0.834249,-0.354225,0.084571
3.964000,-0.393242,278.633240,-304.425276,-17.351565,0.725764,-0.517762,0.275634
3.965000,-0.891199,214.954441,-343.933316,84.099390,0.596230,-0.592244,0.494222
3.966000,-1.234415,138.451785,-331.886599,195.576189,0.431074,-0.566337,0.720907
3.967000,-1.233118,52.622660,-285.746403,286.638426,0.251346,-0.475663,0.905492
3.968000,-1.146827,-44.450074,-224.968867,340.135869,0.052188,-0.352606,1.013977
3.969000,-0.964513,-154.787209,-152.766476,343.866441,-0.169639,-0.202023,1.020454
3.970000,-0.894118,-256.471623,-71.263616,305.835329,-0.370417,-0.027152,0.942733
3.971000,-0.728025,-326.601589,19.151100,250.006279,-0.503189,0.163911,0.829391
3.972000,-0.526571,-352.689857,123.089075,184.721258,-0.553384,0.374403,0.690142
3.973000,-0.061380,-328.389166,231.457044,106.923253,-0.509666,0.588134,0.516891
3.974000,0.488804,-273.906955,313.970049,18.270269,-0.406039,0.748433,0.325828
3.975000,1.016281,-210.098328,351.068518,-83.698885,-0.270028,0.816438,0.110478
3.976000,1.358199,-132.377799,336.042602,-195.175979,-0.108111,0.785674,-0.117826
3.977000,1.313432,-47.507076,289.255008,-284.347431,0.069999,0.693381,-0.299173
3.978000,1.260879,49.928355,229.488130,-335.643102,0.270776,0.571943,-0.397943
3.979000,1.105491,161.275641,157.752322,-337.456586,0.495841,0.421359,-0.404420
3.980000,0.967296,263.063282,75.420621,-299.010734,0.695000,0.246489,-0.326699
3.981000,0.819369,331.897522,-16.911149,-243.155488,0.831010,0.050568,-0.211738
3.982000,0.657169,355.291319,-123.310410,-176.160353,0.874728,-0.168020,-0.069250
3.983000,0.168621,328.607364,-230.901539,-96.937267,0.822915,-0.375274,0.102382
3.984000,-0.429251,272.726501,-311.316512,-7.377450,0.711192,-0.530715,0.288587
3.985000,-0.917151,207.778270,-346.161312,95.550182,0.580038,-0.597101,0.515271
3.986000,-1.244148,129.125351,-327.767400,207.571016,0.416502,-0.561479,0.746813
3.987000,-1.207490,42.855805,-279.036518,295.394908,0.233535,-0.461091,0.918446
3.988000,-1.125092,-55.175490,-218.051734,343.711001,0.029519,-0.338033,1.018835
3.989000,-0.929154,-166.212125,-144.735357,342.130689,-0.197165,-0.185831,1.010739
3.990000,-0.860705,-265.849913,-62.325768,301.198021,-0.389847,-0.010960,0.934638
3.991000,-0.693638,-331.886599,30.524178,243.451870,-0.514523,0.186579,0.816438
3.992000,-0.484075,-351.342697,137.156447,175.109851,-0.553384,0.405168,0.670712
3.993000,-0.021803,-322.586017,242.881922,95.705623,-0.499951,0.607564,0.494222
3.994000,0.523515,-266.704841,320.628084,6.638123,-0.388228,0.759767,0.299921
3.995000,1.037691,-201.859948,352.467483,-95.512392,-0.255455,0.821295,0.089429
3.996000,1.371500,-123.336317,331.223946,-206.652716,-0.085442,0.780816,-0.140494
3.997000,1.304998,-37.222077,281.923397,-292.223127,0.094286,0.677189,-0.313746
3.998000,1.247903,60.964642,221.767918,-338.130166,0.296683,0.555751,-0.407658
3.999000,1.081810,172.286014,149.151278,-334.891801,0.520129,0.400310,-0.399562
4.000000,0.933234,271.353443,66.767759,-294.321585,0.711192,0.225439,-0.318603
4.001000,0.772007,336.327576,-27.299774,-236.937839,0.840725,0.027900,-0.202023
4.002000,0.590342,353.348313,-135.901128,-167.326119,0.869871,-0.190688,-0.049820
4.003000,0.111202,322.622904,-241.005218,-86.445007,0.809961,-0.396324,0.128289
4.004000,-0.465260,266.094372,-316.549707,3.270240,0.701476,-0.542049,0.320971
4.005000,-0.956728,200.446659,-346.627636,106.715999,0.563847,-0.593863,0.539559
4.006000,-1.254853,120.887000,-323.907270,217.467397,0.390595,-0.553384,0.763005
4.007000,-1.227279,33.917966,-272.974307,302.234291,0.210867,-0.449756,0.934638
4.008000,-1.126390,-65.071889,-211.315950,345.990795,0.008470,-0.323461,1.022073
4.009000,-0.930451,-176.574862,-137.559165,339.151412,-0.213357,-0.166401,1.007500
4.010000,-0.859407,-273.440631,-54.838701,296.431178,-0.401181,0.006851,0.924923
4.011000,-0.700126,-335.513567,39.358390,238.477774,-0.522619,0.206009,0.805104
4.012000,-0.474992,-349.606933,148.166821,168.633161,-0.551764,0.424598,0.654520
4.013000,-0.005583,-317.378728,252.104726,87.260016,-0.490236,0.625375,0.476411
4.014000,0.559848,-261.186675,325.343113,-3.051016,-0.376894,0.767863,0.282110
4.015000,1.057804,-195.486862,352.752457,-106.859578,-0.236025,0.818057,0.063522
4.016000,1.401345,-115.901058,328.244669,-216.756391,-0.072489,0.772720,-0.156686
4.017000,1.339060,-28.750554,276.716140,-299.399337,0.112097,0.667474,-0.328318
4.018000,1.250174,71.042377,215.783458,-340.954020,0.317732,0.541178,-0.412515
4.019000,1.072726,183.529547,141.949198,-332.197482,0.539559,0.385738,-0.396324
4.020000,0.928368,279.980391,58.943913,-289.295648,0.729002,0.209248,-0.307269
4.021000,0.772331,340.861258,-36.755754,-231.808279,0.847202,0.010089,-0.189069
4.022000,0.608508,352.001161,-147.611016,-160.590341,0.869871,-0.211738,-0.033629
4.023000,0.112175,316.949326,-251.005271,-77.118555,0.798627,-0.415754,0.146100
4.024000,-0.502566,259.358617,-321.782903,14.850574,0.688523,-0.550145,0.345258
4.025000,-0.961269,192.467378,-346.549916,119.591661,0.546036,-0.597101,0.568704
4.026000,-1.248689,111.871445,-319.995326,228.814555,0.376022,-0.543669,0.790531
4.027000,-1.237011,24.099296,-266.601213,309.928596,0.193056,-0.438422,0.954068
4.028000,-1.115685,-76.626325,-203.958403,348.607377,-0.014199,-0.308888,1.030169
4.029000,-0.889901,-188.854708,-128.439962,335.757628,-0.239264,-0.146971,1.002643
4.030000,-0.816586,-282.585762,-45.330905,290.058117,-0.420611,0.029519,0.910350
4.031000,-0.662496,-340.306347,49.772914,231.845645,-0.532334,0.225439,0.792150
4.032000,-0.442876,-348.570656,160.109837,160.265278,-0.548526,0.445647,0.633471
4.033000,0.030750,-311.238792,262.234266,76.690053,-0.478902,0.648044,0.452124
4.034000,0.605264,-252.974194,330.265396,-15.771250,-0.360702,0.774339,0.254584
4.035000,1.079214,-186.004954,351.431213,-120.486566,-0.221453,0.813200,0.031138
4.036000,1.407833,-105.823305,323.296480,-225.927421,-0.048201,0.758148,-0.184212
4.037000,1.332896,-18.517370,270.032198,-306.290573,0.134766,0.652901,-0.339653
4.038000,1.238820,82.493170,208.089151,-342.689784,0.338781,0.528225,-0.415754
4.039000,1.042233,195.058053,132.545043,-328.466886,0.562228,0.364688,-0.389847
4.040000,0.881005,288.166925,49.332499,-282.818924,0.745194,0.188198,-0.295935
4.041000,0.719129,344.488203,-46.703965,-225.046587,0.853679,-0.009341,-0.174497
4.042000,0.543628,350.679917,-158.284632,-152.662849,0.868251,-0.232787,-0.019056
4.043000,0.051836,311.508908,-259.554541,-67.947545,0.793769,-0.428707,0.168768
4.044000,-0.547658,252.130633,-325.668940,25.835050,0.670712,-0.556622,0.374403
4.045000,-1.011227,183.918148,-344.684617,132.001001,0.528225,-0.592244,0.592992
4.046000,-1.285671,102.881797,-314.995293,238.374147,0.354973,-0.533953,0.809961
4.047000,-1.238308,14.876481,-261.057140,315.602175,0.170387,-0.425469,0.962164
4.048000,-1.120875,-86.859516,-197.533503,349.824994,-0.033629,-0.292696,1.031788
4.049000,-0.887955,-199.139728,-120.616100,332.389750,-0.258694,-0.129160,0.997785
4.050000,-0.817235,-290.046948,-37.170263,284.384539,-0.436803,0.045711,0.900635
4.051000,-0.645302,-343.207923,58.814379,226.275693,-0.537192,0.243250,0.777578
4.052000,-0.423087,-346.757171,170.083940,154.021749,-0.546907,0.468315,0.620518
4.053000,0.037887,-306.834618,270.161732,69.462064,-0.469186,0.657759,0.437551
4.054000,0.619214,-247.533750,333.995968,-24.968162,-0.350987,0.784054,0.236774
4.055000,1.111006,-178.802851,349.850901,-132.196452,-0.203642,0.811580,0.011708
4.056000,1.430216,-97.455403,318.426011,-237.274629,-0.036867,0.746813,-0.203642
4.057000,1.354631,-9.242739,264.876755,-312.015999,0.152576,0.641567,-0.354225
4.058000,1.246281,93.244480,202.337852,-344.140572,0.358212,0.513652,-0.417373
4.059000,1.033149,206.016611,125.161616,-325.565312,0.586515,0.346877,-0.383370
4.060000,0.873869,296.586619,40.627822,-277.248943,0.761386,0.168768,-0.281362
4.061000,0.728537,348.270589,-56.937152,-218.880754,0.863394,-0.032009,-0.159924
4.062000,0.565688,348.918258,-169.476387,-145.460749,0.865013,-0.253836,-0.001245
4.063000,0.060271,306.716159,-268.414695,-59.657367,0.780816,-0.446518,0.186579
4.064000,-0.562580,246.120266,-330.124929,36.120042,0.659378,-0.566337,0.390595
4.065000,-1.011227,175.317105,-343.130202,144.617595,0.508795,-0.589005,0.615660
4.066000,-1.266531,92.700437,-309.218053,248.840475,0.333924,-0.522619,0.827772
4.067000,-1.241552,3.710656,-253.984562,321.767981,0.149338,-0.410896,0.975117
4.068000,-1.103033,-98.983905,-190.175957,350.757637,-0.059535,-0.279743,1.030169
4.069000,-0.846107,-210.875534,-111.963221,328.840525,-0.281362,-0.112968,0.989689
4.070000,-0.763709,-298.829386,-27.144333,278.089198,-0.452995,0.065141,0.887682
4.071000,-0.612862,-346.990333,70.498335,218.244599,-0.553384,0.269157,0.763005
4.072000,-0.374103,-344.425548,182.104675,144.798942,-0.543669,0.490984,0.601088
4.073000,0.060271,-301.342355,278.892307,59.721117,-0.461091,0.675570,0.411644
4.074000,0.653600,-240.590708,338.296489,-35.952644,-0.336414,0.792150,0.215724
4.075000,1.125279,-169.191412,347.959708,-144.579916,-0.184212,0.811580,-0.015818
4.076000,1.434109,-86.289566,312.052950,-247.015613,-0.007722,0.738717,-0.221453
4.077000,1.338735,2.648477,257.182449,-317.067846,0.175245,0.626994,-0.362321
4.078000,1.217085,105.446567,194.073597,-344.036944,0.385738,0.495841,-0.414135
4.079000,0.999412,217.026982,116.301502,-321.420206,0.604326,0.329066,-0.373655
4.080000,0.844672,304.151390,30.990500,-271.238545,0.775959,0.150957,-0.273266
4.081000,0.665603,350.938984,-67.947545,-211.160509,0.866632,-0.051440,-0.145352
4.082000,0.496915,346.042608,-180.538610,-136.522892,0.856917,-0.276505,0.016566
4.083000,0.011286,301.379368,-276.134947,-50.900867,0.771101,-0.462710,0.201152
4.084000,-0.599886,240.135806,-333.700083,45.524203,0.646425,-0.574433,0.406787
4.085000,-1.056968,167.441450,-341.368531,155.394807,0.495841,-0.587386,0.638329
4.086000,-1.297025,83.348093,-303.570348,257.493330,0.320971,-0.511285,0.845583
4.087000,-1.249987,-6.988848,-247.533750,325.809435,0.126670,-0.397943,0.981594
4.088000,-1.103357,-110.512440,-182.792505,349.799087,-0.083823,-0.261932,1.030169
4.089000,-0.856163,-220.461072,-104.113455,324.773165,-0.299173,-0.093538,0.978355
4.090000,-0.777658,-305.254297,-18.724625,273.063288,-0.467567,0.082952,0.877966
4.091000,-0.613187,-349.270143,80.239281,212.286046,-0.548526,0.288587,0.750052
4.092000,-0.376049,-341.601693,192.467378,137.519142,-0.535573,0.512033,0.584896
4.093000,0.084925,-296.394137,286.431172,52.104524,-0.448137,0.693381,0.400310
4.094000,0.676308,-235.772030,341.612554,-44.527794,-0.325080,0.797008,0.194675
4.095000,1.154475,-162.870143,346.586650,-154.761302,-0.174497,0.806723,-0.033629
4.096000,1.430541,-78.362082,307.337921,-255.616696,0.010089,0.729002,-0.240883
4.097000,1.348467,12.985285,251.379337,-321.601555,0.199533,0.614041,-0.370417
4.098000,1.220978,117.596841,187.026959,-343.233829,0.411644,0.478030,-0.417373
4.099000,0.993573,227.571031,108.166778,-317.378728,0.626994,0.312875,-0.363940
4.100000,0.832021,311.508908,22.026753,-266.290330,0.788912,0.133146,-0.261932
4.101000,0.681174,353.736914,-78.854311,-204.994677,0.871490,-0.075727,-0.134017
4.102000,0.514108,342.674730,-192.352133,-128.465868,0.848821,-0.299173,0.035996
4.103000,-0.009151,295.472629,-284.658314,-41.807580,0.756528,-0.478902,0.225439
4.104000,-0.596642,234.177253,-337.482493,55.679660,0.635090,-0.582529,0.432694
4.105000,-1.049831,159.902583,-339.917744,166.534714,0.479650,-0.582529,0.659378
4.106000,-1.274966,73.969842,-298.725758,266.560694,0.293445,-0.508047,0.858536
4.107000,-1.235389,-18.569184,-240.461174,330.861251,0.105620,-0.383370,0.994547
4.108000,-1.062807,-124.165335,-173.751016,348.581470,-0.111349,-0.242502,1.028550
4.109000,-0.795176,-232.067348,-94.242958,319.280933,-0.323461,-0.072489,0.971879
4.110000,-0.726078,-313.000461,-8.465535,266.612507,-0.478902,0.104001,0.866632
4.111000,-0.569717,-351.990370,92.104582,204.721273,-0.553384,0.308017,0.732241
4.112000,-0.329011,-337.715655,204.902621,127.907733,-0.527477,0.537940,0.563847
4.113000,0.120934,-289.062486,295.187654,41.353212,-0.431945,0.709572,0.377642
4.114000,0.709397,-228.284945,344.850898,-55.512278,-0.308888,0.806723,0.168768
4.115000,1.159341,-154.165445,344.617737,-165.797616,-0.153447,0.803484,-0.056297
4.116000,1.440273,-68.362053,302.363824,-263.777363,0.027900,0.733860,-0.255455
4.117000,1.336140,24.487897,244.099539,-325.746660,0.222201,0.601088,-0.380132
4.118000,1.186267,130.938824,177.415552,-341.161276,0.437551,0.460220,-0.414135
4.119000,0.953022,238.218706,97.804071,-311.368326,0.648044,0.290206,-0.350987
4.120000,0.786929,317.985596,11.793573,-259.606355,0.801865,0.107240,-0.247360
4.121000,0.626026,355.498573,-89.916520,-197.637130,0.874728,-0.095157,-0.117826
4.122000,0.453445,338.892345,-203.155290,-119.631641,0.843964,-0.323461,0.053807
4.123000,-0.052621,288.659153,-292.249034,-32.092531,0.741956,-0.496712,0.240012
4.124000,-0.652115,227.441497,-340.073185,65.627861,0.620518,-0.587386,0.452124
4.125000,-1.086813,152.415530,-337.767469,176.638349,0.463458,-0.579290,0.682046
4.126000,-1.302215,65.886929,-294.166144,273.944118,0.282110,-0.495093,0.881205
4.127000,-1.240579,-28.232418,-234.683942,334.332756,0.086190,-0.372036,1.001024
4.128000,-1.075459,-135.823408,-166.108498,346.534837,-0.134017,-0.226310,1.025311
4.129000,-0.798744,-241.367914,-85.253293,313.762795,-0.339653,-0.054678,0.960544
4.130000,-0.724132,-318.155936,1.068163,261.094369,-0.486997,0.125050,0.853679
4.131000,-0.558038,-353.052554,102.467289,198.659093,-0.555003,0.332305,0.719287
4.132000,-0.315711,-334.606825,214.721281,120.705652,-0.522619,0.554132,0.547655
4.133000,0.143966,-283.414783,302.312011,33.296203,-0.422230,0.724145,0.361450
4.134000,0.721724,-222.559528,347.519293,-65.097796,-0.297554,0.809961,0.150957
4.135000,1.181401,-147.688736,342.415663,-176.160353,-0.140494,0.795389,-0.078965
4.136000,1.458764,-61.082241,297.933770,-271.575335,0.042473,0.711192,-0.274886
4.137000,1.345223,33.555271,239.358603,-329.865860,0.236774,0.591373,-0.391466
4.138000,1.185294,142.545054,170.783422,-340.228627,0.458600,0.445647,-0.410896
4.139000,0.934856,248.451874,88.788515,-306.212852,0.670712,0.275634,-0.341272
4.140000,0.778170,323.970055,1.171791,-253.673680,0.809961,0.084571,-0.236025
4.141000,0.640949,356.716190,-101.833655,-190.797722,0.876347,-0.121064,-0.100015
4.142000,0.460582,335.602187,-214.165705,-111.496899,0.837487,-0.342891,0.071618
4.143000,-0.095766,282.260185,-300.357893,-22.766084,0.733860,-0.508047,0.265919
4.144000,-0.671903,220.239419,-342.948853,76.871401,0.607564,-0.593863,0.474792
4.145000,-1.077730,144.177180,-334.788174,188.503644,0.445647,-0.574433,0.706334
4.146000,-1.275614,56.845464,-288.803417,282.467439,0.261061,-0.483759,0.894158
4.147000,-1.223386,-38.517417,-228.725362,338.451930,0.063522,-0.360702,1.009120
4.148000,-1.034260,-147.792364,-158.051471,345.628100,-0.156686,-0.210119,1.026930
4.149000,-0.739703,-252.093360,-74.994196,308.270564,-0.360702,-0.033629,0.947591
4.150000,-0.673850,-324.347687,13.244353,253.244623,-0.499951,0.152576,0.834249
4.151000,-0.516839,-353.777948,115.550206,189.721262,-0.555003,0.358212,0.698238
4.152000,-0.275485,-330.539440,226.327507,110.886988,-0.511285,0.576800,0.529844
4.153000,0.194248,-276.368109,310.291290,22.907584,-0.409277,0.737098,0.337162
4.154000,0.760004,-214.062078,349.799087,-77.014927,-0.281362,0.809961,0.120193
4.155000,1.190808,-138.206836,338.348303,-188.051595,-0.119445,0.788912,-0.104872
4.156000,1.438326,-51.367190,291.897497,-279.580563,0.063522,0.698238,-0.286220
4.157000,1.329652,43.995703,232.907822,-333.207852,0.259442,0.575181,-0.396324
4.158000,1.159990,153.840401,162.441446,-338.907374,0.481269,0.427836,-0.409277
4.159000,0.904362,257.830118,79.073476,-301.005565,0.683666,0.252965,-0.331557
4.160000,0.730808,328.814618,-10.589892,-246.264313,0.822915,0.065141,-0.218214
4.161000,0.579312,356.172149,-114.268929,-181.937579,0.876347,-0.146971,-0.080585
4.162000,0.402189,331.146226,-224.424822,-102.092723,0.827772,-0.362321,0.094286
4.163000,-0.129180,276.120285,-306.886432,-13.387825,0.722526,-0.521000,0.283730
4.164000,-0.709858,212.881901,-344.710524,87.493177,0.589753,-0.592244,0.495841
4.165000,-1.120551,135.783389,-331.031671,198.736813,0.426217,-0.566337,0.727383
4.166000,-1.295403,48.477576,-282.948459,289.824957,0.241631,-0.470806,0.900635
4.167000,-1.232793,-47.662517,-223.103572,341.405300,0.044092,-0.347748,1.015596
4.168000,-1.043667,-158.025564,-151.289786,343.840534,-0.176116,-0.198784,1.018835
4.169000,-0.740028,-260.254027,-67.170340,303.607349,-0.376894,-0.017437,0.937876
4.170000,-0.667362,-328.311445,23.270279,247.700578,-0.511285,0.172007,0.824534
4.171000,-0.497375,-352.612136,127.260064,182.570997,-0.556622,0.382499,0.682046
4.172000,-0.254723,-326.212985,235.731658,102.855891,-0.504808,0.596230,0.507176
4.173000,0.216308,-271.316266,316.249843,14.176997,-0.401181,0.746813,0.314494
4.174000,0.771682,-208.103500,351.638467,-86.963143,-0.268409,0.819676,0.100763
4.175000,1.212868,-130.797483,335.213586,-198.621591,-0.104872,0.780816,-0.124302
4.176000,1.452276,-43.361988,286.457079,-287.430351,0.078094,0.685285,-0.304031
4.177000,1.335167,53.296236,227.545124,-336.731193,0.280491,0.565466,-0.404420
4.178000,1.150907,164.436266,156.249730,-337.352959,0.500699,0.414883,-0.404420
4.179000,0.880032,266.767948,71.430978,-296.730927,0.703096,0.238393,-0.323461
4.180000,0.726266,333.633274,-20.926702,-240.953404,0.834249,0.042473,-0.206880
4.181000,0.574122,355.006345,-127.377782,-174.010085,0.873109,-0.172878,-0.062774
4.182000,0.390187,326.327570,-235.072545,-92.636735,0.818057,-0.386609,0.115335
4.183000,-0.162593,270.032198,-313.440879,-3.051016,0.706334,-0.535573,0.308017
4.184000,-0.716346,205.731637,-346.679450,98.918062,0.576800,-0.597101,0.523367
4.185000,-1.103682,127.078716,-327.171541,210.912988,0.403548,-0.559860,0.753290
4.186000,-1.287617,38.633000,-276.083133,298.192837,0.220582,-0.456233,0.926542
4.187000,-1.209437,-58.621094,-215.875558,344.799084,0.023043,-0.331557,1.020454
4.188000,-1.005712,-169.554108,-143.155041,341.793901,-0.202023,-0.179354,1.017215
4.189000,-0.693963,-269.425063,-58.310213,298.581439,-0.394704,0.000374,0.929780
4.190000,-0.619026,-333.622362,34.228847,241.327517,-0.521000,0.188198,0.808342
4.191000,-0.456825,-351.161348,140.990648,173.166844,-0.553384,0.411644,0.662616
4.192000,-0.201521,-320.124861,246.949282,91.379192,-0.491855,0.620518,0.484507
4.193000,0.256209,-263.855083,322.493371,2.493037,-0.383370,0.764624,0.291825
4.194000,0.797959,-199.761492,352.700644,-99.294787,-0.250598,0.818057,0.076475
4.195000,1.220978,-121.419212,330.887158,-209.968794,-0.083823,0.779197,-0.146971
4.196000,1.457466,-32.921548,279.099562,-294.710189,0.104001,0.673951,-0.318603
4.197000,1.322840,64.487963,219.565844,-338.648305,0.296683,0.550893,-0.407658
4.198000,1.127226,175.653893,147.467338,-334.477291,0.526606,0.400310,-0.397943
4.199000,0.852134,274.850854,62.726302,-291.834523,0.717668,0.215724,-0.312127
4.200000,0.673064,337.907888,-31.004445,-234.787569,0.840725,0.023043,-0.195546
4.201000,0.511513,353.218779,-139.502177,-165.538547,0.873109,-0.198784,-0.046582
4.202000,0.324333,319.954509,-244.917156,-82.248103,0.805104,-0.404420,0.136385
4.203000,-0.199575,263.218723,-318.389098,7.855742,0.693381,-0.542049,0.332305
4.204000,-0.752679,198.218678,-346.783078,110.368853,0.560608,-0.597101,0.550893
4.205000,-1.131256,118.892179,-323.337318,220.809368,0.392214,-0.551764,0.772720
4.206000,-1.302540,29.772881,-270.202270,304.954500,0.204390,-0.444899,0.941114
4.207000,-1.226630,-68.724749,-209.113867,346.871624,0.000374,-0.316984,1.025311
4.208000,-1.022581,-179.968659,-135.693873,338.633277,-0.219834,-0.161543,1.010739
4.209000,-0.692016,-276.886247,-50.797240,293.788690,-0.409277,0.018185,0.918446
4.210000,-0.609294,-337.067983,42.985339,236.327513,-0.524238,0.210867,0.800246
4.211000,-0.427953,-349.555119,151.690140,166.923315,-0.553384,0.431074,0.651282
4.212000,-0.199250,-314.969386,255.887112,83.296280,-0.482140,0.636710,0.468315
4.213000,0.282485,-258.233290,326.975239,-7.532891,-0.370417,0.769482,0.278872
4.214000,0.823911,-193.181152,352.545203,-110.719694,-0.236025,0.818057,0.052188
4.215000,1.243361,-113.776699,327.363840,-219.709773,-0.066012,0.769482,-0.168020
4.216000,1.467198,-24.553653,274.125465,-302.041841,0.120193,0.664235,-0.334795
4.217000,1.321542,74.695232,213.710917,-341.705321,0.324209,0.537940,-0.412515
4.218000,1.121062,187.001052,140.109818,-331.731158,0.547655,0.379261,-0.396324
4.219000,0.828128,283.503709,54.772922,-286.549517,0.735479,0.196294,-0.302412
4.220000,0.668847,342.363849,-40.382706,-229.554382,0.850441,0.003612,-0.187450
4.221000,0.505673,352.001161,-151.056625,-158.802769,0.860156,-0.218214,-0.030390
4.222000,0.319791,314.617718,-254.684048,-73.154813,0.797008,-0.420611,0.154196
4.223000,-0.223905,256.379340,-323.389131,19.410168,0.678808,-0.556622,0.351735
4.224000,-0.769872,190.083956,-346.213126,123.607210,0.541178,-0.593863,0.571943
4.225000,-1.117307,109.669370,-318.777702,231.871552,0.371165,-0.540430,0.793769
4.226000,-1.293457,19.980117,-263.803270,312.648805,0.183341,-0.433565,0.957306
4.227000,-1.203273,-80.175558,-201.885854,349.358673,-0.019056,-0.302412,1.031788
4.228000,-0.972623,-192.300319,-126.626484,335.291306,-0.240883,-0.140494,1.001024
4.229000,-0.638490,-286.083193,-41.108097,287.182468,-0.423850,0.037615,0.905492
4.230000,-0.563553,-341.679414,53.529397,229.462224,-0.533953,0.233535,0.785674
4.231000,-0.394540,-348.467028,163.451809,158.529525,-0.550145,0.453743,0.631852
4.232000,-0.153834,-309.140332,265.653957,73.037198,-0.470806,0.652901,0.445647
4.233000,0.326928,-250.150344,331.586640,-20.071778,-0.354225,0.779197,0.244869
4.234000,0.855702,-183.440176,350.913078,-124.061708,-0.216595,0.813200,0.027900
4.235000,1.234603,-103.569412,321.949329,-230.590656,-0.044963,0.758148,-0.190688
4.236000,1.467847,-14.216843,267.260176,-308.596287,0.141242,0.644805,-0.346129
4.237000,1.296563,86.094211,206.068425,-343.363364,0.343639,0.518510,-0.415754
4.238000,1.086027,198.477745,130.861104,-328.000562,0.568704,0.359831,-0.386609
4.239000,0.799256,291.586616,45.057881,-279.891446,0.750052,0.181722,-0.289458
4.240000,0.623107,345.887168,-50.564079,-222.559528,0.853679,-0.019056,-0.171258
4.241000,0.454094,350.472663,-161.574801,-150.849370,0.865013,-0.240883,-0.014199
4.242000,0.262697,309.462274,-262.974249,-64.320592,0.787293,-0.430326,0.172007
4.243000,-0.264780,249.332703,-327.171541,29.980135,0.665855,-0.561479,0.376022
4.244000,-0.820155,181.327472,-344.088758,135.213440,0.521748,-0.590625,0.601088
4.245000,-1.151369,100.498375,-313.570413,241.431144,0.350116,-0.530715,0.813200
4.246000,-1.304811,10.394607,-258.103756,317.700621,0.163911,-0.418992,0.967021
4.247000,-1.209761,-90.667817,-195.409141,350.265409,-0.043344,-0.289458,1.031788
4.248000,-0.967433,-202.403992,-118.880343,332.001149,-0.265171,-0.125922,0.997785
4.249000,-0.633624,-293.388937,-32.766108,281.482983,-0.438422,0.053807,0.894158
4.250000,-0.557065,-344.529176,62.700396,223.633204,-0.542049,0.249727,0.772720
4.251000,-0.345880,-346.524009,173.400005,152.052835,-0.546907,0.471554,0.615660
4.252000,-0.123665,-304.684345,273.374169,65.861022,-0.461091,0.667474,0.429455
4.253000,0.343473,-244.865342,335.394933,-29.087342,-0.346129,0.787293,0.225439
4.254000,0.873544,-176.263980,349.280952,-135.978849,-0.198784,0.811580,0.003612
4.255000,1.261203,-94.994255,317.001139,-240.176198,-0.027152,0.748433,-0.208499
4.256000,1.474010,-4.553610,261.871571,-314.062644,0.162291,0.635090,-0.359083
4.257000,1.302402,97.078681,200.161684,-344.399641,0.363069,0.505556,-0.420611
4.258000,1.074024,209.280862,123.399956,-325.124895,0.589753,0.345258,-0.381751
4.259000,0.775575,299.773149,36.223669,-274.476906,0.766243,0.160672,-0.278124
4.260000,0.619863,349.436393,-61.056334,-216.082813,0.866632,-0.038486,-0.153447
4.261000,0.439171,348.426029,-172.896090,-143.310482,0.863394,-0.261932,0.003612
4.262000,0.255560,304.514085,-271.627149,-55.926787,0.774339,-0.454614,0.191437
4.263000,-0.286839,243.529591,-331.446182,40.083779,0.654520,-0.569575,0.398691
4.264000,-0.818857,172.959590,-342.663877,148.089101,0.505556,-0.590625,0.623756
4.265000,-1.135149,90.213388,-307.689546,251.949285,0.330686,-0.517762,0.832630
4.266000,-1.292483,-1.082100,-250.927551,323.659174,0.141242,-0.404420,0.979974
4.267000,-1.176348,-102.999462,-187.688900,350.835357,-0.067631,-0.271647,1.033407
4.268000,-0.926234,-214.165705,-110.227464,328.063322,-0.286220,-0.111349,0.986451
4.269000,-0.586910,-301.886400,-22.869712,275.291269,-0.459471,0.074856,0.884443
4.270000,-0.508081,-348.000703,74.617511,215.472577,-0.548526,0.274015,0.756528
4.271000,-0.346853,-343.881502,185.679808,142.519147,-0.542049,0.497461,0.597849
4.272000,-0.097713,-298.958920,282.078838,55.912821,-0.452995,0.685285,0.410025
4.273000,0.375913,-237.922300,339.410480,-39.942291,-0.329937,0.790531,0.204390
4.274000,0.894630,-166.911610,347.467480,-147.921898,-0.180973,0.809961,-0.023914
4.275000,1.268016,-83.932046,310.705799,-249.839462,-0.004483,0.735479,-0.229549
4.276000,1.462008,7.544860,254.021826,-318.622260,0.186579,0.622137,-0.365559
4.277000,1.280019,109.643463,191.457014,-343.751968,0.395453,0.487746,-0.418992
4.278000,1.041584,220.291233,114.513935,-320.617092,0.610803,0.324209,-0.372036
4.279000,0.743459,307.156574,26.689974,-268.492416,0.782435,0.141242,-0.268409
4.280000,0.565039,351.845721,-72.092634,-208.543917,0.869871,-0.061155,-0.138875
4.281000,0.394728,345.135872,-184.113754,-134.294905,0.853679,-0.282981,0.024662
4.282000,0.207549,298.892320,-279.217867,-46.937127,0.763005,-0.470806,0.210867
4.283000,-0.326740,237.441504,-334.891801,49.436126,0.643186,-0.577671,0.418121
4.284000,-0.850648,165.187562,-340.954020,158.659059,0.490984,-0.589005,0.644805
4.285000,-1.161425,81.068298,-302.326817,260.239446,0.312875,-0.508047,0.852060
4.286000,-1.303837,-11.833418,-244.269484,327.363840,0.115335,-0.391466,0.986451
4.287000,-1.184782,-114.787065,-180.124100,349.436393,-0.093538,-0.255455,1.031788
4.288000,-0.926558,-223.777151,-102.144537,323.788708,-0.305650,-0.087061,0.976736
4.289000,-0.578800,-308.129963,-14.424097,270.343079,-0.470806,0.095905,0.871490
4.290000,-0.499646,-350.073257,84.358457,209.643557,-0.553384,0.290206,0.741956
4.291000,-0.325443,-340.694951,196.120230,135.291160,-0.533953,0.518510,0.581658
4.292000,-0.066895,-293.751634,289.488169,48.166694,-0.443280,0.698238,0.390595
4.293000,0.394728,-233.025902,342.674730,-48.362001,-0.318603,0.801865,0.186579
4.294000,0.918960,-160.719875,346.042608,-157.999657,-0.168020,0.806723,-0.040105
4.295000,1.280992,-76.160003,306.327557,-258.233290,0.010089,0.727383,-0.245740
4.296000,1.473037,17.726227,248.244620,-323.181876,0.207628,0.607564,-0.373655
4.297000,1.274179,121.975084,184.254936,-342.741598,0.421359,0.471554,-0.414135
4.298000,1.028932,230.887095,106.016516,-316.238824,0.635090,0.306398,-0.362321
4.299000,0.725293,314.255023,17.544879,-263.414666,0.793769,0.121812,-0.257075
4.300000,0.560822,354.565930,-83.077121,-202.403992,0.873109,-0.085442,-0.127541
4.301000,0.398945,341.819808,-195.927278,-126.186068,0.848821,-0.307269,0.039234
4.302000,0.174460,292.674699,-287.844862,-37.636585,0.750052,-0.486997,0.233535
4.303000,-0.329660,231.249790,-338.415142,59.669303,0.630233,-0.584148,0.439170
4.304000,-0.842538,157.648695,-339.321884,169.798965,0.474792,-0.584148,0.665855
4.305000,-1.150071,71.975021,-297.663575,269.073649,0.293445,-0.517762,0.866632
4.306000,-1.289564,-23.102873,-237.430070,332.156589,0.092667,-0.381751,0.994547
4.307000,-1.142610,-128.491775,-171.004891,348.089242,-0.121064,-0.239264,1.025311
4.308000,-0.870437,-235.357520,-91.885438,318.037409,-0.326699,-0.067631,0.970259
4.309000,-0.529167,-315.617059,-3.854126,263.607324,-0.483759,0.116955,0.858536
4.310000,-0.453581,-352.586229,96.379199,202.026971,-0.556622,0.317732,0.724145
4.311000,-0.278404,-336.938448,208.374126,125.783378,-0.527477,0.542797,0.560608
4.312000,-0.026345,-286.212727,298.192837,37.596729,-0.427088,0.714430,0.367927
4.313000,0.430412,-225.331563,345.679914,-59.786901,-0.302412,0.809961,0.160672
4.314000,0.924475,-151.911550,343.918255,-169.165505,-0.148590,0.803484,-0.064393
4.315000,1.265421,-66.522670,301.327554,-266.316237,0.032758,0.720907,-0.260313
4.316000,1.451302,28.917957,241.379330,-327.223355,0.227058,0.592992,-0.381751
4.317000,1.240442,135.057999,174.721249,-340.876300,0.444028,0.453743,-0.410896
4.318000,0.987733,241.482957,95.446555,-310.668840,0.651282,0.285349,-0.350987
4.319000,0.680201,320.420830,6.949004,-256.419809,0.805104,0.097525,-0.239264
4.320000,0.517352,355.887174,-94.320678,-194.761470,0.877966,-0.108111,-0.109730
4.321000,0.350610,338.011515,-206.678623,-117.429561,0.842345,-0.328318,0.058664
4.322000,0.118987,285.835317,-295.176513,-28.180605,0.737098,-0.499951,0.254584
4.323000,-0.374752,224.229059,-340.876300,70.032013,0.614041,-0.585767,0.460220
4.324000,-0.876925,150.032108,-336.990262,180.032135,0.456981,-0.579290,0.690142
4.325000,-1.167264,63.866201,-292.974427,276.431166,0.282110,-0.491855,0.884443
4.326000,-1.299296,-32.610667,-231.886000,335.705814,0.076475,-0.367179,1.002643
4.327000,-1.152991,-139.890780,-163.491907,346.172142,-0.138875,-0.219834,1.026930
4.328000,-0.866220,-244.632180,-82.895774,312.467458,-0.344510,-0.048201,0.957306
4.329000,-0.523652,-320.461651,5.990453,257.726491,-0.493474,0.136385,0.843964
4.330000,-0.443200,-353.259809,106.897346,195.679816,-0.556622,0.342020,0.712811
4.331000,-0.255372,-333.725990,218.063252,118.425857,-0.516143,0.563847,0.542797
4.332000,-0.001041,-280.668653,305.213567,29.332466,-0.415754,0.730622,0.353354
4.333000,0.449876,-219.269357,348.218775,-69.372419,-0.289458,0.808342,0.142861
4.334000,0.950752,-145.305308,341.327579,-179.683684,-0.132398,0.797008,-0.082204
4.335000,1.281316,-59.087417,296.819780,-274.010582,0.048949,0.704715,-0.276505
4.336000,1.456168,37.881703,236.560674,-331.187112,0.246489,0.586515,-0.391466
4.337000,1.243686,146.353348,168.296373,-339.865930,0.463458,0.439170,-0.409277
4.338000,0.969891,251.586591,86.586440,-305.021135,0.672331,0.270776,-0.341272
4.339000,0.664630,326.068502,-3.905940,-250.357599,0.816438,0.076475,-0.226310
4.340000,0.518325,356.690284,-106.548696,-187.585272,0.873109,-0.135637,-0.096776
4.341000,0.371047,334.565917,-217.663131,-108.958030,0.834249,-0.350987,0.076475
4.342000,0.086871,279.539976,-303.052210,-18.880065,0.727383,-0.516143,0.272395
4.343000,-0.388701,216.975168,-343.570619,81.249645,0.597849,-0.593863,0.484507
4.344000,-0.870761,141.534690,-333.466921,192.208310,0.439170,-0.569575,0.712811
4.345000,-1.140988,54.747016,-287.274910,285.006301,0.257823,-0.480521,0.900635
4.346000,-1.260368,-42.817945,-225.823793,339.721361,0.053807,-0.350987,1.010739
4.347000,-1.122821,-151.522948,-155.564414,344.850898,-0.161543,-0.206880,1.025311
4.348000,-0.819830,-255.020837,-72.973465,307.234294,-0.365559,-0.028771,0.947591
4.349000,-0.474343,-326.316613,18.347990,250.032186,-0.504808,0.160672,0.827772
4.350000,-0.392269,-353.415251,120.472491,186.301570,-0.559860,0.371165,0.690142
4.351000,-0.231366,-329.244094,229.721291,108.348125,-0.509666,0.584896,0.521748
4.352000,0.046646,-273.777420,312.933779,18.840219,-0.402800,0.745194,0.330686
4.353000,0.481668,-210.771906,350.369036,-81.444992,-0.274886,0.816438,0.115335
4.354000,0.959835,-135.460712,337.104779,-191.600834,-0.116206,0.785674,-0.109730
4.355000,1.271584,-49.139205,290.291278,-282.067625,0.066760,0.693381,-0.294316
4.356000,1.441895,48.399855,229.824918,-334.321849,0.267538,0.568704,-0.397943
4.357000,1.216112,157.441441,159.980304,-338.363328,0.484507,0.421359,-0.410896
4.358000,0.933234,260.576234,77.234095,-300.176544,0.691761,0.246489,-0.334795
4.359000,0.614997,330.705811,-15.563996,-243.077768,0.826153,0.053807,-0.211738
4.360000,0.436576,355.654014,-119.320759,-178.284714,0.873109,-0.156686,-0.072489
4.361000,0.298057,329.721354,-227.818622,-99.294787,0.824534,-0.370417,0.100763
4.362000,0.038860,273.322356,-309.347588,-9.242739,0.716049,-0.525858,0.290206
4.363000,-0.418546,209.591743,-345.150942,91.897328,0.581658,-0.593863,0.507176
4.364000,-0.896389,133.037272,-329.710418,202.700546,0.421359,-0.561479,0.735479
4.365000,-1.162723,46.171872,-281.212697,292.415632,0.240012,-0.464329,0.916827
4.366000,-1.289888,-52.144394,-219.787494,342.337943,0.035996,-0.339653,1.015596
4.367000,-1.124443,-161.652521,-148.880451,343.192865,-0.179354,-0.192308,1.018835
4.368000,-0.826318,-262.974249,-65.330957,302.674706,-0.380132,-0.014199,0.936257
4.369000,-0.465908,-330.124929,28.063033,244.617674,-0.511285,0.178483,0.818057
4.370000,-0.368588,-352.016277,132.104628,179.099491,-0.556622,0.392214,0.677189
4.371000,-0.202819,-324.839919,239.073629,100.057960,-0.501570,0.601088,0.502318
4.372000,0.068056,-268.570136,318.581451,9.980098,-0.391466,0.759767,0.309636
4.373000,0.497563,-204.709702,351.871628,-91.600463,-0.261932,0.818057,0.094286
4.374000,0.972811,-128.129080,333.866435,-202.144923,-0.100015,0.779197,-0.134017
4.375000,1.277423,-41.056283,284.747233,-290.072854,0.084571,0.683666,-0.310507
4.376000,1.440273,57.752202,224.125432,-337.637935,0.288587,0.560608,-0.404420
4.377000,1.210597,168.192746,153.659054,-336.498030,0.507176,0.411644,-0.402800
4.378000,0.922204,269.514063,69.617504,-295.875999,0.704715,0.230297,-0.321842
4.379000,0.608833,335.369026,-25.589925,-238.077742,0.834249,0.032758,-0.203642
4.380000,0.441442,354.306862,-132.274172,-170.668102,0.874728,-0.184212,-0.057916
4.381000,0.293839,324.462284,-238.492252,-89.683358,0.813200,-0.388228,0.118574
4.382000,0.018098,267.234269,-315.720686,1.430858,0.703096,-0.540430,0.317732
4.383000,-0.426656,202.337852,-346.653543,103.710814,0.567085,-0.597101,0.534702
4.384000,-0.895740,124.436226,-325.850288,214.462213,0.403548,-0.553384,0.759767
4.385000,-1.143259,36.353203,-274.425092,300.887140,0.215724,-0.454614,0.933018
4.386000,-1.258421,-63.232506,-212.429945,345.628100,0.011708,-0.325080,1.020454
4.387000,-1.082596,-173.440134,-140.486637,340.783538,-0.206880,-0.172878,1.015596
4.388000,-0.758518,-272.015752,-56.419016,297.752423,-0.399562,0.003612,0.928161
4.389000,-0.420492,-335.358126,38.736627,238.322333,-0.521000,0.204390,0.805104
4.390000,-0.330309,-350.565489,145.602051,170.032126,-0.553384,0.418121,0.657759
4.391000,-0.152537,-318.389098,250.291253,88.555354,-0.490236,0.622137,0.479650
4.392000,0.122880,-260.927606,324.332750,-2.092465,-0.376894,0.766243,0.283730
4.393000,0.524813,-196.238160,352.519296,-104.191176,-0.242502,0.818057,0.068379
4.394000,0.978326,-118.698995,329.565914,-213.362592,-0.078965,0.774339,-0.151828
4.395000,1.286182,-30.693564,277.571063,-297.585854,0.107240,0.669093,-0.325080
4.396000,1.419187,69.177089,216.172059,-339.814116,0.311256,0.544417,-0.407658
4.397000,1.179454,179.669440,144.643501,-333.363293,0.533082,0.387357,-0.394704
4.398000,0.887818,277.545156,60.783294,-290.668713,0.722526,0.210867,-0.310507
4.399000,0.559200,339.669547,-35.460414,-231.834186,0.843964,0.014947,-0.187450
4.400000,0.378184,352.648830,-143.984059,-162.455633,0.873109,-0.195546,-0.041724
4.401000,0.223444,318.348290,-248.181422,-79.372447,0.803484,-0.409277,0.141242
4.402000,-0.036077,260.161726,-320.150768,12.570777,0.686904,-0.546907,0.340401
4.403000,-0.471748,194.539918,-346.316753,115.446579,0.549274,-0.597101,0.558989
4.404000,-0.925910,116.094248,-321.964251,224.229059,0.384118,-0.548526,0.777578
4.405000,-1.159803,27.363550,-268.803298,307.234294,0.197913,-0.443280,0.944353
4.406000,-1.267504,-73.439788,-205.668255,347.467480,-0.007722,-0.310507,1.026930
4.407000,-1.083893,-184.036034,-132.792309,337.441566,-0.231168,-0.156686,1.002643
4.408000,-0.777658,-279.632377,-48.802416,292.519259,-0.412515,0.023043,0.916827
4.409000,-0.410111,-338.700118,47.441305,233.244610,-0.524238,0.218963,0.790531
4.410000,-0.314737,-348.881539,155.938849,163.892224,-0.551764,0.439170,0.644805
4.411000,-0.136317,-313.285437,259.047735,80.576069,-0.480521,0.641567,0.461839
4.412000,0.141046,-255.253999,328.659178,-12.247927,-0.362321,0.772720,0.262680
4.413000,0.552063,-189.476472,351.897534,-115.849245,-0.227930,0.816438,0.044092
4.414000,1.001358,-110.875135,325.731715,-223.284920,-0.059535,0.767863,-0.172878
4.415000,1.286507,-22.196135,272.674687,-304.347555,0.126670,0.659378,-0.338033
4.416000,1.420484,79.410264,210.317132,-342.352994,0.332305,0.529844,-0.414135
4.417000,1.169722,191.016599,137.156447,-330.591253,0.552512,0.372784,-0.391466
4.418000,0.865434,286.275732,52.596753,-285.098731,0.740337,0.193056,-0.300792
4.419000,0.545899,343.918255,-44.968210,-226.419651,0.853679,-0.004483,-0.179354
4.420000,0.385969,351.431213,-155.331253,-155.668042,0.868251,-0.226310,-0.025533
4.421000,0.225066,313.141033,-257.663339,-70.590039,0.795389,-0.427088,0.160672
4.422000,-0.058460,253.503690,-324.891732,23.969762,0.673951,-0.555003,0.364688
4.423000,-0.481804,186.172036,-345.332290,128.710842,0.533082,-0.595482,0.583277
4.424000,-0.910014,106.586465,-317.119659,235.343057,0.361450,-0.540430,0.797008
4.425000,-1.151693,17.389439,-262.378391,314.773159,0.176864,-0.428707,0.960544
4.426000,-1.241552,-84.968318,-198.595684,349.824994,-0.028771,-0.295935,1.035026
4.427000,-1.037504,-196.264067,-123.750826,334.099595,-0.250598,-0.135637,1.002643
4.428000,-0.716346,-288.881137,-38.854205,285.705783,-0.431945,0.044092,0.903873
4.429000,-0.361776,-343.078388,58.192617,226.016625,-0.537192,0.244869,0.780816
4.430000,-0.272241,-347.793448,167.648704,155.342994,-0.545288,0.460220,0.625375
4.431000,-0.084737,-307.741360,268.529607,70.550148,-0.470806,0.657759,0.440789
4.432000,0.183867,-247.222868,333.089232,-24.346399,-0.346129,0.782435,0.238393
4.433000,0.581908,-179.502336,349.850901,-129.579862,-0.205261,0.814819,0.016566
4.434000,1.012388,-100.331060,320.058136,-233.958549,-0.038486,0.751671,-0.195546
4.435000,1.278072,-11.470723,265.757584,-310.513398,0.147719,0.644805,-0.347748
4.436000,1.400371,90.990591,202.700546,-343.596526,0.354973,0.512033,-0.417373
4.437000,1.132741,202.415572,127.907733,-326.808844,0.578419,0.354973,-0.384989
4.438000,0.828777,294.410452,42.700364,-278.544288,0.754909,0.172007,-0.284601
4.439000,0.506322,347.234319,-55.434558,-219.088009,0.860156,-0.027152,-0.163163
4.440000,0.326604,349.695460,-165.901243,-147.533295,0.863394,-0.247360,-0.006103
4.441000,0.167972,308.089217,-265.875820,-61.885352,0.782435,-0.443280,0.180102
4.442000,-0.078573,246.586588,-328.700049,34.202940,0.659378,-0.563099,0.385738
4.443000,-0.524301,177.337832,-343.104295,140.887021,0.513652,-0.590625,0.609184
4.444000,-0.944725,97.234122,-311.446047,244.850835,0.345258,-0.525858,0.821295
4.445000,-1.164669,7.493047,-256.471623,319.643628,0.155815,-0.415754,0.973498
4.446000,-1.239282,-95.616019,-191.937623,350.265409,-0.053059,-0.281362,1.031788
4.447000,-1.046263,-206.264113,-116.030593,330.809438,-0.268409,-0.116206,0.996166
4.448000,-0.719590,-296.083254,-30.486309,280.265365,-0.444899,0.063522,0.892539
4.449000,-0.358532,-345.798615,67.596776,220.006259,-0.542049,0.259442,0.766243
4.450000,-0.256345,-345.565452,177.804153,148.529515,-0.543669,0.479650,0.610803
4.451000,-0.075005,-303.285372,276.301632,63.348065,-0.459471,0.675570,0.424598
4.452000,0.204953,-242.248748,336.845711,-33.232430,-0.338033,0.790531,0.218963
4.453000,0.598452,-172.403860,348.322402,-140.667985,-0.192308,0.808342,-0.007722
4.454000,1.021795,-91.704090,314.902692,-243.544091,-0.019056,0.745194,-0.214976
4.455000,1.285533,-1.574329,260.161726,-315.824314,0.167149,0.631852,-0.360702
4.456000,1.401020,102.260035,196.586552,-344.270106,0.379261,0.499080,-0.418992
4.457000,1.122035,213.270502,120.446585,-323.829549,0.594611,0.333924,-0.381751
4.458000,0.806718,302.545172,33.917966,-273.311096,0.769482,0.155815,-0.278124
4.459000,0.484587,350.550383,-66.108161,-212.533573,0.865013,-0.048201,-0.148590
4.460000,0.324982,347.286132,-177.507509,-139.761246,0.860156,-0.270028,0.010089
4.461000,0.164728,303.011493,-274.476906,-53.336107,0.772720,-0.457852,0.197913
4.462000,-0.130153,240.990729,-332.871062,44.202957,0.648044,-0.574433,0.405168
4.463000,-0.529491,169.203110,-341.783042,152.622784,0.497461,-0.587386,0.633471
4.464000,-0.923639,86.949135,-305.798342,255.032189,0.320971,-0.517762,0.839106
4.465000,-1.146178,-4.320449,-249.114069,325.317207,0.134766,-0.399562,0.979974
4.466000,-1.208788,-108.388080,-183.802872,350.291316,-0.075727,-0.263551,1.035026
4.467000,-0.995656,-218.103548,-107.170460,326.560731,-0.294316,-0.096776,0.986451
4.468000,-0.663469,-304.554811,-20.486287,274.125465,-0.459471,0.081333,0.884443
4.469000,-0.308574,-349.036980,79.565705,212.052885,-0.550145,0.288587,0.750052
4.470000,-0.218066,-342.378901,190.368931,138.918107,-0.533953,0.507176,0.589753
4.471000,-0.040943,-297.300879,284.928581,53.192609,-0.448137,0.691761,0.401929
4.472000,0.244855,-235.357520,340.809444,-43.931938,-0.325080,0.798627,0.196294
4.473000,0.621485,-163.258745,346.690277,-152.403780,-0.171258,0.808342,-0.030390
4.474000,1.025364,-80.771415,308.840512,-252.792846,-0.002864,0.729002,-0.237645
4.475000,1.269638,10.783209,252.234260,-320.358023,0.193056,0.618899,-0.368798
4.476000,1.373446,115.161605,187.415560,-343.078388,0.408406,0.481269,-0.414135
4.477000,1.092515,224.254966,111.249683,-318.933143,0.620518,0.316113,-0.368798
4.478000,0.776548,309.799062,24.254736,-267.300699,0.785674,0.136385,-0.265171
4.479000,0.447281,352.856084,-77.144462,-205.020584,0.869871,-0.072489,-0.134017
4.480000,0.265292,343.711001,-188.854708,-130.512508,0.853679,-0.289458,0.031138
4.481000,0.117690,297.104754,-282.171252,-44.009658,0.758148,-0.472425,0.218963
4.482000,-0.166486,234.773108,-336.161240,53.658931,0.633471,-0.582529,0.426217
4.483000,-0.560634,161.638336,-339.995464,163.115021,0.482888,-0.585767,0.651282
4.484000,-0.960945,78.063112,-300.539241,263.192816,0.306398,-0.506427,0.853679
4.485000,-1.159803,-15.071767,-242.533723,328.995965,0.108859,-0.388228,0.988070
4.486000,-1.218520,-120.408846,-176.030818,348.426029,-0.101634,-0.248979,1.030169
4.487000,-0.987221,-227.714994,-98.724837,321.923422,-0.313746,-0.082204,0.976736
4.488000,-0.656008,-310.565212,-11.833418,269.047742,-0.474044,0.099144,0.866632
4.489000,-0.294300,-350.980000,89.410278,206.146145,-0.553384,0.299921,0.738717
4.490000,-0.198277,-339.166443,200.783446,131.508773,-0.530715,0.526606,0.571943
4.491000,-0.032508,-291.912244,292.467445,45.213322,-0.440041,0.701476,0.380880
4.492000,0.265292,-230.202053,343.918255,-52.766157,-0.310507,0.806723,0.178483
4.493000,0.644193,-157.015197,345.109965,-162.507447,-0.159924,0.805104,-0.048201
4.494000,0.999736,-73.387974,304.591805,-261.057140,0.016566,0.725764,-0.248979
4.495000,1.280343,20.757321,246.767935,-324.736291,0.215724,0.607564,-0.378513
4.496000,1.372149,127.726385,180.109855,-341.757135,0.429455,0.463458,-0.412515
4.497000,1.078566,234.928549,102.389569,-314.243993,0.639948,0.299921,-0.359083
4.498000,0.759031,316.716165,14.772853,-262.067509,0.800246,0.115335,-0.253836
4.499000,0.445984,355.213599,-88.284391,-198.854753,0.874728,-0.093538,-0.119445
4.500000,0.271456,340.317216,-200.538698,-122.455485,0.847202,-0.315365,0.048949
4.501000,0.099523,290.524439,-290.772341,-34.709117,0.746813,-0.491855,0.238393
4.502000,-0.176218,228.270513,-339.555047,64.254802,0.625375,-0.584148,0.450505
4.503000,-0.548631,153.892215,-338.130166,174.384461,0.465077,-0.579290,0.678808
4.504000,-0.931100,68.995742,-296.031441,271.923391,0.286968,-0.499951,0.873109
4.505000,-1.145854,-26.004434,-236.005192,333.840528,0.087809,-0.375274,0.997785
4.506000,-1.178943,-133.906302,-166.885703,347.182505,-0.125922,-0.226310,1.030169
4.507000,-0.940832,-239.269458,-88.103043,315.861242,-0.334795,-0.059535,0.963783
4.508000,-0.612862,-317.870960,-0.797125,261.949292,-0.488617,0.125050,0.855298
4.509000,-0.251155,-353.104368,101.612366,198.296398,-0.556622,0.332305,0.719287
4.510000,-0.136317,-335.409940,212.855994,122.052804,-0.524238,0.549274,0.554132
4.511000,0.011286,-284.114269,301.172114,34.436101,-0.422230,0.719287,0.361450
4.512000,0.294488,-222.119112,346.612557,-64.398312,-0.294316,0.808342,0.154196
4.513000,0.645815,-148.103246,342.467476,-173.802830,-0.138875,0.798627,-0.074108
4.514000,1.023093,-63.465667,299.539989,-269.036460,0.037615,0.714430,-0.268409
4.515000,1.266718,31.689983,240.058086,-328.725955,0.236774,0.592992,-0.388228
4.516000,1.342304,140.394792,170.705702,-340.021371,0.453743,0.447266,-0.410896
4.517000,1.041908,245.368970,91.767794,-308.078149,0.660997,0.278872,-0.346129
4.518000,0.713939,322.674718,3.632935,-254.735862,0.808342,0.094286,-0.239264
4.519000,0.388889,356.198055,-99.838830,-190.823628,0.877966,-0.114587,-0.100015
4.520000,0.198141,336.405296,-211.108696,-113.595351,0.839106,-0.338033,0.066760
4.521000,0.055405,283.685057,-298.078085,-25.227230,0.735479,-0.508047,0.259442
4.522000,-0.215795,220.912995,-341.808949,74.643418,0.605945,-0.590625,0.471554
4.523000,-0.581395,145.990653,-335.306312,184.747164,0.447266,-0.572814,0.699857
4.524000,-0.945698,60.886921,-291.160944,279.229095,0.274015,-0.491855,0.886062
4.525000,-1.148449,-35.408601,-230.512936,337.052965,0.071618,-0.362321,1.005881
4.526000,-1.186728,-144.942612,-159.657695,345.239499,-0.148590,-0.211738,1.023692
4.527000,-0.943752,-248.414584,-79.294727,310.420824,-0.354225,-0.040105,0.954068
4.528000,-0.602806,-322.534203,9.384242,255.990739,-0.496712,0.144481,0.842345
4.529000,-0.227798,-353.233902,112.545021,191.741989,-0.555003,0.354973,0.703096
4.530000,-0.127558,-332.067948,222.545120,114.488029,-0.516143,0.570323,0.536321
4.531000,0.032696,-278.725636,307.959683,26.249559,-0.410896,0.735479,0.343639
4.532000,0.314925,-215.953278,349.021885,-74.165178,-0.282981,0.814819,0.134766
4.533000,0.665279,-141.030680,339.617734,-184.502357,-0.124302,0.792150,-0.096776
4.534000,1.036718,-56.004507,294.799053,-276.938060,0.055426,0.704715,-0.282981
4.535000,1.266718,40.679635,235.239430,-332.586086,0.252965,0.581658,-0.394704
4.536000,1.337113,151.456979,164.617613,-338.959188,0.474792,0.432694,-0.407658
4.537000,1.026013,255.265350,83.063119,-303.207652,0.678808,0.257823,-0.339653
4.538000,0.699016,328.037415,-7.377450,-248.595932,0.819676,0.068379,-0.224691
4.539000,0.382725,356.405309,-112.351824,-183.362456,0.877966,-0.145352,-0.085442
4.540000,0.222471,332.674724,-222.015484,-104.890660,0.832630,-0.357463,0.086190
4.541000,0.022316,277.700597,-305.694714,-15.745343,0.720907,-0.522619,0.275634
4.542000,-0.235908,213.503663,-344.296013,85.912864,0.591373,-0.592244,0.495841
4.543000,-0.578151,137.234167,-331.549809,197.001060,0.431074,-0.567956,0.725764
4.544000,-0.926558,51.508669,-284.995103,288.037391,0.248108,-0.472425,0.905492
4.545000,-1.126065,-45.719507,-224.139847,340.913071,0.050568,-0.347748,1.015596
4.546000,-1.149098,-156.393433,-151.782016,344.177322,-0.172878,-0.195546,1.022073
4.547000,-0.891199,-258.440545,-69.605580,305.420821,-0.370417,-0.020675,0.945972
4.548000,-0.555443,-328.156003,21.689965,248.503687,-0.506427,0.170387,0.826153
4.549000,-0.188870,-352.819391,126.431047,181.975141,-0.553384,0.379261,0.683666
4.550000,-0.080195,-327.119727,234.203160,103.995788,-0.508047,0.592992,0.510414
4.551000,0.076815,-271.782590,315.394921,15.653684,-0.397943,0.751671,0.322590
4.552000,0.357098,-207.559456,350.809451,-85.978684,-0.265171,0.816438,0.107240
4.553000,0.684743,-131.237899,335.135866,-196.471322,-0.103253,0.784054,-0.119445
4.554000,1.024715,-45.823134,287.752417,-284.917383,0.074856,0.686904,-0.300792
4.555000,1.243361,51.327321,228.218700,-335.591288,0.274015,0.565466,-0.402800
4.556000,1.304673,162.467352,156.197917,-337.223424,0.497461,0.418121,-0.404420
4.557000,0.983192,263.995925,73.969842,-298.466689,0.696619,0.240012,-0.331557
4.558000,0.645166,332.519284,-18.776438,-241.678797,0.826153,0.044092,-0.214976
4.559000,0.319467,354.824997,-125.331142,-173.906457,0.869871,-0.169639,-0.066012
4.560000,0.155320,327.337933,-232.170975,-94.812908,0.821295,-0.376894,0.108859
4.561000,-0.029913,271.353443,-311.653302,-5.745322,0.709572,-0.530715,0.293445
4.562000,-0.275160,206.327492,-345.643173,96.819614,0.578419,-0.595482,0.515271
4.563000,-0.602481,128.814469,-327.715586,207.493296,0.411644,-0.558241,0.743575
4.564000,-0.944725,42.726271,-278.699729,295.343095,0.228678,-0.461091,0.920065
4.565000,-1.132553,-55.253210,-217.974014,343.555560,0.029519,-0.334795,1.020454
4.566000,-1.154613,-166.600728,-144.916705,341.845714,-0.193927,-0.180973,1.017215
4.567000,-0.892821,-266.290330,-62.092606,300.809419,-0.386609,-0.002864,0.936257
4.568000,-0.542143,-331.964320,31.145940,243.322337,-0.511285,0.189817,0.814819
4.569000,-0.164540,-351.083627,138.114997,174.876690,-0.553384,0.406787,0.667474
4.570000,-0.077600,-322.352855,243.451870,95.524275,-0.496712,0.607564,0.490984
4.571000,0.108606,-266.393958,320.705805,6.223614,-0.388228,0.758148,0.299921
4.572000,0.369100,-201.497252,352.156602,-96.704105,-0.252217,0.816438,0.084571
4.573000,0.702585,-123.828546,331.845708,-206.859971,-0.090300,0.779197,-0.138875
4.574000,1.033474,-37.507051,282.337905,-292.715358,0.091048,0.677189,-0.318603
4.575000,1.249849,61.016455,222.337866,-338.803746,0.293445,0.554132,-0.409277
4.576000,1.297212,173.244564,149.617599,-335.150871,0.521748,0.398691,-0.401181
4.577000,0.970864,272.804221,66.379158,-293.958889,0.716049,0.223820,-0.318603
4.578000,0.635758,337.286126,-28.543300,-236.808305,0.837487,0.029519,-0.202023
4.579000,0.305842,353.322406,-137.999581,-166.574821,0.873109,-0.193927,-0.048201
4.580000,0.144615,321.871609,-242.818699,-85.046039,0.809961,-0.401181,0.131527
4.581000,-0.071436,265.032195,-317.585984,5.342783,0.698238,-0.542049,0.324209
4.582000,-0.285217,198.814533,-346.679450,108.840354,0.562228,-0.598720,0.544417
4.583000,-0.595993,120.109797,-323.803642,219.099522,0.393833,-0.553384,0.767863
4.584000,-0.937588,32.803974,-272.041659,303.710976,0.209248,-0.449756,0.939495
4.585000,-1.100113,-66.626297,-210.486931,346.664370,0.008470,-0.320222,1.025311
4.586000,-1.099140,-178.621503,-136.237917,338.995972,-0.218214,-0.164782,1.009120
4.587000,-0.839943,-275.357740,-53.051132,295.498535,-0.404420,0.014947,0.924923
4.588000,-0.494780,-337.093889,41.612279,236.975182,-0.527477,0.210867,0.803484
4.589000,-0.121719,-349.658746,150.964751,166.146112,-0.551764,0.429455,0.649663
4.590000,-0.030886,-315.668873,254.462240,84.047576,-0.483759,0.631852,0.466696
4.591000,0.161159,-258.673707,326.223943,-6.341178,-0.375274,0.764624,0.274015
4.592000,0.404785,-192.663015,352.156602,-109.605701,-0.236025,0.821295,0.058664
4.593000,0.712966,-114.243022,327.415653,-217.818572,-0.069250,0.767863,-0.163163
4.594000,1.042233,-27.273867,275.317176,-300.254265,0.113716,0.665855,-0.329937
4.595000,1.223248,72.596783,214.254959,-340.798579,0.319351,0.539559,-0.410896
4.596000,1.262177,184.928512,140.265259,-331.497995,0.546036,0.379261,-0.393085
4.597000,0.934532,280.887127,57.311786,-288.362999,0.729002,0.202771,-0.307269
4.598000,0.590666,341.379393,-38.361976,-230.409308,0.850441,0.006851,-0.185831
4.599000,0.253614,351.793907,-149.320867,-158.517794,0.868251,-0.214976,-0.030390
4.600000,0.100496,315.679895,-252.171081,-75.020103,0.798627,-0.414135,0.152576
4.601000,-0.111338,257.726491,-321.990158,16.793583,0.680427,-0.550145,0.350116
4.602000,-0.339392,190.757532,-345.694987,121.068347,0.544417,-0.597101,0.570323
4.603000,-0.633624,111.534657,-319.529002,228.762741,0.377642,-0.543669,0.787293
4.604000,-0.947969,23.866135,-266.497585,309.902689,0.191437,-0.436803,0.949210
4.605000,-1.114062,-76.911300,-203.828869,348.374216,-0.015818,-0.310507,1.031788
4.606000,-1.106926,-189.243311,-128.362241,335.498560,-0.237645,-0.143732,1.004262
4.607000,-0.838321,-282.948459,-45.227278,290.032211,-0.418992,0.031138,0.913588
4.608000,-0.485697,-340.384068,50.394677,231.793832,-0.533953,0.225439,0.790531
4.609000,-0.117826,-348.052517,161.197921,159.954397,-0.545288,0.450505,0.635090
4.610000,-0.020830,-310.720653,262.933748,76.379172,-0.475663,0.649663,0.455362
4.611000,0.180299,-252.689218,330.369023,-16.289386,-0.359083,0.777578,0.252965
4.612000,0.426519,-185.642259,351.120332,-121.471025,-0.219834,0.818057,0.034377
4.613000,0.732430,-106.211907,323.296480,-227.818622,-0.049820,0.759767,-0.184212
4.614000,1.045152,-18.517370,270.394893,-306.756897,0.133146,0.656140,-0.341272
4.615000,1.230385,83.063119,208.503660,-343.104295,0.340401,0.528225,-0.417373
4.616000,1.253742,196.249764,132.726391,-328.674142,0.565466,0.364688,-0.389847
4.617000,0.913446,289.695423,48.814364,-282.559856,0.746813,0.184960,-0.295935
4.618000,0.583205,345.550380,-48.154746,-224.657984,0.858536,-0.012579,-0.179354
4.619000,0.263021,350.472663,-160.564434,-151.652482,0.866632,-0.240883,-0.017437
4.620000,0.114446,310.653985,-261.471650,-66.522670,0.785674,-0.433565,0.170387
4.621000,-0.139561,250.990735,-326.627496,27.596711,0.667474,-0.561479,0.371165
4.622000,-0.337445,182.156489,-344.373734,134.410330,0.521748,-0.590625,0.592992
4.623000,-0.611889,101.741900,-314.243993,239.824925,0.356592,-0.533953,0.806723
4.624000,-0.940508,13.477514,-259.839517,316.923419,0.170387,-0.425469,0.963783
4.625000,-1.087786,-88.698900,-196.652670,350.394943,-0.040105,-0.294316,1.031788
4.626000,-1.061834,-201.367717,-119.398480,332.156589,-0.260313,-0.127541,0.999405
4.627000,-0.782849,-292.223127,-35.045906,283.141015,-0.438422,0.053807,0.900635
4.628000,-0.439307,-344.606896,61.560498,224.125432,-0.538811,0.252965,0.777578
4.629000,-0.075005,-346.627636,172.907776,151.172005,-0.545288,0.474792,0.615660
4.630000,0.020045,-305.306111,272.208366,66.405064,-0.464329,0.665855,0.432694
4.631000,0.230581,-245.072597,334.773171,-28.025164,-0.341272,0.784054,0.228678
4.632000,0.466421,-175.486775,348.944165,-134.968482,-0.195546,0.811580,0.008470
4.633000,0.733079,-95.253324,317.052953,-238.336810,-0.027152,0.750052,-0.203642
4.634000,1.031203,-7.351543,263.166909,-312.585951,0.157434,0.639948,-0.354225
4.635000,1.204433,94.798886,200.809353,-344.011037,0.364688,0.508795,-0.418992
4.636000,1.222275,207.519203,123.684930,-324.865825,0.584896,0.345258,-0.378513
4.637000,0.875166,297.648796,38.814347,-276.057226,0.761386,0.165530,-0.284601
4.638000,0.528706,348.685097,-58.906069,-216.989553,0.858536,-0.036867,-0.159924
4.639000,0.201061,348.374216,-171.289866,-143.206854,0.860156,-0.257075,0.001993
4.640000,0.061893,305.550355,-269.399157,-57.636636,0.777578,-0.451376,0.189817
4.641000,-0.181408,244.591768,-330.358091,37.544915,0.652901,-0.569575,0.388976
4.642000,-0.392594,173.451818,-342.171646,146.172000,0.505556,-0.587386,0.620518
4.643000,-0.641734,92.052768,-308.389032,249.177263,0.333924,-0.519381,0.827772
4.644000,-0.952511,3.244334,-253.751400,321.612541,0.147719,-0.409277,0.973498
4.645000,-1.091030,-99.683389,-189.813261,350.394943,-0.059535,-0.276505,1.031788
4.646000,-1.061185,-211.290044,-111.678246,328.633271,-0.281362,-0.108111,0.989689
4.647000,-0.791932,-299.217989,-26.548476,277.830131,-0.449756,0.071618,0.889301
4.648000,-0.443525,-347.145775,71.301445,217.985532,-0.545288,0.272395,0.763005
4.649000,-0.065597,-344.140572,183.218666,144.203086,-0.538811,0.492603,0.601088
4.650000,0.038860,-300.746496,279.799044,59.202981,-0.454614,0.682046,0.416502
4.651000,0.250694,-240.202105,338.348303,-36.755754,-0.331557,0.793769,0.209248
4.652000,0.485560,-168.673275,347.493386,-145.668003,-0.185831,0.809961,-0.015818
4.653000,0.745406,-86.652261,311.845696,-247.689191,-0.009341,0.740337,-0.226310
4.654000,1.055209,2.933452,257.363797,-317.585984,0.176864,0.628614,-0.363940
4.655000,1.206055,106.482838,194.306758,-344.244199,0.387357,0.494222,-0.418992
4.656000,1.211246,218.348226,115.990621,-321.472020,0.609184,0.329066,-0.373655
4.657000,0.856027,305.602168,29.954228,-270.979477,0.775959,0.147719,-0.274886
4.658000,0.521893,351.793907,-69.890555,-210.538745,0.865013,-0.061155,-0.150209
4.659000,0.201709,345.550380,-183.129294,-135.149830,0.853679,-0.286220,0.021423
4.660000,0.058649,300.187657,-278.052057,-48.983764,0.767863,-0.467567,0.207628
4.661000,-0.197304,238.762748,-334.503198,47.803999,0.644805,-0.576052,0.414883
4.662000,-0.386754,165.627977,-340.902207,157.778229,0.490984,-0.585767,0.641567
4.663000,-0.634273,82.000941,-302.922676,259.021829,0.314494,-0.511285,0.848821
4.664000,-0.934344,-8.828230,-246.290220,326.975239,0.123431,-0.394704,0.986451
4.665000,-1.051777,-112.921774,-181.264001,349.928621,-0.087061,-0.257075,1.031788
4.666000,-1.014147,-223.077665,-102.559046,323.918242,-0.305650,-0.090300,0.983213
4.667000,-0.734188,-307.560011,-16.574361,271.793857,-0.467567,0.091048,0.874728
4.668000,-0.388376,-350.332326,83.348093,210.161692,-0.550145,0.295064,0.750052
4.669000,-0.021803,-340.565417,195.938883,134.332610,-0.532334,0.518510,0.576800
4.670000,0.079086,-294.217958,288.581433,48.684830,-0.441661,0.699857,0.393833
4.671000,0.286703,-233.129530,342.208409,-47.196195,-0.320222,0.800246,0.188198
4.672000,0.496590,-159.761322,345.809447,-157.196545,-0.164782,0.805104,-0.040105
4.673000,0.740864,-76.108189,306.327557,-256.549343,0.011708,0.729002,-0.240883
4.674000,1.030554,15.290989,249.488144,-321.990158,0.204390,0.610803,-0.370417
4.675000,1.175237,119.850729,184.773071,-342.378901,0.411644,0.469935,-0.417373
4.676000,1.177184,229.203156,106.353304,-316.161104,0.626994,0.308017,-0.362321
4.677000,0.824560,312.674712,20.161465,-264.787731,0.792150,0.126670,-0.257075
4.678000,0.474855,354.047795,-80.952763,-203.155290,0.873109,-0.080585,-0.130779
4.679000,0.142344,341.767994,-194.398774,-126.160161,0.842345,-0.305650,0.040853
4.680000,-0.019532,293.788690,-285.850031,-39.424155,0.756528,-0.480521,0.230297
4.681000,-0.233313,232.467407,-337.482493,57.467227,0.631852,-0.580910,0.435932
4.682000,-0.425034,158.089110,-339.114629,167.933679,0.474792,-0.585767,0.664235
4.683000,-0.644005,73.399893,-298.052179,266.923388,0.296683,-0.501570,0.861775
4.684000,-0.934993,-19.372294,-239.813502,330.628091,0.102382,-0.383370,0.992928
4.685000,-1.056643,-125.072074,-173.258786,348.011521,-0.111349,-0.240883,1.030169
4.686000,-1.009281,-232.715020,-93.802542,318.970052,-0.325080,-0.070870,0.968640
4.687000,-0.735486,-313.311344,-7.610611,266.508880,-0.480521,0.108859,0.866632
4.688000,-0.389674,-352.093997,93.296293,204.332672,-0.553384,0.316113,0.735479
4.689000,-0.009476,-337.301145,206.172052,127.052810,-0.529096,0.537940,0.563847
4.690000,0.098874,-288.518441,296.016670,40.550101,-0.431945,0.712811,0.376022
4.691000,0.311033,-227.792715,345.291312,-56.652177,-0.310507,0.803484,0.167149
4.692000,0.525462,-153.414147,344.047788,-167.352026,-0.150209,0.801865,-0.059535
4.693000,0.760977,-68.543401,302.104757,-264.735917,0.027900,0.720907,-0.255455
4.694000,1.042557,24.928313,244.306793,-326.368426,0.220582,0.602707,-0.381751
4.695000,1.164856,132.311883,177.596899,-341.238997,0.440789,0.461839,-0.410896
4.696000,1.162910,239.928552,97.208215,-311.057443,0.649663,0.286968,-0.354225
4.697000,0.818396,319.306840,10.239166,-259.243659,0.805104,0.104001,-0.248979
4.698000,0.478099,356.094428,-92.455388,-196.782204,0.874728,-0.103253,-0.112968
4.699000,0.155969,338.400116,-205.823697,-117.844070,0.842345,-0.326699,0.057045
4.700000,-0.005583,287.052934,-294.321585,-29.942267,0.743575,-0.498332,0.248108
4.701000,-0.263482,225.653931,-340.746765,68.451699,0.615660,-0.585767,0.458600
4.702000,-0.421465,150.161641,-336.783006,179.462186,0.456981,-0.574433,0.686904
4.703000,-0.635246,64.384336,-293.259403,275.343082,0.277253,-0.491855,0.882824
4.704000,-0.925910,-30.019987,-233.621760,335.369026,0.079714,-0.370417,1.004262
4.705000,-1.024203,-138.258650,-164.528180,346.767997,-0.138875,-0.224691,1.025311
4.706000,-0.968082,-244.114043,-82.921680,312.752432,-0.344510,-0.046582,0.954068
4.707000,-0.690070,-320.254395,4.021537,258.918202,-0.490236,0.134766,0.847202
4.708000,-0.351070,-353.726134,105.886982,196.042510,-0.556622,0.340401,0.711192
4.709000,0.020694,-333.441014,218.166879,117.493213,-0.517762,0.562228,0.541178
4.710000,0.124826,-280.953628,304.669525,29.876508,-0.414135,0.729002,0.351735
4.711000,0.338282,-219.321170,347.830174,-68.595215,-0.291077,0.809961,0.146100
4.712000,0.541682,-144.320848,340.887165,-179.036013,-0.132398,0.797008,-0.083823
4.713000,0.746055,-58.828349,296.664339,-272.663424,0.048949,0.709572,-0.273266
4.714000,1.025364,35.705534,237.752385,-330.228557,0.244869,0.586515,-0.388228
4.715000,1.144095,144.617595,168.555441,-339.788209,0.463458,0.440789,-0.407658
4.716000,1.123982,250.135813,86.560533,-304.995228,0.669093,0.275634,-0.341272
4.717000,0.761950,324.954512,-1.367075,-251.652943,0.814819,0.081333,-0.231168
4.718000,0.417112,356.612563,-104.346616,-188.414291,0.874728,-0.130779,-0.095157
4.719000,0.088493,334.410476,-216.393695,-108.854403,0.834249,-0.349368,0.078094
4.720000,-0.068192,280.472619,-301.471889,-20.434473,0.730622,-0.512904,0.269157
4.721000,-0.298193,218.063252,-342.793412,79.021663,0.602707,-0.590625,0.479650
4.722000,-0.454879,142.001012,-333.492828,190.213490,0.437551,-0.572814,0.709572
4.723000,-0.651142,56.145982,-287.948489,282.959668,0.259442,-0.480521,0.895777
4.724000,-0.935642,-39.320527,-228.077690,338.426023,0.060284,-0.359083,1.009120
4.725000,-1.019986,-148.984078,-157.481520,345.006338,-0.161543,-0.211738,1.018835
4.726000,-0.961594,-252.974194,-74.320619,307.519268,-0.359083,-0.030390,0.950829
4.727000,-0.674498,-324.684477,14.461972,252.881928,-0.503189,0.157434,0.835868
4.728000,-0.327065,-353.389344,117.234146,189.177220,-0.556622,0.363069,0.698238
4.729000,0.044375,-329.788139,227.778285,109.643463,-0.509666,0.580038,0.528225
4.730000,0.183867,-275.564995,311.172120,21.482711,-0.406039,0.738717,0.333924
4.731000,0.372993,-212.922176,349.876808,-78.750684,-0.276505,0.814819,0.121812
4.732000,0.557578,-136.989215,337.752447,-189.761448,-0.116206,0.790531,-0.104872
4.733000,0.772331,-51.082215,291.560709,-280.720466,0.066760,0.698238,-0.289458
4.734000,1.031203,44.798813,232.726475,-333.933245,0.262680,0.578419,-0.397943
4.735000,1.137931,155.472527,162.415539,-338.674211,0.486126,0.427836,-0.407658
4.736000,1.113925,259.669498,78.322180,-300.383799,0.686904,0.248108,-0.333176
4.737000,0.761626,330.135862,-12.506994,-245.642548,0.822915,0.055426,-0.219834
4.738000,0.422627,356.327589,-117.377747,-180.460889,0.876347,-0.155067,-0.078965
4.739000,0.118663,330.135862,-227.300484,-99.735203,0.826153,-0.370417,0.095905
4.740000,-0.072734,274.462253,-308.777636,-10.667612,0.717668,-0.524238,0.288587
4.741000,-0.322523,210.757547,-345.202756,90.601989,0.584896,-0.595482,0.502318
4.742000,-0.466882,133.166806,-329.503163,202.415572,0.421359,-0.564718,0.733860
4.743000,-0.651142,46.482754,-281.368139,291.767963,0.238393,-0.465948,0.916827
4.744000,-0.913258,-49.942315,-221.419626,342.286129,0.040853,-0.344510,1.018835
4.745000,-0.995332,-160.512620,-149.502215,343.685094,-0.180973,-0.190688,1.018835
4.746000,-0.922666,-262.689274,-65.071889,302.674706,-0.380132,-0.012579,0.937876
4.747000,-0.627785,-330.150836,26.430906,245.705758,-0.509666,0.178483,0.824534
4.748000,-0.281973,-352.430787,131.508773,179.151305,-0.553384,0.393833,0.677189
4.749000,0.081357,-324.347687,239.280883,98.814435,-0.498332,0.604326,0.502318
4.750000,0.186138,-268.518322,318.115129,10.446420,-0.391466,0.751671,0.309636
4.751000,0.392457,-204.839236,351.819814,-90.719631,-0.257075,0.816438,0.099144
4.752000,0.573149,-127.170527,333.244673,-201.782227,-0.096776,0.780816,-0.129160
4.753000,0.847268,-40.745401,284.073658,-288.751603,0.087809,0.682046,-0.305650
4.754000,1.015632,55.731473,225.213516,-336.757099,0.286968,0.562228,-0.402800
4.755000,1.105491,166.612434,153.866308,-336.549844,0.505556,0.410025,-0.402800
4.756000,1.077592,268.244632,69.462064,-295.772372,0.704715,0.228678,-0.323461
4.757000,0.710046,334.565917,-23.465568,-239.062203,0.834249,0.035996,-0.208499
4.758000,0.360017,354.384583,-130.434787,-171.263959,0.869871,-0.184212,-0.061155
4.759000,0.042428,324.384563,-237.455977,-89.294756,0.813200,-0.386609,0.121812
4.760000,-0.119448,267.881938,-314.321713,-0.253083,0.703096,-0.535573,0.317732
4.761000,-0.367290,203.400029,-346.161312,101.612366,0.568704,-0.598720,0.528225
4.762000,-0.489265,124.695294,-325.772567,212.674647,0.405168,-0.556622,0.754909
4.763000,-0.773117,37.363568,-274.865509,298.866413,0.220582,-0.454614,0.929780
4.764000,-0.913582,-59.812807,-214.813376,344.617737,0.018185,-0.331557,1.022073
4.765000,-0.975219,-170.901263,-142.403743,340.938978,-0.200404,-0.177735,1.012358
4.766000,-0.905797,-270.383618,-57.558916,297.959677,-0.394704,0.003612,0.928161
4.767000,-0.608969,-333.829618,35.705534,240.653941,-0.519381,0.199533,0.811580
4.768000,-0.253750,-350.617303,142.959562,172.441455,-0.548526,0.418121,0.662616
4.769000,0.107633,-319.166305,248.659128,90.057947,-0.490236,0.622137,0.482888
4.770000,0.210468,-262.974249,323.296480,0.575934,-0.381751,0.763005,0.290206
4.771000,0.433332,-198.414336,352.441576,-101.652307,-0.247360,0.819676,0.073237
4.772000,0.600398,-119.709361,329.876795,-211.989529,-0.077346,0.774339,-0.153447
4.773000,0.752543,-32.843828,278.685053,-296.160975,0.104001,0.672331,-0.320222
4.774000,1.032501,65.783302,219.151336,-339.762302,0.295064,0.549274,-0.407658
4.775000,1.109059,177.804153,146.897390,-334.062780,0.524987,0.388976,-0.399562
4.776000,1.082134,276.949301,61.664125,-290.979596,0.720907,0.212486,-0.315365
4.777000,0.710695,339.255039,-33.051082,-234.036270,0.842345,0.016566,-0.195546
4.778000,0.356124,352.985618,-142.688718,-164.113671,0.866632,-0.202023,-0.043344
4.779000,0.076815,318.555544,-247.922353,-79.631515,0.801865,-0.409277,0.142861
4.780000,-0.145400,261.223903,-319.891699,11.275437,0.688523,-0.545288,0.338781
4.781000,-0.374103,195.602095,-346.679450,114.254868,0.552512,-0.597101,0.554132
4.782000,-0.485372,115.835180,-321.575648,224.073619,0.382499,-0.546907,0.777578
4.783000,-0.593074,27.778059,-268.388788,306.975226,0.201152,-0.440041,0.945972
4.784000,-0.901579,-71.393150,-207.274481,347.545200,-0.002864,-0.315365,1.030169
4.785000,-0.952186,-183.284735,-133.362259,337.804261,-0.226310,-0.156686,1.009120
4.786000,-0.871086,-279.502842,-48.206560,292.027031,-0.414135,0.021423,0.916827
4.787000,-0.584639,-338.829653,46.120059,234.151346,-0.527477,0.218963,0.797008
4.788000,-0.230717,-349.477398,155.550248,163.762690,-0.550145,0.437551,0.646425
4.789000,0.146561,-312.611858,259.280896,78.995756,-0.480521,0.639948,0.458600
4.790000,0.258804,-254.709955,328.322390,-12.325647,-0.360702,0.774339,0.261061
4.791000,0.452472,-189.217404,351.742094,-115.201574,-0.226310,0.818057,0.044092
4.792000,0.602669,-109.864769,325.058139,-222.896317,-0.057916,0.763005,-0.174497
4.793000,0.744757,-21.833440,271.949298,-303.414907,0.126670,0.659378,-0.333176
4.794000,1.000709,77.441350,211.223869,-341.705321,0.329066,0.533082,-0.412515
4.795000,1.060399,189.617635,137.363701,-330.332184,0.550893,0.372784,-0.391466
4.796000,1.035420,285.084021,52.234058,-284.658314,0.737098,0.194675,-0.299173
4.797000,0.644517,343.192865,-43.025200,-227.404112,0.852060,-0.002864,-0.179354
4.798000,0.290920,351.560747,-153.699122,-156.134365,0.868251,-0.223072,-0.022294
4.799000,-0.024074,312.778339,-256.782505,-70.045996,0.792150,-0.425469,0.162291
4.800000,-0.198926,253.685038,-324.010897,22.674423,0.675570,-0.555003,0.361450
4.801000,-0.384484,187.234213,-345.047314,126.793742,0.534702,-0.592244,0.580038
4.802000,-0.516839,106.923253,-316.886497,233.814558,0.366307,-0.537192,0.797008
4.803000,-0.597291,18.425710,-263.026063,312.881966,0.180102,-0.431945,0.957306
4.804000,-0.905472,-81.781781,-200.720046,349.047792,-0.025533,-0.302412,1.030169
4.805000,-0.952511,-193.880637,-125.382956,334.306849,-0.245740,-0.140494,1.001024
4.806000,-0.886333,-287.145375,-40.071825,286.223918,-0.428707,0.040853,0.905492
4.807000,-0.592101,-342.042111,55.109710,228.659114,-0.533953,0.238393,0.787293
4.808000,-0.230393,-347.715727,165.653884,157.493255,-0.548526,0.456981,0.628614
4.809000,0.128070,-307.896801,267.493337,71.456885,-0.465948,0.656140,0.440789
4.810000,0.273727,-248.932721,332.363843,-22.014787,-0.352606,0.785674,0.241631
4.811000,0.487182,-181.937579,350.291316,-127.300061,-0.210119,0.816438,0.023043
4.812000,0.630892,-101.496866,320.524457,-232.870461,-0.041724,0.753290,-0.190688
4.813000,0.762599,-12.791969,267.078829,-309.477122,0.147719,0.646425,-0.347748
4.814000,1.004278,88.114939,205.472569,-343.570619,0.351735,0.521748,-0.417373
4.815000,1.060075,200.835260,129.824833,-327.456517,0.571943,0.356592,-0.384989
4.816000,1.032825,293.840503,43.477567,-278.881077,0.754909,0.173626,-0.287839
4.817000,0.652303,347.130692,-53.180666,-221.315999,0.858536,-0.025533,-0.168020
4.818000,0.311033,350.032248,-165.072224,-149.009985,0.863394,-0.245740,-0.010960
4.819000,0.026533,307.804242,-265.901727,-61.600377,0.784054,-0.444899,0.181722
4.820000,-0.230717,247.363790,-328.363259,33.373923,0.660997,-0.563099,0.385738
4.821000,-0.439632,178.374102,-343.518806,139.436242,0.516891,-0.590625,0.605945
4.822000,-0.501268,96.819614,-311.264698,244.824928,0.343639,-0.527477,0.818057
4.823000,-0.593074,7.518953,-256.549343,319.306840,0.159053,-0.417373,0.967021
4.824000,-0.886657,-93.880262,-193.284779,350.576290,-0.051440,-0.284601,1.031788
4.825000,-0.906770,-205.927324,-116.626449,330.887158,-0.271647,-0.124302,0.991309
4.826000,-0.830860,-296.212789,-29.838640,279.591790,-0.444899,0.060284,0.894158
4.827000,-0.539872,-345.979963,66.767759,220.628021,-0.540430,0.261061,0.769482
4.828000,-0.188545,-345.954056,177.596899,148.374075,-0.542049,0.482888,0.612422
4.829000,0.166674,-302.456352,276.508886,61.534591,-0.461091,0.670712,0.424598
4.830000,0.316547,-241.626983,336.716177,-33.336057,-0.339653,0.788912,0.220582
4.831000,0.514432,-171.808003,348.218775,-140.227569,-0.190688,0.811580,-0.001245
4.832000,0.629595,-90.305122,313.995956,-243.207302,-0.014199,0.743575,-0.213357
4.833000,0.746055,-1.133914,259.099549,-314.969386,0.168768,0.630233,-0.357463
4.834000,0.983516,100.317027,197.311941,-343.959223,0.374403,0.503937,-0.415754
4.835000,1.023742,212.130605,120.912906,-323.518666,0.596230,0.340401,-0.376894
4.836000,0.996168,301.612529,33.555271,-272.533890,0.769482,0.155815,-0.274886
4.837000,0.604940,349.954528,-64.268778,-213.492127,0.861775,-0.046582,-0.151828
4.838000,0.253289,347.467480,-176.134446,-140.149848,0.858536,-0.266790,0.005232
4.839000,-0.044835,302.519265,-273.803327,-52.688437,0.771101,-0.459471,0.197913
4.840000,-0.264780,241.120263,-332.042041,43.114873,0.649663,-0.572814,0.405168
4.841000,-0.483426,169.954406,-341.549880,151.249725,0.499080,-0.587386,0.630233
4.842000,-0.541169,87.052762,-305.383831,253.944105,0.317732,-0.519381,0.837487
4.843000,-0.607672,-3.258270,-249.476766,323.918242,0.134766,-0.399562,0.978355
4.844000,-0.885359,-105.279262,-186.264023,350.084062,-0.072489,-0.268409,1.033407
4.845000,-0.903202,-215.771930,-108.698962,327.130679,-0.289458,-0.101634,0.988070
4.846000,-0.848378,-302.948583,-21.289397,274.436346,-0.456233,0.081333,0.881205
4.847000,-0.550902,-348.441121,76.664146,214.436306,-0.546907,0.280491,0.756528
4.848000,-0.187248,-343.052481,188.140950,141.094275,-0.537192,0.505556,0.592992
4.849000,0.192302,-297.637668,284.047751,54.099346,-0.449756,0.688523,0.405168
4.850000,0.346068,-236.704677,340.187682,-42.066648,-0.326699,0.797008,0.199533
4.851000,0.543953,-165.279479,346.819811,-150.512581,-0.176116,0.808342,-0.025533
4.852000,0.660737,-81.859501,309.047766,-252.300615,0.001993,0.735479,-0.231168
4.853000,0.760004,9.461962,253.115089,-321.005696,0.191437,0.618899,-0.368798
4.854000,0.977677,112.441394,190.368931,-343.596526,0.398691,0.487746,-0.415754
4.855000,1.009793,223.089162,112.804089,-319.710350,0.617279,0.319351,-0.372036
4.856000,0.994546,309.332741,24.565618,-267.611581,0.784054,0.133146,-0.265171
4.857000,0.610779,353.037431,-75.356892,-207.067226,0.866632,-0.067631,-0.137256
4.858000,0.269185,344.332763,-188.232943,-131.911476,0.852060,-0.292696,0.026281
4.859000,-0.041267,296.897500,-282.430321,-43.698776,0.761386,-0.475663,0.220582
4.860000,-0.296571,235.161709,-336.031706,53.140795,0.638329,-0.577671,0.424598
4.861000,-0.482777,162.286005,-340.228627,162.752327,0.484507,-0.585767,0.651282
4.862000,-0.524949,77.363629,-300.280172,263.400070,0.303160,-0.506427,0.856917
4.863000,-0.576205,-15.071767,-241.963772,329.876795,0.110478,-0.388228,0.989689
4.864000,-0.862651,-119.087598,-177.118906,348.995978,-0.100015,-0.247360,1.026930
4.865000,-0.865247,-227.689087,-99.009812,321.923422,-0.310507,-0.082204,0.976736
4.866000,-0.795825,-311.057443,-11.133935,268.115099,-0.472425,0.104001,0.868251
4.867000,-0.504512,-351.420417,88.762608,206.767907,-0.553384,0.298302,0.738717
4.868000,-0.149617,-339.218257,201.016607,131.223798,-0.529096,0.529844,0.573562
4.869000,0.221498,-290.487365,292.985580,43.270313,-0.433565,0.706334,0.380880
4.870000,0.376562,-229.424847,343.736907,-52.921598,-0.313746,0.805104,0.176864
4.871000,0.555307,-156.471154,345.109965,-161.989310,-0.161543,0.803484,-0.048201
4.872000,0.651654,-71.652218,303.918230,-260.823978,0.023043,0.720907,-0.247360
4.873000,0.746055,21.534524,245.472597,-324.010897,0.215724,0.604326,-0.375274
4.874000,0.954969,126.146073,180.602083,-341.627600,0.429455,0.466696,-0.414135
4.875000,0.963403,233.995906,102.622730,-313.984924,0.635090,0.296683,-0.360702
4.876000,0.948481,316.146216,14.436065,-261.083047,0.797008,0.113716,-0.252217
4.877000,0.556280,355.032251,-86.626354,-199.606051,0.874728,-0.091919,-0.124302
4.878000,0.210144,340.524470,-199.476517,-122.818180,0.845583,-0.316984,0.045711
4.879000,-0.105174,289.928584,-290.124668,-33.854193,0.743575,-0.493474,0.240012
4.880000,-0.323821,228.477767,-339.011001,63.192624,0.620518,-0.579290,0.447266
4.881000,-0.514893,154.747138,-338.207887,172.985496,0.468315,-0.580910,0.672331
4.882000,-0.546684,69.047555,-295.591023,271.120282,0.290206,-0.495093,0.869871
4.883000,-0.603130,-25.460391,-235.901564,332.674724,0.086190,-0.373655,0.994547
4.884000,-0.855839,-131.263806,-169.061878,347.001158,-0.124302,-0.231168,1.026930
4.885000,-0.867842,-237.404163,-89.968333,316.534818,-0.331557,-0.062774,0.965402
4.886000,-0.803610,-316.497894,-1.600236,262.519240,-0.485378,0.123431,0.856917
4.887000,-0.498024,-352.767578,99.151223,200.653913,-0.555003,0.327447,0.725764
4.888000,-0.139561,-336.083520,211.172055,123.840371,-0.522619,0.547655,0.557370
4.889000,0.230257,-284.684221,300.446725,34.980144,-0.423850,0.722526,0.363069
4.890000,0.402189,-223.647616,346.560743,-62.740276,-0.299173,0.811580,0.155815
4.891000,0.578664,-149.994445,342.985611,-172.559301,-0.145352,0.800246,-0.070870
4.892000,0.672091,-64.165151,299.591802,-268.881019,0.034377,0.712811,-0.268409
4.893000,0.755462,30.964593,240.524407,-328.337352,0.240012,0.594611,-0.384989
4.894000,0.945237,138.348158,173.607259,-340.461789,0.450505,0.453743,-0.409277
4.895000,0.965674,244.669488,93.244480,-308.725822,0.659378,0.278872,-0.347748
4.896000,0.950103,322.493371,3.840190,-255.124465,0.811580,0.095905,-0.240883
4.897000,0.570554,356.612563,-98.491676,-192.844363,0.876347,-0.116206,-0.108111
4.898000,0.223769,337.130685,-210.875534,-114.605717,0.839106,-0.338033,0.063522
4.899000,-0.084737,283.270549,-298.596223,-24.424119,0.732241,-0.508047,0.261061
4.900000,-0.359829,221.275690,-342.016204,74.591605,0.609184,-0.587386,0.471554
4.901000,-0.514244,146.405161,-335.487661,185.006232,0.448885,-0.572814,0.698238
4.902000,-0.538574,59.980184,-290.461458,279.824951,0.270776,-0.485378,0.889301
4.903000,-0.592425,-36.004457,-229.865264,336.949338,0.069999,-0.363940,1.004262
4.904000,-0.832482,-143.932246,-160.693968,346.042608,-0.148590,-0.216595,1.025311
4.905000,-0.810747,-248.673653,-79.217006,310.498544,-0.354225,-0.041724,0.954068
4.906000,-0.743596,-323.207783,10.653675,254.695401,-0.496712,0.146100,0.839106
4.907000,-0.455203,-353.829762,112.311860,191.923336,-0.556622,0.353354,0.704715
4.908000,-0.099659,-332.067948,223.166883,113.995800,-0.517762,0.573562,0.536321
4.909000,0.263021,-277.274850,308.710979,24.358363,-0.412515,0.735479,0.340401
4.910000,0.428141,-214.942911,348.762817,-74.890569,-0.282981,0.813200,0.131527
4.911000,0.590991,-140.331196,339.255039,-184.657798,-0.122683,0.792150,-0.098396
4.912000,0.666576,-54.268751,293.581436,-276.938060,0.057045,0.703096,-0.282981
4.913000,0.747352,41.586373,233.918185,-331.938413,0.256204,0.584896,-0.389847
4.914000,0.931612,150.135735,164.928495,-339.114629,0.474792,0.435932,-0.406039
4.915000,0.926097,254.488147,83.011305,-303.155838,0.678808,0.257823,-0.336414
4.916000,0.900794,327.674721,-8.154654,-247.430123,0.821295,0.068379,-0.223072
4.917000,0.507944,356.431216,-111.108296,-183.906500,0.873109,-0.142113,-0.085442
4.918000,0.160186,332.778351,-221.419626,-105.175635,0.831010,-0.360702,0.082952
4.919000,-0.133073,276.819767,-305.461552,-14.864513,0.722526,-0.521000,0.282110
4.920000,-0.394216,213.607290,-343.907409,85.420635,0.592992,-0.593863,0.494222
4.921000,-0.547982,137.959557,-331.731158,195.887070,0.432694,-0.569575,0.722526
4.922000,-0.551226,51.456855,-284.684221,287.363815,0.244869,-0.474044,0.907112
4.923000,-0.598264,-45.408625,-224.088033,340.161775,0.048949,-0.355844,1.012358
4.924000,-0.834428,-154.502234,-153.854563,344.255042,-0.168020,-0.203642,1.023692
4.925000,-0.813991,-257.222922,-70.926827,305.705795,-0.370417,-0.025533,0.942733
4.926000,-0.739703,-327.301075,21.016388,248.736848,-0.506427,0.167149,0.827772
4.927000,-0.437361,-352.948926,124.125345,184.488097,-0.553384,0.379261,0.688523
4.928000,-0.091874,-328.026469,232.907822,105.809262,-0.508047,0.592992,0.520129
4.929000,0.271131,-272.041659,315.032226,15.679591,-0.397943,0.748433,0.322590
4.930000,0.463177,-208.699358,350.990798,-85.149666,-0.266790,0.818057,0.110478
4.931000,0.618889,-132.792309,335.964882,-195.642303,-0.106491,0.785674,-0.117826
4.932000,0.682472,-46.237643,288.141018,-285.072824,0.076475,0.690142,-0.299173
4.933000,0.747677,50.964626,228.451860,-335.539474,0.274015,0.568704,-0.399562
4.934000,0.921231,161.094294,158.659059,-337.793376,0.497461,0.421359,-0.406039
4.935000,0.918960,263.918205,75.057927,-298.777572,0.696619,0.241631,-0.328318
4.936000,0.897874,332.597004,-18.957786,-241.782424,0.827772,0.047330,-0.211738
4.937000,0.515730,355.472666,-124.450310,-175.771750,0.874728,-0.169639,-0.070870
4.938000,0.176406,328.063322,-232.430044,-95.590112,0.819676,-0.383370,0.102382
4.939000,-0.177840,270.783494,-312.352789,-4.501796,0.711192,-0.535573,0.303160
4.940000,-0.413355,206.275679,-346.005870,97.234122,0.575181,-0.597101,0.521748
4.941000,-0.560958,129.073537,-327.637865,208.270499,0.411644,-0.558241,0.748433
4.942000,-0.555119,41.379118,-277.792988,296.223924,0.225439,-0.462710,0.921684
4.943000,-0.576529,-56.393109,-216.937739,343.633280,0.024662,-0.331557,1.015596
4.944000,-0.800691,-166.263939,-145.564376,342.286129,-0.192308,-0.184212,1.017215
4.945000,-0.769548,-266.782561,-61.833538,300.887140,-0.389847,-0.007722,0.934638
4.946000,-0.700126,-332.637900,32.544906,242.052906,-0.517762,0.193056,0.814819
4.947000,-0.400704,-351.549952,138.425878,174.643529,-0.550145,0.410025,0.670712
4.948000,-0.049701,-321.938344,244.565861,94.280750,-0.493474,0.614041,0.492603
4.949000,0.305518,-264.658197,321.560727,3.840190,-0.381751,0.761386,0.298302
4.950000,0.497239,-200.227816,352.260229,-97.481310,-0.248979,0.819676,0.082952
4.951000,0.636083,-123.077249,331.379386,-207.274481,-0.087061,0.777578,-0.142113
4.952000,0.685067,-35.589948,280.602153,-293.129868,0.099144,0.675570,-0.313746
4.953000,0.724320,62.441328,220.550300,-338.026538,0.295064,0.554132,-0.406039
4.954000,0.896901,172.519175,149.747133,-335.099057,0.518510,0.401929,-0.401181
4.955000,0.882627,272.415620,66.094183,-293.907075,0.711192,0.223820,-0.318603
4.956000,0.850836,337.052965,-29.527758,-235.383427,0.837487,0.023043,-0.200404
4.957000,0.455716,353.477846,-137.196470,-166.782076,0.871490,-0.193927,-0.053059
4.958000,0.124826,321.716168,-242.637351,-84.864691,0.805104,-0.399562,0.129908
4.959000,-0.190492,263.840485,-317.585984,6.456775,0.690142,-0.546907,0.325828
4.960000,-0.454230,198.633186,-346.342660,108.736727,0.558989,-0.598720,0.546036
4.961000,-0.583666,120.472491,-323.907270,218.244599,0.395453,-0.553384,0.767863
4.962000,-0.566797,32.285839,-271.575335,303.115120,0.209248,-0.448137,0.936257
4.963000,-0.579449,-66.600391,-209.968794,345.861261,0.005232,-0.321842,1.028550
4.964000,-0.799069,-176.885744,-138.025488,339.255039,-0.213357,-0.166401,1.010739
4.965000,-0.772143,-274.528720,-54.139217,295.835323,-0.404420,0.010089,0.924923
4.966000,-0.703370,-336.213054,41.612279,236.923369,-0.522619,0.209248,0.805104
4.967000,-0.397784,-349.684653,149.617599,168.037306,-0.548526,0.426217,0.656140
4.968000,-0.037699,-316.471987,253.788665,85.679703,-0.486997,0.631852,0.474792
4.969000,0.340553,-258.725521,326.198036,-6.315271,-0.372036,0.769482,0.278872
4.970000,0.534221,-193.466127,352.312042,-109.009844,-0.239264,0.816438,0.060284
4.971000,0.658791,-115.331108,327.856068,-217.611317,-0.067631,0.769482,-0.161543
4.972000,0.700638,-26.988892,275.317176,-300.228358,0.115335,0.664235,-0.329937
4.973000,0.729186,72.752224,214.358586,-340.824486,0.317732,0.539559,-0.412515
4.974000,0.881005,184.073589,142.260079,-332.327017,0.539559,0.385738,-0.394704
4.975000,0.868029,281.223915,58.037176,-288.673882,0.727383,0.207628,-0.308888
4.976000,0.859595,341.586647,-39.139180,-230.124333,0.847202,0.006851,-0.187450
4.977000,0.467718,352.182509,-149.191333,-159.916763,0.866632,-0.216595,-0.033629
4.978000,0.126124,316.068496,-252.844660,-75.408705,0.798627,-0.418992,0.146100
4.979000,-0.232339,256.949289,-322.663738,18.296176,0.678808,-0.555003,0.353354
4.980000,-0.475316,190.368931,-345.954056,122.052804,0.544417,-0.595482,0.570323
4.981000,-0.581720,111.171963,-319.425374,229.747198,0.372784,-0.543669,0.788912
4.982000,-0.575556,22.441262,-264.994986,310.990773,0.186579,-0.436803,0.954068
4.983000,-0.563229,-78.387988,-202.507619,348.581470,-0.015818,-0.307269,1.030169
4.984000,-0.760465,-189.554193,-128.776750,335.809441,-0.237645,-0.146971,1.005881
4.985000,-0.720563,-283.958828,-44.424167,289.280915,-0.423850,0.034377,0.911969
4.986000,-0.661198,-340.979927,52.234058,230.032172,-0.530715,0.231916,0.787293
4.987000,-0.355288,-348.674283,161.716056,159.617609,-0.548526,0.452124,0.635090
4.988000,0.000581,-310.383864,264.021832,75.006113,-0.474044,0.651282,0.453743
4.989000,0.388565,-250.461227,330.887158,-19.190947,-0.355844,0.777578,0.249727
4.990000,0.560497,-183.621524,350.705824,-123.025435,-0.214976,0.814819,0.029519
4.991000,0.674686,-105.046101,322.441557,-228.466293,-0.049820,0.758148,-0.185831
4.992000,0.697394,-16.522547,268.374166,-307.145501,0.136385,0.649663,-0.346129
4.993000,0.715236,84.513898,206.482933,-342.586156,0.343639,0.523367,-0.412515
4.994000,0.850187,195.938883,132.700484,-328.466886,0.565466,0.366307,-0.384989
4.995000,0.819369,289.591796,48.192601,-281.912183,0.746813,0.186579,-0.291077
4.996000,0.809962,345.239499,-49.320552,-223.051759,0.853679,-0.017437,-0.171258
4.997000,0.412570,350.705824,-159.994484,-151.678389,0.865013,-0.240883,-0.017437
4.998000,0.082005,310.628078,-261.471650,-66.237695,0.788912,-0.435184,0.168768
4.999000,-0.288461,249.565864,-326.627496,29.099305,0.665855,-0.558241,0.374403
5.000000,-0.524949,181.431099,-343.907409,134.721211,0.523367,-0.590625,0.592992
5.001000,-0.622594,101.923247,-314.062644,239.254976,0.353354,-0.532334,0.808342
5.002000,-0.584639,12.674404,-259.295472,316.457097,0.165530,-0.422230,0.962164
5.003000,-0.565175,-88.983874,-195.875464,349.643647,-0.038486,-0.289458,1.031788
5.004000,-0.747813,-200.046468,-120.693821,332.467470,-0.260313,-0.130779,0.996166
5.005000,-0.723807,-291.575454,-35.849016,283.451896,-0.438422,0.048949,0.899016
5.006000,-0.649844,-343.985130,61.612311,224.125432,-0.538811,0.252965,0.775959
5.007000,-0.353666,-346.679450,172.001040,152.933665,-0.542049,0.473173,0.618899
5.008000,0.023613,-305.798342,272.027018,67.596776,-0.464329,0.665855,0.437551
5.009000,0.398945,-244.968970,334.799078,-28.595113,-0.347748,0.784054,0.225439
5.010000,0.585476,-176.289887,349.021885,-134.968482,-0.200404,0.811580,0.006851
5.011000,0.691555,-96.263689,317.493367,-238.492252,-0.028771,0.748433,-0.203642
5.012000,0.712317,-6.781594,262.985562,-312.870927,0.159053,0.641567,-0.352606
5.013000,0.710046,95.627902,200.498472,-343.855596,0.366307,0.512033,-0.415754
5.014000,0.843375,207.104695,125.135709,-325.591219,0.588134,0.348497,-0.383370
5.015000,0.822289,298.192837,39.202949,-276.316295,0.761386,0.165530,-0.284601
5.016000,0.803798,348.995978,-60.020062,-216.549136,0.863394,-0.038486,-0.159924
5.017000,0.428466,348.788724,-171.652562,-144.217221,0.860156,-0.260313,-0.001245
5.018000,0.083952,305.602168,-270.435432,-57.584822,0.777578,-0.452995,0.186579
5.019000,-0.302086,243.477777,-331.005764,39.798805,0.652901,-0.571194,0.397072
5.020000,-0.530789,172.804149,-342.378901,147.493245,0.505556,-0.590625,0.620518
5.021000,-0.601833,91.405099,-308.155870,250.265346,0.330686,-0.522619,0.831010
5.022000,-0.571339,1.042257,-252.041546,322.571091,0.142861,-0.409277,0.975117
5.023000,-0.534357,-101.574587,-187.999782,350.317222,-0.067631,-0.276505,1.031788
5.024000,-0.716346,-212.093156,-111.911408,328.607364,-0.282981,-0.109730,0.989689
5.025000,-0.678391,-300.435613,-25.615832,277.130648,-0.454614,0.068379,0.887682
5.026000,-0.604103,-347.663913,73.710774,215.912991,-0.548526,0.272395,0.754909
5.027000,-0.312142,-344.166479,184.488097,143.296350,-0.537192,0.499080,0.597849
5.028000,0.045348,-300.098824,280.990754,57.493134,-0.452995,0.683666,0.414883
5.029000,0.433981,-237.870487,339.125505,-39.527782,-0.323461,0.793769,0.209248
5.030000,0.614348,-166.523007,347.156599,-147.326041,-0.179354,0.806723,-0.017437
5.031000,0.692853,-84.916505,311.068493,-248.388677,-0.006103,0.738717,-0.221453
5.032000,0.703558,5.679572,255.032189,-317.870960,0.183341,0.623756,-0.363940
5.033000,0.684418,108.374032,191.716082,-343.415178,0.393833,0.492603,-0.415754
5.034000,0.809637,218.451853,116.016528,-321.083416,0.610803,0.330686,-0.373655
5.035000,0.779468,305.887143,29.358372,-270.202270,0.780816,0.146100,-0.270028
5.036000,0.754165,351.457120,-71.444964,-208.673451,0.863394,-0.061155,-0.142113
5.037000,0.365208,345.498566,-183.077481,-134.864855,0.853679,-0.286220,0.023043
5.038000,0.028804,299.980403,-278.362939,-48.491535,0.764624,-0.469186,0.207628
5.039000,-0.347502,237.337877,-334.580918,49.384313,0.639948,-0.580910,0.416502
5.040000,-0.564202,164.747147,-340.565417,158.244551,0.487746,-0.585767,0.643186
5.041000,-0.640761,81.871407,-302.534072,259.229083,0.319351,-0.509666,0.843964
5.042000,-0.575232,-10.019943,-245.202131,326.638451,0.118574,-0.393085,0.983213
5.043000,-0.540845,-113.647165,-180.357262,349.099605,-0.090300,-0.258694,1.028550
5.044000,-0.711805,-222.119112,-103.569412,324.255030,-0.304031,-0.091919,0.979974
5.045000,-0.679040,-307.041873,-16.885242,272.078832,-0.467567,0.087809,0.876347
5.046000,-0.612862,-349.840095,83.788509,209.695370,-0.548526,0.295064,0.745194
5.047000,-0.306952,-340.979927,195.213494,135.757482,-0.529096,0.520129,0.583277
5.048000,0.073895,-294.839723,288.736873,49.928355,-0.441661,0.701476,0.397072
5.049000,0.457013,-232.766833,342.441570,-48.517441,-0.316984,0.798627,0.186579
5.050000,0.646788,-159.916763,345.576287,-157.740589,-0.164782,0.806723,-0.040105
5.051000,0.712966,-76.755859,306.405278,-257.222922,0.011708,0.729002,-0.240883
5.052000,0.712966,16.145913,249.125449,-322.482390,0.204390,0.612422,-0.373655
5.053000,0.683121,121.068347,184.306749,-342.378901,0.418121,0.474792,-0.414135
5.054000,0.797634,229.358597,107.415482,-316.731056,0.628614,0.309636,-0.363940
5.055000,0.778819,313.348287,19.876490,-265.020893,0.795389,0.125050,-0.263551
5.056000,0.755138,354.306862,-82.688519,-202.378085,0.873109,-0.085442,-0.127541
5.057000,0.384023,342.001155,-195.253700,-126.548763,0.847202,-0.308888,0.039234
5.058000,0.028479,293.633249,-287.197189,-38.957832,0.750052,-0.486997,0.231916
5.059000,-0.368588,230.964815,-338.285608,59.669303,0.622137,-0.590625,0.434313
5.060000,-0.566797,156.923306,-338.959188,169.773058,0.474792,-0.582529,0.665855
5.061000,-0.615457,72.467249,-297.741296,268.244632,0.295064,-0.499951,0.865013
5.062000,-0.575232,-21.677999,-238.181369,331.742081,0.097525,-0.380132,0.994547
5.063000,-0.503539,-127.740477,-170.953077,347.674734,-0.116206,-0.234406,1.023692
5.064000,-0.671579,-233.984456,-93.154872,318.503731,-0.325080,-0.072489,0.968640
5.065000,-0.632002,-314.865758,-6.108017,265.187636,-0.478902,0.113716,0.861775
5.066000,-0.569717,-352.482601,96.120131,201.975157,-0.556622,0.320971,0.729002
5.067000,-0.242720,-337.042076,207.907804,125.861098,-0.524238,0.544417,0.563847
5.068000,0.104389,-287.093562,297.752423,38.529373,-0.427088,0.719287,0.372784
5.069000,0.492048,-224.994773,345.524473,-60.045969,-0.300792,0.813200,0.163911
5.070000,0.653600,-151.108439,343.529653,-169.269132,-0.146971,0.801865,-0.062774
5.071000,0.704531,-66.755831,301.353461,-265.564938,0.032758,0.719287,-0.257075
5.072000,0.699341,27.674432,241.975186,-326.731123,0.227058,0.597849,-0.381751
5.073000,0.646463,134.539864,174.462182,-340.487696,0.444028,0.455362,-0.409277
5.074000,0.752543,240.317153,96.534639,-310.591119,0.649663,0.296683,-0.350987
5.075000,0.736647,319.747255,9.099267,-257.948315,0.803484,0.102382,-0.245740
5.076000,0.712966,355.783547,-94.294771,-194.657842,0.871490,-0.111349,-0.112968
5.077000,0.318494,338.218769,-206.393647,-117.481375,0.839106,-0.329937,0.058664
5.078000,-0.031535,286.560706,-294.891537,-29.113249,0.740337,-0.499951,0.248108
5.079000,-0.403623,223.814551,-340.798579,70.394707,0.614041,-0.587386,0.458600
5.080000,-0.602157,149.125371,-336.368496,180.291202,0.453743,-0.576052,0.688523
5.081000,-0.636868,64.099361,-292.922613,275.679870,0.278872,-0.493474,0.882824
5.082000,-0.581395,-31.470768,-232.404137,335.161772,0.076475,-0.368798,1.001024
5.083000,-0.508729,-139.528084,-163.155118,345.679914,-0.138875,-0.219834,1.023692
5.084000,-0.670281,-243.673626,-83.854326,312.881966,-0.344510,-0.053059,0.958925
5.085000,-0.633299,-319.969419,4.047444,259.280896,-0.490236,0.134766,0.848821
5.086000,-0.567122,-353.104368,106.975066,195.446655,-0.553384,0.343639,0.716049
5.087000,-0.256994,-333.803711,217.959625,118.425857,-0.521000,0.560608,0.546036
5.088000,0.120609,-281.342232,305.006313,30.187389,-0.414135,0.733860,0.354973
5.089000,0.518325,-218.725313,348.115148,-70.097810,-0.287839,0.814819,0.141242
5.090000,0.672416,-144.087687,340.887165,-180.098193,-0.134017,0.795389,-0.087061
5.091000,0.727239,-59.165137,296.767966,-273.544258,0.048949,0.711192,-0.273266
5.092000,0.709397,36.949059,237.104716,-330.772602,0.249727,0.586515,-0.389847
5.093000,0.655222,146.301534,167.907772,-339.088722,0.466696,0.439170,-0.410896
5.094000,0.755462,250.835295,87.337736,-305.306111,0.670712,0.275634,-0.339653
5.095000,0.733403,325.679901,-2.118372,-251.756571,0.818057,0.079714,-0.229549
5.096000,0.699665,356.612563,-106.807764,-187.093042,0.877966,-0.134017,-0.095157
5.097000,0.346717,334.591824,-217.663131,-108.776683,0.834249,-0.350987,0.076475
5.098000,-0.057812,280.187645,-303.000396,-19.527735,0.729002,-0.514523,0.270776
5.099000,-0.426007,216.197966,-343.518806,82.052755,0.596230,-0.592244,0.486126
5.100000,-0.618701,140.213445,-332.793341,192.571005,0.435932,-0.571194,0.714430
5.101000,-0.618701,54.695202,-287.093562,284.591793,0.256204,-0.480521,0.902254
5.102000,-0.526247,-41.833487,-226.134676,339.358666,0.058664,-0.354225,1.010739
5.103000,-0.476614,-151.574762,-155.020371,344.747271,-0.161543,-0.203642,1.022073
5.104000,-0.632326,-254.399072,-73.595229,307.363828,-0.365559,-0.032009,0.947591
5.105000,-0.593723,-326.109357,16.715862,251.353430,-0.503189,0.159053,0.831010
5.106000,-0.516191,-353.311623,120.887000,185.809341,-0.555003,0.371165,0.690142
5.107000,-0.215795,-329.192280,229.954452,107.985430,-0.511285,0.586515,0.523367
5.108000,0.149481,-274.269651,313.011499,19.254727,-0.402800,0.745194,0.332305
5.109000,0.562768,-210.072421,350.472663,-82.274010,-0.273266,0.813200,0.112097
5.110000,0.689609,-134.113557,336.534830,-192.403946,-0.109730,0.784054,-0.112968
5.111000,0.727888,-48.854230,289.980397,-281.989904,0.069999,0.693381,-0.292696
5.112000,0.695448,47.778093,230.187613,-334.140501,0.269157,0.575181,-0.396324
5.113000,0.625053,157.752322,159.384448,-337.741562,0.492603,0.422979,-0.406039
5.114000,0.705829,260.161726,77.700417,-300.280172,0.690142,0.249727,-0.329937
5.115000,0.679552,330.550370,-14.190936,-244.347205,0.826153,0.055426,-0.216595
5.116000,0.653925,355.576293,-120.020243,-177.714763,0.871490,-0.158305,-0.070870
5.117000,0.286054,329.565914,-228.259038,-98.854371,0.818057,-0.372036,0.100763
5.118000,-0.100308,273.736864,-309.554843,-9.553620,0.716049,-0.529096,0.288587
5.119000,-0.468504,208.710914,-345.099128,92.985412,0.581658,-0.597101,0.508795
5.120000,-0.642383,131.586493,-329.010932,203.348215,0.416502,-0.563099,0.735479
5.121000,-0.644978,45.835084,-280.746373,292.415632,0.236774,-0.469186,0.915207
5.122000,-0.583666,-51.755792,-220.072469,342.208409,0.035996,-0.342891,1.013977
5.123000,-0.474667,-162.144751,-148.025525,342.571103,-0.185831,-0.192308,1.017215
5.124000,-0.634922,-262.689274,-65.719559,302.752426,-0.383370,-0.014199,0.936257
5.125000,-0.571663,-330.073115,26.871321,245.809385,-0.511285,0.180102,0.822915
5.126000,-0.506783,-351.809021,133.011365,178.400009,-0.555003,0.393833,0.672331
5.127000,-0.197628,-324.529036,239.721298,99.332570,-0.499951,0.602707,0.502318
5.128000,0.176406,-268.855112,318.866425,9.980098,-0.391466,0.758148,0.311256
5.129000,0.583854,-203.699334,351.845721,-92.895803,-0.255455,0.818057,0.092667
5.130000,0.726266,-126.419229,333.037419,-203.181197,-0.090300,0.779197,-0.132398
5.131000,0.747677,-40.486333,284.255005,-289.917413,0.087809,0.685285,-0.307269
5.132000,0.703882,57.570854,224.332686,-337.586121,0.290206,0.560608,-0.401181
5.133000,0.611428,168.840415,152.674597,-335.979892,0.513652,0.408406,-0.401181
5.134000,0.702585,269.384530,69.824758,-295.824185,0.706334,0.231916,-0.321842
5.135000,0.679228,335.472653,-24.553653,-239.010389,0.835868,0.037615,-0.203642
5.136000,0.656520,354.099608,-133.362259,-169.864990,0.871490,-0.185831,-0.056297
5.137000,0.287351,324.358657,-239.295365,-88.802527,0.809961,-0.396324,0.120193
5.138000,-0.133073,267.571057,-315.772500,1.664020,0.698238,-0.543669,0.314494
5.139000,-0.481804,201.172048,-346.627636,105.187500,0.565466,-0.598720,0.534702
5.140000,-0.647573,122.441406,-324.736291,215.602110,0.398691,-0.555003,0.759767
5.141000,-0.640436,35.601907,-273.777420,301.094394,0.215724,-0.452995,0.934638
5.142000,-0.558363,-63.284319,-212.429945,345.524473,0.011708,-0.328318,1.022073
5.143000,-0.434766,-174.320967,-139.294923,340.058148,-0.210119,-0.172878,1.009120
5.144000,-0.585288,-272.145286,-56.444923,297.596982,-0.397943,0.006851,0.928161
5.145000,-0.541494,-335.487661,37.881703,239.306790,-0.522619,0.202771,0.808342
5.146000,-0.462664,-350.306420,146.819669,169.099483,-0.550145,0.421359,0.657759
5.147000,-0.154483,-317.819146,251.275710,87.622711,-0.485378,0.625375,0.476411
5.148000,0.234798,-261.005326,324.876792,-2.584694,-0.373655,0.767863,0.282110
5.149000,0.605264,-194.916911,352.415669,-105.926932,-0.239264,0.819676,0.065141
5.150000,0.727564,-116.730077,328.633271,-214.813376,-0.072489,0.772720,-0.155067
5.151000,0.744433,-29.812733,276.871581,-297.922644,0.110478,0.667474,-0.323461
5.152000,0.690582,69.410250,216.042525,-339.555047,0.314494,0.542797,-0.407658
5.153000,0.587747,180.783431,143.244536,-332.534272,0.534702,0.385738,-0.393085
5.154000,0.655871,277.778317,60.679667,-290.357830,0.722526,0.210867,-0.312127
5.155000,0.626026,339.902708,-34.786838,-232.689113,0.845583,0.011708,-0.193927
5.156000,0.593910,352.363856,-145.434842,-161.341639,0.866632,-0.210119,-0.040105
5.157000,0.230581,317.674715,-249.269511,-78.180734,0.800246,-0.414135,0.141242
5.158000,-0.169406,259.954472,-320.694813,13.270260,0.685285,-0.548526,0.343639
5.159000,-0.516515,193.037326,-346.135405,117.441400,0.544417,-0.597101,0.560608
5.160000,-0.658603,113.866266,-320.850254,225.783465,0.382499,-0.548526,0.780816
5.161000,-0.655034,26.353186,-267.922464,307.804242,0.199533,-0.441661,0.945972
5.162000,-0.569068,-73.983831,-205.305559,347.545200,-0.007722,-0.310507,1.025311
5.163000,-0.430873,-185.331376,-131.289713,336.560737,-0.231168,-0.153447,1.005881
5.164000,-0.587234,-279.943260,-48.439721,292.001124,-0.414135,0.023043,0.915207
5.165000,-0.535006,-339.011001,46.974983,234.047719,-0.529096,0.218963,0.798627
5.166000,-0.443525,-348.544749,157.622788,162.674606,-0.546907,0.440789,0.643186
5.167000,-0.136641,-312.534137,260.239446,79.203010,-0.477282,0.643186,0.458600
5.168000,0.259453,-254.943117,329.280940,-13.051037,-0.359083,0.775959,0.261061
5.169000,0.634461,-187.844341,351.638467,-118.051325,-0.221453,0.814819,0.040853
5.170000,0.751569,-108.517614,324.488190,-225.020680,-0.056297,0.764624,-0.176116
5.171000,0.761950,-20.900795,271.742044,-304.813880,0.126670,0.657759,-0.338033
5.172000,0.688311,80.083840,210.006251,-342.352994,0.333924,0.528225,-0.412515
5.173000,0.573798,192.545098,135.446601,-329.606791,0.555751,0.371165,-0.389847
5.174000,0.653276,286.923401,51.974991,-284.502872,0.741956,0.191437,-0.299173
5.175000,0.612726,344.358669,-44.786862,-227.041416,0.853679,-0.007722,-0.179354
5.176000,0.611428,351.094425,-157.144731,-154.320886,0.861775,-0.234406,-0.027152
5.177000,0.227013,312.312017,-259.036404,-69.139258,0.788912,-0.431945,0.160672
5.178000,-0.198926,252.933742,-325.591219,24.954219,0.672331,-0.559860,0.366307
5.179000,-0.548955,184.254936,-344.943686,131.301519,0.528225,-0.593863,0.591373
5.180000,-0.656332,103.969882,-315.617059,237.234250,0.359831,-0.535573,0.805104
5.181000,-0.651466,15.938659,-261.238488,315.343107,0.176864,-0.425469,0.960544
5.182000,-0.544414,-85.849150,-198.103454,349.799087,-0.035248,-0.295935,1.030169
5.183000,-0.390323,-197.896199,-121.937348,333.037419,-0.255455,-0.135637,1.001024
5.184000,-0.544738,-289.580623,-38.102908,285.006301,-0.431945,0.045711,0.903873
5.185000,-0.501268,-343.518806,58.296244,226.482947,-0.533953,0.243250,0.780816
5.186000,-0.402975,-347.327123,169.643525,153.788588,-0.546907,0.468315,0.625375
5.187000,-0.103552,-306.886432,270.058105,68.866208,-0.464329,0.664235,0.440789
5.188000,0.298057,-246.834264,333.892341,-25.564018,-0.346129,0.785674,0.236774
5.189000,0.667225,-177.403881,349.514113,-132.196452,-0.200404,0.813200,0.010089
5.190000,0.759355,-97.481310,318.400104,-235.979285,-0.032009,0.748433,-0.198784
5.191000,0.760653,-9.709061,264.514060,-311.161071,0.149338,0.643186,-0.350987
5.192000,0.674362,92.130488,202.078784,-343.570619,0.359831,0.512033,-0.415754
5.193000,0.539411,204.254952,125.990632,-325.720754,0.576800,0.348497,-0.384989
5.194000,0.598776,295.213561,41.793627,-277.767081,0.759767,0.172007,-0.286220
5.195000,0.582881,347.752454,-55.641812,-219.295263,0.863394,-0.028771,-0.164782
5.196000,0.546223,349.151419,-168.129231,-145.771631,0.860156,-0.253836,-0.004483
5.197000,0.173811,307.104760,-267.456140,-60.020062,0.779197,-0.444899,0.183341
5.198000,-0.255696,246.172079,-329.503163,35.498279,0.657759,-0.566337,0.388976
5.199000,-0.581395,175.265291,-342.689784,143.659044,0.508795,-0.592244,0.612422
5.200000,-0.687799,94.099403,-309.684377,246.975189,0.337162,-0.522619,0.826153
5.201000,-0.660225,5.524131,-255.020837,320.291297,0.150957,-0.414135,0.973498
5.202000,-0.550253,-97.040894,-191.160417,349.617740,-0.056297,-0.279743,1.030169
5.203000,-0.388052,-208.181221,-113.958047,329.565914,-0.274886,-0.114587,0.991309
5.204000,-0.550253,-296.989996,-29.372317,279.358629,-0.449756,0.061903,0.894158
5.205000,-0.501268,-346.316753,68.166725,220.109886,-0.545288,0.264299,0.764624
5.206000,-0.403623,-344.943686,180.187575,146.793763,-0.540430,0.486126,0.609184
5.207000,-0.087332,-302.171376,277.933758,61.379150,-0.456233,0.677189,0.422979
5.208000,0.330821,-241.652890,337.700634,-34.657304,-0.334795,0.792150,0.218963
5.209000,0.701287,-170.279499,347.778361,-143.647270,-0.184212,0.811580,-0.010960
5.210000,0.780441,-88.491645,313.011499,-245.797989,-0.012579,0.740337,-0.218214
5.211000,0.772980,0.757282,258.581414,-316.523800,0.173626,0.630233,-0.360702
5.212000,0.671118,103.995788,195.576189,-344.088758,0.382499,0.499080,-0.415754
5.213000,0.537465,215.472577,118.218603,-322.404669,0.601088,0.333924,-0.375274
5.214000,0.611428,303.555535,32.596720,-272.430262,0.772720,0.154196,-0.274886
5.215000,0.584827,351.172145,-66.937179,-212.507666,0.865013,-0.049820,-0.145352
5.216000,0.560173,346.483023,-180.253634,-137.610979,0.855298,-0.278124,0.014947
5.217000,0.171216,301.742062,-276.342202,-51.134028,0.769482,-0.464329,0.201152
5.218000,-0.278080,240.135806,-333.829618,45.912805,0.648044,-0.574433,0.408406
5.219000,-0.584639,166.949222,-341.264903,155.861129,0.490984,-0.587386,0.638329
5.220000,-0.665740,83.607161,-303.855324,257.389703,0.317732,-0.512904,0.842345
5.221000,-0.651142,-6.807500,-247.404216,325.990782,0.126670,-0.397943,0.981594
5.222000,-0.519435,-110.460626,-182.533437,349.928621,-0.083823,-0.261932,1.030169
5.223000,-0.343609,-220.409259,-104.683405,324.980419,-0.299173,-0.098396,0.981594
5.224000,-0.496402,-305.694714,-19.087320,273.166915,-0.465948,0.084571,0.879586
5.225000,-0.447742,-349.736467,80.550162,212.130605,-0.551764,0.286968,0.750052
5.226000,-0.354963,-341.472159,193.270487,136.664219,-0.537192,0.510414,0.581658
5.227000,-0.056190,-295.746465,286.949307,50.679652,-0.444899,0.698238,0.397072
5.228000,0.358720,-234.502594,341.742087,-45.771320,-0.321842,0.803484,0.194675
5.229000,0.711019,-160.901223,346.146235,-155.538508,-0.166401,0.809961,-0.035248
5.230000,0.781090,-77.403530,307.052947,-255.253999,0.006851,0.729002,-0.236025
5.231000,0.760004,13.529328,250.394880,-321.187044,0.201152,0.612422,-0.372036
5.232000,0.645815,117.545027,185.964782,-342.663877,0.414883,0.479650,-0.410896
5.233000,0.497563,226.819735,108.451752,-317.171473,0.623756,0.312875,-0.363940
5.234000,0.562119,311.068493,22.596702,-266.264424,0.788912,0.129908,-0.260313
5.235000,0.530328,353.529660,-78.413895,-204.891050,0.871490,-0.075727,-0.130779
5.236000,0.494644,342.674730,-191.937623,-128.129080,0.852060,-0.299173,0.035996
5.237000,0.111850,295.291281,-284.347431,-41.393071,0.754909,-0.482140,0.222201
5.238000,-0.315386,233.762745,-337.145703,55.731473,0.633471,-0.580910,0.429455
5.239000,-0.620972,159.125380,-339.503233,166.456993,0.474792,-0.587386,0.660997
5.240000,-0.696882,74.539791,-298.648037,265.705771,0.296683,-0.503189,0.860156
5.241000,-0.644978,-17.766073,-240.616615,329.876795,0.104001,-0.386609,0.989689
5.242000,-0.526247,-123.077249,-174.346874,347.856081,-0.108111,-0.242502,1.026930
5.243000,-0.340689,-230.409308,-95.797367,320.084043,-0.323461,-0.080585,0.968640
5.244000,-0.498997,-311.886464,-9.864502,267.778311,-0.475663,0.104001,0.866632
5.245000,-0.456501,-351.653580,90.886964,205.912984,-0.551764,0.301540,0.737098
5.246000,-0.339067,-338.130166,203.866350,128.995817,-0.525858,0.534702,0.570323
5.247000,-0.023101,-290.021041,294.773146,42.363576,-0.431945,0.711192,0.384118
5.248000,0.384672,-229.010338,344.902711,-55.149583,-0.308888,0.808342,0.175245
5.249000,0.738593,-154.372700,344.410483,-166.082591,-0.150209,0.803484,-0.053059
5.250000,0.798932,-69.553767,302.648799,-263.647828,0.029519,0.720907,-0.253836
5.251000,0.769087,23.710694,244.773115,-325.565312,0.218963,0.604326,-0.381751
5.252000,0.644193,130.524316,178.374102,-341.238997,0.435932,0.461839,-0.412515
5.253000,0.485560,237.830105,99.047596,-312.067813,0.646425,0.293445,-0.352606
5.254000,0.539087,318.115129,12.441243,-260.901699,0.801865,0.107240,-0.250598
5.255000,0.529030,355.887174,-90.149681,-198.284802,0.876347,-0.100015,-0.117826
5.256000,0.488156,339.151412,-203.906589,-119.761175,0.839106,-0.325080,0.052188
5.257000,0.080059,288.400085,-293.207589,-31.574395,0.745194,-0.496712,0.244869
5.258000,-0.323172,226.819735,-340.565417,67.000920,0.618899,-0.589005,0.456981
5.259000,-0.611240,150.990658,-337.249331,178.244568,0.458600,-0.579290,0.683666
5.260000,-0.670930,65.161539,-293.699820,274.436346,0.278872,-0.496712,0.876347
5.261000,-0.646600,-28.983715,-234.113991,334.799078,0.082952,-0.372036,1.001024
5.262000,-0.487968,-136.807867,-165.072224,346.690277,-0.132398,-0.226310,1.025311
5.263000,-0.282946,-242.326468,-84.657437,313.581448,-0.341272,-0.051440,0.960544
5.264000,-0.427305,-319.244026,1.689926,260.343073,-0.490236,0.129908,0.850441
5.265000,-0.395513,-353.622506,103.788534,197.571009,-0.556622,0.337162,0.717668
5.266000,-0.293002,-334.244128,216.431126,119.203060,-0.517762,0.562228,0.549274
5.267000,0.015503,-281.989904,303.736882,31.353195,-0.414135,0.727383,0.358212
5.268000,0.408677,-220.357445,347.674734,-67.248061,-0.289458,0.813200,0.150957
5.269000,0.742486,-144.994426,341.327579,-177.922018,-0.132398,0.800246,-0.078965
5.270000,0.796012,-59.398299,297.078847,-271.808497,0.047330,0.709572,-0.270028
5.271000,0.753840,34.902424,238.140986,-329.710418,0.241631,0.596230,-0.388228
5.272000,0.610130,143.348163,169.021762,-339.684581,0.461839,0.442409,-0.409277
5.273000,0.434629,248.581407,88.063126,-305.720621,0.667474,0.275634,-0.341272
5.274000,0.485236,324.047776,0.601841,-252.792846,0.813200,0.082952,-0.234406
5.275000,0.463826,356.586657,-102.455419,-189.813261,0.877966,-0.124302,-0.098396
5.276000,0.438847,335.135866,-214.917004,-110.434719,0.835868,-0.346129,0.074856
5.277000,0.021342,281.508889,-300.720589,-21.988881,0.729002,-0.511285,0.264299
5.278000,-0.361451,218.969988,-342.819319,78.011299,0.601088,-0.592244,0.474792
5.279000,-0.656008,142.830028,-333.829618,189.280847,0.440789,-0.571194,0.707953
5.280000,-0.699153,56.690024,-288.388906,282.156558,0.259442,-0.480521,0.894158
5.281000,-0.665740,-38.672857,-228.440387,338.011515,0.063522,-0.360702,1.009120
5.282000,-0.489265,-148.051432,-157.766496,344.850898,-0.156686,-0.211738,1.022073
5.283000,-0.287488,-251.652943,-75.564146,308.063310,-0.359083,-0.033629,0.950829
5.284000,-0.422114,-323.907270,12.622590,254.177266,-0.499951,0.152576,0.839106
5.285000,-0.385457,-353.492971,115.472486,190.627998,-0.556622,0.361450,0.701476
5.286000,-0.270619,-330.539440,226.482947,111.171963,-0.512904,0.578419,0.529844
5.287000,0.047619,-276.471736,310.602172,22.648516,-0.406039,0.740337,0.337162
5.288000,0.443064,-213.880729,349.928621,-77.792132,-0.278124,0.813200,0.126670
5.289000,0.757409,-137.481445,338.115142,-189.191497,-0.114587,0.792150,-0.103253
5.290000,0.811908,-51.548537,291.871590,-280.124608,0.063522,0.699857,-0.287839
5.291000,0.761950,44.306584,232.907822,-333.544642,0.259442,0.578419,-0.396324
5.292000,0.611104,154.643511,162.596886,-338.570584,0.482888,0.429455,-0.409277
5.293000,0.419383,258.529600,79.332544,-300.901937,0.683666,0.248108,-0.334795
5.294000,0.470314,329.436380,-10.952587,-246.575196,0.822915,0.061903,-0.218214
5.295000,0.457013,356.431216,-115.823338,-181.833952,0.873109,-0.155067,-0.078965
5.296000,0.429763,330.887158,-226.186489,-101.160078,0.827772,-0.365559,0.097525
5.297000,0.011935,275.239455,-308.363125,-11.652070,0.717668,-0.525858,0.286968
5.298000,-0.369886,211.405216,-345.254569,89.824786,0.584896,-0.600340,0.499080
5.299000,-0.647898,133.425873,-329.943580,201.767903,0.421359,-0.564718,0.733860
5.300000,-0.686501,46.741822,-281.679021,291.353455,0.240012,-0.467567,0.911969
5.301000,-0.636868,-49.605527,-221.523254,342.027062,0.042473,-0.346129,1.013977
5.302000,-0.454554,-159.968577,-149.605842,343.477840,-0.179354,-0.190688,1.018835
5.303000,-0.223581,-261.730719,-65.900907,303.141027,-0.378513,-0.015818,0.939495
5.304000,-0.379942,-329.580884,25.135567,246.482961,-0.509666,0.175245,0.826153
5.305000,-0.319928,-352.612136,130.109808,180.239389,-0.555003,0.388976,0.680427
5.306000,-0.226176,-325.021267,238.374147,99.980239,-0.499951,0.601088,0.505556
5.307000,0.096279,-269.243715,318.166943,11.171810,-0.391466,0.753290,0.311256
5.308000,0.465123,-205.331466,351.897534,-90.175588,-0.260313,0.821295,0.100763
5.309000,0.790822,-127.351875,333.426020,-201.497252,-0.095157,0.782435,-0.127541
5.310000,0.810935,-40.823122,284.306819,-288.492534,0.082952,0.678808,-0.304031
5.311000,0.743459,55.524219,225.265330,-336.549844,0.285349,0.562228,-0.397943
5.312000,0.583854,166.197926,153.944028,-336.420310,0.505556,0.410025,-0.401181
5.313000,0.384996,267.467430,70.135640,-296.109161,0.704715,0.233535,-0.321842
5.314000,0.436900,334.125502,-22.351576,-239.735781,0.834249,0.037615,-0.208499
5.315000,0.393755,354.565930,-129.346700,-172.144792,0.871490,-0.177735,-0.062774
5.316000,0.353529,325.058139,-236.756491,-90.408749,0.813200,-0.388228,0.118574
5.317000,-0.046782,268.503700,-314.269900,-0.952566,0.703096,-0.537192,0.314494
5.318000,-0.420168,203.840444,-346.368567,101.171951,0.571943,-0.597101,0.526606
5.319000,-0.680662,124.773014,-326.057543,212.622834,0.401929,-0.556622,0.753290
5.320000,-0.691692,37.467195,-275.098671,298.866413,0.222201,-0.457852,0.928161
5.321000,-0.651790,-59.838714,-214.813376,344.280949,0.018185,-0.331557,1.018835
5.322000,-0.461691,-170.642195,-142.326022,340.809444,-0.200404,-0.176116,1.012358
5.323000,-0.225851,-269.761853,-58.128865,298.244651,-0.394704,0.000374,0.929780
5.324000,-0.369561,-333.389200,34.772890,241.249796,-0.521000,0.193056,0.813200
5.325000,-0.293651,-350.798651,142.078732,173.089123,-0.553384,0.411644,0.664235
5.326000,-0.199899,-319.710350,248.218713,90.990591,-0.490236,0.620518,0.484507
5.327000,0.107633,-263.673735,323.296480,1.094070,-0.378513,0.766243,0.290206
5.328000,0.483938,-198.751125,352.778364,-101.548680,-0.242502,0.824534,0.074856
5.329000,0.790173,-119.631641,330.006329,-212.093156,-0.077346,0.774339,-0.151828
5.330000,0.823911,-32.066624,278.710960,-296.316416,0.105620,0.675570,-0.318603
5.331000,0.744433,65.886929,218.995895,-339.736395,0.298302,0.547655,-0.406039
5.332000,0.568607,177.752340,146.638322,-333.907339,0.529844,0.392214,-0.397943
5.333000,0.364234,276.508886,62.052726,-291.135037,0.720907,0.214105,-0.312127
5.334000,0.419058,338.970065,-32.351599,-234.502594,0.845583,0.019804,-0.197165
5.335000,0.394079,353.115152,-142.196488,-164.787249,0.871490,-0.202023,-0.046582
5.336000,0.348339,319.099586,-247.637378,-80.356906,0.805104,-0.410896,0.138004
5.337000,-0.068841,261.664317,-320.073047,10.964556,0.688523,-0.548526,0.338781
5.338000,-0.429575,195.887070,-346.860799,114.358495,0.552512,-0.605197,0.552512
5.339000,-0.665740,115.602020,-321.705182,224.514034,0.384118,-0.546907,0.775959
5.340000,-0.689097,27.234016,-268.311067,307.208387,0.197913,-0.441661,0.947591
5.341000,-0.618701,-71.781752,-207.041319,347.571107,-0.004483,-0.315365,1.026930
5.342000,-0.412382,-183.491990,-132.999563,337.389753,-0.226310,-0.156686,1.009120
5.343000,-0.171676,-279.269680,-48.465628,292.156564,-0.415754,0.021423,0.911969
5.344000,-0.316359,-338.751932,45.601923,234.617668,-0.530715,0.217343,0.800246
5.345000,-0.270943,-349.581026,155.187553,164.332639,-0.550145,0.435932,0.648044
5.346000,-0.152537,-313.000461,259.177269,79.539798,-0.477282,0.641567,0.461839
5.347000,0.175109,-255.020837,328.581457,-12.273833,-0.360702,0.777578,0.262680
5.348000,0.522542,-189.269217,351.975255,-115.408829,-0.224691,0.821295,0.048949
5.349000,0.801527,-109.502074,325.135859,-223.518082,-0.056297,0.764624,-0.171258
5.350000,0.822613,-21.470745,271.612510,-303.829417,0.128289,0.657759,-0.333176
5.351000,0.720102,77.985392,210.835267,-341.783042,0.329066,0.531463,-0.410896
5.352000,0.533247,190.032143,136.845566,-330.021301,0.555751,0.374403,-0.389847
5.353000,0.327253,285.109928,52.311779,-284.710128,0.737098,0.194675,-0.299173
5.354000,0.361639,343.192865,-42.662504,-227.740901,0.852060,-0.001245,-0.180973
5.355000,0.330172,351.690280,-153.621402,-156.522967,0.865013,-0.224691,-0.027152
5.356000,0.287027,313.063313,-256.989760,-70.382784,0.790531,-0.427088,0.160672
5.357000,-0.110689,253.892292,-324.373594,22.700329,0.672331,-0.556622,0.359831
5.358000,-0.471423,186.975145,-345.358197,127.337784,0.534702,-0.597101,0.578419
5.359000,-0.699153,106.353304,-316.886497,234.617668,0.359831,-0.537192,0.797008
5.360000,-0.704019,17.622600,-262.533832,313.426007,0.175245,-0.433565,0.954068
5.361000,-0.629407,-82.584892,-200.150095,348.866444,-0.022294,-0.299173,1.030169
5.362000,-0.410436,-194.476494,-124.683472,333.866435,-0.245740,-0.138875,1.001024
5.363000,-0.167784,-287.249003,-39.968197,286.146198,-0.428707,0.039234,0.905492
5.364000,-0.303708,-341.964390,54.928363,228.892275,-0.533953,0.235154,0.785674
5.365000,-0.264780,-347.871169,165.731604,157.778229,-0.548526,0.456981,0.633471
5.366000,-0.131775,-308.155870,267.726497,71.664139,-0.467567,0.659378,0.447266
5.367000,0.195546,-249.010442,332.752444,-22.351576,-0.350987,0.787293,0.244869
5.368000,0.555307,-181.678511,350.524476,-128.051359,-0.211738,0.816438,0.023043
5.369000,0.819694,-100.693755,320.291297,-233.699481,-0.035248,0.754909,-0.192308
5.370000,0.837211,-11.911138,266.223906,-310.124795,0.147719,0.648044,-0.347748
5.371000,0.723346,89.151210,204.747180,-343.726061,0.354973,0.518510,-0.418992
5.372000,0.525786,201.664276,128.995817,-327.145634,0.576800,0.356592,-0.384989
5.373000,0.299679,294.151384,43.166686,-278.699729,0.754909,0.173626,-0.289458
5.374000,0.351258,347.312039,-53.258386,-221.393719,0.858536,-0.025533,-0.169639
5.375000,0.343473,350.135875,-165.357199,-149.113612,0.863394,-0.247360,-0.012579
5.376000,0.272753,307.985590,-266.393958,-61.859445,0.780816,-0.443280,0.176864
5.377000,-0.141183,247.363790,-329.036838,33.917966,0.656140,-0.569575,0.379261
5.378000,-0.485697,177.985501,-343.777875,141.016555,0.515271,-0.597101,0.604326
5.379000,-0.690719,95.705623,-310.876095,245.913012,0.337162,-0.527477,0.822915
5.380000,-0.710507,6.301334,-255.305813,319.695441,0.154196,-0.415754,0.970259
5.381000,-0.595993,-95.123790,-192.533481,350.628103,-0.053059,-0.286220,1.031788
5.382000,-0.364371,-206.885878,-115.590177,330.420837,-0.274886,-0.119445,0.994547
5.383000,-0.115879,-296.575485,-29.346410,279.306816,-0.448137,0.061903,0.890920
5.384000,-0.249533,-346.135405,67.052734,220.602114,-0.542049,0.261061,0.766243
5.385000,-0.215146,-345.902242,178.166848,148.270448,-0.545288,0.482888,0.610803
5.386000,-0.105174,-302.508165,277.104742,61.508684,-0.457852,0.677189,0.422979
5.387000,0.232528,-241.808331,337.260219,-33.983727,-0.333176,0.792150,0.222201
5.388000,0.570878,-171.263959,348.451936,-141.393376,-0.189069,0.811580,-0.002864
5.389000,0.830723,-89.061595,313.581448,-244.269484,-0.012579,0.743575,-0.218214
5.390000,0.824884,0.290960,258.322346,-315.694779,0.173626,0.630233,-0.355844
5.391000,0.697394,101.715993,196.327484,-344.011037,0.379261,0.500699,-0.417373
5.392000,0.499510,213.348223,119.747102,-322.974621,0.599469,0.338781,-0.375274
5.393000,0.268536,302.208384,32.959415,-272.223007,0.772720,0.155815,-0.276505
5.394000,0.301949,350.213595,-64.786914,-213.310779,0.865013,-0.046582,-0.150209
5.395000,0.289298,347.363853,-176.911651,-139.890780,0.860156,-0.268409,0.008470
5.396000,0.230257,302.467451,-274.580534,-52.429368,0.771101,-0.461091,0.199533
5.397000,-0.188870,240.731661,-332.871062,44.047517,0.648044,-0.574433,0.403548
5.398000,-0.529815,169.254923,-341.808949,152.700504,0.500699,-0.589005,0.626994
5.399000,-0.723159,85.731516,-304.917507,255.135816,0.319351,-0.516143,0.840725
5.400000,-0.716022,-4.864491,-248.518211,324.643631,0.128289,-0.399562,0.978355
5.401000,-0.605401,-107.066832,-185.046401,349.928621,-0.075727,-0.268409,1.031788
5.402000,-0.365993,-217.222715,-107.325901,326.353477,-0.294316,-0.100015,0.984832
5.403000,-0.106147,-303.596255,-20.538100,273.995931,-0.461091,0.082952,0.877966
5.404000,-0.231366,-348.674283,77.415443,214.203146,-0.546907,0.283730,0.754909
5.405000,-0.198926,-342.974760,189.203127,140.679767,-0.535573,0.505556,0.591373
5.406000,-0.088305,-297.508134,285.058114,53.555304,-0.449756,0.693381,0.405168
5.407000,0.265616,-236.419702,340.964885,-43.154734,-0.325080,0.800246,0.201152
5.408000,0.595208,-164.528180,346.975251,-152.455594,-0.174497,0.809961,-0.027152
5.409000,0.843050,-80.382813,308.477818,-253.777307,0.005232,0.735479,-0.234406
5.410000,0.840131,11.353158,252.130633,-320.565278,0.191437,0.615660,-0.370417
5.411000,0.699341,114.436215,188.969966,-343.518806,0.405168,0.484507,-0.414135
5.412000,0.477775,224.617661,111.249683,-318.881329,0.622137,0.316113,-0.372036
5.413000,0.251667,310.084036,23.529346,-267.015723,0.788912,0.133146,-0.265171
5.414000,0.285405,353.348313,-76.341350,-206.756343,0.869871,-0.070870,-0.135637
5.415000,0.285729,344.099602,-189.476472,-131.315619,0.852060,-0.295935,0.029519
5.416000,0.187436,296.457085,-283.518411,-42.921572,0.758148,-0.477282,0.220582
5.417000,-0.194709,234.695388,-336.938448,54.591575,0.633471,-0.580910,0.426217
5.418000,-0.520083,161.327455,-340.306347,164.565800,0.481269,-0.587386,0.652901
5.419000,-0.701099,75.731503,-299.658406,264.902661,0.299921,-0.503189,0.856917
5.420000,-0.705317,-17.325658,-241.005218,329.902702,0.108859,-0.386609,0.992928
5.421000,-0.566148,-121.419212,-175.564495,348.814631,-0.106491,-0.247360,1.030169
5.422000,-0.316359,-229.476661,-97.196335,320.861245,-0.318603,-0.080585,0.973498
5.423000,-0.054892,-311.886464,-9.864502,267.389710,-0.477282,0.104001,0.865013
5.424000,-0.166810,-351.705394,89.902506,206.327492,-0.553384,0.299921,0.737098
5.425000,-0.145075,-339.011001,202.415572,130.498409,-0.529096,0.531463,0.571943
5.426000,-0.029264,-289.969227,294.255011,42.337669,-0.430326,0.709572,0.379261
5.427000,0.284432,-228.777176,344.514110,-54.735074,-0.312127,0.800246,0.172007
5.428000,0.610130,-155.434880,345.058152,-164.087764,-0.155067,0.806723,-0.049820
5.429000,0.834940,-69.916462,303.115120,-262.611553,0.024662,0.720907,-0.250598
5.430000,0.820018,23.658880,244.306793,-325.021267,0.220582,0.602707,-0.375274
5.431000,0.671442,128.659029,178.892237,-341.316717,0.432694,0.465077,-0.410896
5.432000,0.440144,235.964819,100.524281,-312.793206,0.643186,0.296683,-0.354225
5.433000,0.204305,317.130673,12.907565,-260.124493,0.800246,0.113716,-0.248979
5.434000,0.225715,355.343132,-87.999416,-199.010194,0.873109,-0.095157,-0.117826
5.435000,0.227013,340.032242,-201.082742,-121.963255,0.847202,-0.320222,0.047330
5.436000,0.137802,289.203195,-291.497734,-32.584760,0.745194,-0.495093,0.241631
5.437000,-0.237530,227.674658,-339.814116,64.824751,0.617279,-0.587386,0.450505
5.438000,-0.551875,153.425893,-338.181980,175.109851,0.461839,-0.582529,0.675570
5.439000,-0.726078,67.104547,-294.787909,272.985568,0.282110,-0.498332,0.874728
5.440000,-0.718293,-27.766096,-234.658035,333.581460,0.082952,-0.376894,0.996166
5.441000,-0.573934,-133.984023,-167.274306,346.664370,-0.127541,-0.229549,1.025311
5.442000,-0.319928,-239.554433,-87.636720,315.109946,-0.336414,-0.061155,0.960544
5.443000,-0.039969,-317.508263,0.213239,261.405250,-0.486997,0.125050,0.850441
5.444000,-0.151239,-353.026647,100.757442,199.928524,-0.556622,0.327447,0.724145
5.445000,-0.132424,-335.643102,212.959621,122.830007,-0.521000,0.550893,0.554132
5.446000,0.005122,-283.881107,301.897503,34.099313,-0.418992,0.724145,0.361450
5.447000,0.308762,-222.611342,347.337946,-64.761007,-0.295935,0.813200,0.154196
5.448000,0.625053,-148.440035,342.700637,-175.020452,-0.140494,0.800246,-0.074108
5.449000,0.849538,-62.066700,298.607346,-270.901756,0.042473,0.712811,-0.268409
5.450000,0.840131,33.296203,239.203163,-329.425442,0.240012,0.594611,-0.384989
5.451000,0.667225,141.094275,171.716065,-340.228627,0.456981,0.450505,-0.409277
5.452000,0.422302,246.949282,90.938777,-307.300942,0.665855,0.277253,-0.342891
5.453000,0.187436,323.503734,1.741740,-253.777307,0.811580,0.087809,-0.234406
5.454000,0.214037,356.716190,-100.486501,-191.833996,0.877966,-0.117826,-0.106491
5.455000,0.232528,336.560737,-212.870362,-113.388097,0.839106,-0.342891,0.065141
5.456000,0.100172,282.467439,-300.150637,-23.025152,0.729002,-0.512904,0.262680
5.457000,-0.248559,219.980352,-342.793412,76.871401,0.602707,-0.593863,0.471554
5.458000,-0.544414,144.695315,-335.047243,187.648721,0.444028,-0.574433,0.703096
5.459000,-0.704019,57.622668,-289.192020,281.897491,0.259442,-0.483759,0.894158
5.460000,-0.694611,-38.569230,-228.336759,338.089235,0.057045,-0.362321,1.002643
5.461000,-0.545062,-146.730184,-158.699142,345.679914,-0.156686,-0.213357,1.022073
5.462000,-0.262833,-250.901644,-76.678139,309.073673,-0.355844,-0.036867,0.950829
5.463000,0.015828,-324.062711,13.011192,253.244623,-0.496712,0.152576,0.832630
5.464000,-0.103877,-353.803855,114.539842,190.524371,-0.556622,0.358212,0.703096
5.465000,-0.076627,-331.368461,225.265330,112.545021,-0.514523,0.578419,0.529844
5.466000,0.049241,-276.394016,310.369011,22.726236,-0.402800,0.741956,0.338781
5.467000,0.341851,-213.595754,349.669554,-77.325809,-0.279743,0.816438,0.129908
5.468000,0.638353,-138.388184,338.555557,-187.611179,-0.119445,0.790531,-0.101634
5.469000,0.837860,-51.781698,292.156564,-279.217867,0.065141,0.698238,-0.282981
5.470000,0.805420,44.306584,232.337873,-332.948783,0.259442,0.576800,-0.393085
5.471000,0.640300,153.089105,162.855954,-338.855560,0.478030,0.431074,-0.406039
5.472000,0.384023,256.897475,80.550162,-301.756865,0.682046,0.254584,-0.331557
5.473000,0.130666,328.633271,-10.667612,-245.849803,0.822915,0.060284,-0.221453
5.474000,0.147859,356.198055,-113.724885,-182.352089,0.873109,-0.148590,-0.082204
5.475000,0.168945,331.897522,-223.777151,-103.336251,0.826153,-0.363940,0.091048
5.476000,0.044050,275.887124,-307.145501,-12.895596,0.717668,-0.524238,0.285349
5.477000,-0.293976,212.104698,-344.632803,88.089032,0.583277,-0.598720,0.494222
5.478000,-0.571988,135.809295,-331.005764,198.969974,0.427836,-0.567956,0.727383
5.479000,-0.720239,48.736643,-283.000273,289.721330,0.241631,-0.470806,0.907112
5.480000,-0.706290,-48.336094,-222.274553,340.990792,0.044092,-0.347748,1.017215
5.481000,-0.544414,-157.559241,-151.522948,343.711001,-0.174497,-0.195546,1.018835
5.482000,-0.256345,-259.632262,-68.336147,304.151390,-0.375274,-0.019056,0.939495
5.483000,0.024262,-328.285538,23.710694,247.130629,-0.508047,0.173626,0.822915
5.484000,-0.082466,-352.612136,126.923276,182.752344,-0.553384,0.384118,0.685285
5.485000,-0.047106,-327.145634,235.265336,103.840348,-0.504808,0.596230,0.513652
5.486000,0.087196,-270.953570,316.664351,14.099277,-0.394704,0.753290,0.317732
5.487000,0.361639,-207.067226,351.586653,-88.051229,-0.258694,0.822915,0.102382
5.488000,0.653600,-130.538415,335.161772,-198.854753,-0.101634,0.785674,-0.124302
5.489000,0.856027,-43.310174,286.275732,-287.171282,0.082952,0.685285,-0.300792
5.490000,0.820991,54.177067,226.508854,-336.549844,0.278872,0.560608,-0.402800
5.491000,0.633487,164.410359,156.223823,-337.197517,0.502318,0.418121,-0.404420
5.492000,0.363586,266.431160,72.363622,-297.249065,0.701476,0.236774,-0.325080
5.493000,0.115743,333.659181,-21.703906,-240.228012,0.832630,0.042473,-0.208499
5.494000,0.146237,355.006345,-127.507316,-174.035991,0.868251,-0.177735,-0.069250
5.495000,0.166025,326.793891,-235.046638,-93.154872,0.819676,-0.383370,0.113716
5.496000,0.015503,269.514063,-314.036737,-2.092465,0.706334,-0.537192,0.309636
5.497000,-0.303383,204.462206,-346.601729,100.342934,0.568704,-0.598720,0.523367
5.498000,-0.580422,126.586488,-326.860658,211.508843,0.403548,-0.559860,0.753290
5.499000,-0.709209,38.322118,-275.824064,298.736879,0.222201,-0.457852,0.931399
5.500000,-0.683906,-59.812807,-214.632028,344.643644,0.021423,-0.329937,1.018835
5.501000,-0.500944,-169.709549,-142.947786,341.457113,-0.198784,-0.179354,1.012358
5.502000,-0.207036,-269.321436,-58.854256,299.125481,-0.391466,0.000374,0.929780
5.503000,0.076815,-333.725990,35.291025,240.394874,-0.517762,0.196294,0.811580
5.504000,-0.039969,-351.057720,141.431063,172.933683,-0.553384,0.410025,0.664235
5.505000,-0.013693,-320.435744,247.182443,91.767794,-0.491855,0.617279,0.486126
5.506000,0.135532,-263.103784,323.089226,1.171791,-0.380132,0.764624,0.288587
5.507000,0.397323,-198.336615,352.622923,-100.771476,-0.244121,0.821295,0.076475
5.508000,0.669820,-120.642007,330.602184,-210.823720,-0.080585,0.775959,-0.148590
5.509000,0.851485,-32.481133,278.659147,-295.746465,0.107240,0.672331,-0.316984
5.510000,0.811259,66.016463,218.270506,-338.777839,0.298302,0.547655,-0.407658
5.511000,0.597479,176.223841,146.949203,-334.010966,0.524987,0.395453,-0.394704
5.512000,0.323035,274.954481,63.192624,-291.964058,0.719287,0.217343,-0.312127
5.513000,0.068381,338.218769,-32.273878,-233.751294,0.842345,0.019804,-0.193927
5.514000,0.066759,353.115152,-140.305289,-165.124038,0.871490,-0.202023,-0.046582
5.515000,0.093684,320.213576,-245.487107,-82.325824,0.805104,-0.402800,0.134766
5.516000,-0.028291,262.182452,-319.114491,9.565590,0.690142,-0.546907,0.335543
5.517000,-0.357234,196.534739,-346.679450,112.415487,0.554132,-0.598720,0.549274
5.518000,-0.612862,117.855908,-322.845086,221.871545,0.388976,-0.553384,0.771101
5.519000,-0.719266,28.892050,-269.606412,305.705795,0.201152,-0.444899,0.939495
5.520000,-0.688448,-70.512318,-207.404015,346.767997,-0.001245,-0.312127,1.023692
5.521000,-0.504837,-180.875399,-134.968482,337.933795,-0.223072,-0.159924,1.009120
5.522000,-0.205414,-277.300757,-51.004494,293.736876,-0.410896,0.018185,0.920065
5.523000,0.081357,-337.430679,44.487932,235.109896,-0.527477,0.214105,0.798627
5.524000,-0.019208,-349.296049,152.648690,166.327460,-0.551764,0.431074,0.651282
5.525000,0.025235,-314.917572,256.690221,83.166746,-0.483759,0.638329,0.468315
5.526000,0.154671,-257.067481,327.778348,-9.527713,-0.368798,0.775959,0.275634
5.527000,0.431061,-191.289952,352.286136,-113.154935,-0.231168,0.816438,0.048949
5.528000,0.691555,-112.481358,326.742078,-221.341906,-0.059535,0.767863,-0.169639
5.529000,0.864137,-23.439661,273.374169,-302.948583,0.125050,0.660997,-0.334795
5.530000,0.798932,76.819587,211.819724,-341.731228,0.327447,0.533082,-0.412515
5.531000,0.581908,188.270483,139.099454,-331.135299,0.550893,0.377642,-0.389847
5.532000,0.306491,284.177285,54.617482,-286.316355,0.737098,0.197913,-0.300792
5.533000,0.062541,342.804264,-42.273902,-228.051784,0.850441,0.000374,-0.180973
5.534000,0.080708,351.845721,-152.455594,-158.025564,0.871490,-0.223072,-0.028771
5.535000,0.094333,314.410464,-255.720323,-72.843931,0.795389,-0.423850,0.154196
5.536000,-0.068841,255.006282,-324.269966,21.664058,0.675570,-0.555003,0.359831
5.537000,-0.369886,187.752348,-345.850429,126.353327,0.534702,-0.597101,0.578419
5.538000,-0.600859,108.037244,-317.974587,233.607304,0.367927,-0.540430,0.795389
5.539000,-0.716022,18.425710,-262.870622,313.607355,0.178483,-0.433565,0.958925
5.540000,-0.663793,-82.688519,-199.813306,349.255046,-0.027152,-0.300792,1.031788
5.541000,-0.450662,-193.802916,-125.434770,334.540010,-0.248979,-0.142113,1.002643
5.542000,-0.147671,-287.015841,-40.719495,286.767960,-0.430326,0.039234,0.902254
5.543000,0.133585,-342.171646,55.653753,227.726471,-0.537192,0.236774,0.782435
5.544000,0.025235,-348.233866,165.083935,157.441441,-0.548526,0.453743,0.626994
5.545000,0.056053,-308.907170,266.871575,72.544970,-0.470806,0.656140,0.447266
5.546000,0.204953,-248.595932,332.545190,-22.532923,-0.349368,0.782435,0.243250
5.547000,0.469665,-180.901305,350.524476,-127.533223,-0.205261,0.818057,0.023043
5.548000,0.694150,-101.600494,320.887152,-232.404137,-0.038486,0.758148,-0.187450
5.549000,0.855378,-12.455181,266.172092,-309.632563,0.147719,0.648044,-0.344510
5.550000,0.784983,88.943956,203.866350,-343.285643,0.354973,0.516891,-0.414135
5.551000,0.555631,200.343032,129.384418,-327.197448,0.578419,0.358212,-0.384989
5.552000,0.266265,292.752420,44.306584,-279.399215,0.754909,0.176864,-0.287839
5.553000,0.000581,346.483023,-53.077039,-220.590607,0.858536,-0.025533,-0.168020
5.554000,0.007718,350.213595,-163.595534,-149.502215,0.863394,-0.244121,-0.012579
5.555000,0.034318,309.125487,-264.502756,-63.543387,0.784054,-0.443280,0.175245
5.556000,-0.122043,247.804205,-328.078283,32.648534,0.660997,-0.567956,0.379261
5.557000,-0.407841,178.503636,-343.466992,139.358522,0.515271,-0.592244,0.604326
5.558000,-0.631029,98.192672,-312.197347,243.581404,0.343639,-0.532334,0.813200
5.559000,-0.729971,8.270250,-256.808412,318.944146,0.155815,-0.420611,0.967021
5.560000,-0.668984,-93.802542,-192.947990,349.902714,-0.051440,-0.284601,1.031788
5.561000,-0.457474,-204.476540,-117.196400,331.068505,-0.273266,-0.125922,0.992928
5.562000,-0.145400,-294.736096,-31.833463,280.835314,-0.444899,0.058664,0.892539
5.563000,0.147859,-345.150942,65.524234,221.379317,-0.543669,0.259442,0.769482
5.564000,0.054107,-346.005870,175.679799,150.472523,-0.543669,0.479650,0.617279
5.565000,0.071625,-304.269835,275.058108,64.824751,-0.461091,0.672331,0.429455
5.566000,0.231554,-243.181395,336.560737,-31.962997,-0.338033,0.792150,0.222201
5.567000,0.485885,-173.310600,348.685097,-139.579898,-0.192308,0.813200,0.000374
5.568000,0.711992,-92.455388,315.394921,-242.689165,-0.019056,0.746813,-0.208499
5.569000,0.862190,-2.066558,260.317166,-315.280269,0.168768,0.633471,-0.355844
5.570000,0.781414,100.679722,197.389661,-344.114665,0.377642,0.508795,-0.418992
5.571000,0.542979,211.793817,121.456948,-324.114525,0.597849,0.342020,-0.376894
5.572000,0.248423,301.405275,35.006051,-273.751513,0.766243,0.159053,-0.278124
5.573000,-0.002339,350.058155,-64.346498,-213.647568,0.865013,-0.046582,-0.151828
5.574000,0.008042,347.856081,-175.745843,-141.341562,0.858536,-0.268409,0.003612
5.575000,0.039184,303.840509,-273.621979,-54.760981,0.774339,-0.457852,0.193056
5.576000,-0.128531,241.638398,-332.793341,43.166686,0.648044,-0.572814,0.401929
5.577000,-0.415626,169.798965,-342.068018,152.001021,0.494222,-0.593863,0.625375
5.578000,-0.613187,87.363643,-306.135132,254.436334,0.324209,-0.521000,0.835868
5.579000,-0.715049,-4.009567,-249.062256,324.876792,0.129908,-0.402800,0.976736
5.580000,-0.637841,-107.118646,-184.476450,350.213595,-0.075727,-0.265171,1.033407
5.581000,-0.419195,-216.885925,-108.051292,326.767985,-0.294316,-0.103253,0.988070
5.582000,-0.092198,-303.648069,-21.418931,274.488160,-0.461091,0.078094,0.881205
5.583000,0.192626,-348.648376,78.140832,212.985528,-0.548526,0.283730,0.753290
5.584000,0.094008,-342.897039,188.840432,140.342979,-0.535573,0.503937,0.594611
5.585000,0.104389,-298.026272,284.255005,54.410228,-0.448137,0.693381,0.408406
5.586000,0.263346,-235.927471,340.679910,-43.180640,-0.323461,0.800246,0.201152
5.587000,0.515730,-163.673255,346.923438,-151.937457,-0.169639,0.808342,-0.023914
5.588000,0.703234,-80.900949,309.177300,-252.585591,0.005232,0.737098,-0.216595
5.589000,0.852458,10.886836,251.923379,-320.098954,0.197913,0.617279,-0.368798
5.590000,0.772655,114.203054,187.881882,-343.000667,0.403548,0.479650,-0.412515
5.591000,0.509566,223.322323,111.897352,-319.140398,0.617279,0.319351,-0.368798
5.592000,0.208846,309.125487,24.902406,-267.507954,0.784054,0.136385,-0.265171
5.593000,-0.050350,352.597017,-76.056376,-205.771883,0.869871,-0.074108,-0.137256
5.594000,-0.059758,344.151415,-187.766620,-131.807849,0.848821,-0.295935,0.023043
5.595000,-0.038023,297.596982,-281.704928,-45.020023,0.759767,-0.472425,0.217343
5.596000,-0.177840,235.239430,-336.213054,53.218516,0.636710,-0.579290,0.426217
5.597000,-0.451959,161.845590,-340.280440,162.907767,0.484507,-0.587386,0.652901
5.598000,-0.638166,77.933578,-300.668775,263.166909,0.303160,-0.509666,0.855298
5.599000,-0.725754,-15.486276,-242.041493,328.944152,0.110478,-0.386609,0.988070
5.600000,-0.646924,-119.787082,-176.263980,348.555563,-0.103253,-0.248979,1.030169
5.601000,-0.416599,-227.093230,-99.165253,322.001142,-0.310507,-0.082204,0.975117
5.602000,-0.087981,-310.098888,-12.247927,269.151369,-0.472425,0.099144,0.869871
5.603000,0.203980,-350.720930,88.555354,206.742000,-0.551764,0.298302,0.737098
5.604000,0.122880,-339.555047,199.876710,132.545043,-0.530715,0.526606,0.580038
5.605000,0.117041,-292.378568,292.260191,45.860991,-0.438422,0.704715,0.387357
5.606000,0.287676,-230.590656,344.099602,-52.558902,-0.312127,0.805104,0.180102
5.607000,0.536491,-157.041104,345.265406,-162.611074,-0.156686,0.808342,-0.048201
5.608000,0.724968,-72.818024,304.591805,-261.290302,0.021423,0.725764,-0.248979
5.609000,0.857000,21.404990,246.172079,-324.788105,0.218963,0.605945,-0.376894
5.610000,0.769411,127.493225,180.161668,-341.705321,0.429455,0.468315,-0.410896
5.611000,0.495293,234.617668,102.596823,-314.192179,0.638329,0.296683,-0.360702
5.612000,0.195870,316.508911,14.954201,-261.912067,0.800246,0.115335,-0.252217
5.613000,-0.063326,355.109972,-87.818068,-199.113821,0.876347,-0.091919,-0.119445
5.614000,-0.051324,340.628097,-200.072375,-123.258596,0.845583,-0.315365,0.047330
5.615000,-0.043213,290.835320,-290.798247,-35.356787,0.750052,-0.495093,0.238393
5.616000,-0.188545,228.374140,-339.840023,64.280709,0.622137,-0.587386,0.445647
5.617000,-0.453257,153.684961,-338.311515,174.798970,0.463458,-0.582529,0.675570
5.618000,-0.623567,68.451699,-295.850092,272.337899,0.282110,-0.499951,0.874728
5.619000,-0.713102,-26.859358,-235.253893,333.918248,0.086190,-0.375274,0.997785
5.620000,-0.621945,-134.035836,-166.730262,347.027065,-0.129160,-0.229549,1.025311
5.621000,-0.362100,-239.269458,-88.128950,315.731708,-0.334795,-0.061155,0.960544
5.622000,-0.032184,-317.793239,-0.719405,261.690224,-0.486997,0.126670,0.853679
5.623000,0.258155,-353.000740,101.405112,198.607279,-0.559860,0.333924,0.719287
5.624000,0.163755,-335.643102,212.648740,122.596846,-0.522619,0.549274,0.554132
5.625000,0.161484,-284.269710,301.431181,34.617449,-0.422230,0.720907,0.364688
5.626000,0.333092,-222.093205,347.052972,-64.709194,-0.294316,0.809961,0.152576
5.627000,0.540384,-147.636923,342.545197,-174.476408,-0.137256,0.800246,-0.072489
5.628000,0.724320,-62.792090,299.229108,-269.658225,0.042473,0.716049,-0.263551
5.629000,0.846294,32.933508,239.151349,-328.959118,0.241631,0.592992,-0.383370
5.630000,0.736647,140.809301,170.498448,-339.917744,0.456981,0.444028,-0.407658
5.631000,0.426195,245.498504,91.379192,-307.637732,0.659378,0.278872,-0.347748
5.632000,0.150454,322.700625,3.244334,-254.269538,0.811580,0.091048,-0.237645
5.633000,-0.123016,356.094428,-99.916551,-190.875442,0.876347,-0.117826,-0.098396
5.634000,-0.109716,336.612550,-211.264137,-114.035767,0.837487,-0.338033,0.068379
5.635000,-0.084412,283.710963,-298.544410,-24.994069,0.733860,-0.511285,0.257823
5.636000,-0.237854,220.679834,-342.171646,75.446528,0.607564,-0.590625,0.471554
5.637000,-0.484724,145.394797,-335.228591,185.938875,0.445647,-0.576052,0.698238
5.638000,-0.643680,59.902464,-290.590992,280.109925,0.264299,-0.488617,0.887682
5.639000,-0.721537,-36.755754,-229.476661,337.363846,0.061903,-0.365559,1.005881
5.640000,-0.613187,-145.693910,-159.113651,345.084058,-0.150209,-0.216595,1.020454
5.641000,-0.361127,-248.932721,-78.672963,309.902689,-0.357463,-0.044963,0.952448
5.642000,-0.019208,-322.741459,10.031912,255.368977,-0.496712,0.144481,0.839106
5.643000,0.280863,-353.130275,113.011343,191.379294,-0.558241,0.354973,0.704715
5.644000,0.174135,-332.093854,222.985535,114.513935,-0.519381,0.567085,0.531463
5.645000,0.179326,-278.596101,308.607352,25.912770,-0.407658,0.737098,0.345258
5.646000,0.380130,-215.953278,349.332766,-75.330985,-0.279743,0.816438,0.131527
5.647000,0.567310,-140.149848,339.462293,-185.927234,-0.121064,0.795389,-0.093538
5.648000,0.748001,-54.890515,294.073664,-277.922522,0.061903,0.706334,-0.281362
5.649000,0.848241,42.441296,234.047719,-332.922876,0.261061,0.581658,-0.391466
5.650000,0.736971,152.389623,163.788597,-338.907374,0.479650,0.431074,-0.406039
5.651000,0.433007,255.990739,82.337729,-302.637700,0.682046,0.259442,-0.333176
5.652000,0.121907,328.348296,-8.465535,-247.792819,0.822915,0.066760,-0.221453
5.653000,-0.136965,356.275776,-113.258563,-182.766598,0.874728,-0.143732,-0.083823
5.654000,-0.096740,332.545190,-222.766783,-104.631591,0.829391,-0.360702,0.086190
5.655000,-0.120421,277.363809,-306.523735,-14.916326,0.722526,-0.522619,0.280491
5.656000,-0.255696,212.907808,-344.736431,87.389550,0.588134,-0.597101,0.497461
5.657000,-0.490563,136.146083,-331.238926,198.762720,0.422979,-0.567956,0.727383
5.658000,-0.635895,49.954262,-283.932921,289.229101,0.243250,-0.475663,0.907112
5.659000,-0.704668,-47.714331,-222.792690,341.483020,0.044092,-0.349368,1.012358
5.660000,-0.579449,-157.714682,-150.849370,343.944161,-0.177735,-0.193927,1.018835
5.661000,-0.306952,-259.373193,-68.724749,304.747246,-0.376894,-0.023914,0.937876
5.662000,0.030750,-328.570514,22.907584,247.674671,-0.508047,0.170387,0.824534
5.663000,0.322387,-352.534415,127.700479,181.223845,-0.553384,0.384118,0.680427
5.664000,0.215659,-326.834751,235.109896,103.477653,-0.503189,0.592992,0.510414
5.665000,0.229608,-271.419894,316.301657,14.461972,-0.396324,0.750052,0.320971
5.666000,0.392133,-206.782250,351.379399,-87.584907,-0.263551,0.819676,0.107240
5.667000,0.581908,-129.864837,334.747264,-198.492057,-0.100015,0.784054,-0.122683
5.668000,0.739242,-43.957844,286.638426,-286.601331,0.081333,0.690142,-0.299173
5.669000,0.831696,53.684838,226.482947,-336.057613,0.282110,0.565466,-0.399562
5.670000,0.704531,164.047665,155.058019,-336.860727,0.502318,0.413263,-0.404420
5.671000,0.399919,265.213542,72.804037,-297.715389,0.703096,0.238393,-0.325080
5.672000,0.073247,333.063325,-20.253125,-240.772056,0.832630,0.042473,-0.211738
5.673000,-0.193736,354.514116,-126.937366,-172.947904,0.871490,-0.174497,-0.064393
5.674000,-0.170054,326.897518,-233.518133,-93.957983,0.814819,-0.381751,0.112097
5.675000,-0.172325,270.705774,-312.767299,-4.346355,0.707953,-0.533953,0.304779
5.676000,-0.297868,205.265315,-346.109498,98.814435,0.573562,-0.600340,0.521748
5.677000,-0.525598,127.182343,-327.223355,209.695370,0.408406,-0.563099,0.745194
5.678000,-0.646924,40.576008,-277.352571,296.975220,0.222201,-0.467567,0.920065
5.679000,-0.709858,-57.921611,-216.082813,343.918255,0.021423,-0.334795,1.020454
5.680000,-0.592425,-168.517834,-143.388202,341.275766,-0.195546,-0.180973,1.017215
5.681000,-0.299815,-267.637488,-60.771359,299.902683,-0.389847,-0.004483,0.933018
5.682000,0.045348,-332.508365,32.855788,242.156533,-0.516143,0.189817,0.814819
5.683000,0.342824,-350.669117,139.980284,173.736792,-0.551764,0.406787,0.667474
5.684000,0.239664,-321.575648,245.109903,94.384377,-0.490236,0.614041,0.494222
5.685000,0.262372,-265.642658,321.897515,4.487859,-0.383370,0.761386,0.299921
5.686000,0.411273,-200.253723,352.571110,-99.009812,-0.247360,0.821295,0.079714
5.687000,0.603967,-122.015069,331.223946,-209.295215,-0.082204,0.779197,-0.143732
5.688000,0.750921,-35.097719,280.861221,-294.502934,0.099144,0.678808,-0.315365
5.689000,0.840455,64.047548,220.109886,-339.192350,0.295064,0.552512,-0.406039
5.690000,0.709722,175.524359,147.778219,-334.503198,0.524987,0.395453,-0.399562
5.691000,0.381428,274.358626,64.721124,-292.844892,0.719287,0.218963,-0.315365
5.692000,0.061893,338.063329,-30.434496,-235.409334,0.839106,0.021423,-0.198784
5.693000,-0.203468,352.933804,-140.149848,-165.253572,0.868251,-0.197165,-0.044963
5.694000,-0.150590,320.913059,-244.683994,-83.647071,0.803484,-0.406039,0.129908
5.695000,-0.203792,263.866391,-318.803608,7.467140,0.691761,-0.545288,0.329066
5.696000,-0.308249,197.208314,-346.912612,111.716005,0.555751,-0.598720,0.546036
5.697000,-0.512298,117.985442,-322.974621,221.793825,0.388976,-0.551764,0.771101
5.698000,-0.631029,30.265110,-270.435432,305.705795,0.202771,-0.444899,0.942733
5.699000,-0.686177,-69.942369,-208.025779,347.130692,0.000374,-0.316984,1.025311
5.700000,-0.549928,-181.264001,-134.139464,337.985608,-0.224691,-0.158305,1.009120
5.701000,-0.250181,-277.119409,-51.134028,294.073664,-0.409277,0.016566,0.920065
5.702000,0.090115,-337.845190,43.788449,235.524404,-0.529096,0.214105,0.798627
5.703000,0.392133,-349.321956,153.322266,164.669427,-0.551764,0.431074,0.646425
5.704000,0.286054,-314.684410,256.405247,82.570890,-0.482140,0.636710,0.471554
5.705000,0.341851,-257.248829,327.441560,-8.776417,-0.365559,0.772720,0.277253
5.706000,0.438198,-190.694094,352.078882,-112.844053,-0.227930,0.819676,0.052188
5.707000,0.613050,-111.859594,326.431197,-220.797862,-0.061155,0.767863,-0.164782
5.708000,0.727888,-24.424119,273.607330,-302.326817,0.121812,0.664235,-0.331557
5.709000,0.811259,76.197825,211.742004,-341.342624,0.327447,0.534702,-0.410896
5.710000,0.667225,187.933695,137.959557,-330.565346,0.550893,0.374403,-0.393085
5.711000,0.343797,282.907854,55.057897,-286.653144,0.732241,0.196294,-0.305650
5.712000,0.009015,342.260222,-40.849029,-228.673548,0.848821,0.000374,-0.182593
5.713000,-0.259589,351.483026,-151.885644,-156.885663,0.871490,-0.223072,-0.027152
5.714000,-0.220012,314.669532,-254.321352,-73.387974,0.793769,-0.420611,0.155815
5.715000,-0.282946,256.094366,-323.233690,19.487888,0.677189,-0.555003,0.356592
5.716000,-0.364371,188.529551,-345.643173,124.721201,0.537940,-0.593863,0.576800
5.717000,-0.547658,108.788540,-318.311377,232.001086,0.367927,-0.542049,0.792150
5.718000,-0.657305,20.575973,-264.580476,312.001136,0.183341,-0.436803,0.954068
5.719000,-0.688772,-80.771415,-201.134556,348.840538,-0.023914,-0.304031,1.028550
5.720000,-0.542467,-192.481667,-125.797465,334.436383,-0.244121,-0.138875,1.002643
5.721000,-0.248235,-285.176452,-42.636598,288.063298,-0.425469,0.034377,0.908731
5.722000,0.101794,-341.264903,53.063075,229.799012,-0.535573,0.231916,0.787293
5.723000,0.406731,-347.586192,163.995851,158.115017,-0.546907,0.453743,0.631852
5.724000,0.312006,-309.684377,265.213542,74.513884,-0.470806,0.652901,0.450505
5.725000,0.342500,-251.108899,331.819801,-19.087320,-0.355844,0.780816,0.248108
5.726000,0.474206,-183.232922,350.783544,-125.227515,-0.210119,0.814819,0.024662
5.727000,0.641273,-103.206716,321.742075,-230.953353,-0.041724,0.758148,-0.187450
5.728000,0.756111,-14.916326,268.322353,-308.855356,0.141242,0.649663,-0.347748
5.729000,0.815152,87.260016,205.679823,-343.466992,0.351735,0.521748,-0.414135
5.730000,0.669171,199.669456,129.980274,-327.611958,0.571943,0.363069,-0.384989
5.731000,0.318818,292.156564,45.912805,-280.461397,0.754909,0.181722,-0.291077
5.732000,0.003176,346.508930,-51.289469,-222.455901,0.860156,-0.019056,-0.172878
5.733000,-0.260887,349.850901,-163.647348,-149.502215,0.865013,-0.242502,-0.012579
5.734000,-0.222607,309.462274,-263.880990,-64.735101,0.785674,-0.440041,0.173626
5.735000,-0.296246,249.306797,-328.000562,30.860966,0.665855,-0.563099,0.377642
5.736000,-0.368912,179.410372,-344.011037,138.633133,0.518510,-0.593863,0.605945
5.737000,-0.543765,98.244486,-312.482323,242.959642,0.345258,-0.529096,0.814819
5.738000,-0.644654,9.487869,-257.456084,319.073679,0.159053,-0.420611,0.968640
5.739000,-0.657954,-93.180778,-193.569755,350.524476,-0.049820,-0.286220,1.030169
5.740000,-0.509703,-204.942863,-116.574636,330.861251,-0.268409,-0.125922,0.992928
5.741000,-0.193087,-294.736096,-32.066624,281.042568,-0.443280,0.055426,0.895777
5.742000,0.147534,-345.461825,65.109726,221.586571,-0.542049,0.256204,0.767863
5.743000,0.455067,-345.772708,176.327468,148.736770,-0.542049,0.479650,0.610803
5.744000,0.364559,-303.984859,274.773134,64.280709,-0.461091,0.673951,0.429455
5.745000,0.387591,-243.440464,336.275763,-31.056259,-0.341272,0.787293,0.225439
5.746000,0.503078,-172.688836,348.555563,-139.243109,-0.190688,0.813200,0.000374
5.747000,0.640624,-91.496835,315.006319,-242.171027,-0.017437,0.746813,-0.211738
5.748000,0.739891,-2.947389,260.550327,-314.658503,0.167149,0.631852,-0.354225
5.749000,0.790498,99.772985,197.415568,-343.959223,0.376022,0.502318,-0.414135
5.750000,0.623755,211.482936,120.653839,-323.492759,0.597849,0.337162,-0.375274
5.751000,0.287027,300.394911,35.576000,-273.932862,0.767863,0.157434,-0.276505
5.752000,-0.046782,349.591833,-62.817997,-214.295239,0.865013,-0.043344,-0.153447
5.753000,-0.323821,347.337946,-175.124079,-140.383010,0.858536,-0.265171,0.008470
5.754000,-0.280351,304.151390,-272.197100,-55.253210,0.774339,-0.457852,0.194675
5.755000,-0.350746,242.804202,-331.938413,41.094144,0.652901,-0.569575,0.398691
5.756000,-0.412382,170.576168,-341.860763,150.550243,0.500699,-0.590625,0.625375
5.757000,-0.561607,88.114939,-306.238759,253.166903,0.324209,-0.519381,0.835868
5.758000,-0.657305,-1.600236,-250.772109,323.659174,0.134766,-0.402800,0.975117
5.759000,-0.667686,-105.072007,-186.108582,350.109968,-0.075727,-0.271647,1.030169
5.760000,-0.516515,-215.383327,-108.284453,327.001145,-0.289458,-0.104872,0.986451
5.761000,-0.191465,-301.912307,-23.128780,275.628057,-0.461091,0.071618,0.881205
5.762000,0.159862,-348.052517,75.394715,215.161695,-0.546907,0.278872,0.753290
5.763000,0.482965,-342.948853,187.363747,141.197902,-0.538811,0.500699,0.592992
5.764000,0.381428,-299.036641,282.804227,56.456863,-0.451376,0.685285,0.410025
5.765000,0.410624,-238.233183,340.058148,-40.330893,-0.328318,0.797008,0.206009
5.766000,0.526435,-165.745802,347.052972,-150.383047,-0.174497,0.809961,-0.022294
5.767000,0.652303,-82.533078,309.747249,-251.575223,0.001993,0.737098,-0.224691
5.768000,0.751569,8.088903,254.306800,-319.658536,0.189817,0.622137,-0.367179
5.769000,0.785307,112.363674,190.161677,-343.751968,0.400310,0.487746,-0.412515
5.770000,0.624729,222.752374,112.285954,-319.606723,0.618899,0.320971,-0.370417
5.771000,0.265941,308.426004,26.223652,-268.725578,0.782435,0.139623,-0.265171
5.772000,-0.060731,352.674737,-74.372433,-207.585363,0.868251,-0.067631,-0.137256
5.773000,-0.322523,344.047788,-187.585272,-131.833756,0.852060,-0.292696,0.027900
5.774000,-0.288785,298.244651,-281.290418,-45.823134,0.764624,-0.477282,0.212486
5.775000,-0.362749,236.612488,-336.161240,51.715923,0.638329,-0.579290,0.419740
5.776000,-0.436388,162.545073,-340.539510,162.519166,0.482888,-0.590625,0.649663
5.777000,-0.561931,77.907671,-300.953751,262.907842,0.304779,-0.508047,0.855298
5.778000,-0.640112,-14.268656,-243.025954,329.099592,0.107240,-0.393085,0.983213
5.779000,-0.627460,-119.268945,-176.756210,349.047792,-0.101634,-0.250598,1.023692
5.780000,-0.466882,-227.714994,-98.258514,321.586634,-0.313746,-0.078965,0.976736
5.781000,-0.141183,-310.383864,-12.584715,269.047742,-0.474044,0.097525,0.869871
5.782000,0.202358,-351.109534,87.959499,207.130602,-0.553384,0.296683,0.738717
5.783000,0.517027,-338.881467,200.628006,130.861104,-0.529096,0.521748,0.571943
5.784000,0.417436,-291.756803,291.975217,45.291042,-0.436803,0.704715,0.387357
5.785000,0.454418,-230.772005,343.788721,-51.729885,-0.313746,0.805104,0.181722
5.786000,0.545575,-156.574781,345.239499,-161.937497,-0.156686,0.806723,-0.048201
5.787000,0.652627,-71.937193,304.280924,-260.642630,0.024662,0.725764,-0.245740
5.788000,0.740540,20.757321,246.327520,-324.218153,0.217343,0.609184,-0.376894
5.789000,0.760328,126.560581,180.032135,-341.523973,0.431074,0.465077,-0.410896
5.790000,0.584827,234.177253,101.690086,-313.544506,0.638329,0.298302,-0.355844
5.791000,0.228310,315.628081,15.757311,-261.912067,0.798627,0.116955,-0.252217
5.792000,-0.108418,354.850904,-86.004591,-199.916934,0.871490,-0.091919,-0.119445
5.793000,-0.385132,340.006335,-199.295169,-122.351857,0.847202,-0.315365,0.048949
5.794000,-0.340689,291.068481,-289.373368,-35.719482,0.746813,-0.490236,0.235154
5.795000,-0.414653,229.773105,-339.140536,62.052726,0.620518,-0.585767,0.442409
5.796000,-0.448066,154.617604,-338.337422,173.115030,0.465077,-0.580910,0.673951
5.797000,-0.568744,69.125276,-295.979627,271.146189,0.286968,-0.498332,0.869871
5.798000,-0.651142,-24.838628,-236.601050,332.830165,0.091048,-0.376894,0.997785
5.799000,-0.638490,-131.885570,-168.414207,346.949345,-0.125922,-0.231168,1.028550
5.800000,-0.458123,-237.766859,-88.776620,315.964869,-0.331557,-0.061155,0.963783
5.801000,-0.133073,-316.135197,-2.688321,263.218723,-0.485378,0.120193,0.855298
5.802000,0.209171,-352.612136,98.736714,200.809353,-0.555003,0.327447,0.725764
5.803000,0.530652,-335.539474,211.275682,123.270422,-0.522619,0.546036,0.555751
5.804000,0.431061,-285.668683,299.824963,36.586364,-0.425469,0.719287,0.367927
5.805000,0.469340,-224.787519,346.742091,-61.704004,-0.300792,0.808342,0.162291
5.806000,0.561146,-149.761283,343.063332,-172.947904,-0.142113,0.801865,-0.069250
5.807000,0.656520,-64.139244,299.799056,-269.010553,0.039234,0.714430,-0.265171
5.808000,0.754489,30.524178,241.120263,-328.648235,0.235154,0.596230,-0.386609
5.809000,0.759355,139.228988,172.700522,-340.384068,0.453743,0.450505,-0.409277
5.810000,0.577366,245.187623,91.975048,-308.026335,0.660997,0.277253,-0.344510
5.811000,0.205927,322.234303,4.798741,-255.772137,0.808342,0.092667,-0.242502
5.812000,-0.112635,356.508936,-98.336235,-192.844363,0.879586,-0.114587,-0.108111
5.813000,-0.380915,336.560737,-211.108696,-113.750792,0.839106,-0.336414,0.066760
5.814000,-0.346529,284.229098,-298.103992,-25.848993,0.737098,-0.504808,0.257823
5.815000,-0.419843,222.234239,-342.301180,73.788495,0.610803,-0.590625,0.468315
5.816000,-0.467855,146.094280,-335.539474,185.498460,0.447266,-0.576052,0.698238
5.817000,-0.554794,59.617489,-290.565085,279.799044,0.264299,-0.486997,0.889301
5.818000,-0.637517,-35.771296,-230.357495,337.622914,0.066760,-0.365559,1.007500
5.819000,-0.597940,-144.968519,-159.709508,345.913074,-0.150209,-0.214976,1.022073
5.820000,-0.440605,-249.321324,-77.662598,309.747249,-0.355844,-0.038486,0.952448
5.821000,-0.070463,-323.026435,10.031912,255.213536,-0.493474,0.146100,0.837487
5.822000,0.265616,-353.700227,112.311860,191.741989,-0.558241,0.356592,0.706334
5.823000,0.581583,-331.420275,223.607297,113.037250,-0.514523,0.571943,0.533082
5.824000,0.461879,-278.155684,308.503725,25.627796,-0.410896,0.737098,0.345258
5.825000,0.517027,-215.797837,349.306859,-74.268806,-0.279743,0.813200,0.133146
5.826000,0.589369,-139.864873,339.177319,-185.435004,-0.121064,0.793769,-0.095157
5.827000,0.673064,-53.828336,293.633249,-277.404384,0.058664,0.703096,-0.279743
5.828000,0.740864,41.534559,234.358600,-332.404737,0.252965,0.581658,-0.394704
5.829000,0.734052,151.431073,163.840411,-339.011001,0.479650,0.429455,-0.406039
5.830000,0.549792,255.446697,81.379179,-302.300910,0.680427,0.256204,-0.336414
5.831000,0.150454,327.674721,-7.714238,-247.818726,0.819676,0.068379,-0.224691
5.832000,-0.172650,356.275776,-111.367365,-183.647431,0.876347,-0.142113,-0.083823
5.833000,-0.444498,332.027055,-222.067298,-104.009828,0.829391,-0.360702,0.091048
5.834000,-0.406867,277.596970,-305.332018,-15.900784,0.724145,-0.519381,0.280491
5.835000,-0.463638,214.436306,-344.270106,85.083847,0.591373,-0.595482,0.490984
5.836000,-0.500295,137.260074,-331.653437,196.923340,0.424598,-0.564718,0.722526
5.837000,-0.572312,50.809186,-284.554686,287.985577,0.244869,-0.474044,0.903873
5.838000,-0.652439,-45.615880,-224.295288,340.628097,0.048949,-0.354225,1.012358
5.839000,-0.604103,-155.901203,-152.507408,343.995975,-0.172878,-0.200404,1.017215
5.840000,-0.411409,-258.026035,-69.061537,304.669525,-0.373655,-0.020675,0.944353
5.841000,-0.057487,-327.404703,20.835041,249.125449,-0.508047,0.167149,0.829391
5.842000,0.279566,-352.845298,124.643481,184.177216,-0.555003,0.377642,0.686904
5.843000,0.587747,-327.119727,233.736838,104.565737,-0.504808,0.588134,0.512033
5.844000,0.501781,-272.663424,315.058133,16.560422,-0.399562,0.748433,0.322590
5.845000,0.539411,-209.372936,351.327586,-85.020132,-0.270028,0.818057,0.108859
5.846000,0.617267,-131.989197,335.731721,-196.134533,-0.101634,0.787293,-0.117826
5.847000,0.680201,-45.434532,287.856044,-285.746403,0.078094,0.690142,-0.295935
5.848000,0.743459,51.327321,228.710928,-336.187147,0.278872,0.571943,-0.397943
5.849000,0.711668,162.648700,157.260094,-337.534307,0.500699,0.418121,-0.402800
5.850000,0.545250,264.669501,73.140825,-297.689482,0.699857,0.240012,-0.326699
5.851000,0.132612,332.778351,-18.880065,-242.041493,0.831010,0.047330,-0.210119
5.852000,-0.191140,355.291319,-125.227515,-175.305427,0.873109,-0.169639,-0.067631
5.853000,-0.445471,327.130679,-233.362691,-94.087517,0.821295,-0.381751,0.110478
5.854000,-0.421141,271.327536,-312.482323,-5.201280,0.707953,-0.533953,0.293445
5.855000,-0.496078,206.819720,-346.420381,97.234122,0.575181,-0.598720,0.520129
5.856000,-0.491860,128.011360,-327.456517,209.514023,0.408406,-0.561479,0.746813
5.857000,-0.561607,40.472381,-277.430291,297.052940,0.222201,-0.462710,0.924923
5.858000,-0.626487,-56.963059,-216.963646,344.177322,0.023043,-0.338033,1.017215
5.859000,-0.562256,-168.025604,-144.061780,341.975248,-0.198784,-0.184212,1.013977
5.860000,-0.366317,-268.570136,-59.916435,299.539989,-0.389847,-0.001245,0.933018
5.861000,-0.008178,-332.922876,32.622627,242.208346,-0.519381,0.188198,0.814819
5.862000,0.326928,-351.316790,139.306708,174.177207,-0.553384,0.405168,0.667474
5.863000,0.640624,-320.798440,245.602131,92.544997,-0.491855,0.617279,0.489365
5.864000,0.518325,-265.046800,321.742075,4.306512,-0.384989,0.759767,0.298302
5.865000,0.576068,-200.720046,352.674737,-97.766285,-0.245740,0.821295,0.082952
5.866000,0.632514,-122.040976,331.094412,-208.777078,-0.082204,0.775959,-0.140494
5.867000,0.686040,-34.475956,280.135832,-294.114330,0.102382,0.680427,-0.313746
5.868000,0.724644,63.088997,220.446673,-338.803746,0.298302,0.552512,-0.402800
5.869000,0.692528,174.513995,148.037287,-334.658639,0.523367,0.400310,-0.396324
5.870000,0.512161,273.166915,64.073455,-292.559916,0.716049,0.218963,-0.315365
5.871000,0.088818,337.441566,-29.735012,-235.538868,0.840725,0.026281,-0.198784
5.872000,-0.247911,353.270592,-138.258650,-166.160311,0.868251,-0.193927,-0.048201
5.873000,-0.493482,320.524457,-243.880881,-83.051214,0.808342,-0.406039,0.134766
5.874000,-0.479209,264.151366,-317.870960,6.353148,0.695000,-0.543669,0.325828
5.875000,-0.549280,198.944067,-346.705357,109.254862,0.557370,-0.601959,0.542797
5.876000,-0.528518,119.254873,-323.570480,219.876725,0.390595,-0.553384,0.767863
5.877000,-0.575556,30.938686,-271.005383,304.280924,0.207628,-0.448137,0.937876
5.878000,-0.632975,-67.610756,-209.787446,346.638464,-0.001245,-0.323461,1.018835
5.879000,-0.567446,-179.139640,-136.186103,338.736904,-0.218214,-0.164782,1.009120
5.880000,-0.365020,-276.031319,-51.781698,294.410452,-0.407658,0.014947,0.921684
5.881000,-0.012071,-336.757099,41.974974,236.975182,-0.524238,0.209248,0.803484
5.882000,0.333092,-349.529212,150.809310,167.286010,-0.548526,0.427836,0.651282
5.883000,0.642246,-315.176641,255.213536,83.710788,-0.480521,0.635090,0.466696
5.884000,0.569580,-258.880962,326.457104,-6.341178,-0.367179,0.771101,0.278872
5.885000,0.614348,-193.673382,352.622923,-109.916583,-0.232787,0.821295,0.057045
5.886000,0.652303,-113.906233,327.415653,-219.502518,-0.064393,0.771101,-0.164782
5.887000,0.697719,-25.486298,274.747227,-301.420075,0.120193,0.664235,-0.328318
5.888000,0.724968,73.995749,214.125425,-341.601693,0.322590,0.541178,-0.410896
5.889000,0.680526,186.534731,140.291165,-331.653437,0.546036,0.379261,-0.391466
5.890000,0.501781,282.856041,55.446499,-287.015841,0.733860,0.202771,-0.304031
5.891000,0.094333,342.182502,-39.709129,-229.968892,0.847202,0.005232,-0.185831
5.892000,-0.239476,352.027068,-150.616209,-159.010024,0.866632,-0.221453,-0.032009
5.893000,-0.483750,314.721345,-254.373165,-73.336161,0.795389,-0.420611,0.152576
5.894000,-0.516191,256.923382,-323.155969,18.607058,0.678808,-0.556622,0.351735
5.895000,-0.550577,190.317117,-346.264939,122.855914,0.539559,-0.600340,0.568704
5.896000,-0.527220,109.669370,-318.725888,231.793832,0.369546,-0.543669,0.792150
5.897000,-0.576205,20.550066,-264.321407,312.415644,0.181722,-0.435184,0.954068
5.898000,-0.609294,-79.864677,-202.170830,349.332766,-0.023914,-0.304031,1.028550
5.899000,-0.526571,-192.144878,-126.522856,335.187679,-0.244121,-0.143732,1.001024
5.900000,-0.319279,-285.720496,-41.393071,287.726510,-0.425469,0.035996,0.905492
5.901000,0.029128,-341.601693,53.088982,229.695384,-0.537192,0.231916,0.787293
5.902000,0.368452,-348.492935,163.322275,158.477711,-0.548526,0.453743,0.633471
5.903000,0.676308,-308.984891,265.576237,72.881758,-0.472425,0.652901,0.447266
5.904000,0.608833,-250.409413,331.534827,-19.320481,-0.355844,0.782435,0.248108
5.905000,0.640624,-183.414270,350.835357,-124.398497,-0.211738,0.818057,0.027900
5.906000,0.661710,-103.128996,321.742075,-230.694284,-0.044963,0.759767,-0.189069
5.907000,0.684743,-14.553631,267.571057,-308.544474,0.142861,0.651282,-0.341272
5.908000,0.704531,86.146025,206.068425,-343.389271,0.350116,0.523367,-0.414135
5.909000,0.645490,198.710906,130.420689,-327.767400,0.570323,0.359831,-0.384989
5.910000,0.466096,291.482989,45.783271,-280.254142,0.750052,0.181722,-0.287839
5.911000,0.032048,345.938981,-50.408638,-222.611342,0.853679,-0.015818,-0.171258
5.912000,-0.309547,350.394943,-161.807962,-150.538488,0.861775,-0.244121,-0.019056
5.913000,-0.563553,309.177300,-263.181505,-63.880176,0.785674,-0.440041,0.173626
5.914000,-0.564851,249.462237,-327.249261,29.876508,0.665855,-0.563099,0.376022
5.915000,-0.613835,181.042498,-344.036944,136.327431,0.520129,-0.592244,0.597849
5.916000,-0.553172,99.798892,-313.155903,241.871559,0.348497,-0.532334,0.811580
5.917000,-0.579773,10.420514,-258.259197,317.830155,0.162291,-0.420611,0.963783
5.918000,-0.606374,-90.900979,-195.305514,350.343129,-0.043344,-0.289458,1.030169
5.919000,-0.516515,-202.999849,-118.258579,331.664361,-0.265171,-0.125922,0.994547
5.920000,-0.317657,-293.518472,-32.610667,281.327542,-0.440041,0.057045,0.892539
5.921000,0.037238,-344.684617,62.881743,223.451857,-0.542049,0.252965,0.771101
5.922000,0.392457,-346.394474,173.944046,151.612420,-0.545288,0.473173,0.618899
5.923000,0.707451,-304.192114,273.814584,65.213353,-0.464329,0.670712,0.429455
5.924000,0.639002,-244.813528,335.602187,-29.242783,-0.342891,0.788912,0.227058
5.925000,0.681823,-175.823564,349.203232,-136.678333,-0.198784,0.814819,0.003612
5.926000,0.691555,-93.932076,316.249843,-241.005218,-0.023914,0.746813,-0.210119
5.927000,0.702909,-4.268635,261.742038,-314.295806,0.167149,0.639948,-0.354225
5.928000,0.702909,97.752257,199.773083,-344.477362,0.374403,0.505556,-0.420611
5.929000,0.638678,210.213505,122.545033,-324.632663,0.592992,0.343639,-0.376894
5.930000,0.459933,300.265378,35.757347,-273.518351,0.767863,0.160672,-0.276505
5.931000,0.024586,349.695460,-61.652191,-215.797837,0.861775,-0.044963,-0.155067
5.932000,-0.309547,348.296496,-173.906457,-142.610997,0.861775,-0.263551,0.003612
5.933000,-0.539547,303.918230,-272.352541,-55.045956,0.775959,-0.456233,0.193056
5.934000,-0.592425,243.270523,-331.834785,40.627822,0.652901,-0.571194,0.395453
5.935000,-0.627460,172.260107,-342.586156,149.254905,0.503937,-0.592244,0.625375
5.936000,-0.548955,88.918049,-306.990059,252.881928,0.327447,-0.522619,0.835868
5.937000,-0.569068,-1.807490,-250.590761,324.047776,0.133146,-0.406039,0.976736
5.938000,-0.576529,-104.087548,-186.937601,350.783544,-0.074108,-0.273266,1.030169
5.939000,-0.474667,-215.409234,-109.165285,327.493374,-0.289458,-0.106491,0.984832
5.940000,-0.266726,-302.534072,-22.144321,274.954481,-0.456233,0.076475,0.881205
5.941000,0.080708,-348.363400,75.472435,215.032162,-0.550145,0.278872,0.753290
5.942000,0.431061,-343.441085,186.949239,141.482876,-0.535573,0.499080,0.594611
5.943000,0.736323,-298.181713,282.959668,54.850643,-0.449756,0.685285,0.406787
5.944000,0.675984,-237.585511,339.876801,-40.512240,-0.329937,0.797008,0.206009
5.945000,0.707126,-166.056684,347.389759,-149.243147,-0.182593,0.805104,-0.023914
5.946000,0.685392,-82.429451,309.850876,-251.134806,0.000374,0.733860,-0.227930
5.947000,0.687338,8.710666,253.425970,-319.321747,0.193056,0.623756,-0.363940
5.948000,0.679552,111.223776,190.472558,-343.700154,0.401929,0.487746,-0.414135
5.949000,0.602669,221.742011,113.063157,-319.813978,0.617279,0.325828,-0.368798
5.950000,0.417436,308.037403,25.653703,-268.207440,0.779197,0.138004,-0.265171
5.951000,-0.030562,352.286136,-73.387974,-207.740804,0.869871,-0.067631,-0.138875
5.952000,-0.365344,344.695457,-185.901327,-132.973656,0.855298,-0.289458,0.027900
5.953000,-0.590154,297.856050,-280.565025,-45.382718,0.759767,-0.472425,0.214105
5.954000,-0.632002,236.897462,-335.487661,50.627838,0.638329,-0.579290,0.418121
5.955000,-0.673201,164.151292,-340.772672,159.850770,0.486126,-0.587386,0.644805
5.956000,-0.577827,79.280730,-301.368262,261.742038,0.308017,-0.509666,0.852060
5.957000,-0.583666,-13.310105,-243.544091,328.089229,0.112097,-0.391466,0.984832
5.958000,-0.589830,-116.833704,-178.776944,349.306859,-0.098396,-0.257075,1.030169
5.959000,-0.472072,-225.694259,-100.331060,322.752438,-0.313746,-0.088681,0.975117
5.960000,-0.273538,-309.192146,-12.999224,269.565877,-0.472425,0.097525,0.869871
5.961000,0.085574,-350.539582,85.964677,208.814541,-0.553384,0.296683,0.741956
5.962000,0.434954,-340.099092,198.115051,133.659034,-0.535573,0.518510,0.575181
5.963000,0.749623,-292.559916,290.938947,46.301406,-0.438422,0.701476,0.388976
5.964000,0.704207,-232.222789,343.296492,-49.942315,-0.315365,0.803484,0.184960
5.965000,0.739242,-159.346813,345.809447,-159.942670,-0.163163,0.808342,-0.043344
5.966000,0.712317,-74.216992,305.135847,-259.865424,0.016566,0.725764,-0.245740
5.967000,0.701612,19.487888,247.389697,-324.010897,0.215724,0.612422,-0.373655
5.968000,0.681499,124.488040,182.726437,-342.456622,0.427836,0.471554,-0.410896
5.969000,0.597154,233.115076,103.814441,-315.021200,0.638329,0.301540,-0.359083
5.970000,0.419707,315.472641,15.731405,-262.430205,0.797008,0.120193,-0.252217
5.971000,-0.019857,355.006345,-85.175573,-201.134556,0.873109,-0.087061,-0.124302
5.972000,-0.346204,341.068512,-198.336615,-124.320776,0.848821,-0.313746,0.045711
5.973000,-0.587234,291.042574,-289.606530,-35.460414,0.748433,-0.488617,0.238393
5.974000,-0.647249,230.135799,-339.088722,61.638218,0.626994,-0.584148,0.442409
5.975000,-0.671903,156.016569,-338.933281,172.156480,0.471554,-0.584148,0.670712
5.976000,-0.560309,69.721131,-296.445951,270.990748,0.286968,-0.498332,0.868251
5.977000,-0.572312,-25.045882,-236.419702,333.192859,0.091048,-0.380132,0.994547
5.978000,-0.555119,-131.237899,-169.191412,347.752454,-0.125922,-0.234406,1.023692
5.979000,-0.427305,-237.870487,-89.294756,316.534818,-0.336414,-0.064393,0.962164
5.980000,-0.220985,-316.938311,-1.600236,262.208359,-0.486997,0.126670,0.855298
5.981000,0.126773,-353.052554,98.814435,200.576192,-0.556622,0.327447,0.727383
5.982000,0.477775,-336.031706,210.990708,123.633117,-0.525858,0.546036,0.557370
5.983000,0.794066,-284.451059,300.135844,34.980144,-0.420611,0.724145,0.364688
5.984000,0.737945,-223.906685,346.431210,-62.144420,-0.297554,0.811580,0.157434
5.985000,0.734052,-150.020352,343.322399,-171.523028,-0.142113,0.800246,-0.067631
5.986000,0.705504,-63.906083,299.902683,-268.233347,0.037615,0.716049,-0.263551
5.987000,0.689284,31.197754,240.213526,-328.207817,0.235154,0.596230,-0.383370
5.988000,0.651329,138.166811,172.752336,-340.539510,0.452124,0.452124,-0.409277
5.989000,0.545899,244.306793,92.519090,-308.466753,0.660997,0.278872,-0.344510
5.990000,0.369100,321.845702,4.151071,-254.709955,0.806723,0.089429,-0.239264
5.991000,-0.076627,356.275776,-97.299962,-192.947990,0.877966,-0.114587,-0.108111
5.992000,-0.411733,337.078872,-209.657911,-114.968413,0.842345,-0.336414,0.063522
5.993000,-0.646276,283.762777,-297.378599,-25.382671,0.735479,-0.504808,0.259442
5.994000,-0.711480,222.441493,-341.523973,72.596783,0.607564,-0.589005,0.466696
5.995000,-0.694287,147.752313,-336.031706,183.322293,0.445647,-0.579290,0.690142
5.996000,-0.591776,61.094176,-291.316385,278.814587,0.274015,-0.488617,0.884443
5.997000,-0.580746,-35.097719,-230.512936,336.793898,0.068379,-0.365559,1.002643
5.998000,-0.555443,-143.129134,-161.341639,345.835354,-0.148590,-0.221453,1.022073
5.999000,-0.427953,-247.663284,-79.812863,310.705799,-0.354225,-0.043344,0.952448
6.000000,-0.221634,-321.912438,9.176988,255.783485,-0.496712,0.139623,0.843964
6.001000,0.145264,-353.363437,110.342946,193.529555,-0.555003,0.346877,0.709572
6.002000,0.484912,-332.560179,221.379317,115.705647,-0.517762,0.567085,0.539559
6.003000,0.800554,-278.596101,307.467455,26.353186,-0.412515,0.735479,0.345258
6.004000,0.775899,-217.352249,348.944165,-72.558956,-0.286220,0.813200,0.136385
6.005000,0.779143,-142.610997,340.291309,-183.258828,-0.127541,0.793769,-0.088681
6.006000,0.723671,-55.952694,294.902680,-276.756712,0.055426,0.706334,-0.278124
6.007000,0.693502,40.705542,235.058082,-332.327017,0.256204,0.584896,-0.389847
6.008000,0.648085,149.954387,166.068392,-339.451419,0.474792,0.437551,-0.407658
6.009000,0.538113,254.773121,83.322187,-303.311279,0.680427,0.262680,-0.334795
6.010000,0.364559,327.648814,-7.584704,-248.207329,0.822915,0.068379,-0.223072
6.011000,-0.069814,356.612563,-110.512440,-184.968680,0.876347,-0.140494,-0.090300
6.012000,-0.382213,333.115139,-221.186464,-105.771491,0.829391,-0.360702,0.079714
6.013000,-0.647573,277.311996,-305.435645,-15.408555,0.720907,-0.519381,0.280491
6.014000,-0.731918,214.617654,-344.321920,84.747059,0.591373,-0.595482,0.492603
6.015000,-0.715373,138.503599,-332.145668,196.068417,0.432694,-0.569575,0.720907
6.016000,-0.583666,51.249601,-284.917383,288.011484,0.249727,-0.475663,0.905492
6.017000,-0.558687,-45.978575,-223.932592,340.809444,0.047330,-0.350987,1.012358
6.018000,-0.520732,-155.357160,-153.051451,344.721364,-0.174497,-0.200404,1.020454
6.019000,-0.379618,-258.285104,-69.605580,305.317194,-0.372036,-0.023914,0.942733
6.020000,-0.171676,-327.974655,22.182194,247.856018,-0.508047,0.170387,0.824534
6.021000,0.187436,-353.078461,124.980268,183.374106,-0.555003,0.377642,0.688523
6.022000,0.518649,-327.482424,233.581398,104.721178,-0.508047,0.591373,0.512033
6.023000,0.828777,-271.264452,315.239480,14.980108,-0.397943,0.751671,0.320971
6.024000,0.811908,-208.466196,351.068518,-85.201480,-0.265171,0.819676,0.110478
6.025000,0.794066,-132.274172,335.705814,-196.004999,-0.104872,0.785674,-0.117826
6.026000,0.727564,-45.382718,287.545163,-285.202358,0.079714,0.690142,-0.297554
6.027000,0.674362,51.871363,227.700564,-335.565381,0.277253,0.571943,-0.394704
6.028000,0.612401,161.612429,157.311907,-337.689749,0.497461,0.419740,-0.402800
6.029000,0.500159,264.125459,73.658961,-298.285341,0.695000,0.238393,-0.331557
6.030000,0.322711,332.467470,-19.605456,-240.927497,0.831010,0.045711,-0.205261
6.031000,-0.127233,355.109972,-124.320776,-175.124079,0.876347,-0.166401,-0.066012
6.032000,-0.447742,327.545187,-232.015534,-95.253324,0.818057,-0.376894,0.108859
6.033000,-0.696233,270.653960,-311.808743,-4.916305,0.709572,-0.530715,0.299921
6.034000,-0.781551,206.975161,-345.850429,95.964690,0.578419,-0.595482,0.513652
6.035000,-0.765980,129.591672,-328.207817,206.482933,0.414883,-0.561479,0.741956
6.036000,-0.599886,41.871347,-278.337032,295.705789,0.228678,-0.461091,0.921684
6.037000,-0.565500,-56.134041,-217.274528,343.659187,0.024662,-0.336414,1.015596
6.038000,-0.520083,-166.160311,-145.849351,342.286129,-0.192308,-0.184212,1.013977
6.039000,-0.384808,-266.653027,-61.626284,300.524445,-0.388228,-0.004483,0.933018
6.040000,-0.178489,-331.886599,32.259932,242.337880,-0.514523,0.189817,0.811580
6.041000,0.181921,-351.368604,137.441422,175.809333,-0.553384,0.401929,0.667474
6.042000,0.530328,-322.352855,243.633218,95.627902,-0.496712,0.609184,0.494222
6.043000,0.842726,-265.590845,321.042592,5.083716,-0.386609,0.758148,0.298302
6.044000,0.851161,-201.963575,352.441576,-96.419130,-0.250598,0.821295,0.087809
6.045000,0.837211,-124.450310,332.208403,-206.678623,-0.088681,0.780816,-0.142113
6.046000,0.747028,-36.418966,281.586610,-293.311216,0.095905,0.678808,-0.313746
6.047000,0.676957,62.311794,221.405223,-338.907374,0.298302,0.554132,-0.406039
6.048000,0.609482,173.244564,150.213455,-335.487661,0.521748,0.405168,-0.397943
6.049000,0.489129,273.451890,65.627861,-293.518472,0.717668,0.223820,-0.316984
6.050000,0.320765,337.441566,-29.968174,-235.538868,0.840725,0.024662,-0.198784
6.051000,-0.120097,353.659194,-137.740513,-167.377933,0.871490,-0.192308,-0.051440
6.052000,-0.421141,321.819795,-243.310930,-84.890598,0.809961,-0.399562,0.133146
6.053000,-0.725430,263.892298,-318.078215,6.897191,0.696619,-0.542049,0.327447
6.054000,-0.801988,199.021787,-346.834892,109.125328,0.560608,-0.600340,0.541178
6.055000,-0.750408,120.394771,-324.036804,219.591750,0.393833,-0.553384,0.764624
6.056000,-0.598913,31.482728,-271.186732,304.669525,0.206009,-0.449756,0.939495
6.057000,-0.546684,-68.258426,-209.321122,346.845718,-0.001245,-0.320222,1.023692
6.058000,-0.481480,-179.061919,-136.522892,339.203226,-0.219834,-0.164782,1.009120
6.059000,-0.322199,-276.264481,-52.014860,294.773146,-0.410896,0.010089,0.921684
6.060000,-0.121070,-337.352959,43.322127,235.602124,-0.525858,0.210867,0.800246
6.061000,0.225066,-349.917816,151.094285,166.586527,-0.551764,0.427836,0.651282
6.062000,0.570229,-315.461617,255.161723,83.633068,-0.485378,0.626994,0.465077
6.063000,0.879059,-257.274736,326.793891,-8.258281,-0.363940,0.767863,0.277253
6.064000,0.889440,-192.533481,352.337949,-110.175651,-0.234406,0.818057,0.058664
6.065000,0.829426,-114.320742,327.545187,-218.673499,-0.064393,0.769482,-0.161543
6.066000,0.745081,-25.564018,274.332719,-301.342355,0.120193,0.664235,-0.328318
6.067000,0.656520,74.513884,212.881901,-341.109462,0.325828,0.537940,-0.410896
6.068000,0.572176,185.731621,140.317072,-331.757065,0.549274,0.379261,-0.391466
6.069000,0.449876,282.104745,55.938727,-287.559886,0.732241,0.206009,-0.302412
6.070000,0.275349,341.767994,-40.460427,-228.828990,0.850441,0.005232,-0.182593
6.071000,-0.184328,352.052975,-149.709470,-158.776862,0.868251,-0.214976,-0.028771
6.072000,-0.497051,315.343107,-253.181449,-74.553781,0.795389,-0.418992,0.152576
6.073000,-0.771819,256.094366,-322.611924,18.943846,0.677189,-0.550145,0.353354
6.074000,-0.850324,190.472558,-345.850429,122.156431,0.542797,-0.593863,0.570323
6.075000,-0.779929,111.197869,-319.477188,229.980359,0.374403,-0.545288,0.788912
6.076000,-0.621297,21.845406,-265.383590,311.198027,0.186579,-0.436803,0.949210
6.077000,-0.546360,-79.217006,-202.144923,348.685097,-0.022294,-0.308888,1.028550
6.078000,-0.476938,-190.383212,-128.180893,335.628094,-0.242502,-0.148590,0.997785
6.079000,-0.338419,-284.373338,-43.595149,288.866407,-0.428707,0.029519,0.907112
6.080000,-0.132424,-340.746765,52.752194,229.928545,-0.533953,0.230297,0.788912
6.081000,0.253289,-348.233866,161.975124,159.980304,-0.545288,0.452124,0.636710
6.082000,0.586125,-310.254329,264.125459,75.420621,-0.472425,0.649663,0.452124
6.083000,0.910526,-250.953458,331.146226,-18.776438,-0.357463,0.782435,0.249727
6.084000,0.902416,-184.994587,351.094425,-123.025435,-0.216595,0.814819,0.034377
6.085000,0.860568,-105.616051,322.985599,-229.373034,-0.046582,0.761386,-0.184212
6.086000,0.759355,-16.133945,269.047742,-308.104056,0.141242,0.654520,-0.341272
6.087000,0.667549,85.653796,206.716093,-343.259736,0.346877,0.526606,-0.414135
6.088000,0.565363,197.726449,132.234162,-328.725955,0.571943,0.366307,-0.388228
6.089000,0.438198,291.379362,46.767728,-281.238604,0.753290,0.184960,-0.292696
6.090000,0.281512,346.016701,-50.926774,-222.559528,0.856917,-0.017437,-0.171258
6.091000,-0.161620,350.654010,-161.652521,-151.393414,0.865013,-0.239264,-0.017437
6.092000,-0.476614,310.084036,-262.948343,-65.356864,0.787293,-0.438422,0.170387
6.093000,-0.809774,249.099543,-327.456517,30.679618,0.664235,-0.563099,0.374403
6.094000,-0.866544,181.146125,-344.321920,136.223804,0.523367,-0.590625,0.597849
6.095000,-0.772792,100.731536,-313.751761,241.534771,0.351735,-0.532334,0.809961
6.096000,-0.614160,10.757302,-258.233290,318.451917,0.162291,-0.423850,0.965402
6.097000,-0.522030,-91.652276,-194.554215,350.550383,-0.046582,-0.287839,1.030169
6.098000,-0.434117,-203.129384,-118.776716,332.027055,-0.265171,-0.127541,0.996166
6.099000,-0.287812,-294.010703,-32.843828,281.690237,-0.441661,0.055426,0.894158
6.100000,-0.087981,-345.047314,64.695217,221.716104,-0.542049,0.256204,0.771101
6.101000,0.283134,-346.575822,174.436275,150.627963,-0.545288,0.476411,0.615660
6.102000,0.629270,-304.580717,273.840491,65.032005,-0.464329,0.669093,0.431074
6.103000,0.955942,-243.077768,335.705814,-30.849005,-0.341272,0.787293,0.227058
6.104000,0.937451,-174.269153,348.840538,-137.015122,-0.193927,0.813200,0.003612
6.105000,0.861217,-93.932076,316.327564,-240.331639,-0.022294,0.748433,-0.206880
6.106000,0.753516,-4.216822,261.275716,-314.114458,0.165530,0.639948,-0.352606
6.107000,0.641273,98.244486,198.425932,-344.114665,0.372784,0.507176,-0.414135
6.108000,0.534869,209.643557,122.778193,-324.710384,0.591373,0.345258,-0.376894
6.109000,0.405109,299.747243,36.327296,-274.554627,0.767863,0.163911,-0.279743
6.110000,0.225066,349.203232,-62.429395,-214.372960,0.863394,-0.043344,-0.151828
6.111000,-0.229420,348.192869,-173.181066,-142.351929,0.858536,-0.260313,0.005232
6.112000,-0.524949,304.695432,-271.393987,-56.030414,0.772720,-0.456233,0.188198
6.113000,-0.853568,242.493321,-331.446182,41.068237,0.651282,-0.567956,0.398691
6.114000,-0.905472,172.078760,-342.171646,148.529515,0.499080,-0.589005,0.623756
6.115000,-0.801988,90.472455,-307.560011,251.612498,0.330686,-0.519381,0.832630
6.116000,-0.627136,-0.382617,-251.523409,323.192853,0.136385,-0.406039,0.976736
6.117000,-0.526571,-103.517598,-187.326204,350.213595,-0.070870,-0.276505,1.030169
6.118000,-0.438334,-213.647568,-110.382905,328.192856,-0.287839,-0.109730,0.986451
6.119000,-0.290407,-301.342355,-23.854170,276.172099,-0.456233,0.073237,0.886062
6.120000,-0.087981,-347.689820,75.109740,215.109882,-0.545288,0.277253,0.756528
6.121000,0.286378,-343.803782,185.524367,143.089096,-0.537192,0.497461,0.597849
6.122000,0.638029,-299.632499,281.975211,57.208159,-0.452995,0.686904,0.413263
6.123000,0.979623,-237.844580,339.514107,-40.253172,-0.329937,0.797008,0.204390
6.124000,0.974757,-167.170678,347.286132,-148.440035,-0.179354,0.808342,-0.020675
6.125000,0.881654,-84.864691,310.938959,-250.124438,-0.002864,0.738717,-0.224691
6.126000,0.766492,6.897191,255.058096,-319.218119,0.186579,0.622137,-0.365559
6.127000,0.644841,110.886988,191.223854,-343.959223,0.398691,0.490984,-0.417373
6.128000,0.526435,221.094342,114.436215,-320.850254,0.617279,0.327447,-0.372036
6.129000,0.396999,307.933776,26.871321,-269.269622,0.780816,0.141242,-0.270028
6.130000,0.231230,352.467483,-74.087458,-207.533549,0.871490,-0.066012,-0.137256
6.131000,-0.210605,345.058152,-185.849513,-133.647234,0.855298,-0.289458,0.024662
6.132000,-0.525923,298.840506,-280.513211,-46.600338,0.764624,-0.474044,0.212486
6.133000,-0.873357,236.172073,-335.591288,51.638202,0.638329,-0.579290,0.421359
6.134000,-0.918448,163.944038,-340.772672,160.627973,0.486126,-0.584148,0.648044
6.135000,-0.800366,80.057934,-302.171376,261.457063,0.308017,-0.509666,0.850441
6.136000,-0.617079,-13.128757,-243.699533,328.710991,0.112097,-0.393085,0.986451
6.137000,-0.495105,-117.844070,-177.766577,349.410486,-0.100015,-0.252217,1.025311
6.138000,-0.391620,-226.134676,-100.512407,322.959692,-0.312127,-0.087061,0.978355
6.139000,-0.238827,-309.969353,-13.180571,269.747224,-0.475663,0.094286,0.868251
6.140000,-0.037374,-350.928186,87.778151,206.975161,-0.556622,0.296683,0.738717
6.141000,0.333092,-339.865930,198.995880,132.855925,-0.533953,0.523367,0.575181
6.142000,0.674686,-292.378568,291.223921,45.990525,-0.438422,0.701476,0.387357
6.143000,1.003629,-230.331588,343.192865,-51.703978,-0.313746,0.803484,0.180102
6.144000,0.990329,-157.844216,345.550380,-160.305366,-0.159924,0.805104,-0.043344
6.145000,0.883601,-74.009738,305.343101,-259.373193,0.016566,0.725764,-0.242502
6.146000,0.756760,19.695142,246.819748,-323.855456,0.210867,0.605945,-0.375274
6.147000,0.608508,125.213429,180.938871,-341.938483,0.426217,0.469935,-0.410896
6.148000,0.487831,232.648754,103.866254,-314.917572,0.638329,0.304779,-0.354225
6.149000,0.350285,315.317200,16.404981,-262.482019,0.797008,0.120193,-0.253836
6.150000,0.182570,354.643650,-85.900964,-199.761492,0.874728,-0.090300,-0.122683
6.151000,-0.293976,340.938978,-197.818478,-124.061708,0.848821,-0.310507,0.042473
6.152000,-0.596967,291.716150,-288.751603,-36.393059,0.748433,-0.486997,0.238393
6.153000,-0.903202,229.332690,-338.674211,62.052726,0.625375,-0.584148,0.447266
6.154000,-0.942778,155.938849,-338.726025,171.456998,0.469935,-0.584148,0.672331
6.155000,-0.816586,71.094190,-296.989996,269.902665,0.290206,-0.501570,0.868251
6.156000,-0.630055,-23.957797,-237.171001,332.286123,0.092667,-0.378513,0.996166
6.157000,-0.503215,-130.745669,-169.217319,347.182505,-0.127541,-0.236025,1.023692
6.158000,-0.392918,-236.393795,-90.952792,317.312020,-0.331557,-0.067631,0.963783
6.159000,-0.236232,-315.876128,-3.284177,263.814578,-0.485378,0.116955,0.856917
6.160000,-0.027318,-352.404881,98.581274,200.550286,-0.556622,0.324209,0.722526
6.161000,0.336985,-336.446216,209.773091,124.850735,-0.525858,0.544417,0.560608
6.162000,0.685392,-286.264541,299.177294,37.182220,-0.427088,0.719287,0.367927
6.163000,1.047099,-224.321195,346.327583,-61.781725,-0.300792,0.806723,0.159053
6.164000,1.019200,-151.056625,343.374213,-171.341680,-0.143732,0.800246,-0.066012
6.165000,0.890413,-66.082254,300.887140,-267.844743,0.035996,0.717668,-0.261932
6.166000,0.776548,29.746974,241.482957,-328.285538,0.233535,0.597849,-0.383370
6.167000,0.613699,138.166811,173.400005,-340.565417,0.450505,0.453743,-0.407658
6.168000,0.472584,243.866378,94.021683,-309.347588,0.659378,0.282110,-0.342891
6.169000,0.359044,322.027049,5.316877,-256.264367,0.811580,0.095905,-0.239264
6.170000,0.191977,356.327589,-98.232607,-192.585294,0.876347,-0.112968,-0.103253
6.171000,-0.253101,337.415660,-209.761539,-115.357015,0.840725,-0.331557,0.061903
6.172000,-0.589505,284.643606,-297.611761,-26.367129,0.735479,-0.506427,0.257823
6.173000,-0.934993,221.767918,-341.834856,73.918029,0.607564,-0.589005,0.469935
6.174000,-0.951213,147.234177,-335.902171,183.944055,0.447266,-0.577671,0.695000
6.175000,-0.809774,61.508684,-291.653175,278.503706,0.275634,-0.490236,0.887682
6.176000,-0.619350,-35.071812,-230.720191,337.312033,0.065141,-0.365559,1.005881
6.177000,-0.469477,-144.087687,-160.279459,346.068515,-0.148590,-0.216595,1.023692
6.178000,-0.336797,-248.155515,-79.605608,310.990773,-0.354225,-0.046582,0.952448
6.179000,-0.196655,-322.870993,9.410149,255.628044,-0.499951,0.139623,0.835868
6.180000,0.007393,-353.544785,112.234140,191.353387,-0.558241,0.353354,0.701476
6.181000,0.383374,-332.223389,222.337866,114.617563,-0.517762,0.568704,0.537940
6.182000,0.707451,-278.388846,307.959683,26.068211,-0.412515,0.735479,0.345258
6.183000,1.075970,-215.176073,348.762817,-74.450153,-0.281362,0.814819,0.134766
6.184000,1.049045,-140.978867,339.591827,-183.362456,-0.122683,0.793769,-0.090300
6.185000,0.903713,-55.745439,294.747240,-276.264481,0.057045,0.707953,-0.281362
6.186000,0.754813,40.886890,234.669481,-332.145668,0.256204,0.583277,-0.391466
6.187000,0.581908,150.550243,164.332639,-339.062815,0.481269,0.434313,-0.407658
6.188000,0.430737,254.332707,83.218560,-303.389000,0.680427,0.262680,-0.334795
6.189000,0.288973,327.467467,-7.222009,-248.103701,0.819676,0.069999,-0.221453
6.190000,0.124826,356.146242,-111.393271,-183.362456,0.874728,-0.140494,-0.083823
6.191000,-0.316359,332.881978,-220.901489,-105.512423,0.831010,-0.355844,0.084571
6.192000,-0.654386,277.856037,-304.917507,-16.315293,0.724145,-0.517762,0.278872
6.193000,-0.976516,213.685010,-343.803782,85.239288,0.591373,-0.593863,0.490984
6.194000,-0.986248,138.322251,-331.964320,195.394841,0.431074,-0.567956,0.719287
6.195000,-0.826967,52.544940,-285.642776,286.975214,0.251346,-0.477282,0.902254
6.196000,-0.632002,-44.994116,-224.709798,340.420843,0.045711,-0.355844,1.007500
6.197000,-0.474343,-155.149905,-152.973731,344.151415,-0.172878,-0.202023,1.020454
6.198000,-0.334526,-257.248829,-70.849107,305.731702,-0.372036,-0.025533,0.942733
6.199000,-0.177191,-327.249261,20.446439,249.229076,-0.506427,0.165530,0.829391
6.200000,0.022640,-352.612136,124.721201,183.555454,-0.555003,0.377642,0.686904
6.201000,0.397648,-328.026469,232.596941,105.938796,-0.506427,0.589753,0.520129
6.202000,0.731781,-272.870679,314.643625,16.845396,-0.399562,0.751671,0.322590
6.203000,1.096732,-208.621637,350.809451,-85.253293,-0.268409,0.816438,0.108859
6.204000,1.061372,-132.947750,335.990788,-195.305514,-0.106491,0.787293,-0.117826
6.205000,0.929666,-47.196195,288.892314,-284.865569,0.076475,0.693381,-0.294316
6.206000,0.769411,50.757372,228.969995,-335.876264,0.274015,0.570323,-0.401181
6.207000,0.576068,161.975124,157.622788,-337.663842,0.499080,0.418121,-0.406039
6.208000,0.414841,264.177272,74.747045,-298.751665,0.699857,0.244869,-0.326699
6.209000,0.291244,332.726538,-18.646904,-242.248748,0.829391,0.047330,-0.211738
6.210000,0.137802,355.161785,-125.331142,-174.735476,0.871490,-0.169639,-0.064393
6.211000,-0.295922,327.881975,-232.326417,-95.512392,0.821295,-0.380132,0.107240
6.212000,-0.670281,271.482976,-312.197347,-5.512161,0.709572,-0.530715,0.295064
6.213000,-0.995656,205.990704,-345.954056,97.545003,0.576800,-0.597101,0.518510
6.214000,-0.992088,128.918097,-327.793307,208.218685,0.410025,-0.561479,0.745194
6.215000,-0.819506,42.156322,-278.440660,296.275738,0.228678,-0.462710,0.923303
6.216000,-0.616755,-56.393109,-217.170901,344.151415,0.026281,-0.334795,1.017215
6.217000,-0.433468,-167.377933,-144.346755,342.104782,-0.195546,-0.180973,1.017215
6.218000,-0.294949,-267.197071,-61.263589,300.731699,-0.384989,-0.015818,0.936257
6.219000,-0.139885,-332.819248,32.415373,242.415600,-0.519381,0.189817,0.816438
6.220000,0.063515,-351.057720,139.539869,173.374098,-0.550145,0.410025,0.665855
6.221000,0.442415,-321.601555,244.617674,93.918056,-0.491855,0.615660,0.489365
6.222000,0.772980,-265.176334,321.534821,4.591487,-0.386609,0.761386,0.299921
6.223000,1.140202,-199.813306,352.208415,-98.103073,-0.245740,0.818057,0.084571
6.224000,1.084080,-122.869994,331.405293,-207.637177,-0.085442,0.777578,-0.142113
6.225000,0.935180,-36.108084,281.016661,-293.259403,0.100763,0.675570,-0.312127
6.226000,0.752543,62.622675,220.679834,-338.570584,0.295064,0.552512,-0.404420
6.227000,0.551414,173.995860,148.348168,-334.788174,0.523367,0.401929,-0.396324
6.228000,0.377535,272.985568,65.446514,-293.622099,0.716049,0.225439,-0.313746
6.229000,0.235123,337.363846,-29.631385,-235.616589,0.837487,0.023043,-0.200404
6.230000,0.068705,353.063338,-138.647252,-165.383106,0.871490,-0.195546,-0.044963
6.231000,-0.359829,321.327567,-243.103675,-84.294741,0.808342,-0.399562,0.129908
6.232000,-0.716022,264.254993,-317.637798,6.094080,0.693381,-0.542049,0.327447
6.233000,-1.056643,198.037330,-346.135405,109.591650,0.558989,-0.595482,0.547655
6.234000,-1.024852,120.057983,-323.803642,218.969988,0.393833,-0.553384,0.763005
6.235000,-0.837997,32.519000,-272.015752,303.555535,0.209248,-0.448137,0.936257
6.236000,-0.629082,-67.196247,-209.839259,346.431210,0.003612,-0.320222,1.023692
6.237000,-0.437037,-178.621503,-136.419265,338.814624,-0.218214,-0.164782,1.007500
6.238000,-0.298517,-275.331833,-53.284293,295.420815,-0.409277,0.010089,0.924923
6.239000,-0.137290,-336.653472,41.897254,237.001089,-0.524238,0.209248,0.798627
6.240000,0.087196,-349.192422,151.146098,166.456993,-0.550145,0.429455,0.649663
6.241000,0.446957,-315.927942,254.436334,84.980220,-0.483759,0.633471,0.469935
6.242000,0.808988,-259.036404,326.379383,-6.237551,-0.372036,0.767863,0.280491
6.243000,1.155124,-192.740735,352.130695,-110.305185,-0.234406,0.818057,0.055426
6.244000,1.104193,-114.709345,327.648814,-218.388523,-0.066012,0.769482,-0.164782
6.245000,0.931288,-27.040706,275.576243,-300.927844,0.115335,0.665855,-0.329937
6.246000,0.759679,73.581241,214.280866,-341.446252,0.319351,0.537940,-0.414135
6.247000,0.537465,186.042502,140.446606,-331.757065,0.547655,0.384118,-0.393085
6.248000,0.368776,282.311999,56.897278,-288.052117,0.733860,0.206009,-0.305650
6.249000,0.246801,342.104782,-39.657316,-230.046612,0.850441,0.006851,-0.187450
6.250000,0.079086,351.638467,-151.056625,-158.155098,0.866632,-0.221453,-0.030390
6.251000,-0.362749,315.394921,-253.647773,-74.424247,0.797008,-0.418992,0.152576
6.252000,-0.755274,257.001102,-322.974621,18.399803,0.680427,-0.551764,0.356592
6.253000,-1.049831,189.332660,-345.824522,123.581303,0.539559,-0.595482,0.575181
6.254000,-1.013174,110.265226,-318.933143,230.809375,0.372784,-0.542049,0.790531
6.255000,-0.825345,22.104473,-265.228148,311.767975,0.184960,-0.438422,0.952448
6.256000,-0.603779,-79.527888,-202.196737,349.177325,-0.023914,-0.308888,1.026930
6.257000,-0.397784,-191.730368,-126.704204,335.239493,-0.244121,-0.145352,0.999405
6.258000,-0.254723,-285.150545,-42.947479,288.503712,-0.428707,0.032758,0.905492
6.259000,-0.099984,-341.601693,53.114889,229.721291,-0.538811,0.231916,0.785674
6.260000,0.105687,-348.026610,163.788597,157.519161,-0.546907,0.453743,0.630233
6.261000,0.512810,-309.658470,264.954475,73.918029,-0.470806,0.651282,0.448885
6.262000,0.860244,-250.409413,331.353480,-19.553642,-0.357463,0.779197,0.244869
6.263000,1.192106,-182.455716,350.394943,-124.838913,-0.213357,0.809961,0.019804
6.264000,1.110681,-103.906201,321.923422,-229.839357,-0.048201,0.759767,-0.185831
6.265000,0.945886,-16.004411,268.374166,-307.974522,0.142861,0.652901,-0.344510
6.266000,0.740540,85.809237,206.120238,-343.156109,0.350116,0.524987,-0.414135
6.267000,0.508269,198.374118,130.550223,-327.793307,0.570323,0.363069,-0.383370
6.268000,0.336012,290.990761,46.508661,-281.031349,0.748433,0.183341,-0.289458
6.269000,0.196195,345.938981,-50.486358,-222.611342,0.858536,-0.017437,-0.166401
6.270000,0.008366,349.902714,-162.377913,-149.554029,0.868251,-0.242502,-0.009341
6.271000,-0.427305,309.824969,-262.637460,-64.890541,0.787293,-0.438422,0.172007
6.272000,-0.803610,249.488144,-327.119727,29.669254,0.667474,-0.559860,0.376022
6.273000,-1.107899,180.006228,-343.544713,136.845566,0.520129,-0.592244,0.601088
6.274000,-1.053075,100.498375,-313.440879,241.094356,0.350116,-0.530715,0.809961
6.275000,-0.850324,11.819480,-259.114124,317.389740,0.162291,-0.425469,0.963783
6.276000,-0.613835,-90.745538,-195.279607,350.161782,-0.044963,-0.295935,1.030169
6.277000,-0.394540,-202.611246,-118.336300,331.664361,-0.265171,-0.129160,0.992928
6.278000,-0.252777,-293.078054,-34.035541,282.441532,-0.443280,0.052188,0.894158
6.279000,-0.096415,-344.684617,62.959463,223.451857,-0.543669,0.252965,0.772720
6.280000,0.118663,-345.979963,174.539902,150.576150,-0.545288,0.474792,0.614041
6.281000,0.505673,-304.917507,273.322356,66.145997,-0.462710,0.669093,0.429455
6.282000,0.889764,-244.787621,335.472653,-29.216876,-0.344510,0.788912,0.227058
6.283000,1.217734,-174.657756,348.633284,-137.248283,-0.195546,0.811580,0.001993
6.284000,1.145392,-94.657467,316.612538,-239.943036,-0.023914,0.746813,-0.206880
6.285000,0.962754,-5.667602,262.545147,-313.674041,0.163911,0.639948,-0.355844
6.286000,0.744108,97.622723,199.747176,-344.399641,0.374403,0.508795,-0.414135
6.287000,0.498861,210.006251,122.545033,-324.658570,0.594611,0.345258,-0.376894
6.288000,0.329848,299.876776,37.130407,-275.176392,0.766243,0.163911,-0.278124
6.289000,0.194897,349.721367,-61.807631,-215.823744,0.863394,-0.038486,-0.151828
6.290000,0.035616,347.752454,-174.502315,-141.574724,0.860156,-0.266790,0.005232
6.291000,-0.428602,304.617712,-271.912124,-55.952694,0.777578,-0.457852,0.189817
6.292000,-0.827616,243.192803,-331.757065,40.627822,0.651282,-0.569575,0.398691
6.293000,-1.108872,171.068396,-342.016204,149.824854,0.497461,-0.592244,0.626994
6.294000,-1.038477,89.462091,-307.197315,252.234260,0.325828,-0.517762,0.832630
6.295000,-0.835402,-0.408524,-251.471595,323.633268,0.138004,-0.407658,0.973498
6.296000,-0.587559,-104.009828,-186.937601,350.602197,-0.075727,-0.276505,1.028550
6.297000,-0.348151,-215.201979,-109.087564,327.545187,-0.294316,-0.108111,0.983213
6.298000,-0.212875,-302.249096,-23.413754,275.887124,-0.461091,0.071618,0.884443
6.299000,-0.047431,-348.674283,75.679689,214.928535,-0.545288,0.274015,0.753290
6.300000,0.167647,-343.000667,187.700535,140.342979,-0.535573,0.500699,0.592992
6.301000,0.554658,-298.829386,282.571066,55.550126,-0.451376,0.686904,0.408406
6.302000,0.920907,-237.455977,339.824988,-40.693588,-0.328318,0.793769,0.204390
6.303000,1.242713,-164.813156,346.742091,-149.916724,-0.176116,0.809961,-0.022294
6.304000,1.145068,-82.895774,310.006316,-250.357599,-0.001245,0.735479,-0.226310
6.305000,0.956915,7.337606,254.332707,-318.959050,0.188198,0.625375,-0.363940
6.306000,0.723346,111.120149,190.446651,-343.648340,0.398691,0.487746,-0.412515
6.307000,0.463501,221.793825,112.881809,-319.788071,0.617279,0.325828,-0.367179
6.308000,0.284107,307.881963,26.845415,-268.906926,0.784054,0.142861,-0.265171
6.309000,0.135532,352.389763,-73.595229,-207.611270,0.869871,-0.066012,-0.138875
6.310000,-0.025047,344.177322,-186.574905,-131.781942,0.852060,-0.289458,0.026281
6.311000,-0.478884,298.477812,-280.202329,-45.874948,0.766243,-0.469186,0.215724
6.312000,-0.871410,236.767928,-335.461754,50.757372,0.638329,-0.579290,0.418121
6.313000,-1.151369,162.881861,-340.332254,161.016574,0.481269,-0.589005,0.643186
6.314000,-1.072215,79.747052,-301.523703,261.223903,0.308017,-0.509666,0.850441
6.315000,-0.859083,-12.014765,-244.321298,327.830161,0.113716,-0.393085,0.986451
6.316000,-0.597291,-116.730077,-178.802851,349.203232,-0.100015,-0.255455,1.026930
6.317000,-0.346529,-225.616538,-100.331060,322.648811,-0.312127,-0.087061,0.978355
6.318000,-0.219039,-308.958984,-14.165029,270.550333,-0.472425,0.094286,0.869871
6.319000,-0.055865,-350.643210,86.249652,208.529566,-0.551764,0.296683,0.743575
6.320000,0.170567,-339.503233,198.866347,132.441416,-0.530715,0.524987,0.575181
6.321000,0.563417,-293.155775,290.705786,47.208144,-0.440041,0.701476,0.390595
6.322000,0.947832,-232.041441,343.296492,-50.123663,-0.318603,0.803484,0.183341
6.323000,1.263799,-158.077378,345.187685,-160.771689,-0.159924,0.808342,-0.046582
6.324000,1.173615,-74.631501,305.265381,-259.425007,0.016566,0.725764,-0.248979
6.325000,0.972486,18.270269,248.244620,-323.725921,0.209248,0.612422,-0.373655
6.326000,0.720427,124.436226,182.596904,-342.352994,0.426217,0.471554,-0.409277
6.327000,0.450850,233.115076,103.607187,-314.917572,0.638329,0.304779,-0.360702
6.328000,0.281188,315.369014,16.845396,-263.362853,0.800246,0.123431,-0.255455
6.329000,0.146561,355.109972,-85.434641,-201.030928,0.871490,-0.087061,-0.122683
6.330000,-0.013369,340.472656,-199.139728,-123.051342,0.845583,-0.315365,0.047330
6.331000,-0.489265,291.690243,-289.321555,-36.185805,0.753290,-0.488617,0.235154
6.332000,-0.882115,229.980359,-339.140536,61.871379,0.625375,-0.580910,0.440789
6.333000,-1.143583,154.747138,-338.311515,172.985496,0.471554,-0.580910,0.670712
6.334000,-1.051453,70.083826,-296.523672,270.550333,0.288587,-0.496712,0.869871
6.335000,-0.857785,-23.854170,-237.300535,333.037419,0.092667,-0.381751,0.997785
6.336000,-0.559012,-131.263806,-169.061878,347.648827,-0.122683,-0.236025,1.025311
6.337000,-0.290407,-237.870487,-89.113409,316.405284,-0.334795,-0.062774,0.963783
6.338000,-0.160322,-316.808776,-2.688321,263.166909,-0.488617,0.118574,0.853679
6.339000,0.022964,-353.415251,99.177130,200.420752,-0.559860,0.325828,0.722526
6.340000,0.216956,-335.487661,211.871538,122.363685,-0.522619,0.549274,0.552512
6.341000,0.585476,-284.995103,299.980403,35.679627,-0.422230,0.719287,0.363069
6.342000,0.976055,-223.699430,346.379396,-62.377581,-0.297554,0.811580,0.155815
6.343000,1.275153,-148.673196,342.545197,-172.637022,-0.142113,0.800246,-0.072489
6.344000,1.159990,-64.242871,299.954497,-268.051999,0.035996,0.714430,-0.260313
6.345000,0.965025,30.006042,241.146169,-328.052376,0.235154,0.596230,-0.384989
6.346000,0.700638,138.244531,172.622802,-340.513603,0.450505,0.450505,-0.414135
6.347000,0.405433,244.280887,92.234116,-308.466753,0.660997,0.282110,-0.342891
6.348000,0.224418,321.871609,5.265063,-255.772137,0.811580,0.100763,-0.237645
6.349000,0.088818,356.379403,-97.662658,-192.766642,0.877966,-0.114587,-0.103253
6.350000,-0.070463,336.534830,-210.461024,-113.595351,0.840725,-0.334795,0.066760
6.351000,-0.538250,284.358632,-297.300879,-25.978527,0.735479,-0.503189,0.257823
6.352000,-0.924288,222.311960,-341.627600,73.011292,0.605945,-0.587386,0.469935
6.353000,-1.177970,146.456975,-335.358126,183.918148,0.450505,-0.572814,0.696619
6.354000,-1.089408,61.405057,-291.445920,278.451893,0.272395,-0.486997,0.887682
6.355000,-0.868491,-33.957820,-231.497397,336.664364,0.071618,-0.367179,1.002643
6.356000,-0.562904,-143.258668,-161.212105,345.705820,-0.146971,-0.216595,1.023692
6.357000,-0.293976,-247.818726,-79.527888,310.576265,-0.352606,-0.043344,0.952448
6.358000,-0.156754,-322.041972,8.166623,256.793848,-0.495093,0.138004,0.840725
6.359000,0.004798,-353.518878,110.757454,193.296394,-0.559860,0.350116,0.707953
6.360000,0.237069,-331.912506,222.208333,114.280775,-0.514523,0.567085,0.536321
6.361000,0.617916,-279.140146,307.415641,26.793601,-0.410896,0.732241,0.343639
6.362000,1.011415,-217.119087,348.892351,-72.921652,-0.282981,0.813200,0.134766
6.363000,1.301429,-141.289749,339.643640,-183.647431,-0.130779,0.790531,-0.096776
6.364000,1.183023,-56.211762,294.980400,-276.316295,0.057045,0.706334,-0.279743
6.365000,0.972162,39.617457,236.068446,-332.197482,0.252965,0.589753,-0.389847
6.366000,0.693177,150.006201,165.964765,-339.321884,0.474792,0.439170,-0.407658
6.367000,0.395377,254.928562,82.959492,-303.129931,0.680427,0.261061,-0.334795
6.368000,0.215659,327.726534,-6.548433,-249.139976,0.824534,0.074856,-0.223072
6.369000,0.084925,356.819817,-110.978762,-184.787333,0.879586,-0.142113,-0.088681
6.370000,-0.067544,332.493377,-222.093205,-104.398430,0.832630,-0.355844,0.087809
6.371000,-0.565824,277.881944,-305.539273,-15.952598,0.722526,-0.519381,0.277253
6.372000,-0.941481,214.514027,-344.347827,85.057940,0.592992,-0.595482,0.494222
6.373000,-1.184133,137.208261,-331.523902,196.845620,0.429455,-0.567956,0.724145
6.374000,-1.059563,51.534575,-284.995103,287.700603,0.246489,-0.475663,0.902254
6.375000,-0.852270,-44.942303,-224.787519,340.835351,0.047330,-0.352606,1.012358
6.376000,-0.531113,-155.512601,-152.921917,344.643644,-0.172878,-0.200404,1.020454
6.377000,-0.245964,-258.440545,-69.216978,305.239474,-0.373655,-0.023914,0.942733
6.378000,-0.109716,-328.026469,21.171829,248.866382,-0.508047,0.165530,0.824534
6.379000,0.058324,-353.156181,125.420683,183.089132,-0.558241,0.379261,0.685285
6.380000,0.277619,-326.705216,234.436320,103.270399,-0.508047,0.589753,0.507176
6.381000,0.668847,-271.756683,315.265387,15.524150,-0.393085,0.750052,0.324209
6.382000,1.041584,-208.207127,351.120332,-85.512362,-0.265171,0.819676,0.110478
6.383000,1.301754,-130.875203,334.928611,-196.834018,-0.100015,0.787293,-0.119445
6.384000,1.186267,-45.460439,287.571069,-285.072824,0.074856,0.691761,-0.297554
6.385000,0.956266,50.886906,228.555487,-335.539474,0.277253,0.570323,-0.397943
6.386000,0.663332,161.897404,157.078746,-337.586121,0.500699,0.418121,-0.402800
6.387000,0.355151,264.280899,73.348080,-298.052179,0.699857,0.243250,-0.326699
6.388000,0.162781,332.571097,-18.672811,-241.860145,0.832630,0.048949,-0.208499
6.389000,0.006744,355.161785,-124.864820,-174.813197,0.876347,-0.164782,-0.064393
6.390000,-0.144102,326.871612,-232.870461,-93.750728,0.818057,-0.376894,0.115335
6.391000,-0.620648,271.198002,-311.912371,-5.304907,0.709572,-0.532334,0.293445
6.392000,-0.992736,206.742000,-345.824522,96.638266,0.578419,-0.598720,0.518510
6.393000,-1.220791,128.166800,-327.404703,208.115058,0.411644,-0.561479,0.746813
6.394000,-1.086164,42.026788,-278.233405,295.602162,0.230297,-0.461091,0.920065
6.395000,-0.852919,-55.201396,-218.155362,343.607374,0.026281,-0.341272,1.017215
6.396000,-0.525598,-166.419380,-145.564376,342.130689,-0.193927,-0.185831,1.015596
6.397000,-0.356261,-266.886189,-61.237682,300.291284,-0.389847,-0.007722,0.931399
6.398000,-0.106472,-332.067948,31.405008,243.296430,-0.519381,0.188198,0.813200
6.399000,0.059297,-351.394510,137.959557,175.472545,-0.555003,0.403548,0.669093
6.400000,0.312006,-321.497927,244.462234,94.073496,-0.493474,0.610803,0.490984
6.401000,0.705504,-266.057168,321.068499,5.472317,-0.386609,0.759767,0.298302
6.402000,1.068185,-201.678600,352.415669,-96.755919,-0.248979,0.819676,0.087809
6.403000,1.353333,-122.921808,331.586640,-207.688990,-0.085442,0.777578,-0.142113
6.404000,1.201514,-36.652127,281.638423,-293.207589,0.097525,0.677189,-0.313746
6.405000,0.965998,61.327337,222.234239,-338.907374,0.293445,0.555751,-0.406039
6.406000,0.660737,173.503632,149.928481,-335.332219,0.523367,0.403548,-0.397943
6.407000,0.318818,273.788677,65.109726,-293.233496,0.716049,0.225439,-0.313746
6.408000,0.176406,337.597007,-29.139156,-236.497422,0.842345,0.027900,-0.198784
6.409000,0.037887,353.633287,-138.310463,-167.015237,0.873109,-0.197165,-0.049820
6.410000,-0.156430,320.938965,-244.088136,-83.258469,0.806723,-0.401181,0.128289
6.411000,-0.643356,264.306806,-318.052308,6.404962,0.693381,-0.543669,0.327447
6.412000,-0.999873,198.710906,-346.886706,109.565743,0.560608,-0.597101,0.542797
6.413000,-1.198083,118.918086,-323.155969,220.343046,0.387357,-0.555003,0.766243
6.414000,-1.082920,31.534542,-271.160825,304.410458,0.206009,-0.451376,0.939495
6.415000,-0.830536,-67.299874,-210.124235,346.819811,0.005232,-0.321842,1.022073
6.416000,-0.478560,-179.217360,-136.289730,339.021878,-0.219834,-0.166401,1.007500
6.417000,-0.114257,-276.497643,-51.263562,294.488172,-0.410896,0.014947,0.920065
6.418000,-0.065597,-337.508400,42.441296,236.586581,-0.529096,0.206009,0.803484
6.419000,0.113797,-349.943723,151.560607,166.301553,-0.550145,0.429455,0.649663
6.420000,0.357746,-314.528969,255.938925,82.104568,-0.480521,0.635090,0.463458
6.421000,0.739567,-257.689246,326.767985,-7.869679,-0.367179,0.771101,0.278872
6.422000,1.093812,-192.248505,352.260229,-110.693787,-0.231168,0.819676,0.055426
6.423000,1.341330,-112.818147,326.638451,-219.554332,-0.064393,0.766243,-0.166401
6.424000,1.203784,-25.667645,274.410439,-301.057379,0.118574,0.664235,-0.328318
6.425000,0.933558,73.581241,213.736824,-341.161276,0.322590,0.537940,-0.410896
6.426000,0.612401,185.887062,140.058005,-331.472088,0.546036,0.382499,-0.393085
6.427000,0.275673,282.104745,55.394685,-287.119469,0.735479,0.202771,-0.302412
6.428000,0.117365,342.001155,-39.553689,-229.761637,0.848821,0.005232,-0.184212
6.429000,-0.046457,352.156602,-150.357140,-158.440073,0.871490,-0.218214,-0.030390
6.430000,-0.203468,314.462278,-253.984562,-72.895745,0.792150,-0.422230,0.154196
6.431000,-0.708561,256.482967,-322.689645,18.555244,0.678808,-0.553384,0.350116
6.432000,-1.038477,190.109863,-345.772708,122.545033,0.541178,-0.597101,0.570323
6.433000,-1.237011,109.695277,-318.596353,230.705748,0.371165,-0.540430,0.788912
6.434000,-1.093625,21.974939,-265.254055,310.938959,0.184960,-0.435184,0.952448
6.435000,-0.838646,-78.336175,-203.025756,348.555563,-0.019056,-0.307269,1.030169
6.436000,-0.483750,-190.616374,-127.921825,335.394933,-0.244121,-0.146971,1.002643
6.437000,-0.119448,-283.725666,-43.051106,288.477806,-0.425469,0.031138,0.907112
6.438000,-0.063002,-340.979927,51.897270,230.913002,-0.533953,0.228678,0.788912
6.439000,0.116068,-348.182052,162.545073,159.669422,-0.546907,0.450505,0.633471
6.440000,0.369100,-309.425308,264.850848,73.918029,-0.474044,0.652901,0.445647
6.441000,0.774277,-251.445688,331.172132,-18.413743,-0.355844,0.779197,0.251346
6.442000,1.127550,-184.657798,350.990798,-123.465851,-0.216595,0.814819,0.029519
6.443000,1.366634,-104.139362,322.001142,-230.072519,-0.048201,0.759767,-0.187450
6.444000,1.221626,-16.263479,268.995928,-307.896801,0.139623,0.652901,-0.341272
6.445000,0.940371,84.772966,207.648737,-343.441085,0.346877,0.526606,-0.415754
6.446000,0.609806,197.881890,132.052815,-328.389166,0.570323,0.364688,-0.386609
6.447000,0.255236,291.586616,46.120059,-280.927721,0.750052,0.181722,-0.291077
6.448000,0.111202,346.301676,-50.097756,-223.518082,0.858536,-0.015818,-0.171258
6.449000,-0.024723,350.628103,-162.170658,-151.134345,0.866632,-0.237645,-0.014199
6.450000,-0.215795,309.203207,-263.673735,-63.776549,0.784054,-0.436803,0.176864
6.451000,-0.725105,249.514051,-327.508331,30.213296,0.665855,-0.563099,0.376022
6.452000,-1.055346,180.861151,-344.192386,136.508778,0.523367,-0.592244,0.599469
6.453000,-1.224683,99.228943,-312.793206,242.337880,0.345258,-0.530715,0.814819
6.454000,-1.091679,10.835022,-258.155570,318.166943,0.162291,-0.418992,0.963783
6.455000,-0.813342,-90.797351,-195.435048,350.550383,-0.044963,-0.292696,1.033407
6.456000,-0.442551,-203.336638,-118.517648,331.819801,-0.266790,-0.129160,0.994547
6.457000,-0.061704,-294.217958,-32.455226,280.887127,-0.443280,0.055426,0.890920
6.458000,-0.015315,-345.228662,63.892107,222.648747,-0.540430,0.252965,0.767863
6.459000,0.154671,-346.549916,174.954410,150.265268,-0.546907,0.474792,0.610803
6.460000,0.395053,-303.673976,274.539973,63.555319,-0.459471,0.667474,0.426217
6.461000,0.818072,-243.621812,335.783534,-30.667657,-0.339653,0.787293,0.225439
6.462000,1.156422,-173.828737,348.633284,-137.403724,-0.195546,0.813200,0.001993
6.463000,1.373771,-92.507201,315.239480,-241.108845,-0.022294,0.741956,-0.211738
6.464000,1.211570,-4.268635,261.223903,-313.907203,0.165530,0.636710,-0.352606
6.465000,0.905984,97.285935,199.306761,-344.140572,0.372784,0.508795,-0.414135
6.466000,0.579637,209.850811,122.596846,-324.477222,0.596230,0.345258,-0.376894
6.467000,0.219552,299.928590,35.265118,-273.932862,0.775959,0.162291,-0.278124
6.468000,0.059297,349.514113,-61.626284,-215.331514,0.865013,-0.038486,-0.151828
6.469000,-0.090252,348.166962,-173.751016,-141.937420,0.861775,-0.261932,0.008470
6.470000,-0.270943,303.659162,-272.041659,-54.476006,0.777578,-0.454614,0.196294
6.471000,-0.771495,242.959642,-331.420275,40.627822,0.652901,-0.566337,0.398691
6.472000,-1.099789,171.819692,-342.016204,148.840397,0.505556,-0.590625,0.622137
6.473000,-1.257448,88.969863,-306.549642,252.156539,0.327447,-0.517762,0.832630
6.474000,-1.114062,-0.382617,-251.497502,322.804252,0.138004,-0.409277,0.975117
6.475000,-0.824048,-102.714487,-188.155223,350.420849,-0.069250,-0.273266,1.031788
6.476000,-0.447418,-213.828916,-110.175651,327.597001,-0.289458,-0.109730,0.984832
6.477000,-0.062353,-301.497796,-23.413754,275.498523,-0.456233,0.073237,0.879586
6.478000,-0.007854,-347.948889,74.280723,216.120245,-0.546907,0.275634,0.756528
6.479000,0.174135,-343.726061,186.042502,142.726401,-0.540430,0.495841,0.594611
6.480000,0.429439,-298.622130,282.519253,55.653753,-0.452995,0.683666,0.405168
6.481000,0.832345,-238.284997,339.591827,-39.890477,-0.328318,0.797008,0.207628
6.482000,1.167127,-166.885703,347.156599,-148.802730,-0.180973,0.808342,-0.020675
6.483000,1.389017,-83.413910,309.954503,-250.772109,-0.001245,0.735479,-0.226310
6.484000,1.232981,6.897191,254.799028,-318.933143,0.186579,0.623756,-0.363940
6.485000,0.925124,110.032065,192.130590,-344.062851,0.398691,0.494222,-0.414135
6.486000,0.564714,221.275690,114.228961,-320.539371,0.617279,0.325828,-0.367179
6.487000,0.204953,308.063310,26.327279,-268.699671,0.784054,0.141242,-0.265171
6.488000,0.048916,352.700644,-73.284347,-208.647544,0.871490,-0.064393,-0.138875
6.489000,-0.083115,344.928618,-186.367650,-133.543607,0.856917,-0.289458,0.026281
6.490000,-0.304032,297.726516,-281.005442,-45.097744,0.763005,-0.472425,0.215724
6.491000,-0.784146,236.586581,-335.591288,51.094160,0.639948,-0.577671,0.419740
6.492000,-1.095247,163.633157,-340.617230,161.016574,0.487746,-0.584148,0.646425
6.493000,-1.249662,78.633061,-300.979658,261.664317,0.303160,-0.508047,0.853679
6.494000,-1.106601,-13.102851,-243.544091,328.322390,0.113716,-0.391466,0.986451
6.495000,-0.795176,-117.015052,-178.699224,349.384579,-0.096776,-0.253836,1.026930
6.496000,-0.395838,-226.290117,-100.253339,322.674718,-0.313746,-0.087061,0.976736
6.497000,-0.003961,-310.072981,-12.740156,269.021835,-0.478902,0.095905,0.866632
6.498000,0.046321,-351.135441,86.923228,208.037338,-0.553384,0.296683,0.740337
6.499000,0.230906,-339.788209,199.410388,132.311883,-0.530715,0.524987,0.571943
6.500000,0.469665,-291.368199,291.793870,44.410212,-0.435184,0.704715,0.385738
6.501000,0.865110,-230.694284,343.322399,-51.367190,-0.312127,0.801865,0.181722
6.502000,1.185618,-157.662868,345.369033,-160.512620,-0.159924,0.803484,-0.044963
6.503000,1.389991,-72.507143,304.203204,-259.813610,0.019804,0.725764,-0.247360
6.504000,1.224222,19.591515,246.767935,-323.337318,0.214105,0.609184,-0.373655
6.505000,0.895279,124.306693,181.897421,-342.042111,0.424598,0.471554,-0.410896
6.506000,0.534221,232.778288,103.710814,-314.710317,0.639948,0.304779,-0.357463
6.507000,0.159213,315.394921,15.860938,-262.041602,0.800246,0.116955,-0.250598
6.508000,-0.017261,354.902718,-85.097853,-200.771860,0.874728,-0.088681,-0.121064
6.509000,-0.141507,340.887165,-198.181174,-123.699012,0.848821,-0.312127,0.048949
6.510000,-0.353017,290.602159,-289.217927,-35.071812,0.748433,-0.488617,0.238393
6.511000,-0.813018,229.773105,-338.700118,61.612311,0.623756,-0.587386,0.444028
6.512000,-1.143259,155.705688,-338.570584,171.146117,0.466696,-0.580910,0.670712
6.513000,-1.261665,69.747038,-296.005534,270.317173,0.288587,-0.498332,0.869871
6.514000,-1.109521,-23.854170,-237.067374,332.208403,0.092667,-0.378513,0.994547
6.515000,-0.802637,-129.813023,-170.227686,347.337946,-0.121064,-0.237645,1.023692
6.516000,-0.398433,-236.419702,-90.849165,317.104766,-0.331557,-0.072489,0.965402
6.517000,0.000905,-315.902035,-2.817855,263.374163,-0.483759,0.116955,0.856917
6.518000,0.063839,-352.741671,97.752257,201.741996,-0.558241,0.322590,0.725764
6.519000,0.248423,-336.394403,210.187599,124.617574,-0.525858,0.546036,0.557370
6.520000,0.492697,-285.176452,299.591802,35.757347,-0.425469,0.720907,0.367927
6.521000,0.885223,-224.787519,346.301676,-61.289495,-0.299173,0.808342,0.159053
6.522000,1.200540,-150.797557,343.296492,-171.574841,-0.143732,0.800246,-0.069250
6.523000,1.401345,-64.709194,299.902683,-268.233347,0.035996,0.714430,-0.261932
6.524000,1.234603,29.513813,241.482957,-327.715586,0.230297,0.597849,-0.384989
6.525000,0.897225,137.156447,174.539902,-340.720858,0.448885,0.455362,-0.409277
6.526000,0.506322,243.918192,93.892149,-309.192146,0.659378,0.282110,-0.346129
6.527000,0.144615,322.001142,4.902368,-255.823951,0.811580,0.092667,-0.239264
6.528000,-0.016613,356.638470,-97.403589,-193.777009,0.877966,-0.111349,-0.108111
6.529000,-0.137939,337.389753,-210.124235,-115.149761,0.839106,-0.334795,0.065141
6.530000,-0.387728,283.607336,-297.974458,-25.071789,0.733860,-0.509666,0.256204
6.531000,-0.842538,222.234239,-341.860763,73.503520,0.609184,-0.590625,0.466696
6.532000,-1.130931,147.156457,-335.746730,184.099495,0.452124,-0.576052,0.696619
6.533000,-1.251609,60.265159,-290.668713,279.255002,0.272395,-0.486997,0.886062
6.534000,-1.106277,-34.838651,-230.668377,337.001152,0.069999,-0.365559,1.004262
6.535000,-0.766628,-143.103227,-161.341639,346.275769,-0.143732,-0.218214,1.022073
6.536000,-0.339392,-248.181422,-79.605608,310.783519,-0.352606,-0.044963,0.952448
6.537000,0.049241,-322.845086,9.824657,255.239443,-0.498332,0.142861,0.840725
6.538000,0.112824,-353.881575,111.327403,192.571005,-0.559860,0.351735,0.704715
6.539000,0.298057,-332.249296,222.596934,114.436215,-0.517762,0.570323,0.531463
6.540000,0.548170,-277.456198,308.244657,24.746965,-0.409277,0.735479,0.343639
6.541000,0.922853,-215.694210,348.840538,-73.750670,-0.281362,0.814819,0.133146
6.542000,1.224546,-140.875239,339.410480,-183.880593,-0.124302,0.792150,-0.093538
6.543000,1.395830,-54.450099,293.736876,-276.575364,0.057045,0.701476,-0.278124
6.544000,1.215463,40.679635,234.669481,-331.782971,0.254584,0.581658,-0.389847
6.545000,0.872247,149.488066,165.472536,-339.347791,0.473173,0.437551,-0.407658
6.546000,0.483938,254.280893,83.218560,-303.285372,0.680427,0.261061,-0.336414
6.547000,0.096279,327.493374,-7.584704,-247.844633,0.819676,0.071618,-0.224691
6.548000,-0.067868,356.534843,-110.382905,-184.528264,0.877966,-0.138875,-0.087061
6.549000,-0.203792,332.881978,-221.160558,-105.434703,0.834249,-0.355844,0.089429
6.550000,-0.434441,276.923394,-305.228390,-15.019953,0.722526,-0.519381,0.282110
6.551000,-0.880493,214.306773,-343.933316,84.747059,0.591373,-0.592244,0.490984
6.552000,-1.164994,138.322251,-331.912506,195.576189,0.429455,-0.571194,0.720907
6.553000,-1.266531,51.456855,-284.736034,287.052934,0.246489,-0.474044,0.905492
6.554000,-1.115036,-44.683235,-224.735705,340.058148,0.048949,-0.354225,1.012358
6.555000,-0.772143,-154.165445,-154.165445,344.384576,-0.169639,-0.203642,1.020454
6.556000,-0.339067,-257.222922,-70.900921,305.731702,-0.373655,-0.025533,0.942733
6.557000,0.062541,-327.197448,20.783227,248.970009,-0.508047,0.173626,0.827772
6.558000,0.122880,-353.078461,123.710837,184.928512,-0.556622,0.374403,0.686904
6.559000,0.302923,-328.026469,232.752381,105.938796,-0.509666,0.586515,0.512033
6.560000,0.574122,-271.860311,314.902692,15.679591,-0.399562,0.746813,0.322590
6.561000,0.950752,-209.191588,351.016705,-84.553809,-0.270028,0.818057,0.110478
6.562000,1.244659,-132.947750,336.016695,-195.486862,-0.108111,0.785674,-0.117826
6.563000,1.404913,-46.082202,287.959671,-285.098731,0.076475,0.688523,-0.299173
6.564000,1.226168,50.498304,229.047716,-335.669009,0.270776,0.568704,-0.404420
6.565000,0.862839,160.938854,158.918126,-337.974725,0.497461,0.419740,-0.404420
6.566000,0.460906,264.073645,74.876579,-298.725758,0.698238,0.244869,-0.326699
6.567000,0.082330,332.648817,-18.905972,-241.860145,0.832630,0.045711,-0.211738
6.568000,-0.064300,355.602200,-124.268963,-175.979005,0.876347,-0.164782,-0.067631
6.569000,-0.223905,328.011509,-232.637299,-95.564205,0.822915,-0.380132,0.110478
6.570000,-0.471423,270.602147,-312.378695,-4.268635,0.707953,-0.533953,0.308017
6.571000,-0.896065,206.638373,-346.031777,96.975054,0.578419,-0.598720,0.518510
6.572000,-1.167589,129.021724,-327.793307,208.270499,0.411644,-0.561479,0.743575
6.573000,-1.254528,41.094144,-277.533919,296.353458,0.227058,-0.459471,0.921684
6.574000,-1.085191,-56.108135,-217.300435,343.944161,0.027900,-0.336414,1.020454
6.575000,-0.728674,-166.315752,-145.693910,342.519290,-0.197165,-0.185831,1.015596
6.576000,-0.296246,-267.119351,-61.496750,300.705792,-0.393085,-0.002864,0.931399
6.577000,0.111526,-332.793341,32.752161,241.975186,-0.517762,0.188198,0.806723
6.578000,0.187760,-351.601766,138.529506,174.798970,-0.555003,0.401929,0.662616
6.579000,0.353529,-321.756996,244.876742,93.892149,-0.496712,0.610803,0.489365
6.580000,0.618241,-264.269594,321.742075,3.399774,-0.386609,0.758148,0.291825
6.581000,0.975406,-200.435071,352.363856,-97.507217,-0.248979,0.818057,0.084571
6.582000,1.257311,-122.947714,331.457107,-207.663083,-0.085442,0.777578,-0.142113
6.583000,1.397127,-35.123626,280.239459,-293.388937,0.099144,0.677189,-0.315365
6.584000,1.207028,62.285887,220.783461,-338.363328,0.295064,0.552512,-0.402800
6.585000,0.839482,172.855963,149.695320,-335.202684,0.520129,0.401929,-0.399562
6.586000,0.434305,272.959661,65.601954,-293.648006,0.716049,0.225439,-0.313746
6.587000,0.032372,337.337939,-29.838640,-235.305707,0.842345,0.026281,-0.192308
6.588000,-0.141507,353.607380,-137.559165,-166.807982,0.871490,-0.192308,-0.046582
6.589000,-0.257643,321.534821,-243.233209,-84.320648,0.809961,-0.399562,0.133146
6.590000,-0.522679,263.400070,-317.819146,7.078538,0.691761,-0.542049,0.330686
6.591000,-0.950564,198.659093,-346.524009,108.995794,0.562228,-0.597101,0.541178
6.592000,-1.201002,120.161610,-323.881363,218.607294,0.395453,-0.555003,0.764624
6.593000,-1.267504,31.560449,-271.134918,303.581442,0.206009,-0.446518,0.937876
6.594000,-1.097842,-66.833552,-210.072421,346.146235,0.003612,-0.320222,1.023692
6.595000,-0.733540,-177.429788,-137.792327,339.332759,-0.214976,-0.169639,1.010739
6.596000,-0.295922,-275.254113,-53.465641,295.446722,-0.409277,0.011708,0.921684
6.597000,0.122556,-336.627565,42.130415,236.638394,-0.529096,0.206009,0.805104
6.598000,0.201385,-349.762374,150.083921,167.830052,-0.553384,0.426217,0.652901
6.599000,0.387916,-316.005662,254.539961,84.954313,-0.485378,0.633471,0.469935
6.600000,0.648085,-258.207383,326.586637,-7.325636,-0.373655,0.767863,0.278872
6.601000,1.005900,-193.388407,352.415669,-109.657514,-0.234406,0.819676,0.058664
6.602000,1.275477,-114.787065,327.700628,-218.362616,-0.067631,0.767863,-0.163163
6.603000,1.413023,-26.004434,274.876761,-300.798310,0.118574,0.664235,-0.329937
6.604000,1.208326,73.166732,214.384493,-341.213090,0.320971,0.539559,-0.409277
6.605000,0.820018,184.980325,141.845571,-332.301110,0.546036,0.385738,-0.391466
6.606000,0.410299,282.182465,57.104532,-288.129837,0.735479,0.209248,-0.305650
6.607000,0.026533,342.052968,-39.916384,-229.709823,0.852060,0.006851,-0.187450
6.608000,-0.137939,352.260229,-150.046258,-159.683602,0.873109,-0.216595,-0.030390
6.609000,-0.281000,315.498548,-253.751400,-74.501967,0.798627,-0.417373,0.154196
6.610000,-0.542143,256.120272,-323.155969,19.410168,0.675570,-0.551764,0.354973
6.611000,-0.955755,189.954422,-346.057684,122.855914,0.541178,-0.597101,0.571943
6.612000,-1.183160,110.446573,-319.088584,230.757561,0.371165,-0.542049,0.792150
6.613000,-1.261990,21.120016,-264.373221,311.793882,0.183341,-0.433565,0.954068
6.614000,-1.081298,-79.087472,-202.429898,348.451936,-0.023914,-0.307269,1.026930
6.615000,-0.700775,-190.720001,-128.129080,335.757628,-0.240883,-0.145352,1.005881
6.616000,-0.243693,-285.021010,-43.232454,288.581433,-0.425469,0.032758,0.907112
6.617000,0.171540,-341.549880,53.322143,229.462224,-0.535573,0.231916,0.785674
6.618000,0.240638,-348.700190,162.830047,158.995847,-0.548526,0.448885,0.631852
6.619000,0.427493,-309.891633,265.084009,73.995749,-0.475663,0.651282,0.447266
6.620000,0.693502,-249.502673,331.483013,-20.538100,-0.350987,0.780816,0.244869
6.621000,1.036069,-183.155201,350.705824,-124.217149,-0.213357,0.816438,0.029519
6.622000,1.282289,-104.061641,322.078863,-229.839357,-0.041724,0.761386,-0.184212
6.623000,1.405562,-15.123580,267.596964,-308.026335,0.142861,0.649663,-0.341272
6.624000,1.188538,85.368822,206.301585,-343.000667,0.346877,0.524987,-0.414135
6.625000,0.784983,197.234221,131.975095,-328.337352,0.568704,0.363069,-0.386609
6.626000,0.376237,290.835320,46.767728,-281.160883,0.750052,0.184960,-0.291077
6.627000,-0.026669,345.887168,-50.693613,-222.352273,0.856917,-0.017437,-0.169639
6.628000,-0.188870,350.731730,-161.393453,-151.056625,0.866632,-0.240883,-0.012579
6.629000,-0.333877,310.032223,-262.741088,-64.968262,0.788912,-0.436803,0.173626
6.630000,-0.599562,248.529594,-327.275168,30.886872,0.656140,-0.559860,0.377642
6.631000,-1.002144,180.783431,-343.855596,136.094270,0.520129,-0.590625,0.597849
6.632000,-1.220791,100.679722,-313.492692,240.938915,0.351735,-0.530715,0.811580
6.633000,-1.266531,10.990463,-258.285104,317.363834,0.165530,-0.420611,0.967021
6.634000,-1.086488,-90.331029,-195.383234,349.954528,-0.041724,-0.289458,1.031788
6.635000,-0.704343,-201.626786,-119.761175,332.182496,-0.261932,-0.127541,0.994547
6.636000,-0.242396,-292.948520,-34.216888,282.519253,-0.438422,0.053807,0.897397
6.637000,0.184516,-344.632803,63.192624,223.140976,-0.540430,0.251346,0.772720
6.638000,0.255884,-346.627636,173.503632,152.001021,-0.546907,0.473173,0.614041
6.639000,0.450201,-305.098855,273.425983,66.197810,-0.462710,0.665855,0.429455
6.640000,0.722373,-243.829067,335.576280,-30.097707,-0.342891,0.788912,0.225439
6.641000,1.072726,-175.383147,348.892351,-136.367451,-0.195546,0.809961,0.003612
6.642000,1.297536,-94.838815,316.690258,-240.202105,-0.023914,0.746813,-0.208499
6.643000,1.413672,-4.812678,261.742038,-313.881296,0.163911,0.636710,-0.355844
6.644000,1.195026,97.104588,199.902617,-344.140572,0.367927,0.508795,-0.415754
6.645000,0.787578,208.944074,124.047625,-325.280336,0.589753,0.346877,-0.378513
6.646000,0.351258,299.695429,37.363568,-275.357740,0.766243,0.162291,-0.278124
6.647000,-0.037699,349.617740,-62.014886,-215.435141,0.861775,-0.043344,-0.155067
6.648000,-0.192438,348.555563,-173.517855,-143.077320,0.865013,-0.260313,0.005232
6.649000,-0.350097,304.721339,-272.041659,-55.978600,0.777578,-0.452995,0.193056
6.650000,-0.628758,242.260160,-331.757065,41.664093,0.654520,-0.569575,0.401929
6.651000,-1.007334,171.741972,-342.301180,149.280812,0.503937,-0.589005,0.626994
6.652000,-1.211059,89.695252,-307.300942,252.208353,0.330686,-0.519381,0.834249
6.653000,-1.257772,-1.263448,-250.590761,323.659174,0.138004,-0.404420,0.978355
6.654000,-1.045614,-103.491691,-187.093042,350.446756,-0.069250,-0.271647,1.033407
6.655000,-0.657954,-214.191612,-110.564253,328.115136,-0.287839,-0.111349,0.988070
6.656000,-0.190167,-302.119562,-23.646915,275.990751,-0.457852,0.073237,0.884443
6.657000,0.233501,-348.363400,75.861036,214.643560,-0.546907,0.278872,0.751671
6.658000,0.325955,-343.751968,186.612451,141.871478,-0.540430,0.497461,0.594611
6.659000,0.479397,-298.958920,282.726507,55.653753,-0.451376,0.685285,0.406787
6.660000,0.757733,-236.471516,339.850894,-41.937114,-0.326699,0.797008,0.202771
6.661000,1.082783,-165.460827,347.130692,-149.269053,-0.179354,0.811580,-0.023914
6.662000,1.305971,-83.025308,310.084036,-250.409413,0.001993,0.733860,-0.229549
6.663000,1.402318,8.166623,253.477784,-318.881329,0.188198,0.622137,-0.365559
6.664000,1.164532,110.576107,190.576185,-343.441085,0.393833,0.487746,-0.415754
6.665000,0.758057,220.679834,114.436215,-320.461651,0.617279,0.324209,-0.368798
6.666000,0.307140,307.596988,27.104482,-269.036460,0.784054,0.144481,-0.266790
6.667000,-0.094469,352.260229,-73.776576,-207.248574,0.874728,-0.062774,-0.134017
6.668000,-0.262509,344.980431,-185.590445,-133.284538,0.858536,-0.284601,0.026281
6.669000,-0.404272,298.685066,-280.254142,-46.315363,0.766243,-0.472425,0.214105
6.670000,-0.662171,235.757565,-335.435847,51.793643,0.638329,-0.576052,0.422979
6.671000,-1.058914,163.529530,-340.461789,160.446625,0.487746,-0.584148,0.648044
6.672000,-1.231820,79.954306,-301.497796,261.146182,0.308017,-0.508047,0.853679
6.673000,-1.275614,-12.843783,-243.518185,327.778348,0.113716,-0.391466,0.986451
6.674000,-1.067024,-116.289661,-178.932385,348.970071,-0.096776,-0.257075,1.025311
6.675000,-0.654386,-224.580264,-101.755935,323.348293,-0.310507,-0.091919,0.976736
6.676000,-0.184004,-308.803543,-14.450004,270.576240,-0.472425,0.091048,0.869871
6.677000,0.245504,-350.487768,86.405092,208.192778,-0.553384,0.296683,0.738717
6.678000,0.309086,-340.384068,197.907797,133.944009,-0.533953,0.516891,0.575181
6.679000,0.512810,-293.285309,290.705786,47.182237,-0.441661,0.698238,0.390595
6.680000,0.781414,-231.031073,343.218772,-51.159935,-0.313746,0.800246,0.178483
6.681000,1.107437,-158.699142,345.498566,-160.149925,-0.166401,0.805104,-0.046582
6.682000,1.325110,-74.683315,305.394914,-259.321379,0.014947,0.725764,-0.244121
6.683000,1.415618,19.099286,247.311977,-323.596387,0.212486,0.609184,-0.375274
6.684000,1.166478,123.995811,182.752344,-342.197553,0.422979,0.471554,-0.412515
6.685000,0.741837,232.104713,105.187500,-315.617059,0.638329,0.306398,-0.360702
6.686000,0.297083,315.187667,17.208091,-263.492387,0.798627,0.120193,-0.253836
6.687000,-0.100632,354.954531,-85.641896,-200.616419,0.876347,-0.087061,-0.122683
6.688000,-0.254074,341.353486,-198.103454,-124.605751,0.850441,-0.312127,0.047330
6.689000,-0.429251,291.845683,-289.451089,-36.315339,0.753290,-0.488617,0.235154
6.690000,-0.668659,228.995902,-339.088722,62.855836,0.625375,-0.584148,0.448885
6.691000,-1.039126,155.342994,-338.648305,172.260107,0.469935,-0.584148,0.673951
6.692000,-1.213005,70.213360,-296.601392,270.498520,0.286968,-0.501570,0.869871
6.693000,-1.257772,-24.709094,-236.393795,332.881978,0.091048,-0.375274,0.994547
6.694000,-1.023230,-130.771576,-169.191412,347.493386,-0.124302,-0.236025,1.025311
6.695000,-0.604752,-236.963746,-90.693724,317.130673,-0.333176,-0.066012,0.963783
6.696000,-0.128855,-316.705149,-2.999202,263.244629,-0.486997,0.116955,0.855298
6.697000,0.298705,-352.923019,99.332570,199.954430,-0.559860,0.320971,0.719287
6.698000,0.362937,-336.290775,210.964801,123.892184,-0.525858,0.546036,0.554132
6.699000,0.540709,-285.176452,300.032217,35.757347,-0.425469,0.724145,0.363069
6.700000,0.815801,-222.689063,346.249862,-63.362040,-0.299173,0.806723,0.152576
6.701000,1.123333,-149.294960,342.830171,-172.067071,-0.142113,0.801865,-0.069250
6.702000,1.317325,-64.398312,300.032217,-267.767023,0.037615,0.716049,-0.263551
6.703000,1.399398,30.835059,240.109899,-327.819214,0.235154,0.594611,-0.384989
6.704000,1.140202,137.726396,172.700522,-340.280440,0.450505,0.450505,-0.407658
6.705000,0.701936,243.348243,93.788522,-309.036705,0.656140,0.282110,-0.347748
6.706000,0.249072,321.716168,5.575944,-255.875764,0.809961,0.095905,-0.237645
6.707000,-0.147671,356.198055,-97.869912,-192.352133,0.876347,-0.109730,-0.103253
6.708000,-0.315711,337.312033,-209.554284,-115.279295,0.843964,-0.331557,0.063522
6.709000,-0.467206,284.488166,-297.326785,-26.108061,0.737098,-0.501570,0.259442
6.710000,-0.720563,221.249783,-341.472159,74.047562,0.607564,-0.589005,0.469935
6.711000,-1.085515,147.078737,-335.643102,183.477733,0.447266,-0.576052,0.693381
6.712000,-1.236686,61.534591,-291.420013,278.374172,0.277253,-0.491855,0.886062
6.713000,-1.267829,-34.786838,-230.461122,336.353483,0.071618,-0.365559,1.001024
6.714000,-1.026474,-142.766438,-161.263919,345.472660,-0.151828,-0.221453,1.018835
6.715000,-0.597291,-246.808358,-80.978669,311.249840,-0.352606,-0.044963,0.952448
6.716000,-0.119448,-321.860624,7.855742,256.845662,-0.496712,0.139623,0.842345
6.717000,0.316547,-353.337530,110.990615,192.881886,-0.559860,0.348497,0.706334
6.718000,0.376237,-332.715620,221.405223,115.835180,-0.517762,0.567085,0.536321
6.719000,0.560822,-279.295587,307.467455,26.897228,-0.414135,0.732241,0.345258
6.720000,0.847268,-216.056906,348.736911,-73.880204,-0.282981,0.814819,0.133146
6.721000,1.144095,-141.781979,339.980428,-183.440176,-0.125922,0.795389,-0.090300
6.722000,1.329003,-56.341296,295.006307,-276.316295,0.053807,0.706334,-0.279743
6.723000,1.400696,40.446474,234.954455,-332.042041,0.254584,0.583277,-0.391466
6.724000,1.136958,149.669413,165.938858,-339.166443,0.474792,0.437551,-0.409277
6.725000,0.678579,253.995919,84.436178,-303.751697,0.678808,0.261061,-0.336414
6.726000,0.237069,327.571094,-6.263458,-249.243604,0.824534,0.071618,-0.227930
6.727000,-0.162918,356.534843,-111.134203,-184.321009,0.879586,-0.140494,-0.088681
6.728000,-0.305330,333.244673,-221.238278,-105.926932,0.832630,-0.354225,0.082952
6.729000,-0.501917,277.933758,-305.513366,-15.978505,0.725764,-0.519381,0.278872
6.730000,-0.735810,213.322316,-344.192386,86.042398,0.592992,-0.593863,0.494222
6.731000,-1.085515,137.648676,-331.782971,196.431112,0.427836,-0.572814,0.720907
6.732000,-1.217871,51.612296,-284.969196,287.519256,0.249727,-0.474044,0.903873
6.733000,-1.248365,-45.823134,-223.803058,340.550377,0.047330,-0.350987,1.012358
6.734000,-1.006686,-155.098091,-152.870103,344.384576,-0.171258,-0.200404,1.020454
6.735000,-0.546360,-257.533805,-70.745480,305.835329,-0.372036,-0.025533,0.944353
6.736000,-0.068192,-327.871027,20.912761,248.918195,-0.506427,0.165530,0.826153
6.737000,0.352556,-352.923019,125.602031,182.596904,-0.558241,0.379261,0.682046
6.738000,0.418734,-327.611958,233.633211,104.747085,-0.506427,0.592992,0.513652
6.739000,0.619214,-271.912124,315.394921,15.601871,-0.396324,0.748433,0.327447
6.740000,0.876464,-207.119039,350.938984,-86.470914,-0.266790,0.816438,0.105620
6.741000,1.159990,-131.367433,335.187679,-196.315881,-0.101634,0.785674,-0.117826
6.742000,1.319920,-45.615880,287.545163,-284.943290,0.076475,0.691761,-0.297554
6.743000,1.389666,51.767736,227.467404,-335.306312,0.275634,0.565466,-0.399562
6.744000,1.112628,161.482896,157.104653,-337.301145,0.497461,0.416502,-0.402800
6.745000,0.647112,263.451883,74.824766,-298.777572,0.696619,0.243250,-0.326699
6.746000,0.188085,332.363843,-18.361930,-241.911959,0.832630,0.048949,-0.210119
6.747000,-0.222607,354.876811,-124.994354,-174.346874,0.873109,-0.166401,-0.062774
6.748000,-0.370859,327.726534,-232.093255,-95.279230,0.821295,-0.378513,0.110478
6.749000,-0.550577,271.327536,-311.912371,-5.434441,0.711192,-0.532334,0.295064
6.750000,-0.778631,205.576196,-345.591359,97.545003,0.576800,-0.595482,0.520129
6.751000,-1.108872,128.659029,-327.663772,207.648737,0.411644,-0.561479,0.745194
6.752000,-1.234415,42.182229,-278.259312,295.498535,0.230297,-0.459471,0.921684
6.753000,-1.256150,-56.030414,-217.093180,343.322399,0.027900,-0.336414,1.020454
6.754000,-1.002144,-166.056684,-145.538469,341.871621,-0.192308,-0.185831,1.013977
6.755000,-0.545711,-266.031262,-62.610742,301.016673,-0.388228,-0.009341,0.934638
6.756000,-0.061056,-331.990227,31.145940,243.322337,-0.516143,0.186579,0.814819
6.757000,0.382077,-351.109534,138.166811,174.954410,-0.551764,0.403548,0.667474
6.758000,0.442740,-322.378762,243.814565,95.705623,-0.496712,0.609184,0.492603
6.759000,0.644193,-266.186703,321.146219,5.679572,-0.388228,0.758148,0.298302
6.760000,0.910850,-200.486884,352.156602,-97.844005,-0.252217,0.816438,0.079714
6.761000,1.183996,-123.362224,331.664361,-207.352201,-0.088681,0.775959,-0.138875
6.762000,1.336464,-36.678034,281.612516,-293.000334,0.095905,0.678808,-0.313746
6.763000,1.384800,62.208167,221.197969,-338.622398,0.296683,0.552512,-0.406039
6.764000,1.107113,173.115030,149.928481,-335.099057,0.518510,0.398691,-0.404420
6.765000,0.627973,272.856034,66.638225,-294.010703,0.717668,0.223820,-0.316984
6.766000,0.175757,337.415660,-28.854181,-236.549236,0.842345,0.029519,-0.197165
6.767000,-0.227473,353.400126,-138.517718,-166.393473,0.871490,-0.192308,-0.046582
6.768000,-0.384808,321.819795,-243.518185,-84.735157,0.798627,-0.396324,0.133146
6.769000,-0.582368,264.462247,-318.233656,6.456775,0.696619,-0.540430,0.330686
6.770000,-0.797771,197.545102,-346.627636,110.602014,0.555751,-0.597101,0.547655
6.771000,-1.099464,119.358501,-323.466852,219.980352,0.390595,-0.551764,0.767863
6.772000,-1.225657,31.664076,-271.186732,304.384551,0.207628,-0.448137,0.937876
6.773000,-1.229874,-68.154799,-209.087961,346.586650,0.000374,-0.320222,1.023692
6.774000,-0.965487,-178.984199,-136.237917,338.840531,-0.219834,-0.166401,1.007500
6.775000,-0.501593,-275.772251,-52.921598,295.343095,-0.407658,0.011708,0.923303
6.776000,-0.013044,-337.430679,42.208135,236.612488,-0.529096,0.206009,0.800246
6.777000,0.420356,-349.684653,151.897394,165.783418,-0.553384,0.429455,0.648044
6.778000,0.492373,-315.435710,255.394883,83.529441,-0.485378,0.631852,0.466696
6.779000,0.704531,-257.715153,327.001145,-7.843772,-0.368798,0.771101,0.275634
6.780000,0.935505,-191.056790,352.052975,-111.678246,-0.229549,0.821295,0.053807
6.781000,1.188862,-113.206749,326.923425,-219.062102,-0.067631,0.764624,-0.166401
6.782000,1.329003,-25.719459,274.306812,-301.161006,0.118574,0.664235,-0.328318
6.783000,1.366309,74.487978,212.674647,-340.798579,0.322590,0.534702,-0.409277
6.784000,1.087973,185.731621,140.032098,-331.290740,0.546036,0.379261,-0.389847
6.785000,0.594884,281.586610,56.897278,-287.844862,0.735479,0.206009,-0.302412
6.786000,0.128395,341.897528,-39.372341,-229.761637,0.848821,0.010089,-0.182593
6.787000,-0.282946,351.768001,-150.642116,-157.844216,0.873109,-0.216595,-0.028771
6.788000,-0.425034,315.369014,-253.492332,-74.216992,0.800246,-0.417373,0.154196
6.789000,-0.653737,256.586594,-322.922807,18.684778,0.682046,-0.550145,0.354973
6.790000,-0.838970,188.866339,-345.513639,123.633117,0.537940,-0.597101,0.573562
6.791000,-1.130283,110.161599,-318.855422,230.394867,0.372784,-0.542049,0.790531
6.792000,-1.245121,21.949033,-265.254055,310.938959,0.186579,-0.436803,0.950829
6.793000,-1.238633,-79.217006,-201.963575,348.296496,-0.020675,-0.304031,1.028550
6.794000,-0.965487,-190.460932,-127.688664,335.109959,-0.242502,-0.145352,1.001024
6.795000,-0.495753,-283.984735,-44.424167,289.255008,-0.425469,0.029519,0.908731
6.796000,-0.004610,-340.954020,51.741830,230.913002,-0.533953,0.230297,0.788912
6.797000,0.444037,-347.974796,162.855954,158.995847,-0.548526,0.450505,0.628614
6.798000,0.534869,-310.254329,264.436340,75.213367,-0.480521,0.646425,0.448885
6.799000,0.723022,-251.445688,331.405293,-18.543277,-0.355844,0.780816,0.249727
6.800000,0.966647,-183.310642,350.654010,-124.553938,-0.214976,0.818057,0.027900
6.801000,1.207028,-104.424337,322.389744,-229.813450,-0.046582,0.761386,-0.187450
6.802000,1.334518,-16.237573,268.892301,-307.974522,0.139623,0.654520,-0.342891
6.803000,1.364039,85.731516,206.482933,-343.156109,0.348497,0.528225,-0.412515
6.804000,1.080188,197.804170,131.819654,-328.259631,0.571943,0.364688,-0.384989
6.805000,0.573149,291.068481,47.622652,-281.653114,0.751671,0.184960,-0.292696
6.806000,0.108931,346.327583,-50.020036,-223.518082,0.861775,-0.015818,-0.171258
6.807000,-0.289110,350.343129,-162.611074,-150.408954,0.866632,-0.240883,-0.012579
6.808000,-0.436063,310.032223,-263.285132,-65.020075,0.790531,-0.436803,0.175245
6.809000,-0.675472,249.539957,-327.767400,30.342830,0.664235,-0.563099,0.379261
6.810000,-0.864922,179.513999,-343.933316,137.907743,0.518510,-0.590625,0.602707
6.811000,-1.119902,99.488011,-313.026368,242.208346,0.348497,-0.529096,0.811580
6.812000,-1.222737,10.731395,-258.051942,318.374197,0.160672,-0.420611,0.963783
6.813000,-1.212032,-91.859531,-194.269240,350.265409,-0.048201,-0.286220,1.031788
6.814000,-0.920070,-203.284825,-118.258579,331.638454,-0.268409,-0.129160,0.991309
6.815000,-0.443849,-293.803447,-33.595125,282.104745,-0.443280,0.052188,0.894158
6.816000,0.043077,-345.384104,63.918014,222.674654,-0.542049,0.254584,0.772720
6.817000,0.483938,-346.239032,175.472545,149.565786,-0.545288,0.476411,0.610803
6.818000,0.553685,-304.528904,274.280906,64.695217,-0.464329,0.667474,0.427836
6.819000,0.773629,-243.544091,336.016695,-30.823098,-0.342891,0.788912,0.225439
6.820000,1.000709,-172.585208,348.426029,-138.724973,-0.190688,0.808342,-0.001245
6.821000,1.224222,-92.636735,315.550361,-240.331639,-0.020675,0.743575,-0.208499
6.822000,1.325435,-4.061381,261.068462,-313.984924,0.167149,0.636710,-0.355844
6.823000,1.343277,98.503554,198.037330,-343.829689,0.374403,0.505556,-0.415754
6.824000,1.031527,209.876718,122.260058,-324.192246,0.594611,0.343639,-0.376894
6.825000,0.534221,299.488175,37.026779,-274.891416,0.764624,0.163911,-0.278124
6.826000,0.060595,349.514113,-61.729911,-215.279700,0.863394,-0.041724,-0.153447
6.827000,-0.347502,347.881988,-174.320967,-141.212028,0.861775,-0.265171,0.008470
6.828000,-0.488941,304.565898,-271.912124,-55.641812,0.779197,-0.452995,0.194675
6.829000,-0.720888,242.804202,-331.782971,41.042330,0.654520,-0.571194,0.400310
6.830000,-0.896713,170.394821,-341.653507,150.135735,0.499080,-0.587386,0.628614
6.831000,-1.164669,89.099396,-306.627363,252.052912,0.324209,-0.521000,0.829391
6.832000,-1.238957,-0.563964,-251.342061,323.063319,0.136385,-0.407658,0.971879
6.833000,-1.218195,-103.932107,-186.808067,349.799087,-0.069250,-0.271647,1.030169
6.834000,-0.917475,-214.010264,-109.812955,327.700628,-0.286220,-0.108111,0.989689
6.835000,-0.439307,-301.342355,-24.424119,276.534793,-0.457852,0.073237,0.882824
6.836000,0.053782,-348.052517,74.436164,215.990712,-0.546907,0.277253,0.758148
6.837000,0.493995,-343.337457,186.690171,141.871478,-0.535573,0.497461,0.596230
6.838000,0.577366,-299.399337,282.519253,56.715931,-0.454614,0.685285,0.410025
6.839000,0.794066,-238.259090,340.032242,-40.175452,-0.333176,0.795389,0.206009
6.840000,1.020822,-165.434920,346.871624,-150.020352,-0.177735,0.808342,-0.027152
6.841000,1.232007,-83.413910,310.135850,-250.875737,-0.001245,0.737098,-0.227930
6.842000,1.339384,7.182165,254.721308,-319.244026,0.189817,0.625375,-0.365559
6.843000,1.337438,111.327403,190.835252,-343.648340,0.398691,0.487746,-0.415754
6.844000,1.037367,221.508850,113.788546,-320.254395,0.612422,0.325828,-0.370417
6.845000,0.512810,307.907869,27.415364,-269.606412,0.782435,0.142861,-0.266790
6.846000,0.044699,352.830177,-73.595229,-208.388475,0.869871,-0.062774,-0.138875
6.847000,-0.344258,344.540017,-187.144856,-132.351892,0.853679,-0.289458,0.026281
6.848000,-0.473045,298.555532,-281.160883,-46.030389,0.761386,-0.474044,0.212486
6.849000,-0.735810,236.534767,-336.057613,51.741830,0.643186,-0.577671,0.422979
6.850000,-0.917475,162.078751,-340.280440,162.467352,0.484507,-0.585767,0.652901
6.851000,-1.133851,78.555341,-301.161006,262.389707,0.306398,-0.509666,0.853679
6.852000,-1.227279,-13.491453,-243.362743,328.685084,0.112097,-0.389847,0.986451
6.853000,-1.177645,-118.414020,-177.274347,349.073698,-0.100015,-0.252217,1.028550
6.854000,-0.884386,-226.600999,-99.709296,322.337930,-0.312127,-0.083823,0.976736
6.855000,-0.382213,-310.047074,-13.646893,269.928571,-0.474044,0.094286,0.871490
6.856000,0.110553,-351.290883,87.337736,207.778270,-0.553384,0.296683,0.737098
6.857000,0.546223,-339.321884,200.317125,131.327426,-0.532334,0.524987,0.571943
6.858000,0.622458,-292.015872,291.923404,45.291042,-0.438422,0.703096,0.387357
6.859000,0.820991,-230.616563,343.762814,-51.963046,-0.315365,0.801865,0.180102
6.860000,1.029905,-156.030737,344.980431,-162.170658,-0.159924,0.803484,-0.049820
6.861000,1.228763,-72.455329,304.539992,-260.124493,0.019804,0.725764,-0.245740
6.862000,1.324137,20.161465,246.560681,-323.855456,0.212486,0.607564,-0.375274
6.863000,1.306620,125.835192,180.420736,-341.575786,0.426217,0.466696,-0.409277
6.864000,0.989031,233.192796,103.037238,-314.218086,0.639948,0.301540,-0.357463
6.865000,0.471611,315.420827,16.715862,-262.766994,0.798627,0.116955,-0.253836
6.866000,-0.003961,355.032251,-85.564175,-200.538698,0.876347,-0.087061,-0.119445
6.867000,-0.417573,340.472656,-199.191542,-122.662739,0.845583,-0.313746,0.052188
6.868000,-0.550253,291.301642,-289.528810,-35.719482,0.753290,-0.486997,0.240012
6.869000,-0.776036,229.514037,-339.218257,62.337701,0.625375,-0.580910,0.445647
6.870000,-0.943752,154.021749,-338.078352,173.374098,0.465077,-0.580910,0.673951
6.871000,-1.168886,69.539784,-296.135068,270.757587,0.288587,-0.501570,0.868251
6.872000,-1.237984,-24.501840,-236.782398,332.700631,0.089429,-0.378513,0.994547
6.873000,-1.177645,-131.471060,-168.673275,346.923438,-0.125922,-0.232787,1.025311
6.874000,-0.868815,-237.041467,-89.994240,316.586631,-0.336414,-0.064393,0.965402
6.875000,-0.373778,-316.031569,-3.491431,263.970018,-0.486997,0.116955,0.858536
6.876000,0.121907,-352.871205,98.399926,201.223861,-0.556622,0.324209,0.724145
6.877000,0.560497,-335.902171,211.249776,123.399956,-0.524238,0.546036,0.555751
6.878000,0.636407,-285.824124,300.032217,36.301390,-0.428707,0.716049,0.367927
6.879000,0.851809,-224.450729,346.871624,-62.196234,-0.302412,0.806723,0.157434
6.880000,1.055209,-149.009985,342.726544,-173.310600,-0.142113,0.800246,-0.072489
6.881000,1.244659,-64.398312,299.928590,-268.803298,0.034377,0.711192,-0.270028
6.882000,1.328679,30.187389,241.172076,-328.466886,0.233535,0.596230,-0.384989
6.883000,1.305971,138.918107,172.855963,-340.280440,0.452124,0.452124,-0.407658
6.884000,0.975406,244.591768,92.985412,-308.570380,0.662616,0.280491,-0.346129
6.885000,0.451823,322.208396,5.394597,-256.419809,0.811580,0.097525,-0.240883
6.886000,-0.009800,356.768004,-98.180794,-193.284779,0.877966,-0.112968,-0.104872
6.887000,-0.406867,336.845711,-211.367764,-113.776699,0.840725,-0.339653,0.068379
6.888000,-0.553821,284.177285,-298.518503,-25.512205,0.735479,-0.506427,0.261061
6.889000,-0.803286,221.793825,-342.430715,74.462071,0.609184,-0.587386,0.473173
6.890000,-0.935966,145.187543,-335.150871,186.042502,0.445647,-0.572814,0.701476
6.891000,-1.138068,59.772930,-290.539179,279.980391,0.267538,-0.486997,0.890920
6.892000,-1.219817,-35.667669,-230.331588,337.441566,0.068379,-0.363940,1.002643
6.893000,-1.142610,-144.864892,-159.657695,345.731727,-0.151828,-0.211738,1.023692
6.894000,-0.837672,-248.932721,-78.543429,310.187663,-0.355844,-0.043344,0.950829
6.895000,-0.322523,-323.104155,9.539683,255.653951,-0.499951,0.146100,0.840725
6.896000,0.175109,-353.985203,112.415487,191.923336,-0.559860,0.353354,0.703096
6.897000,0.597803,-331.575716,223.944085,113.089063,-0.517762,0.570323,0.529844
6.898000,0.669820,-277.896615,308.892326,25.083753,-0.415754,0.730622,0.337162
6.899000,0.889440,-215.176073,349.436393,-75.123730,-0.281362,0.811580,0.126670
6.900000,1.076944,-138.750879,338.685091,-186.082675,-0.122683,0.792150,-0.096776
6.901000,1.241739,-53.880149,293.503715,-277.352571,0.061903,0.701476,-0.281362
6.902000,1.311810,41.586373,234.151346,-332.249296,0.256204,0.581658,-0.391466
6.903000,1.276450,151.431073,163.710877,-338.777839,0.476411,0.431074,-0.407658
6.904000,0.939398,255.135816,82.078662,-302.663607,0.678808,0.259442,-0.334795
6.905000,0.405109,327.726534,-7.429263,-248.259143,0.822915,0.069999,-0.223072
6.906000,-0.065597,356.560750,-111.626433,-183.699245,0.877966,-0.142113,-0.083823
6.907000,-0.461691,332.130682,-222.611342,-103.776666,0.831010,-0.360702,0.091048
6.908000,-0.613511,277.363809,-305.901969,-15.227208,0.725764,-0.516143,0.280491
6.909000,-0.845782,213.685010,-344.399641,86.068304,0.592992,-0.593863,0.497461
6.910000,-0.978138,136.094270,-331.187112,197.700543,0.429455,-0.566337,0.724145
6.911000,-1.165967,50.679652,-284.347431,288.037391,0.246489,-0.474044,0.905492
6.912000,-1.226954,-45.771320,-224.113940,340.628097,0.045711,-0.350987,1.010739
6.913000,-1.141961,-156.082551,-152.300153,343.788721,-0.174497,-0.200404,1.020454
6.914000,-0.830211,-258.026035,-69.735114,305.006313,-0.375274,-0.023914,0.942733
6.915000,-0.316035,-327.560144,20.705507,249.280890,-0.512904,0.165530,0.826153
6.916000,0.187760,-353.026647,125.109802,184.021775,-0.555003,0.377642,0.683666
6.917000,0.612726,-327.093820,234.358600,104.073509,-0.506427,0.589753,0.508795
6.918000,0.691880,-272.300728,315.628081,15.575964,-0.399562,0.746813,0.320971
6.919000,0.923178,-208.543917,351.457120,-86.134125,-0.268409,0.818057,0.105620
6.920000,1.089595,-130.667949,335.006332,-197.792572,-0.101634,0.782435,-0.122683
6.921000,1.254391,-45.201371,287.571069,-285.979565,0.078094,0.688523,-0.299173
6.922000,1.320569,51.690016,228.348233,-336.135333,0.277253,0.571943,-0.401181
6.923000,1.272557,163.037301,156.871492,-337.301145,0.499080,0.418121,-0.404420
6.924000,0.943939,265.084009,73.607147,-298.000365,0.701476,0.240012,-0.321842
6.925000,0.399594,333.141046,-18.931879,-242.196934,0.832630,0.048949,-0.210119
6.926000,-0.078249,355.472666,-125.901093,-175.020452,0.873109,-0.169639,-0.066012
6.927000,-0.461042,326.975239,-234.191711,-93.543474,0.822915,-0.381751,0.112097
6.928000,-0.637841,270.809401,-313.155903,-4.087288,0.709572,-0.532334,0.303160
6.929000,-0.863625,205.835264,-346.575822,98.581274,0.576800,-0.597101,0.521748
6.930000,-0.976192,126.534674,-326.782937,210.653920,0.408406,-0.556622,0.751671
6.931000,-1.150720,39.954246,-276.989874,297.441542,0.223820,-0.461091,0.924923
6.932000,-1.196460,-57.533009,-216.445509,344.358669,0.023043,-0.334795,1.018835
6.933000,-1.107574,-168.569648,-143.491830,341.664367,-0.197165,-0.179354,1.017215
6.934000,-0.780578,-268.155626,-60.071876,299.747243,-0.393085,-0.004483,0.933018
6.935000,-0.260887,-333.285573,32.778068,242.286067,-0.519381,0.188198,0.813200
6.936000,0.233501,-351.420417,140.161632,173.736792,-0.553384,0.408406,0.665855
6.937000,0.661386,-320.513464,246.612494,91.767794,-0.495093,0.618899,0.486126
6.938000,0.732105,-264.295500,322.467464,2.959359,-0.389847,0.763005,0.293445
6.939000,0.964052,-199.580144,352.674737,-99.320694,-0.250598,0.816438,0.079714
6.940000,1.118143,-120.434752,330.343116,-210.176049,-0.082204,0.774339,-0.146971
6.941000,1.247579,-33.906007,279.565883,-294.477027,0.105620,0.673951,-0.316984
6.942000,1.296563,63.840294,219.850818,-338.726025,0.296683,0.550893,-0.404420
6.943000,1.235900,175.291198,147.415525,-334.244128,0.523367,0.395453,-0.396324
6.944000,0.888467,273.970025,64.073455,-292.663544,0.717668,0.220582,-0.313746
6.945000,0.344770,337.881981,-30.019987,-235.590682,0.842345,0.024662,-0.198784
6.946000,-0.137939,353.400126,-139.320830,-165.771709,0.871490,-0.198784,-0.043344
6.947000,-0.519435,320.135856,-245.072597,-82.092662,0.806723,-0.404420,0.139623
6.948000,-0.689421,263.348256,-318.622260,7.855742,0.693381,-0.545288,0.330686
6.949000,-0.917800,197.648729,-346.860799,111.171963,0.558989,-0.597101,0.549274
6.950000,-1.009281,117.415493,-322.793273,221.431130,0.390595,-0.546907,0.774339
6.951000,-1.159479,30.161483,-270.461339,304.850873,0.204390,-0.446518,0.942733
6.952000,-1.203922,-68.647028,-208.932519,346.716184,0.001993,-0.320222,1.025311
6.953000,-1.105304,-180.150007,-135.331178,338.192862,-0.223072,-0.161543,1.009120
6.954000,-0.784795,-276.419923,-51.755792,294.384545,-0.407658,0.016566,0.921684
6.955000,-0.271268,-337.249331,42.467203,236.845648,-0.524238,0.210867,0.801865
6.956000,0.234798,-349.632840,152.001021,166.767874,-0.550145,0.431074,0.649663
6.957000,0.682796,-314.736224,256.508874,82.674517,-0.485378,0.633471,0.465077
6.958000,0.768763,-258.077849,327.389747,-8.076933,-0.368798,0.771101,0.278872
6.959000,0.988382,-192.222598,352.467483,-111.911408,-0.232787,0.814819,0.052188
6.960000,1.135336,-112.015035,326.327570,-221.108744,-0.062774,0.769482,-0.169639
6.961000,1.265745,-24.527746,274.047745,-302.119562,0.120193,0.664235,-0.331557
6.962000,1.302078,75.161554,213.244596,-341.679414,0.325828,0.536321,-0.412515
6.963000,1.225519,187.726441,139.280802,-331.083485,0.549274,0.380880,-0.393085
6.964000,0.890737,283.529616,55.239244,-286.808586,0.738717,0.202771,-0.302412
6.965000,0.348339,342.726544,-40.382706,-229.787544,0.847202,0.000374,-0.187450
6.966000,-0.122367,352.130695,-151.885644,-158.388260,0.869871,-0.219834,-0.028771
6.967000,-0.498673,314.125490,-255.746230,-72.170354,0.797008,-0.420611,0.162291
6.968000,-0.736135,255.861205,-323.933177,20.524160,0.680427,-0.551764,0.358212
6.969000,-0.932722,188.659085,-346.083591,125.498404,0.539559,-0.595482,0.560608
6.970000,-1.007010,107.441388,-317.560077,233.529584,0.364688,-0.537192,0.798627
6.971000,-1.160128,19.436075,-263.492387,313.063313,0.178483,-0.433565,0.955687
6.972000,-1.179267,-81.211831,-201.186369,349.384579,-0.023914,-0.302412,1.030169
6.973000,-1.061834,-193.517941,-125.408863,334.514103,-0.248979,-0.140494,1.002643
6.974000,-0.725754,-286.549517,-41.159910,287.130655,-0.427088,0.037615,0.905492
6.975000,-0.216444,-342.171646,53.995719,229.280876,-0.537192,0.233535,0.785674
6.976000,0.277619,-348.467028,164.850774,157.648695,-0.550145,0.453743,0.630233
6.977000,0.715236,-308.466753,267.156549,71.560512,-0.470806,0.654520,0.442409
6.978000,0.817423,-249.243604,332.389750,-21.652092,-0.352606,0.779197,0.243250
6.979000,1.021471,-181.548977,350.550383,-126.911459,-0.213357,0.814819,0.021423
6.980000,1.149934,-100.590128,320.161763,-232.689113,-0.036867,0.753290,-0.193927
6.981000,1.258284,-13.180571,266.612507,-309.218053,0.144481,0.648044,-0.346129
6.982000,1.282938,87.726338,204.954434,-343.389271,0.350116,0.520129,-0.414135
6.983000,1.191457,200.291218,129.125351,-327.119727,0.573562,0.359831,-0.381751
6.984000,0.854729,292.441539,44.539745,-279.606470,0.751671,0.178483,-0.286220
6.985000,0.298381,346.560743,-51.600351,-222.015484,0.856917,-0.017437,-0.166401
6.986000,-0.188221,350.317222,-163.595534,-149.579935,0.866632,-0.244121,-0.010960
6.987000,-0.556416,308.503725,-264.839545,-62.507115,0.785674,-0.438422,0.176864
6.988000,-0.778307,248.322340,-328.156003,32.052678,0.665855,-0.561479,0.382499
6.989000,-0.973597,179.021771,-343.700154,138.944014,0.520129,-0.585767,0.605945
6.990000,-1.030367,97.130495,-311.601488,244.021819,0.343639,-0.529096,0.819676
6.991000,-1.172130,8.814293,-257.119294,318.633265,0.157434,-0.418992,0.967021
6.992000,-1.190946,-92.818083,-194.010171,350.213595,-0.044963,-0.287839,1.031788
6.993000,-1.063456,-204.631981,-116.833704,330.887158,-0.270028,-0.122683,0.992928
6.994000,-0.718293,-294.632468,-31.937090,280.938941,-0.446518,0.055426,0.892539
6.995000,-0.209956,-345.461825,64.332522,222.726468,-0.545288,0.257823,0.771101
6.996000,0.292542,-346.213126,175.938867,150.446616,-0.545288,0.476411,0.612422
6.997000,0.726266,-303.622162,275.576243,63.555319,-0.462710,0.672331,0.426217
6.998000,0.836887,-243.544091,336.534830,-31.548488,-0.344510,0.787293,0.217343
6.999000,1.041908,-173.621482,348.814631,-139.424457,-0.195546,0.808342,-0.001245
7.000000,1.164207,-91.160047,314.669532,-243.285023,-0.019056,0.743575,-0.208499
7.001000,1.274179,-2.351533,260.498514,-315.202548,0.168768,0.633471,-0.355844
7.002000,1.281316,99.902519,198.244584,-344.347827,0.377642,0.507176,-0.418992
7.003000,1.176210,212.182419,120.912906,-323.751828,0.597849,0.340401,-0.376894
7.004000,0.828777,301.431181,34.824703,-273.699700,0.771101,0.157434,-0.274886
7.005000,0.271456,350.369036,-63.362040,-214.891097,0.866632,-0.043344,-0.153447
7.006000,-0.198926,347.907894,-176.212166,-141.134308,0.863394,-0.265171,0.010089
7.007000,-0.551875,302.985587,-274.295558,-53.154759,0.774339,-0.459471,0.201152
7.008000,-0.802961,241.923372,-332.871062,43.037152,0.651282,-0.569575,0.408406
7.009000,-0.982680,169.954406,-342.171646,152.182369,0.502318,-0.589005,0.631852
7.010000,-1.019013,85.912864,-305.228390,255.239443,0.320971,-0.514523,0.842345
7.011000,-1.163372,-4.061381,-249.114069,324.902698,0.131527,-0.402800,0.976736
7.012000,-1.155586,-106.730044,-185.201842,350.498570,-0.078965,-0.268409,1.031788
7.013000,-1.013498,-217.507690,-107.325901,326.431197,-0.294316,-0.101634,0.984832
7.014000,-0.675472,-303.881231,-21.004422,274.332719,-0.461091,0.081333,0.879586
7.015000,-0.163242,-349.114701,77.441350,214.073612,-0.553384,0.278872,0.751671
7.016000,0.332768,-342.974760,189.643541,139.876657,-0.537192,0.503937,0.591373
7.017000,0.768438,-297.015903,285.084021,52.544940,-0.448137,0.688523,0.401929
7.018000,0.878735,-236.005192,340.887165,-43.180640,-0.326699,0.795389,0.196294
7.019000,1.070131,-163.673255,347.001158,-152.274246,-0.172878,0.809961,-0.028771
7.020000,1.165829,-79.294727,308.141030,-253.414611,0.006851,0.732241,-0.236025
7.021000,1.263150,11.145904,251.845658,-320.176675,0.196294,0.617279,-0.367179
7.022000,1.256662,114.099427,188.529551,-343.233829,0.403548,0.484507,-0.412515
7.023000,1.146690,224.203153,110.964709,-318.596353,0.620518,0.317732,-0.365559
7.024000,0.795688,309.488181,24.332457,-267.222978,0.787293,0.138004,-0.263551
7.025000,0.241935,353.011525,-75.538239,-206.678623,0.871490,-0.067631,-0.135637
7.026000,-0.234935,344.099602,-188.673360,-131.108365,0.852060,-0.291077,0.027900
7.027000,-0.580422,296.508899,-282.948459,-43.025200,0.759767,-0.475663,0.223820
7.028000,-0.845134,235.187616,-336.627565,53.503490,0.636710,-0.579290,0.429455
7.029000,-1.029069,161.638336,-340.306347,163.607250,0.482888,-0.584148,0.656140
7.030000,-1.051129,76.120104,-299.554779,264.254993,0.301540,-0.503189,0.856917
7.031000,-1.178618,-15.978505,-241.860145,329.021872,0.108859,-0.388228,0.988070
7.032000,-1.164020,-119.994336,-176.600769,348.659190,-0.104872,-0.253836,1.025311
7.033000,-1.020959,-228.233132,-98.025353,321.301660,-0.313746,-0.083823,0.971879
7.034000,-0.667686,-310.668840,-11.393002,268.685047,-0.475663,0.099144,0.869871
7.035000,-0.153186,-351.342697,88.374007,207.493296,-0.555003,0.298302,0.740337
7.036000,0.358071,-339.425512,201.197955,131.716027,-0.530715,0.528225,0.573562
7.037000,0.772655,-290.953689,293.477809,43.710728,-0.436803,0.706334,0.382499
7.038000,0.903713,-230.305681,344.462296,-52.843877,-0.313746,0.801865,0.173626
7.039000,1.096083,-156.704315,345.317219,-163.077397,-0.161543,0.803484,-0.048201
7.040000,1.188213,-70.797293,303.374188,-262.404298,0.023043,0.724145,-0.250598
7.041000,1.268016,22.259914,245.757571,-325.073081,0.218963,0.607564,-0.378513
7.042000,1.246281,127.959546,180.368922,-341.808949,0.432694,0.465077,-0.409277
7.043000,1.127226,235.938912,101.094230,-313.285437,0.643186,0.296683,-0.355844
7.044000,0.769736,317.130673,13.788396,-261.290302,0.800246,0.113716,-0.250598
7.045000,0.219552,355.705827,-87.921695,-199.839213,0.876347,-0.095157,-0.121064
7.046000,-0.248235,340.446750,-201.523159,-122.222323,0.845583,-0.316984,0.048949
7.047000,-0.610591,289.280915,-292.197220,-32.636574,0.748433,-0.490236,0.243250
7.048000,-0.860381,228.011446,-340.280440,65.239260,0.620518,-0.585767,0.450505
7.049000,-1.025825,153.115012,-338.233794,176.016587,0.463458,-0.579290,0.682046
7.050000,-1.031989,66.223717,-294.425213,273.555517,0.280491,-0.495093,0.876347
7.051000,-1.158181,-27.895630,-234.709849,334.410476,0.084571,-0.375274,0.999405
7.052000,-1.120226,-134.787134,-166.756169,347.208412,-0.132398,-0.227930,1.025311
7.053000,-0.962567,-240.849777,-86.367286,314.617718,-0.339653,-0.059535,0.960544
7.054000,-0.620648,-318.570446,0.835002,260.628047,-0.491855,0.125050,0.852060
7.055000,-0.111013,-353.570692,101.897340,198.918160,-0.561479,0.330686,0.722526
7.056000,0.383699,-335.358126,214.436306,121.327415,-0.524238,0.552512,0.550893
7.057000,0.810610,-282.533949,302.907866,31.949051,-0.420611,0.724145,0.354973
7.058000,0.938100,-221.497347,347.441573,-65.926814,-0.295935,0.811580,0.147719
7.059000,1.109384,-146.911531,342.286129,-175.979005,-0.138875,0.797008,-0.078965
7.060000,1.174588,-60.279130,297.700609,-271.290359,0.044092,0.711192,-0.268409
7.061000,1.257959,34.099313,238.555494,-329.295908,0.241631,0.591373,-0.388228
7.062000,1.218707,141.793758,170.343007,-340.047278,0.458600,0.444028,-0.406039
7.063000,1.082134,247.415604,89.487998,-306.575549,0.664235,0.277253,-0.342891
7.064000,0.731457,323.555547,1.327231,-253.181449,0.811580,0.087809,-0.231168
7.065000,0.176406,356.690284,-100.771476,-190.979069,0.874728,-0.122683,-0.101634
7.066000,-0.301761,336.223949,-213.284872,-112.403637,0.840725,-0.339653,0.073237
7.067000,-0.668335,281.845677,-300.228358,-22.247949,0.730622,-0.508047,0.270776
7.068000,-0.911312,219.799005,-342.689784,76.949121,0.605945,-0.589005,0.476411
7.069000,-1.056968,144.384434,-334.814081,187.622814,0.445647,-0.574433,0.707953
7.070000,-1.052102,57.234066,-288.881137,281.819770,0.262680,-0.480521,0.895777
7.071000,-1.158506,-38.232442,-228.699455,337.856074,0.063522,-0.360702,1.007500
7.072000,-1.119253,-146.911531,-158.828676,345.291312,-0.153447,-0.211738,1.022073
7.073000,-0.959647,-250.849830,-76.678139,308.788699,-0.360702,-0.038486,0.952448
7.074000,-0.623892,-323.725921,12.311709,254.073639,-0.498332,0.152576,0.839106
7.075000,-0.108418,-353.648413,114.280775,191.327481,-0.559860,0.356592,0.703096
7.076000,0.394404,-331.497995,225.213516,112.881809,-0.517762,0.573562,0.529844
7.077000,0.851485,-276.627178,310.369011,23.451626,-0.407658,0.737098,0.335543
7.078000,0.974433,-214.450680,349.980435,-77.014927,-0.282981,0.813200,0.123431
7.079000,1.145068,-138.880414,338.944158,-188.051595,-0.119445,0.788912,-0.104872
7.080000,1.199892,-51.833512,292.104751,-280.020980,0.063522,0.698238,-0.287839
7.081000,1.263474,44.125237,233.011449,-333.570549,0.259442,0.578419,-0.396324
7.082000,1.214165,153.892215,163.425903,-338.881467,0.478030,0.426217,-0.409277
7.083000,1.082134,258.140999,80.083840,-301.420075,0.686904,0.251346,-0.333176
7.084000,0.724644,329.384567,-10.952587,-246.471568,0.826153,0.063522,-0.218214
7.085000,0.179650,356.612563,-115.046133,-182.455716,0.876347,-0.148590,-0.078965
7.086000,-0.276782,331.742081,-225.331563,-102.559046,0.829391,-0.362321,0.095905
7.087000,-0.669308,275.187642,-308.414939,-11.600257,0.719287,-0.525858,0.288587
7.088000,-0.938886,211.716097,-345.384104,89.487998,0.589753,-0.593863,0.502318
7.089000,-1.070268,134.617584,-330.617160,201.223861,0.426217,-0.563099,0.732241
7.090000,-1.049182,46.741822,-281.886276,291.249828,0.238393,-0.467567,0.915207
7.091000,-1.139690,-49.735061,-221.523254,342.104782,0.039234,-0.346129,1.017215
7.092000,-1.085515,-159.502254,-150.201699,343.970068,-0.179354,-0.195546,1.022073
7.093000,-0.911312,-261.652999,-66.367229,303.503722,-0.380132,-0.015818,0.939495
7.094000,-0.576205,-329.736325,25.575982,246.197986,-0.512904,0.175245,0.819676
7.095000,-0.058460,-352.767578,129.798926,180.602083,-0.556622,0.387357,0.677189
7.096000,0.432683,-325.772567,237.856012,101.016510,-0.504808,0.597849,0.502318
7.097000,0.856675,-269.036460,318.244663,10.705488,-0.391466,0.754909,0.311256
7.098000,1.018227,-205.435094,352.052975,-89.735172,-0.260313,0.818057,0.095905
7.099000,1.161288,-128.232707,334.021875,-201.134556,-0.096776,0.782435,-0.129160
7.100000,1.193404,-40.512240,284.177285,-288.855230,0.082952,0.683666,-0.304031
7.101000,1.245632,56.016448,224.928542,-336.783006,0.286968,0.562228,-0.401181
7.102000,1.184320,166.172019,154.177189,-336.731193,0.507176,0.411644,-0.401181
7.103000,1.037691,267.596964,70.291080,-296.368230,0.703096,0.235154,-0.321842
7.104000,0.671118,334.332756,-23.076966,-239.269458,0.831010,0.040853,-0.205261
7.105000,0.117365,354.695464,-129.398514,-172.248419,0.873109,-0.177735,-0.059535
7.106000,-0.343933,325.602181,-236.652864,-91.211860,0.818057,-0.389847,0.120193
7.107000,-0.733864,268.063285,-314.710317,-0.175362,0.703096,-0.537192,0.316113
7.108000,-0.991439,203.659096,-346.601729,101.586459,0.575181,-0.595482,0.529844
7.109000,-1.104979,125.291150,-326.497961,212.622834,0.405168,-0.555003,0.754909
7.110000,-1.063456,36.819525,-274.813696,299.436362,0.217343,-0.454614,0.929780
7.111000,-1.145205,-60.693639,-214.191612,344.824991,0.016566,-0.333176,1.023692
7.112000,-1.082920,-170.927170,-142.377836,341.094419,-0.203642,-0.176116,1.015596
7.113000,-0.904175,-270.305897,-58.025238,298.296464,-0.397943,0.001993,0.928161
7.114000,-0.563553,-333.881432,35.783254,240.524407,-0.521000,0.199533,0.811580
7.115000,-0.050999,-350.850465,142.622774,172.933683,-0.556622,0.408406,0.659378
7.116000,0.447930,-320.047140,248.400060,91.301472,-0.493474,0.618899,0.482888
7.117000,0.895928,-262.818808,323.866428,-0.045828,-0.378513,0.763005,0.285349
7.118000,1.046774,-198.336615,352.907898,-102.351791,-0.247360,0.816438,0.071618
7.119000,1.188862,-119.864802,330.394930,-212.559480,-0.078965,0.775959,-0.153447
7.120000,1.214814,-31.056259,278.166918,-297.171344,0.105620,0.673951,-0.321842
7.121000,1.254067,67.234081,218.140972,-340.099092,0.309636,0.549274,-0.407658
7.122000,1.175237,178.581356,146.327441,-334.036873,0.529844,0.395453,-0.394704
7.123000,1.033798,277.260182,61.715938,-291.031410,0.724145,0.215724,-0.312127
7.124000,0.672740,339.410480,-33.672845,-233.595853,0.845583,0.018185,-0.193927
7.125000,0.128395,353.141058,-142.973693,-164.372739,0.869871,-0.202023,-0.043344
7.126000,-0.321550,319.203213,-248.181422,-80.434626,0.805104,-0.410896,0.142861
7.127000,-0.753977,260.705768,-320.720720,12.518963,0.688523,-0.550145,0.343639
7.128000,-1.003766,194.954426,-347.016240,115.576113,0.552512,-0.593863,0.557370
7.129000,-1.099789,115.446579,-321.886531,225.187609,0.384118,-0.546907,0.779197
7.130000,-1.064429,25.938677,-267.585675,308.348284,0.194675,-0.440041,0.947591
7.131000,-1.124119,-73.439788,-205.927324,347.933801,-0.007722,-0.313746,1.026930
7.132000,-1.043667,-184.554171,-132.403706,337.467473,-0.232787,-0.158305,1.002643
7.133000,-0.864922,-280.280049,-47.792051,291.793870,-0.417373,0.024662,0.915207
7.134000,-0.543765,-339.373698,47.337677,233.374143,-0.529096,0.220582,0.793769
7.135000,-0.008827,-349.555119,156.327450,163.581343,-0.548526,0.439170,0.641567
7.136000,0.481992,-313.000461,259.954472,79.280730,-0.478902,0.643186,0.460220
7.137000,0.917663,-253.777307,329.332753,-13.957775,-0.363940,0.775959,0.257823
7.138000,1.082458,-188.155223,351.975255,-117.300027,-0.226310,0.814819,0.039234
7.139000,1.193404,-109.061658,325.084046,-224.580264,-0.056297,0.763005,-0.174497
7.140000,1.221626,-19.812710,270.679867,-305.021135,0.131527,0.656140,-0.334795
7.141000,1.234278,80.006120,209.488116,-342.145739,0.333924,0.531463,-0.412515
7.142000,1.147663,191.508828,135.887016,-329.814046,0.557370,0.374403,-0.388228
7.143000,0.997465,286.327545,51.275508,-284.114269,0.741956,0.193056,-0.297554
7.144000,0.703882,343.970068,-44.812769,-226.290117,0.852060,-0.002864,-0.177735
7.145000,0.062866,351.638467,-155.123998,-155.616228,0.868251,-0.227930,-0.023914
7.146000,-0.388376,312.881966,-258.051942,-69.994182,0.792150,-0.428707,0.162291
7.147000,-0.806854,252.493327,-325.202615,24.980126,0.673951,-0.556622,0.366307
7.148000,-1.053399,185.550274,-345.228662,129.513952,0.533082,-0.592244,0.586515
7.149000,-1.136122,105.602008,-316.601521,235.938912,0.359831,-0.540430,0.800246
7.150000,-1.083244,15.653684,-261.316209,314.643625,0.176864,-0.427088,0.960544
7.151000,-1.135473,-84.942412,-198.621591,349.410486,-0.033629,-0.295935,1.028550
7.152000,-1.044316,-196.315881,-123.569478,333.685087,-0.253836,-0.137256,1.001024
7.153000,-0.874979,-288.803417,-38.621044,285.239462,-0.433565,0.044092,0.902254
7.154000,-0.569717,-342.612063,57.415414,227.078802,-0.538811,0.240012,0.779197
7.155000,-0.003961,-347.715727,167.596891,156.612425,-0.548526,0.461839,0.628614
7.156000,0.500483,-307.870894,269.073649,71.068284,-0.470806,0.659378,0.442409
7.157000,0.947183,-247.456029,333.710994,-24.838628,-0.349368,0.784054,0.235154
7.158000,1.108411,-179.890938,350.161782,-130.590228,-0.208499,0.813200,0.010089
7.159000,1.220653,-99.579762,319.747255,-235.512961,-0.038486,0.751671,-0.198784
7.160000,1.232332,-9.449993,264.850848,-311.523768,0.149338,0.644805,-0.349368
7.161000,1.240442,91.897328,203.011427,-343.985130,0.359831,0.513652,-0.415754
7.162000,1.140526,203.866350,127.545038,-326.705216,0.580038,0.354973,-0.381751
7.163000,0.984814,295.861230,41.482746,-277.715267,0.759767,0.170387,-0.286220
7.164000,0.713614,347.752454,-56.134041,-219.372984,0.861775,-0.027152,-0.163163
7.165000,0.073247,349.773181,-167.637001,-147.611016,0.865013,-0.250598,-0.007722
7.166000,-0.371832,307.519268,-268.000185,-60.641825,0.784054,-0.446518,0.183341
7.167000,-0.840916,245.628038,-330.021301,36.612271,0.660997,-0.566337,0.393833
7.168000,-1.077081,176.016587,-343.182016,143.736765,0.515271,-0.587386,0.615660
7.169000,-1.122497,94.254844,-310.280236,247.907832,0.337162,-0.522619,0.827772
7.170000,-1.070268,3.477495,-253.621866,321.638448,0.146100,-0.409277,0.976736
7.171000,-1.106926,-98.310328,-190.357305,350.705824,-0.057916,-0.279743,1.033407
7.172000,-1.003766,-209.398843,-113.932140,329.747261,-0.278124,-0.116206,0.991309
7.173000,-0.817884,-298.544410,-27.429308,278.141012,-0.451376,0.066760,0.889301
7.174000,-0.527220,-346.834892,70.135640,218.192786,-0.548526,0.267538,0.763005
7.175000,0.042428,-345.280476,180.861151,146.301534,-0.542049,0.489365,0.607564
7.176000,0.534869,-301.834586,278.892307,60.161532,-0.459471,0.677189,0.418121
7.177000,0.994870,-239.658061,338.322396,-36.988916,-0.334795,0.790531,0.209248
7.178000,1.139553,-169.165505,348.037428,-144.450382,-0.185831,0.809961,-0.012579
7.179000,1.220978,-87.274025,312.622898,-246.601103,-0.012579,0.737098,-0.223072
7.180000,1.224222,3.632935,256.327526,-317.171473,0.178483,0.623756,-0.362321
7.181000,1.218707,105.498381,193.762716,-343.829689,0.387357,0.494222,-0.414135
7.182000,1.102571,216.223872,117.674561,-322.016065,0.599469,0.327447,-0.375274
7.183000,0.947832,304.332738,30.705525,-271.031290,0.774339,0.149338,-0.270028
7.184000,0.661386,352.078882,-68.077079,-210.642372,0.868251,-0.053059,-0.145352
7.185000,0.011610,346.638464,-180.098193,-137.610979,0.861775,-0.276505,0.014947
7.186000,-0.444173,301.560715,-276.704898,-50.693613,0.772720,-0.462710,0.202771
7.187000,-0.880169,238.840468,-334.062780,47.208144,0.646425,-0.571194,0.413263
7.188000,-1.116333,166.975128,-341.264903,155.809315,0.494222,-0.587386,0.639948
7.189000,-1.153639,83.710788,-303.855324,257.778305,0.317732,-0.514523,0.847202
7.190000,-1.086488,-8.620976,-246.186593,326.223943,0.123431,-0.396324,0.984832
7.191000,-1.114062,-111.315551,-182.118927,349.669554,-0.083823,-0.258694,1.028550
7.192000,-1.006686,-220.409259,-104.968380,325.187673,-0.299173,-0.103253,0.979974
7.193000,-0.825670,-305.850156,-17.921514,272.571060,-0.464329,0.086190,0.876347
7.194000,-0.529815,-349.425584,81.275552,211.353403,-0.551764,0.290206,0.748433
7.195000,0.040806,-341.886670,192.752352,138.089091,-0.538811,0.510414,0.586515
7.196000,0.550441,-296.186882,287.363815,51.508669,-0.444899,0.693381,0.395453
7.197000,1.017254,-234.010363,342.104782,-46.548525,-0.323461,0.801865,0.191437
7.198000,1.181725,-161.911590,346.483023,-156.030737,-0.169639,0.806723,-0.030390
7.199000,1.245957,-78.180734,307.337921,-256.342088,0.003612,0.729002,-0.244121
7.200000,1.232007,15.265082,249.669491,-322.223321,0.202771,0.612422,-0.373655
7.201000,1.208650,119.280780,185.731621,-342.922946,0.416502,0.479650,-0.410896
7.202000,1.088946,228.140979,108.477659,-317.378728,0.628614,0.312875,-0.360702
7.203000,0.944264,312.493364,20.575973,-265.409496,0.790531,0.128289,-0.257075
7.204000,0.669496,354.021888,-81.548619,-203.880682,0.873109,-0.077346,-0.129160
7.205000,0.033021,342.881984,-193.336593,-128.414055,0.853679,-0.302412,0.037615
7.206000,-0.426331,294.695426,-286.135007,-40.486333,0.756528,-0.482140,0.230297
7.207000,-0.903526,232.001086,-338.104259,58.477591,0.630233,-0.582529,0.437551
7.208000,-1.113089,158.477711,-339.710488,168.451814,0.476411,-0.582529,0.665855
7.209000,-1.139366,73.322173,-298.466689,267.726497,0.295064,-0.499951,0.866632
7.210000,-1.085515,-21.444838,-238.414531,331.664361,0.097525,-0.383370,0.992928
7.211000,-1.076108,-126.626484,-171.911630,348.037428,-0.117826,-0.240883,1.026930
7.212000,-0.953159,-233.284971,-93.802542,318.970052,-0.325080,-0.072489,0.970259
7.213000,-0.777334,-314.347620,-6.470712,265.291263,-0.482140,0.110478,0.861775
7.214000,-0.486994,-352.327160,94.695259,203.296402,-0.558241,0.316113,0.729002
7.215000,0.086871,-337.689749,206.560653,127.389597,-0.529096,0.539559,0.562228
7.216000,0.579637,-287.922582,297.104754,39.617457,-0.430326,0.714430,0.372784
7.217000,1.056182,-225.720166,345.524473,-59.113324,-0.305650,0.803484,0.165530
7.218000,1.194701,-152.377874,344.021882,-168.284672,-0.148590,0.801865,-0.062774
7.219000,1.247579,-67.248061,301.897503,-265.435403,0.029519,0.717668,-0.260313
7.220000,1.219356,27.881686,241.871559,-326.782937,0.228678,0.596230,-0.381751
7.221000,1.172642,133.995822,175.058037,-340.772672,0.442409,0.455362,-0.409277
7.222000,1.043530,240.083993,96.741893,-310.720653,0.651282,0.286968,-0.352606
7.223000,0.891386,319.617721,8.917920,-257.741060,0.805104,0.102382,-0.240883
7.224000,0.621809,355.783547,-93.258499,-195.745930,0.877966,-0.103253,-0.109730
7.225000,-0.025371,338.659184,-205.435094,-118.595368,0.845583,-0.325080,0.057045
7.226000,-0.487319,287.052934,-294.632468,-29.709106,0.743575,-0.498332,0.252965
7.227000,-0.947645,224.254966,-340.902207,70.032013,0.614041,-0.587386,0.463458
7.228000,-1.150071,149.928481,-337.042076,179.954414,0.458600,-0.577671,0.688523
7.229000,-1.172779,64.228895,-293.233496,276.120285,0.280491,-0.490236,0.882824
7.230000,-1.086164,-32.170251,-232.067348,335.472653,0.076475,-0.365559,1.001024
7.231000,-1.076108,-139.528084,-163.362373,345.964888,-0.143732,-0.224691,1.025311
7.232000,-0.950889,-243.932695,-83.595257,312.778339,-0.347748,-0.056297,0.954068
7.233000,-0.774739,-320.047140,4.669207,258.685041,-0.490236,0.134766,0.847202
7.234000,-0.489914,-353.156181,106.612372,196.249764,-0.556622,0.343639,0.714430
7.235000,0.075842,-334.088687,217.622837,119.073526,-0.521000,0.560608,0.544417
7.236000,0.590342,-281.549487,305.109940,30.368737,-0.418992,0.725764,0.353354
7.237000,1.080512,-218.854847,348.374216,-70.175530,-0.289458,0.811580,0.139623
7.238000,1.219356,-144.554010,341.223952,-180.150007,-0.130779,0.798627,-0.085442
7.239000,1.277423,-59.035603,296.742059,-274.373279,0.045711,0.707953,-0.276505
7.240000,1.232981,38.063051,236.431140,-331.187112,0.248108,0.583277,-0.391466
7.241000,1.175886,146.741949,167.726424,-339.503233,0.469935,0.439170,-0.407658
7.242000,1.028608,251.431150,86.690067,-304.969321,0.673951,0.274015,-0.339653
7.243000,0.890089,326.042596,-3.284177,-250.823923,0.818057,0.078094,-0.229549
7.244000,0.618889,356.690284,-106.911392,-187.403924,0.874728,-0.130779,-0.093538
7.245000,-0.001690,334.773171,-217.844479,-109.087564,0.835868,-0.352606,0.081333
7.246000,-0.496727,280.135832,-303.440814,-19.320481,0.727383,-0.516143,0.272395
7.247000,-0.977489,215.990712,-343.855596,82.544984,0.599469,-0.592244,0.487746
7.248000,-1.155910,140.368886,-333.181945,193.400021,0.437551,-0.569575,0.717668
7.249000,-1.154937,53.917999,-286.886306,285.628063,0.252965,-0.482140,0.900635
7.250000,-1.077405,-43.569242,-225.331563,339.954521,0.053807,-0.352606,1.012358
7.251000,-1.046263,-152.585128,-154.554048,344.928618,-0.166401,-0.205261,1.022073
7.252000,-0.898984,-255.435347,-72.584863,306.923413,-0.367179,-0.028771,0.947591
7.253000,-0.729647,-326.575682,18.347990,250.239440,-0.508047,0.162291,0.831010
7.254000,-0.433468,-353.259809,121.612389,185.420740,-0.550145,0.369546,0.688523
7.255000,0.120285,-329.114559,230.498494,107.959524,-0.508047,0.584896,0.520129
7.256000,0.628946,-273.855141,313.710982,18.684778,-0.399562,0.745194,0.325828
7.257000,1.119765,-209.476563,350.602197,-83.232562,-0.271647,0.816438,0.113716
7.258000,1.243037,-133.802675,336.405296,-193.517941,-0.109730,0.784054,-0.112968
7.259000,1.264772,-47.766144,289.436355,-283.233435,0.069999,0.690142,-0.292696
7.260000,1.215463,49.721101,228.969995,-334.762267,0.272395,0.568704,-0.396324
7.261000,1.149609,159.254914,158.451805,-337.871097,0.494222,0.421359,-0.406039
7.262000,0.992599,261.560690,76.353265,-299.632499,0.691761,0.248108,-0.331557
7.263000,0.828128,331.198039,-16.237573,-242.922327,0.827772,0.050568,-0.213357
7.264000,0.566661,355.369039,-121.393305,-176.963465,0.868251,-0.161543,-0.067631
7.265000,-0.068192,329.255033,-229.321220,-98.180794,0.822915,-0.372036,0.102382
7.266000,-0.553821,273.218729,-310.435678,-8.439628,0.709572,-0.532334,0.288587
7.267000,-1.011227,207.881897,-345.513639,94.539818,0.580038,-0.593863,0.512033
7.268000,-1.187377,130.861104,-328.907304,205.161688,0.418121,-0.559860,0.738717
7.269000,-1.169860,44.228864,-279.917353,293.944130,0.235154,-0.461091,0.920065
7.270000,-1.081298,-54.191031,-218.440337,342.959705,0.031138,-0.338033,1.015596
7.271000,-1.047885,-164.113671,-146.833811,342.467476,-0.190688,-0.187450,1.017215
7.272000,-0.906446,-264.425035,-63.957896,301.845689,-0.384989,-0.012579,0.934638
7.273000,-0.726727,-330.876229,29.280652,244.254980,-0.511285,0.181722,0.818057
7.274000,-0.422114,-351.549952,134.876652,177.286018,-0.563099,0.400310,0.672331
7.275000,0.144939,-323.959084,241.249796,98.296299,-0.501570,0.605945,0.497461
7.276000,0.651654,-268.000185,319.980416,8.581132,-0.389847,0.758148,0.301540
7.277000,1.151880,-202.559433,352.286136,-95.046069,-0.255455,0.818057,0.086190
7.278000,1.262825,-125.408863,332.830165,-205.331466,-0.091919,0.777578,-0.135637
7.279000,1.281641,-38.517417,283.141015,-291.938151,0.092667,0.677189,-0.312127
7.280000,1.224870,60.524227,222.363773,-338.363328,0.295064,0.555751,-0.406039
7.281000,1.145068,171.379277,151.146098,-335.720823,0.515271,0.406787,-0.399562
7.282000,0.984165,271.457070,67.752217,-294.762003,0.712811,0.228678,-0.318603
7.283000,0.841753,336.457110,-27.351587,-237.196908,0.837487,0.031138,-0.202023
7.284000,0.564390,353.814634,-135.693873,-168.388300,0.873109,-0.189069,-0.049820
7.285000,-0.059758,323.270573,-241.212473,-87.274025,0.813200,-0.394704,0.126670
7.286000,-0.577827,266.172092,-317.249194,3.866096,0.699857,-0.542049,0.325828
7.287000,-1.038153,199.565829,-346.834892,108.037244,0.563847,-0.597101,0.542797
7.288000,-1.185106,121.171974,-324.529036,218.192786,0.397072,-0.550145,0.766243
7.289000,-1.172779,33.192576,-272.430262,303.426001,0.212486,-0.446518,0.941114
7.290000,-1.061185,-66.755831,-210.124235,346.379396,0.005232,-0.320222,1.026930
7.291000,-1.006686,-177.326161,-137.300097,339.462293,-0.218214,-0.168020,1.010739
7.292000,-0.854866,-274.554627,-53.931963,296.016670,-0.404420,0.008470,0.924923
7.293000,-0.685853,-336.627565,41.016424,237.130623,-0.525858,0.206009,0.801865
7.294000,-0.377347,-349.943723,149.513972,167.415543,-0.553384,0.424598,0.651282
7.295000,0.191004,-316.679242,253.477784,85.653796,-0.486997,0.630233,0.473173
7.296000,0.713290,-259.373193,326.198036,-4.942212,-0.372036,0.769482,0.278872
7.297000,1.205731,-193.103431,352.389763,-109.320726,-0.236025,0.816438,0.057045
7.298000,1.266069,-114.916599,327.881975,-217.637224,-0.070870,0.767863,-0.166401
7.299000,1.273855,-27.066612,275.291269,-300.280172,0.110478,0.659378,-0.331557
7.300000,1.197296,73.373986,213.400036,-340.720858,0.320971,0.536321,-0.409277
7.301000,1.101923,184.384470,140.835207,-331.808878,0.542797,0.379261,-0.391466
7.302000,0.946210,280.602153,57.674481,-288.492534,0.730622,0.209248,-0.307269
7.303000,0.776224,341.223952,-38.361976,-230.253867,0.850441,0.008470,-0.184212
7.304000,0.507620,352.078882,-148.673196,-159.346813,0.868251,-0.206880,-0.032009
7.305000,-0.124314,316.405284,-251.834291,-76.082282,0.800246,-0.415754,0.149338
7.306000,-0.630380,258.011465,-322.249227,16.586328,0.685285,-0.551764,0.351735
7.307000,-1.076432,190.550278,-345.876336,121.612389,0.546036,-0.595482,0.570323
7.308000,-1.221115,111.586471,-319.839885,229.151343,0.374403,-0.540430,0.790531
7.309000,-1.178294,23.037118,-266.160796,310.446731,0.188198,-0.433565,0.954068
7.310000,-1.069295,-78.310268,-202.533526,348.426029,-0.017437,-0.307269,1.028550
7.311000,-1.016418,-189.450565,-128.465868,335.602187,-0.239264,-0.150209,1.002643
7.312000,-0.863625,-283.155714,-45.045930,289.747236,-0.420611,0.027900,0.910350
7.313000,-0.679040,-340.358161,50.938719,231.275696,-0.533953,0.227058,0.788912
7.314000,-0.342960,-348.182052,161.146108,160.317091,-0.548526,0.444028,0.635090
7.315000,0.203656,-311.109257,263.141002,76.845494,-0.478902,0.646425,0.455362
7.316000,0.738918,-252.637405,330.861251,-16.729802,-0.362321,0.772720,0.249727
7.317000,1.211894,-184.839146,351.146239,-122.895901,-0.218214,0.813200,0.029519
7.318000,1.288777,-105.616051,323.141039,-228.880803,-0.049820,0.759767,-0.187450
7.319000,1.291697,-17.066590,269.695411,-307.611825,0.138004,0.651282,-0.344510
7.320000,1.211894,85.135661,206.897441,-343.207923,0.346877,0.524987,-0.412515
7.321000,1.103220,197.078780,132.260069,-328.544607,0.568704,0.364688,-0.386609
7.322000,0.934207,290.472625,48.037160,-281.886276,0.748433,0.184960,-0.292696
7.323000,0.790822,345.757634,-49.398273,-223.777151,0.856917,-0.012579,-0.171258
7.324000,0.521569,350.498570,-161.108478,-151.574762,0.866632,-0.239264,-0.023914
7.325000,-0.119123,310.731705,-262.197043,-66.444950,0.790531,-0.436803,0.170387
7.326000,-0.670606,250.550321,-327.430610,29.021584,0.669093,-0.561479,0.376022
7.327000,-1.104979,180.783431,-344.347827,136.456965,0.523367,-0.592244,0.599469
7.328000,-1.219493,100.524281,-313.803575,241.560677,0.351735,-0.532334,0.814819
7.329000,-1.185755,11.508599,-258.621894,318.141036,0.162291,-0.422230,0.967021
7.330000,-1.045938,-91.393208,-194.502401,350.446756,-0.046582,-0.291077,1.031788
7.331000,-0.969704,-202.792594,-118.517648,331.845708,-0.266790,-0.127541,0.996166
7.332000,-0.810747,-293.388937,-33.776473,282.182465,-0.438422,0.055426,0.895777
7.333000,-0.637841,-344.969593,63.477599,222.700561,-0.545288,0.251346,0.771101
7.334000,-0.334850,-346.420381,174.177207,150.602056,-0.545288,0.476411,0.610803
7.335000,0.237069,-305.124762,273.451890,65.886929,-0.464329,0.665855,0.431074
7.336000,0.775899,-244.399018,335.809441,-29.760919,-0.346129,0.787293,0.225439
7.337000,1.245308,-173.673296,348.840538,-137.740513,-0.195546,0.809961,0.001993
7.338000,1.305971,-93.413940,316.120310,-240.616615,-0.023914,0.745194,-0.208499
7.339000,1.295590,-4.449983,261.508877,-313.984924,0.163911,0.639948,-0.355844
7.340000,1.186591,98.348113,198.140957,-343.985130,0.374403,0.505556,-0.417373
7.341000,1.060724,209.669464,122.208245,-324.269966,0.591373,0.343639,-0.378513
7.342000,0.891062,299.332735,36.949059,-274.891416,0.763005,0.163911,-0.278124
7.343000,0.731132,349.280952,-61.548563,-215.150166,0.863394,-0.040105,-0.151828
7.344000,0.457662,348.011521,-173.336507,-141.989233,0.858536,-0.261932,0.014947
7.345000,-0.174596,305.032220,-271.212638,-56.600364,0.777578,-0.452995,0.191437
7.346000,-0.706614,243.451870,-331.549809,40.057873,0.654520,-0.572814,0.397072
7.347000,-1.137095,171.223837,-341.938483,149.436252,0.503937,-0.587386,0.625375
7.348000,-1.245121,89.643439,-307.197315,252.027006,0.330686,-0.517762,0.835868
7.349000,-1.193216,-0.408524,-251.627036,323.322387,0.136385,-0.412515,0.973498
7.350000,-1.050480,-104.061641,-186.885787,350.187689,-0.070870,-0.271647,1.031788
7.351000,-0.971650,-214.087984,-109.683421,327.674721,-0.287839,-0.108111,0.988070
7.352000,-0.814315,-301.186913,-24.165051,276.301632,-0.454614,0.073237,0.886062
7.353000,-0.637841,-347.793448,74.513884,215.705737,-0.546907,0.277253,0.756528
7.354000,-0.323172,-343.466992,186.042502,142.570960,-0.537192,0.495841,0.596230
7.355000,0.264319,-299.917475,282.052931,57.441320,-0.456233,0.683666,0.411644
7.356000,0.799256,-238.803134,339.876801,-39.605502,-0.331557,0.795389,0.206009
7.357000,1.270287,-166.056684,347.052972,-149.735376,-0.179354,0.805104,-0.020675
7.358000,1.338411,-83.439817,310.265384,-250.720296,-0.004483,0.733860,-0.231168
7.359000,1.313756,7.259886,254.850842,-319.425374,0.188198,0.622137,-0.367179
7.360000,1.187240,111.741912,190.524371,-343.829689,0.398691,0.489365,-0.414135
7.361000,1.057804,221.845638,113.374038,-320.176675,0.618899,0.322590,-0.370417
7.362000,0.882303,308.011496,26.923135,-269.191901,0.782435,0.141242,-0.268409
7.363000,0.739567,352.545203,-73.880204,-207.896245,0.868251,-0.066012,-0.140494
7.364000,0.481668,344.565923,-186.652626,-132.818215,0.853679,-0.287839,0.026281
7.365000,-0.166486,298.866413,-280.901815,-46.626245,0.764624,-0.470806,0.215724
7.366000,-0.729971,236.923369,-336.083520,51.301414,0.636710,-0.582529,0.418121
7.367000,-1.147151,162.545073,-340.487696,162.260098,0.486126,-0.584148,0.652901
7.368000,-1.232469,78.633061,-301.342355,262.622867,0.309636,-0.506427,0.856917
7.369000,-1.190621,-13.828241,-243.285023,329.021872,0.115335,-0.389847,0.991309
7.370000,-1.017715,-119.061691,-176.782117,349.099605,-0.100015,-0.250598,1.026930
7.371000,-0.924612,-227.093230,-99.087532,322.104769,-0.312127,-0.085442,0.973498
7.372000,-0.770846,-310.176608,-12.973317,269.462250,-0.475663,0.099144,0.869871
7.373000,-0.595020,-351.109534,87.855871,207.156508,-0.553384,0.298302,0.740337
7.374000,-0.289758,-339.270071,200.161684,131.508773,-0.529096,0.526606,0.571943
7.375000,0.303571,-292.145406,291.923404,45.601923,-0.435184,0.701476,0.384118
7.376000,0.831696,-230.720191,343.788721,-51.729885,-0.315365,0.803484,0.178483
7.377000,1.285209,-156.315713,345.213592,-162.274285,-0.158305,0.800246,-0.049820
7.378000,1.329003,-72.351702,304.514085,-260.564910,0.019804,0.724145,-0.248979
7.379000,1.295590,20.705507,246.301613,-324.140432,0.212486,0.605945,-0.376894
7.380000,1.159017,126.897369,179.721253,-341.575786,0.429455,0.466696,-0.410896
7.381000,1.015956,233.969999,102.182315,-313.881296,0.639948,0.299921,-0.359083
7.382000,0.841104,315.757615,15.731405,-262.041602,0.798627,0.116955,-0.252217
7.383000,0.685392,354.799091,-86.367286,-199.683772,0.869871,-0.091919,-0.124302
7.384000,0.412570,340.239496,-199.191542,-122.714553,0.847202,-0.313746,0.048949
7.385000,-0.227473,291.198015,-289.580623,-35.823110,0.750052,-0.488617,0.238393
7.386000,-0.768575,229.565851,-339.321884,62.311794,0.626994,-0.582529,0.447266
7.387000,-1.181862,154.099469,-338.233794,173.788606,0.466696,-0.580910,0.677189
7.388000,-1.256799,69.254809,-296.031441,271.301629,0.288587,-0.495093,0.874728
7.389000,-1.203597,-25.304950,-236.445609,332.881978,0.092667,-0.376894,0.999405
7.390000,-1.022906,-132.662774,-167.766536,346.742091,-0.125922,-0.227930,1.025311
7.391000,-0.919097,-237.974114,-88.906154,316.042589,-0.334795,-0.061155,0.960544
7.392000,-0.767277,-316.446080,-2.351533,263.115096,-0.486997,0.121812,0.856917
7.393000,-0.585288,-352.689857,99.488011,200.291218,-0.556622,0.325828,0.727383
7.394000,-0.264455,-335.669009,211.586563,123.166795,-0.525858,0.546036,0.554132
7.395000,0.302923,-285.539148,300.213564,36.197763,-0.427088,0.719287,0.364688
7.396000,0.860568,-224.295288,346.975251,-62.558929,-0.300792,0.808342,0.154196
7.397000,1.309864,-148.854544,342.752451,-173.854644,-0.143732,0.797008,-0.074108
7.398000,1.349765,-63.854269,299.721336,-269.450970,0.034377,0.712811,-0.266790
7.399000,1.316352,31.275474,240.757568,-328.959118,0.231916,0.597849,-0.388228
7.400000,1.159017,140.342979,171.793786,-340.202720,0.453743,0.450505,-0.409277
7.401000,0.996817,245.835292,91.664167,-307.922708,0.662616,0.278872,-0.342891
7.402000,0.834292,322.674718,3.892003,-255.305813,0.811580,0.092667,-0.239264
7.403000,0.699341,356.508936,-99.579762,-192.118971,0.877966,-0.117826,-0.103253
7.404000,0.429763,336.431203,-211.834088,-113.465817,0.840725,-0.336414,0.063522
7.405000,-0.257643,283.866404,-298.855292,-25.149510,0.738717,-0.508047,0.257823
7.406000,-0.794203,221.482944,-342.560249,74.954299,0.607564,-0.590625,0.473173
7.407000,-1.193541,144.902569,-335.021336,186.949239,0.448885,-0.574433,0.701476
7.408000,-1.234415,59.073447,-290.228296,280.757594,0.267538,-0.483759,0.894158
7.409000,-1.178943,-36.833475,-229.735730,338.037422,0.063522,-0.362321,1.005881
7.410000,-0.985924,-146.522929,-158.465980,345.628100,-0.153447,-0.210119,1.023692
7.411000,-0.879196,-250.202158,-77.066741,309.436368,-0.357463,-0.036867,0.952448
7.412000,-0.726403,-323.596387,11.275437,254.488147,-0.501570,0.144481,0.839106
7.413000,-0.520732,-353.648413,114.099427,190.576185,-0.558241,0.354973,0.701476
7.414000,-0.218715,-331.109392,224.695381,112.363674,-0.514523,0.571943,0.529844
7.415000,0.356773,-277.482105,309.462274,24.539711,-0.410896,0.737098,0.337162
7.416000,0.898199,-214.709749,349.565927,-75.900935,-0.284601,0.813200,0.123431
7.417000,1.329003,-138.232743,338.400116,-187.274390,-0.119445,0.792150,-0.103253
7.418000,1.345223,-52.895691,292.907860,-278.492474,0.061903,0.699857,-0.286220
7.419000,1.290399,43.088966,233.400050,-332.922876,0.257823,0.580038,-0.393085
7.420000,1.132092,153.348173,162.363725,-338.622398,0.479650,0.427836,-0.407658
7.421000,0.981894,256.664314,80.498349,-301.782772,0.683666,0.254584,-0.333176
7.422000,0.782063,328.374203,-9.424086,-246.886078,0.821295,0.066760,-0.216595
7.423000,0.630243,356.016708,-113.698979,-182.041207,0.874728,-0.146971,-0.082204
7.424000,0.366830,331.405293,-223.569896,-102.844021,0.829391,-0.363940,0.094286
7.425000,-0.312142,276.742047,-306.497828,-14.475911,0.722526,-0.521000,0.282110
7.426000,-0.838970,213.063248,-344.658710,87.078668,0.591373,-0.595482,0.497461
7.427000,-1.209437,135.291160,-330.720788,199.151321,0.427836,-0.566337,0.729002
7.428000,-1.255826,49.487940,-283.596131,289.332728,0.243250,-0.470806,0.911969
7.429000,-1.192892,-47.455263,-223.207200,341.249859,0.045711,-0.346129,1.015596
7.430000,-0.990141,-158.232819,-150.745743,343.451933,-0.177735,-0.197165,1.020454
7.431000,-0.874654,-259.684076,-67.999358,304.047763,-0.373655,-0.022294,0.939495
7.432000,-0.715373,-328.259631,22.881677,247.856018,-0.508047,0.168768,0.821295
7.433000,-0.525598,-352.456694,127.467318,182.156489,-0.558241,0.380880,0.680427
7.434000,-0.206387,-326.264799,235.628031,102.907704,-0.503189,0.594611,0.508795
7.435000,0.388565,-271.523521,316.275750,14.513786,-0.397943,0.753290,0.317732
7.436000,0.927070,-207.714897,351.664374,-87.610813,-0.261932,0.819676,0.105620
7.437000,1.345223,-129.735303,334.591824,-199.372890,-0.100015,0.782435,-0.127541
7.438000,1.349116,-43.750590,286.586613,-287.456258,0.079714,0.685285,-0.304031
7.439000,1.292670,53.633024,227.156523,-336.860727,0.280491,0.565466,-0.402800
7.440000,1.124631,165.368909,155.135739,-336.912541,0.503937,0.411644,-0.404420
7.441000,0.952698,266.793854,71.638233,-296.886368,0.703096,0.238393,-0.321842
7.442000,0.783685,333.840528,-21.263490,-240.694336,0.834249,0.044092,-0.208499
7.443000,0.626999,354.747277,-128.517682,-173.025625,0.874728,-0.176116,-0.062774
7.444000,0.353529,325.913062,-235.694310,-91.963158,0.818057,-0.384989,0.115335
7.445000,-0.346204,269.876758,-313.855389,-2.662414,0.709572,-0.540430,0.308017
7.446000,-0.827616,204.928527,-346.731264,100.317027,0.573562,-0.597101,0.524987
7.447000,-1.206841,125.368870,-326.264799,212.493300,0.406787,-0.556622,0.756528
7.448000,-1.253231,38.244398,-275.824064,298.944133,0.222201,-0.454614,0.931399
7.449000,-1.151044,-59.709180,-215.072445,345.032245,0.018185,-0.329937,1.023692
7.450000,-0.946671,-171.263959,-141.548817,340.990792,-0.205261,-0.179354,1.013977
7.451000,-0.827616,-270.072736,-57.843890,298.685066,-0.394704,0.000374,0.929780
7.452000,-0.678067,-334.114594,35.213305,240.731661,-0.519381,0.194675,0.811580
7.453000,-0.483750,-350.746837,142.907748,171.690159,-0.553384,0.414883,0.660997
7.454000,-0.145075,-319.244026,248.244620,90.109760,-0.488617,0.618899,0.482888
7.455000,0.440469,-263.311039,323.166946,1.275418,-0.380132,0.764624,0.290206
7.456000,0.961781,-198.310709,352.700644,-101.496866,-0.245740,0.816438,0.074856
7.457000,1.360146,-119.113504,329.747261,-212.196784,-0.077346,0.774339,-0.145352
7.458000,1.353658,-32.014810,278.425986,-296.290510,0.104001,0.672331,-0.320222
7.459000,1.276126,66.405064,218.244599,-339.606861,0.301540,0.546036,-0.407658
7.460000,1.091866,178.270475,145.161637,-333.415107,0.531463,0.392214,-0.396324
7.461000,0.916365,276.068472,61.690031,-291.212758,0.720907,0.214105,-0.308888
7.462000,0.729835,338.736904,-32.610667,-233.803108,0.842345,0.021423,-0.195546
7.463000,0.566985,352.674737,-142.222395,-163.569627,0.873109,-0.203642,-0.041724
7.464000,0.279241,318.633265,-246.886078,-80.253279,0.805104,-0.407658,0.142861
7.465000,-0.397460,262.001105,-319.425374,9.954191,0.691761,-0.545288,0.335543
7.466000,-0.896389,196.146137,-346.653543,113.607199,0.552512,-0.598720,0.549274
7.467000,-1.246094,115.964714,-321.912438,223.425950,0.384118,-0.548526,0.775959
7.468000,-1.260368,28.114847,-269.217808,306.534811,0.202771,-0.443280,0.947591
7.469000,-1.174401,-71.341336,-207.300387,347.337946,-0.002864,-0.315365,1.028550
7.470000,-0.949267,-183.362456,-132.818215,337.286126,-0.224691,-0.158305,1.005881
7.471000,-0.818208,-278.751543,-49.165111,292.700606,-0.412515,0.021423,0.918446
7.472000,-0.668010,-338.181980,45.291042,234.954455,-0.527477,0.217343,0.798627
7.473000,-0.456825,-348.933353,154.954392,164.488080,-0.548526,0.434313,0.643186
7.474000,-0.134370,-313.259530,258.451880,80.705603,-0.482140,0.638329,0.463458
7.475000,0.468367,-256.523436,328.218763,-10.408544,-0.365559,0.772720,0.272395
7.476000,0.996492,-190.512746,352.234322,-114.812972,-0.231168,0.818057,0.047330
7.477000,1.381556,-110.149744,325.446740,-223.518082,-0.059535,0.763005,-0.174497
7.478000,1.384476,-22.196135,272.752407,-304.036672,0.123431,0.659378,-0.334795
7.479000,1.278721,78.192646,211.457030,-342.352994,0.332305,0.531463,-0.417373
7.480000,1.078241,191.197947,136.560592,-330.150836,0.555751,0.372784,-0.391466
7.481000,0.893981,286.016664,52.389499,-284.839662,0.740337,0.194675,-0.295935
7.482000,0.725617,343.711001,-43.491522,-227.611367,0.853679,-0.002864,-0.179354
7.483000,0.572500,351.327586,-155.149905,-155.823483,0.865013,-0.231168,-0.027152
7.484000,0.282161,312.700618,-257.741060,-70.097810,0.793769,-0.425469,0.160672
7.485000,-0.424385,254.151359,-324.917639,22.959397,0.675570,-0.556622,0.361450
7.486000,-0.896713,186.690171,-345.643173,128.684936,0.534702,-0.593863,0.584896
7.487000,-1.237011,105.213406,-316.394266,236.275700,0.363069,-0.537192,0.803484
7.488000,-1.266531,16.793583,-261.937974,315.006319,0.178483,-0.428707,0.962164
7.489000,-1.158830,-84.579716,-199.191542,350.006341,-0.033629,-0.295935,1.031788
7.490000,-0.909365,-197.222621,-122.585019,333.477833,-0.252217,-0.137256,1.001024
7.491000,-0.763709,-289.217927,-38.051094,285.058114,-0.431945,0.044092,0.900635
7.492000,-0.613511,-343.207923,57.467227,226.845642,-0.538811,0.241631,0.780816
7.493000,-0.408814,-347.586192,168.244560,154.980299,-0.546907,0.461839,0.623756
7.494000,-0.097388,-307.015966,269.254996,69.358437,-0.469186,0.657759,0.437551
7.495000,0.511837,-247.689191,333.348300,-24.190958,-0.350987,0.784054,0.238393
7.496000,1.011739,-179.372801,349.980435,-130.331160,-0.206880,0.811580,0.014947
7.497000,1.384151,-98.258514,318.866425,-235.616589,-0.033629,0.748433,-0.203642
7.498000,1.373446,-10.097663,264.954475,-310.927909,0.150957,0.643186,-0.349368
7.499000,1.266718,91.405099,202.855987,-343.907409,0.358212,0.515271,-0.418992
7.500000,1.048396,204.177231,126.249700,-325.979823,0.578419,0.346877,-0.383370
7.501000,0.848241,295.265375,41.145957,-277.404384,0.759767,0.172007,-0.282981
7.502000,0.659764,347.622920,-55.460464,-219.321170,0.863394,-0.027152,-0.161543
7.503000,0.512161,349.384579,-167.326119,-146.574743,0.863394,-0.252217,-0.006103
7.504000,0.228959,306.949320,-267.197071,-60.149596,0.784054,-0.443280,0.186579
7.505000,-0.452932,246.612494,-329.347721,34.695169,0.660997,-0.566337,0.387357
7.506000,-0.952186,176.690163,-343.182016,142.493240,0.512033,-0.589005,0.612422
7.507000,-1.263936,94.410284,-309.969353,247.156536,0.340401,-0.521000,0.822915
7.508000,-1.275614,5.290970,-255.124465,320.576271,0.152576,-0.412515,0.971879
7.509000,-1.163696,-96.937267,-191.574927,350.498570,-0.054678,-0.279743,1.031788
7.510000,-0.906770,-208.699358,-113.673072,329.617727,-0.274886,-0.116206,0.992928
7.511000,-0.761762,-297.456320,-28.258325,278.788680,-0.448137,0.066760,0.887682
7.512000,-0.606374,-346.316753,68.399886,219.773098,-0.542049,0.262680,0.766243
7.513000,-0.410760,-345.073221,179.928508,147.130550,-0.542049,0.487746,0.607564
7.514000,-0.071436,-301.808679,278.115105,60.938735,-0.456233,0.678808,0.418121
7.515000,0.540384,-241.911959,337.726541,-34.372329,-0.338033,0.792150,0.214105
7.516000,1.041260,-171.263959,348.244682,-143.103227,-0.190688,0.813200,-0.010960
7.517000,1.404264,-88.232577,312.933779,-246.445661,-0.010960,0.738717,-0.221453
7.518000,1.387395,1.534486,258.270533,-317.016032,0.172007,0.630233,-0.362321
7.519000,1.262501,104.488017,195.602095,-344.451455,0.385738,0.499080,-0.417373
7.520000,1.034447,216.560660,117.519120,-322.275134,0.607564,0.332305,-0.372036
7.521000,0.838184,304.384551,30.990500,-271.523521,0.777578,0.152576,-0.273266
7.522000,0.664954,351.275772,-67.818010,-211.859994,0.865013,-0.053059,-0.148590
7.523000,0.498537,346.457116,-180.668144,-137.507352,0.858536,-0.276505,0.018185
7.524000,0.198790,301.068487,-276.912154,-50.227290,0.767863,-0.464329,0.207628
7.525000,-0.481155,240.083993,-334.088687,46.094152,0.648044,-0.574433,0.410025
7.526000,-0.955755,167.519170,-341.653507,155.861129,0.495841,-0.587386,0.638329
7.527000,-1.243499,82.881772,-303.570348,258.451880,0.312875,-0.512904,0.847202
7.528000,-1.264260,-8.284188,-246.704730,326.767985,0.123431,-0.396324,0.986451
7.529000,-1.132553,-111.755967,-182.093020,350.161782,-0.083823,-0.258694,1.031788
7.530000,-0.855839,-222.067298,-103.543505,324.617724,-0.302412,-0.095157,0.978355
7.531000,-0.707587,-306.886432,-17.014776,271.897484,-0.469186,0.086190,0.874728
7.532000,-0.559660,-350.021443,82.026848,210.990708,-0.553384,0.291825,0.748433
7.533000,-0.353990,-341.238997,194.332664,136.042456,-0.533953,0.512033,0.580038
7.534000,-0.027967,-294.710189,287.933764,49.332499,-0.443280,0.696619,0.393833
7.535000,0.573149,-234.088084,342.078875,-46.470804,-0.316984,0.800246,0.189817
7.536000,1.060399,-161.212105,346.483023,-156.056644,-0.166401,0.808342,-0.038486
7.537000,1.406859,-76.263630,306.534811,-256.730691,0.010089,0.727383,-0.240883
7.538000,1.373446,15.498243,249.384517,-322.093786,0.202771,0.610803,-0.372036
7.539000,1.235900,119.591661,185.006232,-342.741598,0.414883,0.474792,-0.414135
7.540000,0.995519,228.995902,106.767812,-316.471987,0.630233,0.308017,-0.362321
7.541000,0.792444,312.571085,19.954210,-264.658197,0.792150,0.128289,-0.260313
7.542000,0.616294,353.970075,-80.538254,-203.569800,0.874728,-0.080585,-0.129160
7.543000,0.436900,342.260222,-193.621568,-127.170527,0.853679,-0.302412,0.040853
7.544000,0.142020,293.866410,-285.850031,-39.424155,0.754909,-0.480521,0.227058
7.545000,-0.524301,232.959635,-337.715655,57.078625,0.630233,-0.584148,0.435932
7.546000,-1.005064,159.073567,-339.606861,167.545077,0.474792,-0.584148,0.664235
7.547000,-1.266531,72.985385,-297.948551,267.545150,0.295064,-0.501570,0.863394
7.548000,-1.273992,-20.408566,-239.373085,331.016692,0.100763,-0.384989,0.994547
7.549000,-1.130931,-125.745652,-172.973811,348.115148,-0.108111,-0.239264,1.028550
7.550000,-0.840916,-233.155436,-93.543474,318.788705,-0.328318,-0.075727,0.967021
7.551000,-0.700775,-313.648134,-6.626153,265.809398,-0.480521,0.110478,0.865013
7.552000,-0.550253,-352.093997,93.658988,204.151325,-0.556622,0.314494,0.733860
7.553000,-0.314737,-337.560214,206.042518,127.545038,-0.527477,0.539559,0.565466
7.554000,-0.008178,-288.103930,296.690246,39.850618,-0.428707,0.714430,0.374403
7.555000,0.590991,-227.818622,345.576287,-57.118500,-0.312127,0.809961,0.168768
7.556000,1.084405,-153.880470,344.462296,-167.844256,-0.151828,0.801865,-0.062774
7.557000,1.417240,-67.584849,301.690249,-265.953541,0.029519,0.719287,-0.260313
7.558000,1.384800,26.612254,243.348243,-327.119727,0.223820,0.597849,-0.384989
7.559000,1.230385,133.840382,176.664256,-341.187183,0.440789,0.456981,-0.412515
7.560000,0.976704,241.120263,96.197851,-310.565212,0.654520,0.286968,-0.350987
7.561000,0.786280,320.084043,8.477505,-258.155570,0.805104,0.104001,-0.244121
7.562000,0.596181,356.275776,-93.621194,-196.549043,0.877966,-0.104872,-0.114587
7.563000,0.454742,338.374210,-206.704530,-117.818163,0.842345,-0.328318,0.057045
7.564000,0.103091,286.353452,-295.409675,-28.672834,0.740337,-0.499951,0.251346
7.565000,-0.532411,225.161703,-341.368531,69.591598,0.615660,-0.587386,0.461839
7.566000,-0.995007,149.980294,-337.042076,180.809337,0.456981,-0.579290,0.691761
7.567000,-1.244148,62.752209,-292.482196,277.363809,0.275634,-0.495093,0.886062
7.568000,-1.254528,-32.377506,-232.326417,336.353483,0.078094,-0.365559,1.004262
7.569000,-1.096545,-140.538451,-163.077397,346.638464,-0.142113,-0.218214,1.026930
7.570000,-0.790959,-246.005244,-81.393178,311.871602,-0.349368,-0.048201,0.957306
7.571000,-0.643680,-321.497927,6.689936,257.337890,-0.495093,0.134766,0.845583
7.572000,-0.493482,-353.829762,108.037244,194.773079,-0.555003,0.342020,0.707953
7.573000,-0.290083,-333.181945,219.773098,116.793731,-0.519381,0.562228,0.542797
7.574000,0.051836,-279.554656,306.249837,27.933499,-0.412515,0.729002,0.348497
7.575000,0.637380,-218.284896,348.529656,-70.408691,-0.287839,0.813200,0.139623
7.576000,1.095434,-143.414109,340.705817,-181.212188,-0.127541,0.797008,-0.090300
7.577000,1.406859,-56.496737,295.369002,-275.098671,0.053807,0.704715,-0.279743
7.578000,1.369553,38.762534,235.990726,-331.446182,0.248108,0.584896,-0.393085
7.579000,1.201189,147.545059,166.716061,-339.503233,0.468315,0.437551,-0.410896
7.580000,0.928692,252.648768,84.436178,-303.984859,0.677189,0.261061,-0.339653
7.581000,0.723346,326.379383,-4.890398,-249.502673,0.816438,0.074856,-0.226310
7.582000,0.545899,356.586657,-107.559062,-186.445371,0.877966,-0.132398,-0.091919
7.583000,0.397972,333.762808,-218.828940,-107.455435,0.831010,-0.355844,0.078094
7.584000,0.049241,278.814587,-303.518534,-17.791980,0.725764,-0.516143,0.275634
7.585000,-0.584964,216.534753,-343.726061,81.949128,0.599469,-0.592244,0.484507
7.586000,-1.024528,140.498419,-333.181945,193.218674,0.439170,-0.569575,0.714430
7.587000,-1.277561,53.114889,-286.135007,285.964851,0.251346,-0.477282,0.903873
7.588000,-1.268802,-43.154734,-225.901514,339.850894,0.053807,-0.352606,1.012358
7.589000,-1.083569,-152.662849,-155.072184,344.773177,-0.168020,-0.205261,1.020454
7.590000,-0.788363,-256.108926,-71.626311,306.146210,-0.367179,-0.025533,0.944353
7.591000,-0.633299,-326.420240,18.684778,250.213533,-0.504808,0.162291,0.829391
7.592000,-0.461042,-353.233902,121.353321,186.431104,-0.556622,0.369546,0.693381
7.593000,-0.255372,-328.803676,230.964815,107.519109,-0.509666,0.583277,0.520129
7.594000,0.074869,-273.518351,313.659168,17.985295,-0.401181,0.746813,0.327447
7.595000,0.668198,-211.082789,350.861264,-82.170383,-0.274886,0.816438,0.113716
7.596000,1.117169,-134.761228,337.001152,-193.777009,-0.112968,0.788912,-0.114587
7.597000,1.414645,-47.481169,289.177288,-284.217897,0.069999,0.691761,-0.297554
7.598000,1.368256,49.358406,229.980359,-335.617195,0.270776,0.570323,-0.402800
7.599000,1.187889,160.006210,159.462168,-338.259701,0.495841,0.421359,-0.409277
7.600000,0.909228,263.348256,75.135647,-298.933013,0.690142,0.238393,-0.331557
7.601000,0.709397,332.078869,-17.429285,-242.818699,0.829391,0.050568,-0.213357
7.602000,0.538438,355.809454,-122.636833,-177.326161,0.874728,-0.163163,-0.069250
7.603000,0.371696,328.633271,-231.212421,-96.678198,0.821295,-0.375274,0.105620
7.604000,0.021342,271.871578,-311.575581,-6.289365,0.712811,-0.532334,0.293445
7.605000,-0.595020,208.218685,-346.213126,95.109767,0.583277,-0.597101,0.515271
7.606000,-1.030042,130.239341,-328.622328,206.793814,0.414883,-0.561479,0.743575
7.607000,-1.249014,42.052695,-278.492474,295.861230,0.231916,-0.461091,0.926542
7.608000,-1.238308,-55.434558,-217.999920,344.021882,0.027900,-0.338033,1.020454
7.609000,-1.053075,-165.927150,-145.927072,342.881984,-0.192308,-0.184212,1.018835
7.610000,-0.733540,-266.860282,-61.289495,300.679886,-0.388228,-0.004483,0.937876
7.611000,-0.580422,-332.404737,31.767703,242.622854,-0.517762,0.191437,0.811580
7.612000,-0.420492,-351.705394,137.493235,175.472545,-0.553384,0.400310,0.670712
7.613000,-0.208009,-322.145600,243.970006,94.747072,-0.495093,0.610803,0.489365
7.614000,0.132612,-265.331776,321.146219,4.513766,-0.384989,0.759767,0.298302
7.615000,0.685067,-201.678600,352.622923,-96.211876,-0.253836,0.821295,0.084571
7.616000,1.132741,-123.854453,332.052962,-207.067226,-0.087061,0.777578,-0.137256
7.617000,1.414321,-35.615855,280.809407,-293.207589,0.094286,0.672331,-0.321842
7.618000,1.352360,62.104540,221.146156,-338.518770,0.295064,0.552512,-0.406039
7.619000,1.160315,172.933683,149.617599,-335.358126,0.520129,0.400310,-0.399562
7.620000,0.866083,272.959661,65.109726,-293.363030,0.714430,0.222201,-0.315365
7.621000,0.659439,337.104779,-29.372317,-235.694310,0.840725,0.024662,-0.197165
7.622000,0.474206,353.607380,-137.118749,-167.118865,0.869871,-0.193927,-0.048201
7.623000,0.311681,321.560727,-242.844606,-84.631530,0.805104,-0.401181,0.131527
7.624000,-0.026345,264.099552,-317.637798,6.249521,0.696619,-0.542049,0.330686
7.625000,-0.652439,199.617642,-346.731264,108.166778,0.563847,-0.595482,0.544417
7.626000,-1.052751,120.653839,-324.347687,218.788641,0.395453,-0.555003,0.769482
7.627000,-1.266207,31.689983,-271.471707,303.918230,0.206009,-0.446518,0.937876
7.628000,-1.254853,-67.196247,-210.046514,346.560743,0.003612,-0.321842,1.025311
7.629000,-1.062158,-178.129273,-137.300097,339.332759,-0.216595,-0.166401,1.012358
7.630000,-0.731593,-275.746344,-52.532996,295.006307,-0.407658,0.011708,0.921684
7.631000,-0.559336,-336.653472,42.130415,236.819742,-0.525858,0.207628,0.798627
7.632000,-0.408165,-349.684653,150.291175,167.830052,-0.550145,0.429455,0.652901
7.633000,-0.182057,-315.927942,254.643588,84.824779,-0.483759,0.633471,0.469935
7.634000,0.171216,-258.570080,326.612544,-6.781594,-0.370417,0.767863,0.277253
7.635000,0.700963,-193.932451,352.648830,-109.527980,-0.236025,0.816438,0.057045
7.636000,1.152205,-114.968413,327.933788,-218.828940,-0.069250,0.771101,-0.163163
7.637000,1.424701,-25.641739,274.850854,-301.549610,0.118574,0.664235,-0.333176
7.638000,1.357550,73.995749,214.047705,-341.627600,0.322590,0.537940,-0.410896
7.639000,1.151231,186.094316,140.964741,-332.145668,0.544417,0.384118,-0.393085
7.640000,0.852134,282.959668,55.757380,-287.326724,0.735479,0.201152,-0.304031
7.641000,0.640300,342.286129,-40.356799,-229.528475,0.853679,0.003612,-0.184212
7.642000,0.451498,352.156602,-150.512581,-159.165465,0.869871,-0.218214,-0.033629
7.643000,0.295137,315.109946,-254.269538,-73.957924,0.795389,-0.420611,0.154196
7.644000,-0.066895,256.120272,-323.389131,19.565609,0.680427,-0.553384,0.356592
7.645000,-0.652764,190.135770,-346.290846,123.399956,0.541178,-0.593863,0.571943
7.646000,-1.036531,110.109785,-319.114491,231.586578,0.372784,-0.543669,0.793769
7.647000,-1.250960,20.290999,-264.088245,312.674712,0.183341,-0.433565,0.957306
7.648000,-1.231171,-80.460533,-201.704507,349.462300,-0.020675,-0.305650,1.031788
7.649000,-1.013822,-192.403946,-126.859645,335.498560,-0.245740,-0.145352,1.005881
7.650000,-0.668984,-286.264541,-41.444885,287.467442,-0.430326,0.035996,0.902254
7.651000,-0.511973,-341.964390,54.280694,228.918182,-0.537192,0.235154,0.784054
7.652000,-0.347826,-348.570656,163.866317,158.296364,-0.550145,0.455362,0.633471
7.653000,-0.137614,-309.218053,265.964838,72.985385,-0.470806,0.652901,0.445647
7.654000,0.212415,-249.347231,331.897522,-21.159863,-0.352606,0.780816,0.244869
7.655000,0.749623,-182.818412,350.757637,-125.305236,-0.213357,0.814819,0.023043
7.656000,1.154800,-103.258530,321.742075,-231.134701,-0.041724,0.754909,-0.189069
7.657000,1.416916,-13.750520,267.052922,-309.140332,0.142861,0.648044,-0.347748
7.658000,1.341330,87.311829,205.317129,-343.337457,0.348497,0.518510,-0.415754
7.659000,1.114250,199.462202,130.265248,-327.871027,0.571943,0.359831,-0.386609
7.660000,0.813206,292.441539,44.591559,-279.684191,0.753290,0.180102,-0.287839
7.661000,0.591315,346.405303,-52.118487,-221.419626,0.858536,-0.019056,-0.168020
7.662000,0.402189,350.394943,-162.973770,-149.942631,0.865013,-0.242502,-0.014199
7.663000,0.235772,309.203207,-264.062339,-63.750642,0.787293,-0.438422,0.178483
7.664000,-0.117826,248.037366,-328.026469,32.052678,0.662616,-0.561479,0.379261
7.665000,-0.701424,179.928508,-343.855596,137.778209,0.520129,-0.590625,0.602707
7.666000,-1.073512,99.306663,-312.870927,242.804202,0.346877,-0.527477,0.816438
7.667000,-1.267180,9.047454,-257.378363,318.710985,0.154196,-0.420611,0.967021
7.668000,-1.235713,-92.766269,-194.139705,350.472663,-0.043344,-0.287839,1.033407
7.669000,-1.013498,-204.243378,-117.740443,331.612547,-0.265171,-0.124302,0.996166
7.670000,-0.668010,-294.865630,-31.574395,280.861221,-0.443280,0.058664,0.892539
7.671000,-0.489265,-345.306383,65.213353,221.845638,-0.543669,0.257823,0.771101
7.672000,-0.329335,-346.187219,175.653893,150.550243,-0.542049,0.476411,0.614041
7.673000,-0.114582,-303.984859,275.084015,64.539777,-0.464329,0.672331,0.431074
7.674000,0.240962,-243.077768,336.275763,-31.729836,-0.341272,0.788912,0.222201
7.675000,0.768763,-174.295060,348.892351,-138.724973,-0.195546,0.813200,-0.001245
7.676000,1.171020,-93.077151,315.731708,-242.456003,-0.022294,0.745194,-0.213357
7.677000,1.425999,-2.273812,260.472607,-315.332083,0.167149,0.633471,-0.359083
7.678000,1.332572,100.291121,198.115051,-344.529176,0.372784,0.503937,-0.418992
7.679000,1.102896,212.130605,121.534669,-324.373594,0.596230,0.337162,-0.380132
7.680000,0.784009,301.949316,34.228847,-273.466538,0.771101,0.154196,-0.276505
7.681000,0.574122,350.394943,-64.579660,-213.803009,0.865013,-0.046582,-0.151828
7.682000,0.392457,347.830174,-176.289887,-141.315656,0.860156,-0.270028,0.006851
7.683000,0.224742,303.322374,-274.062396,-53.828336,0.774339,-0.459471,0.197913
7.684000,-0.134370,241.223890,-332.741527,43.607101,0.646425,-0.574433,0.401929
7.685000,-0.711480,170.368914,-342.171646,151.767861,0.499080,-0.587386,0.631852
7.686000,-1.058914,87.441363,-306.161038,254.721308,0.324209,-0.514523,0.842345
7.687000,-1.256150,-4.501796,-248.932721,325.291300,0.134766,-0.401181,0.981594
7.688000,-1.200678,-107.429528,-184.761426,350.654010,-0.077346,-0.266790,1.031788
7.689000,-0.958025,-217.844479,-107.610876,326.819798,-0.294316,-0.101634,0.988070
7.690000,-0.606374,-304.554811,-20.149498,273.866398,-0.462710,0.081333,0.879586
7.691000,-0.437685,-349.088794,78.943942,212.726461,-0.548526,0.283730,0.751671
7.692000,-0.281324,-342.689784,190.083956,139.410335,-0.537192,0.505556,0.589753
7.693000,-0.071112,-297.197251,285.084021,52.959448,-0.451376,0.690142,0.400310
7.694000,0.299030,-235.227986,340.913071,-43.983751,-0.323461,0.798627,0.197913
7.695000,0.799256,-163.880509,347.052972,-152.351967,-0.172878,0.809961,-0.028771
7.696000,1.176859,-80.538254,308.918233,-253.285077,0.003612,0.730622,-0.234406
7.697000,1.406211,11.897200,251.431150,-320.642999,0.194675,0.615660,-0.372036
7.698000,1.298510,115.187511,187.778255,-343.207923,0.405168,0.481269,-0.412515
7.699000,1.062994,224.799008,110.964709,-318.803608,0.620518,0.317732,-0.365559
7.700000,0.744433,310.394917,23.192558,-266.549399,0.784054,0.129908,-0.266790
7.701000,0.522867,353.166965,-77.403530,-205.124211,0.871490,-0.074108,-0.132398
7.702000,0.336336,343.685094,-189.554193,-130.357067,0.850441,-0.295935,0.027900
7.703000,0.154347,296.379365,-283.026180,-43.154734,0.759767,-0.475663,0.222201
7.704000,-0.184004,234.125439,-336.575751,54.384321,0.635090,-0.579290,0.427836
7.705000,-0.747164,161.638336,-340.280440,163.866317,0.484507,-0.582529,0.657759
7.706000,-1.091679,77.104562,-300.254265,264.254993,0.303160,-0.506427,0.858536
7.707000,-1.261990,-16.937056,-241.212473,329.721354,0.108859,-0.384989,0.991309
7.708000,-1.204571,-121.600560,-175.564495,348.685097,-0.104872,-0.244121,1.030169
7.709000,-0.955755,-228.958524,-97.740378,321.431194,-0.316984,-0.080585,0.975117
7.710000,-0.596318,-311.705116,-9.916315,267.856031,-0.475663,0.105620,0.869871
7.711000,-0.426656,-351.368604,90.576082,205.809357,-0.553384,0.296683,0.737098
7.712000,-0.271916,-338.907374,202.260132,130.731570,-0.529096,0.526606,0.570323
7.713000,-0.060407,-290.720527,293.970037,43.503474,-0.435184,0.707953,0.380880
7.714000,0.302598,-229.062151,344.540017,-54.527820,-0.310507,0.803484,0.172007
7.715000,0.815801,-156.445247,345.187685,-164.087764,-0.158305,0.803484,-0.053059
7.716000,1.189835,-71.652218,303.944136,-262.844715,0.019804,0.722526,-0.253836
7.717000,1.418538,23.451626,245.058089,-325.798474,0.214105,0.601088,-0.381751
7.718000,1.297861,129.824833,179.151305,-341.808949,0.435932,0.461839,-0.412515
7.719000,1.040286,237.208343,100.524281,-313.207716,0.644805,0.295064,-0.355844
7.720000,0.718480,318.322384,11.949014,-260.279934,0.801865,0.108859,-0.248979
7.721000,0.511188,355.757641,-90.382842,-197.766665,0.874728,-0.098396,-0.114587
7.722000,0.340553,339.824988,-202.896222,-120.952889,0.845583,-0.318603,0.052188
7.723000,0.130341,288.788687,-292.922613,-32.144344,0.743575,-0.496712,0.244869
7.724000,-0.192438,226.534761,-340.384068,66.819573,0.620518,-0.587386,0.453743
7.725000,-0.743596,152.622784,-337.974725,176.949230,0.463458,-0.580910,0.683666
7.726000,-1.067349,66.741852,-294.943351,274.280906,0.280491,-0.493474,0.879586
7.727000,-1.247067,-29.424131,-233.906736,335.161772,0.082952,-0.372036,1.002643
7.728000,-1.163372,-136.885588,-165.383106,347.182505,-0.135637,-0.226310,1.026930
7.729000,-0.893145,-242.404189,-85.460548,314.436371,-0.341272,-0.054678,0.960544
7.730000,-0.543440,-319.865792,3.037079,259.643591,-0.491855,0.131527,0.848821
7.731000,-0.372805,-353.648413,104.824805,196.690179,-0.558241,0.335543,0.712811
7.732000,-0.207685,-334.658639,216.146152,119.928449,-0.521000,0.558989,0.547655
7.733000,-0.004285,-282.041718,303.840509,31.197754,-0.417373,0.725764,0.356592
7.734000,0.344770,-219.735680,347.726547,-68.077079,-0.294316,0.808342,0.141242
7.735000,0.827804,-146.108420,341.923435,-177.377974,-0.132398,0.800246,-0.083823
7.736000,1.183996,-60.538198,298.011490,-272.119379,0.042473,0.712811,-0.273266
7.737000,1.397776,35.886881,237.622851,-330.332184,0.244869,0.588134,-0.389847
7.738000,1.264772,144.151273,168.788602,-340.150906,0.463458,0.440789,-0.410896
7.739000,1.000061,249.229076,88.322193,-306.264666,0.667474,0.275634,-0.339653
7.740000,0.667549,325.006325,-1.263448,-251.808385,0.814819,0.079714,-0.229549
7.741000,0.452472,356.664377,-104.191176,-188.466105,0.876347,-0.127541,-0.093538
7.742000,0.272753,335.394933,-215.305607,-110.901042,0.837487,-0.346129,0.073237
7.743000,0.075193,281.198008,-301.368262,-21.185770,0.730622,-0.509666,0.265919
7.744000,-0.242396,217.830091,-342.897039,79.384357,0.601088,-0.590625,0.481269
7.745000,-0.777658,143.270443,-334.373663,189.514008,0.442409,-0.572814,0.707953
7.746000,-1.076432,57.208159,-288.984765,283.063295,0.262680,-0.482140,0.899016
7.747000,-1.246743,-40.253172,-227.585460,338.970065,0.063522,-0.355844,1.010739
7.748000,-1.160452,-149.476308,-157.144731,345.239499,-0.161543,-0.210119,1.023692
7.749000,-0.891523,-252.948287,-75.356892,308.374191,-0.360702,-0.032009,0.949210
7.750000,-0.521381,-325.202615,15.161455,252.415607,-0.501570,0.157434,0.834249
7.751000,-0.340365,-353.415251,118.037256,188.425924,-0.556622,0.363069,0.696619
7.752000,-0.205739,-330.513533,227.545124,110.731548,-0.514523,0.580038,0.529844
7.753000,0.027830,-275.772251,311.690255,21.404990,-0.404420,0.741956,0.333924
7.754000,0.366830,-212.326318,350.265409,-79.683329,-0.279743,0.816438,0.120193
7.755000,0.849538,-137.533258,338.374210,-190.098237,-0.117826,0.790531,-0.104872
7.756000,1.191133,-51.444910,292.027031,-281.497673,0.063522,0.696619,-0.289458
7.757000,1.399723,46.482754,231.742018,-334.658639,0.265919,0.575181,-0.397943
7.758000,1.264123,156.871492,161.508802,-338.751932,0.487746,0.427836,-0.407658
7.759000,0.976055,260.394887,78.658968,-301.057379,0.688523,0.251346,-0.333176
7.760000,0.644841,330.964878,-14.165029,-244.813528,0.826153,0.055426,-0.218214
7.761000,0.436251,356.198055,-119.268945,-179.165547,0.874728,-0.158305,-0.070870
7.762000,0.258480,330.550370,-227.948156,-100.745569,0.827772,-0.372036,0.097525
7.763000,0.026857,274.280906,-309.839819,-9.864502,0.714430,-0.527477,0.290206
7.764000,-0.256021,209.436303,-345.669080,92.622717,0.581658,-0.597101,0.507176
7.765000,-0.791932,133.011365,-329.684511,203.477749,0.419740,-0.566337,0.737098
7.766000,-1.066700,46.016432,-281.419952,293.192834,0.236774,-0.464329,0.916827
7.767000,-1.218520,-52.558902,-219.917028,343.218772,0.031138,-0.346129,1.017215
7.768000,-1.122821,-162.870143,-148.025525,343.633280,-0.187450,-0.189069,1.022073
7.769000,-0.837672,-264.088245,-64.761007,302.881960,-0.381751,-0.010960,0.941114
7.770000,-0.473694,-331.368461,28.788423,244.488141,-0.516143,0.181722,0.819676
7.771000,-0.291705,-352.197625,134.384424,177.182391,-0.555003,0.398691,0.672331
7.772000,-0.140858,-324.269966,240.835288,98.192672,-0.499951,0.607564,0.500699
7.773000,0.075517,-267.741116,319.643628,8.581132,-0.391466,0.756528,0.308017
7.774000,0.401216,-202.844408,352.234322,-93.724822,-0.258694,0.819676,0.092667
7.775000,0.859595,-126.419229,333.270579,-203.777055,-0.093538,0.780816,-0.132398
7.776000,1.186591,-39.475968,283.607336,-290.850061,0.089429,0.680427,-0.312127
7.777000,1.374419,59.151167,223.037349,-337.871097,0.291825,0.557370,-0.406039
7.778000,1.231359,169.798965,151.690140,-336.264868,0.513652,0.406787,-0.404420
7.779000,0.939398,270.291266,68.425793,-295.720558,0.709572,0.228678,-0.321842
7.780000,0.597803,336.172136,-26.600290,-237.481884,0.835868,0.031138,-0.205261
7.781000,0.367803,354.047795,-134.294905,-168.673275,0.873109,-0.189069,-0.054678
7.782000,0.207549,323.736895,-239.813502,-87.973509,0.813200,-0.393085,0.125050
7.783000,-0.016613,266.690227,-316.212918,2.441223,0.699857,-0.540430,0.320971
7.784000,-0.302410,200.809353,-346.601729,105.679728,0.562228,-0.598720,0.533082
7.785000,-0.808801,123.244515,-325.565312,215.576204,0.401929,-0.555003,0.761386
7.786000,-1.082596,35.446466,-274.217837,301.586622,0.215724,-0.451376,0.936257
7.787000,-1.234415,-64.191058,-212.067249,345.964888,0.011708,-0.323461,1.025311
7.788000,-1.130607,-175.072265,-139.476271,340.265402,-0.208499,-0.169639,1.017215
7.789000,-0.831184,-273.181562,-55.926787,297.389728,-0.401181,0.006851,0.928161
7.790000,-0.453581,-335.720823,39.436110,238.529587,-0.522619,0.206009,0.806723
7.791000,-0.271268,-350.202792,147.622779,169.203110,-0.551764,0.421359,0.656140
7.792000,-0.119772,-318.026401,251.845658,87.933592,-0.490236,0.628614,0.476411
7.793000,0.119636,-261.212582,325.420834,-3.102830,-0.376894,0.772720,0.282110
7.794000,0.430088,-195.150073,352.674737,-106.833671,-0.237645,0.819676,0.063522
7.795000,0.876464,-117.585002,329.306846,-215.771930,-0.075727,0.769482,-0.161543
7.796000,1.194052,-29.450038,277.467436,-299.399337,0.108859,0.669093,-0.328318
7.797000,1.379610,71.171911,215.861178,-341.161276,0.316113,0.542797,-0.414135
7.798000,1.224546,183.063225,143.166816,-333.156038,0.537940,0.384118,-0.396324
7.799000,0.919934,280.498526,59.202981,-289.839692,0.732241,0.209248,-0.312127
7.800000,0.586449,341.483020,-37.662492,-231.419676,0.847202,0.008470,-0.189069
7.801000,0.356773,352.519296,-148.206873,-160.564434,0.866632,-0.213357,-0.038486
7.802000,0.209171,317.130673,-251.756571,-76.911300,0.803484,-0.417373,0.147719
7.803000,-0.051648,258.736854,-322.378762,15.938659,0.685285,-0.551764,0.354973
7.804000,-0.323821,191.482921,-346.549916,120.576118,0.544417,-0.597101,0.568704
7.805000,-0.793554,112.778182,-320.617092,228.736835,0.376022,-0.546907,0.787293
7.806000,-1.075459,24.047482,-266.730747,310.628078,0.191437,-0.438422,0.954068
7.807000,-1.205219,-77.740318,-203.466173,349.099605,-0.014199,-0.308888,1.031788
7.808000,-1.080325,-189.476472,-128.932191,336.431203,-0.236025,-0.146971,1.005881
7.809000,-0.780253,-283.829293,-44.864582,290.058117,-0.422230,0.029519,0.913588
7.810000,-0.408165,-341.316717,51.534575,230.887095,-0.532334,0.230297,0.788912
7.811000,-0.220661,-348.933353,161.638336,159.617609,-0.548526,0.447266,0.633471
7.812000,-0.048079,-311.031536,263.607324,75.731503,-0.475663,0.651282,0.453743
7.813000,0.165377,-251.782478,331.094412,-17.843794,-0.357463,0.779197,0.251346
7.814000,0.454418,-184.165568,351.198052,-122.766367,-0.211738,0.816438,0.031138
7.815000,0.883925,-105.901026,323.477827,-228.336759,-0.048201,0.758148,-0.187450
7.816000,1.187564,-17.507005,269.695411,-307.534104,0.136385,0.651282,-0.344510
7.817000,1.350414,84.591618,207.052881,-343.285643,0.342020,0.521748,-0.420611
7.818000,1.180428,196.767899,132.234162,-328.907304,0.563847,0.361450,-0.386609
7.819000,0.878086,290.239465,47.959440,-282.326694,0.748433,0.186579,-0.294316
7.820000,0.527408,345.887168,-49.450086,-223.414455,0.856917,-0.015818,-0.171258
7.821000,0.265616,350.809451,-160.875316,-151.212066,0.866632,-0.239264,-0.012579
7.822000,0.138451,310.938959,-261.886160,-66.263602,0.790531,-0.435184,0.170387
7.823000,-0.112635,250.368973,-327.093820,28.814330,0.672331,-0.561479,0.376022
7.824000,-0.362749,181.301566,-344.321920,135.524321,0.521748,-0.592244,0.602707
7.825000,-0.830860,101.975060,-314.580782,240.239433,0.354973,-0.535573,0.813200
7.826000,-1.085191,12.803938,-260.072679,317.337927,0.167149,-0.425469,0.965402
7.827000,-1.208139,-90.097867,-195.849558,350.446756,-0.040105,-0.291077,1.033407
7.828000,-1.076432,-201.678600,-119.553920,332.545190,-0.260313,-0.127541,0.999405
7.829000,-0.768575,-292.793078,-34.864558,283.296455,-0.438422,0.053807,0.900635
7.830000,-0.393567,-344.917779,62.519048,223.918178,-0.538811,0.252965,0.772720
7.831000,-0.200872,-346.731264,173.581352,151.793767,-0.546907,0.473173,0.617279
7.832000,-0.050999,-305.720621,273.063288,66.975013,-0.464329,0.667474,0.432694
7.833000,0.199439,-245.331666,335.731721,-28.828274,-0.344510,0.788912,0.230297
7.834000,0.492048,-175.409054,349.177325,-136.626519,-0.198784,0.811580,0.001993
7.835000,0.905984,-95.590112,317.441554,-240.020757,-0.027152,0.746813,-0.208499
7.836000,1.204758,-6.056204,263.270536,-314.192179,0.160672,0.639948,-0.357463
7.837000,1.357550,97.545003,199.928524,-344.736431,0.369546,0.505556,-0.418992
7.838000,1.170696,209.669464,123.348142,-325.435778,0.589753,0.343639,-0.381751
7.839000,0.851161,300.084030,37.467195,-275.772251,0.766243,0.160672,-0.279743
7.840000,0.513459,350.058155,-61.963072,-215.823744,0.865013,-0.043344,-0.151828
7.841000,0.297083,348.451936,-174.191433,-142.351929,0.863394,-0.266790,0.006851
7.842000,0.140073,305.058127,-272.145286,-56.289482,0.777578,-0.454614,0.193056
7.843000,-0.127558,243.400057,-332.119761,40.860983,0.651282,-0.572814,0.397072
7.844000,-0.379293,171.301557,-342.456622,149.591693,0.500699,-0.589005,0.628614
7.845000,-0.816586,89.902506,-307.793173,252.519234,0.329066,-0.521000,0.835868
7.846000,-1.061834,-0.641685,-251.678850,324.229123,0.139623,-0.409277,0.978355
7.847000,-1.164020,-104.605685,-186.730346,351.042612,-0.072489,-0.271647,1.031788
7.848000,-1.027772,-215.512862,-109.424353,327.985602,-0.287839,-0.103253,0.989689
7.849000,-0.710831,-302.922676,-23.206500,276.146192,-0.457852,0.076475,0.887682
7.850000,-0.337770,-348.933353,76.430985,214.643560,-0.548526,0.280491,0.756528
7.851000,-0.141831,-343.518806,187.959602,140.705674,-0.542049,0.497461,0.591373
7.852000,-0.010449,-299.010734,283.322362,55.550126,-0.452995,0.686904,0.410025
7.853000,0.241286,-237.352349,340.394936,-41.004469,-0.326699,0.797008,0.204390
7.854000,0.514108,-164.554087,347.104785,-150.616209,-0.172878,0.808342,-0.025533
7.855000,0.908579,-82.740333,310.265384,-251.212526,0.000374,0.735479,-0.231168
7.856000,1.184320,8.218437,254.099546,-319.762164,0.189817,0.622137,-0.367179
7.857000,1.316027,112.415487,189.695355,-343.855596,0.400310,0.486126,-0.415754
7.858000,1.128523,222.648747,112.726369,-320.047140,0.615660,0.319351,-0.368798
7.859000,0.803149,308.866419,26.223652,-268.829205,0.784054,0.138004,-0.270028
7.860000,0.457013,352.985618,-74.916476,-206.989505,0.868251,-0.069250,-0.137256
7.861000,0.222147,344.488203,-187.533458,-131.574688,0.853679,-0.289458,0.027900
7.862000,0.082330,298.322371,-281.264511,-45.486346,0.766243,-0.474044,0.217343
7.863000,-0.174920,236.301607,-336.213054,51.974991,0.638329,-0.579290,0.424598
7.864000,-0.409138,162.156471,-340.487696,162.363725,0.484507,-0.585767,0.649663
7.865000,-0.845782,79.203010,-301.523703,262.467427,0.308017,-0.508047,0.855298
7.866000,-1.080974,-13.491453,-243.803160,328.814618,0.112097,-0.389847,0.989689
7.867000,-1.177645,-118.828529,-177.585229,349.255046,-0.100015,-0.250598,1.030169
7.868000,-1.023230,-227.119136,-99.579762,322.493371,-0.312127,-0.085442,0.978355
7.869000,-0.699153,-310.332050,-12.895596,270.084012,-0.469186,0.100763,0.871490
7.870000,-0.333228,-351.420417,88.192659,207.493296,-0.551764,0.298302,0.741956
7.871000,-0.136317,-339.606861,200.446659,131.923281,-0.530715,0.528225,0.575181
7.872000,0.008042,-292.715358,292.286098,45.809178,-0.436803,0.704715,0.390595
7.873000,0.257182,-231.212421,344.255042,-51.937139,-0.313746,0.803484,0.178483
7.874000,0.540384,-156.989290,345.265406,-162.585167,-0.158305,0.806723,-0.049820
7.875000,0.923502,-73.491601,305.109940,-261.108954,0.018185,0.724145,-0.247360
7.876000,1.195674,20.265092,247.311977,-324.865825,0.212486,0.610803,-0.378513
7.877000,1.310188,127.337784,180.938871,-342.352994,0.427836,0.463458,-0.412515
7.878000,1.104518,235.265336,102.311848,-314.477155,0.641567,0.298302,-0.359083
7.879000,0.782387,317.078859,14.980108,-262.482019,0.798627,0.113716,-0.255455
7.880000,0.452472,355.835361,-88.103043,-199.606051,0.876347,-0.096776,-0.119445
7.881000,0.226040,340.498563,-201.264090,-122.015069,0.847202,-0.316984,0.047330
7.882000,0.072922,290.705786,-291.420013,-34.475956,0.746813,-0.493474,0.241631
7.883000,-0.188545,228.710928,-340.228627,64.306616,0.622137,-0.587386,0.448885
7.884000,-0.414329,153.166826,-338.259701,175.472545,0.463458,-0.584148,0.672331
7.885000,-0.817560,68.555327,-296.083254,272.674687,0.286968,-0.496712,0.874728
7.886000,-1.065727,-26.367129,-236.212447,334.462290,0.091048,-0.376894,1.001024
7.887000,-1.133202,-134.657600,-166.989330,347.597013,-0.130779,-0.227930,1.026930
7.888000,-0.961269,-240.538894,-87.170398,315.576268,-0.338033,-0.054678,0.963783
7.889000,-0.644329,-318.803608,-0.019922,261.871571,-0.488617,0.123431,0.855298
7.890000,-0.275160,-353.829762,102.493196,198.400025,-0.558241,0.333924,0.720907
7.891000,-0.083115,-335.228591,214.617654,120.861093,-0.521000,0.552512,0.550893
7.892000,0.048916,-283.647945,302.389731,33.425737,-0.420611,0.724145,0.363069
7.893000,0.305193,-221.860043,347.493386,-65.512305,-0.295935,0.811580,0.152576
7.894000,0.567958,-146.341581,342.078875,-175.823564,-0.135637,0.798627,-0.075727
7.895000,0.908904,-62.299861,299.151387,-270.461339,0.039234,0.711192,-0.268409
7.896000,1.171344,32.933508,239.721298,-329.736325,0.235154,0.594611,-0.389847
7.897000,1.279045,142.156452,170.265287,-340.487696,0.456981,0.445647,-0.412515
7.898000,1.062346,247.571044,89.850693,-307.300942,0.662616,0.275634,-0.344510
7.899000,0.729835,323.995962,1.819460,-253.958655,0.814819,0.089429,-0.236025
7.900000,0.384023,356.949351,-101.885469,-190.227771,0.876347,-0.125922,-0.100015
7.901000,0.163430,335.938975,-213.854823,-111.574619,0.835868,-0.344510,0.069999
7.902000,0.012259,282.726507,-300.124730,-23.258314,0.733860,-0.511285,0.265919
7.903000,-0.245640,219.954445,-342.948853,76.897307,0.604326,-0.590625,0.478030
7.904000,-0.442227,143.762671,-334.684546,188.115043,0.445647,-0.572814,0.706334
7.905000,-0.853244,58.840286,-290.098761,281.198008,0.264299,-0.485378,0.894158
7.906000,-1.071890,-37.481145,-229.735730,338.426023,0.066760,-0.360702,1.009120
7.907000,-1.136122,-147.611016,-158.465980,345.576287,-0.155067,-0.210119,1.023692
7.908000,-0.958999,-251.419781,-76.678139,309.332741,-0.359083,-0.033629,0.954068
7.909000,-0.632002,-324.373594,12.259895,254.591774,-0.498332,0.149338,0.840725
7.910000,-0.260238,-353.881575,115.757460,190.239397,-0.556622,0.359831,0.699857
7.911000,-0.062678,-331.057578,226.172066,111.612378,-0.511285,0.576800,0.528225
7.912000,0.070651,-277.300757,310.524451,23.477533,-0.414135,0.738717,0.338781
7.913000,0.322387,-214.372960,350.213595,-77.455343,-0.278124,0.814819,0.126670
7.914000,0.579637,-137.947768,338.659184,-188.802894,-0.116206,0.790531,-0.103253
7.915000,0.928368,-53.077039,293.192834,-280.046887,0.063522,0.699857,-0.289458
7.916000,1.177508,43.762542,233.866372,-334.218222,0.259442,0.581658,-0.396324
7.917000,1.271260,155.083926,162.778234,-339.166443,0.481269,0.429455,-0.407658
7.918000,1.050667,258.918202,79.850679,-301.782772,0.683666,0.248108,-0.339653
7.919000,0.711992,330.239489,-11.341189,-246.782451,0.824534,0.061903,-0.219834
7.920000,0.382077,356.768004,-116.937331,-180.927212,0.877966,-0.153447,-0.080585
7.921000,0.161808,331.094412,-226.652813,-100.978730,0.827772,-0.368798,0.097525
7.922000,-0.019857,275.705777,-308.777636,-11.937045,0.719287,-0.527477,0.286968
7.923000,-0.269321,211.379309,-345.669080,89.980227,0.586515,-0.597101,0.502318
7.924000,-0.451959,133.374060,-330.099022,202.415572,0.422979,-0.564718,0.735479
7.925000,-0.821128,47.674466,-282.689390,291.767963,0.240012,-0.470806,0.915207
7.926000,-1.044965,-49.838688,-222.093205,342.830171,0.040853,-0.344510,1.018835
7.927000,-1.093950,-161.160291,-149.294960,344.021882,-0.180973,-0.190688,1.022073
7.928000,-0.896713,-262.792901,-65.823186,303.607349,-0.376894,-0.010960,0.942733
7.929000,-0.574907,-330.746695,26.275465,246.353427,-0.514523,0.178483,0.821295
7.930000,-0.196655,-352.923019,132.260069,178.866330,-0.556622,0.395453,0.677189
7.931000,0.001878,-324.891732,239.643578,98.995782,-0.504808,0.602707,0.503937
7.932000,0.111850,-268.958739,318.788705,10.886836,-0.394704,0.753290,0.306398
7.933000,0.370722,-204.787422,352.312042,-91.367301,-0.260313,0.818057,0.095905
7.934000,0.594559,-126.652391,333.374206,-202.740781,-0.093538,0.782435,-0.132398
7.935000,0.923502,-41.004469,284.799047,-289.528810,0.086190,0.683666,-0.310507
7.936000,1.150258,56.482770,225.239423,-337.612028,0.286968,0.560608,-0.404420
7.937000,1.236549,168.166839,152.959572,-336.731193,0.510414,0.406787,-0.401181
7.938000,1.014983,269.151369,69.410250,-296.342323,0.706334,0.231916,-0.325080
7.939000,0.658466,335.524467,-24.190958,-239.191737,0.835868,0.034377,-0.205261
7.940000,0.313628,354.695464,-132.274172,-170.201779,0.874728,-0.184212,-0.057916
7.941000,0.092386,324.436377,-238.751320,-88.672993,0.816438,-0.393085,0.123431
7.942000,-0.078898,268.063285,-315.513431,0.472307,0.704715,-0.540430,0.316113
7.943000,-0.320252,202.778267,-346.808985,103.399933,0.568704,-0.597101,0.533082
7.944000,-0.481155,123.399956,-325.694847,214.565840,0.401929,-0.556622,0.758148
7.945000,-0.824048,37.026779,-275.202299,300.343098,0.218963,-0.454614,0.929780
7.946000,-1.050804,-61.626284,-214.165705,345.731727,0.014947,-0.329937,1.023692
7.947000,-1.100113,-173.466041,-140.797519,340.913071,-0.210119,-0.171258,1.015596
7.948000,-0.895740,-272.093473,-56.755805,298.115117,-0.399562,0.003612,0.929780
7.949000,-0.571014,-335.306312,37.285847,240.343060,-0.522619,0.197913,0.809961
7.950000,-0.192114,-350.746837,145.861119,170.653888,-0.553384,0.421359,0.662616
7.951000,0.019072,-318.622260,250.809388,88.607168,-0.493474,0.622137,0.476411
7.952000,0.159862,-262.352484,324.747258,-1.159820,-0.378513,0.766243,0.285349
7.953000,0.398621,-197.118993,353.166965,-104.631591,-0.242502,0.819676,0.066760
7.954000,0.620187,-117.662722,329.514100,-214.839283,-0.074108,0.774339,-0.155067
7.955000,0.936154,-30.849005,278.425986,-298.337154,0.107240,0.669093,-0.326699
7.956000,1.150258,68.555327,217.985532,-341.109462,0.312875,0.544417,-0.412515
7.957000,1.224870,181.482913,144.513968,-333.700083,0.537940,0.387357,-0.397943
7.958000,0.998763,279.462256,60.083811,-290.539179,0.727383,0.209248,-0.310507
7.959000,0.653600,341.146232,-35.512228,-233.129530,0.847202,0.011708,-0.192308
7.960000,0.304869,353.115152,-146.600649,-161.937497,0.869871,-0.216595,-0.040105
7.961000,0.100496,317.674715,-250.953458,-77.507157,0.800246,-0.415754,0.147719
7.962000,-0.111987,260.161726,-321.860624,14.099277,0.688523,-0.551764,0.346877
7.963000,-0.329660,193.529555,-347.068054,118.477671,0.547655,-0.600340,0.563847
7.964000,-0.474667,112.881809,-320.772534,227.933725,0.377642,-0.546907,0.782435
7.965000,-0.837348,25.394635,-267.715209,309.902689,0.194675,-0.440041,0.950829
7.966000,-1.026150,-75.201451,-205.538721,349.099605,-0.010960,-0.312127,1.031788
7.967000,-1.046263,-187.999782,-130.201626,337.078872,-0.234406,-0.151828,1.004262
7.968000,-0.846431,-282.896645,-45.745414,290.913040,-0.422230,0.026281,0.910350
7.969000,-0.524301,-341.005834,49.487940,232.648754,-0.532334,0.225439,0.795389
7.970000,-0.150915,-349.477398,160.187558,160.938854,-0.548526,0.447266,0.638329
7.971000,0.070003,-311.290605,262.959655,76.094197,-0.477282,0.646425,0.453743
7.972000,0.198465,-253.051915,330.602184,-16.030318,-0.359083,0.777578,0.254584
7.973000,0.431710,-186.186302,351.845721,-120.616100,-0.221453,0.818057,0.035996
7.974000,0.626675,-106.030560,323.607361,-227.663181,-0.049820,0.759767,-0.182593
7.975000,0.930314,-18.854159,270.628054,-306.653270,0.133146,0.657759,-0.341272
7.976000,1.130470,82.208196,208.969981,-343.337457,0.340401,0.524987,-0.417373
7.977000,1.186591,195.343028,133.399967,-329.347721,0.562228,0.363069,-0.391466
7.978000,0.948481,289.306822,48.840271,-282.974366,0.745194,0.188198,-0.295935
7.979000,0.600398,345.654007,-47.377542,-225.227935,0.852060,-0.014199,-0.176116
7.980000,0.245504,351.534840,-159.398626,-152.455594,0.866632,-0.237645,-0.019056
7.981000,0.040158,311.172120,-261.264395,-66.496763,0.790531,-0.433565,0.168768
7.982000,-0.176218,251.586591,-326.627496,27.285830,0.670712,-0.559860,0.371165
7.983000,-0.375076,183.244572,-344.917779,133.374060,0.526606,-0.593863,0.592992
7.984000,-0.504188,102.078688,-314.813945,239.539951,0.354973,-0.535573,0.808342
7.985000,-0.847404,14.202904,-261.005326,316.534818,0.172007,-0.425469,0.963783
7.986000,-1.029718,-87.740347,-197.818478,350.498570,-0.038486,-0.295935,1.035026
7.987000,-1.041721,-200.512791,-120.771541,333.089232,-0.261932,-0.129160,0.997785
7.988000,-0.830536,-292.015872,-35.667669,283.995938,-0.436803,0.048949,0.902254
7.989000,-0.508729,-344.736431,60.576040,225.705744,-0.538811,0.248108,0.777578
7.990000,-0.123341,-347.378937,172.286014,153.140919,-0.545288,0.473173,0.620518
7.991000,0.075517,-305.979690,272.571060,67.130454,-0.467567,0.667474,0.434313
7.992000,0.232852,-246.419754,335.317213,-27.351587,-0.347748,0.788912,0.230297
7.993000,0.465123,-177.326161,349.902714,-134.761228,-0.200404,0.811580,0.006851
7.994000,0.649383,-95.641926,317.674715,-239.347178,-0.028771,0.751671,-0.206880
7.995000,0.946534,-7.403357,264.203179,-313.363158,0.159053,0.643186,-0.354225
7.996000,1.132416,95.291114,201.845623,-344.891872,0.366307,0.513652,-0.418992
7.997000,1.173615,208.503660,124.436226,-325.928009,0.588134,0.345258,-0.384989
7.998000,0.930963,299.358641,38.218491,-276.290388,0.764624,0.162291,-0.284601
7.999000,0.588071,350.032248,-59.942342,-217.559504,0.865013,-0.038486,-0.161543
8.000000,0.238691,349.203232,-172.896090,-143.724991,0.863394,-0.263551,0.000374
8.001000,0.045672,305.369008,-271.704869,-56.393109,0.774339,-0.459471,0.188198
8.002000,-0.200872,244.436327,-331.834785,39.410203,0.657759,-0.569575,0.397072
8.003000,-0.403623,173.115030,-343.104295,148.270448,0.507176,-0.592244,0.623756
8.004000,-0.494131,89.876600,-307.819080,252.027006,0.330686,-0.524238,0.832630
8.005000,-0.833131,0.653655,-252.585591,323.659174,0.142861,-0.407658,0.979974
8.006000,-0.999224,-102.377698,-188.725174,351.483026,-0.066012,-0.273266,1.035026
8.007000,-0.997927,-214.398867,-110.512440,328.555550,-0.286220,-0.106491,0.991309
8.008000,-0.777658,-302.197283,-23.828263,276.664327,-0.456233,0.078094,0.886062
8.009000,-0.450986,-348.881539,74.487978,216.327499,-0.546907,0.278872,0.759767
8.010000,-0.079871,-344.321920,186.716078,142.285986,-0.538811,0.502318,0.596230
8.011000,0.125800,-299.295710,282.907854,55.524219,-0.451376,0.685285,0.408406
8.012000,0.270483,-238.336810,340.213589,-40.149545,-0.329937,0.798627,0.206009
8.013000,0.491400,-166.289846,347.881988,-149.087705,-0.177735,0.811580,-0.020675
8.014000,0.656195,-82.533078,310.161757,-250.849830,-0.002864,0.737098,-0.229549
8.015000,0.931936,6.974911,254.928562,-319.244026,0.184960,0.625375,-0.367179
8.016000,1.099327,110.265226,191.664268,-344.373734,0.393833,0.489365,-0.417373
8.017000,1.135985,221.612477,113.814453,-320.668906,0.615660,0.322590,-0.373655
8.018000,0.886520,308.218750,26.741787,-269.269622,0.777578,0.136385,-0.273266
8.019000,0.534545,353.063338,-73.180720,-208.543917,0.868251,-0.064393,-0.138875
8.020000,0.180299,345.317219,-186.341743,-132.870029,0.853679,-0.289458,0.024662
8.021000,-0.025696,298.555532,-280.979535,-45.564066,0.764624,-0.474044,0.215724
8.022000,-0.246613,237.260156,-336.031706,50.627838,0.641567,-0.576052,0.419740
8.023000,-0.435739,163.892224,-341.109462,160.835227,0.489365,-0.585767,0.649663
8.024000,-0.523652,78.840315,-301.420075,262.130639,0.304779,-0.506427,0.856917
8.025000,-0.847729,-12.377461,-244.658087,328.322390,0.116955,-0.393085,0.988070
8.026000,-1.001495,-116.730077,-179.502336,349.850901,-0.096776,-0.255455,1.033407
8.027000,-0.993710,-226.160582,-100.538314,323.115133,-0.307269,-0.087061,0.983213
8.028000,-0.772143,-309.813912,-13.465546,270.524427,-0.474044,0.099144,0.871490
8.029000,-0.446120,-351.472231,86.508719,209.021795,-0.553384,0.298302,0.745194
8.030000,-0.043862,-340.487696,199.462202,133.037272,-0.532334,0.524987,0.576800
8.031000,0.165052,-293.078054,291.949310,45.835084,-0.440041,0.701476,0.385738
8.032000,0.299679,-232.093255,344.099602,-50.771333,-0.315365,0.801865,0.183341
8.033000,0.514432,-158.595514,346.094422,-161.186198,-0.161543,0.808342,-0.046582
8.034000,0.670469,-73.128906,304.876779,-260.875792,0.019804,0.722526,-0.247360
8.035000,0.930314,19.254727,248.011459,-324.606756,0.207628,0.605945,-0.380132
8.036000,1.094461,125.291150,182.752344,-342.922946,0.427836,0.473173,-0.417373
8.037000,1.121711,234.358600,103.374026,-315.150734,0.639948,0.303160,-0.363940
8.038000,0.874842,316.638445,15.524150,-262.948343,0.798627,0.116955,-0.257075
8.039000,0.523191,356.042615,-86.470914,-201.056835,0.876347,-0.091919,-0.124302
8.040000,0.189707,341.223952,-200.357350,-123.103155,0.848821,-0.318603,0.047330
8.041000,-0.027318,290.809413,-291.109130,-34.320515,0.748433,-0.491855,0.240012
8.042000,-0.268024,229.591757,-340.099092,63.270345,0.622137,-0.585767,0.447266
8.043000,-0.436388,154.747138,-338.933281,174.254928,0.465077,-0.580910,0.675570
8.044000,-0.511649,68.192632,-295.824185,272.545153,0.283730,-0.496712,0.876347
8.045000,-0.838646,-25.512205,-236.834212,334.125502,0.091048,-0.375274,0.999405
8.046000,-0.962243,-132.844122,-168.750996,348.141055,-0.125922,-0.234406,1.026930
8.047000,-0.936290,-239.787595,-88.128950,316.249843,-0.338033,-0.061155,0.963783
8.048000,-0.717644,-318.492726,-0.512151,262.234266,-0.488617,0.126670,0.858536
8.049000,-0.399406,-354.114738,100.886976,199.876710,-0.558241,0.330686,0.725764
8.050000,-0.011422,-336.005799,213.788638,121.923270,-0.524238,0.555751,0.554132
8.051000,0.194573,-283.751573,302.234291,33.296203,-0.420611,0.724145,0.359831
8.052000,0.342824,-222.740876,347.545200,-64.527846,-0.299173,0.811580,0.150957
8.053000,0.530328,-148.206873,343.063332,-174.761383,-0.138875,0.798627,-0.074108
8.054000,0.671442,-61.729911,298.944133,-270.435432,0.042473,0.712811,-0.268409
8.055000,0.925773,32.363559,240.187620,-329.451349,0.236774,0.594611,-0.386609
8.056000,1.057480,140.446606,171.897413,-341.031741,0.453743,0.448885,-0.410896
8.057000,1.068509,246.767935,90.731523,-307.819080,0.662616,0.277253,-0.347748
8.058000,0.820342,323.788708,2.259876,-254.321352,0.809961,0.086190,-0.237645
8.059000,0.470962,357.312046,-100.305153,-191.704461,0.877966,-0.121064,-0.104872
8.060000,0.124502,336.767991,-213.103524,-112.636799,0.839106,-0.342891,0.069999
8.061000,-0.087981,282.674693,-299.969289,-22.973339,0.732241,-0.508047,0.262680
8.062000,-0.317008,220.835275,-342.897039,75.912850,0.609184,-0.592244,0.473173
8.063000,-0.467206,145.317077,-335.461754,186.923332,0.448885,-0.576052,0.704715
8.064000,-0.534357,58.296244,-289.865599,281.405262,0.264299,-0.485378,0.892539
8.065000,-0.836050,-36.859382,-230.150240,338.166956,0.066760,-0.363940,1.007500
8.066000,-0.957052,-146.030699,-160.046297,346.146235,-0.153447,-0.213357,1.026930
8.067000,-0.938886,-250.875737,-77.403530,309.850876,-0.357463,-0.036867,0.954068
8.068000,-0.721537,-324.166339,11.897200,254.876748,-0.499951,0.147719,0.839106
8.069000,-0.395189,-354.296086,114.358495,191.741989,-0.558241,0.358212,0.703096
8.070000,-0.002015,-331.860692,225.576211,112.622742,-0.516143,0.576800,0.533082
8.071000,0.219227,-277.197129,310.498544,23.244372,-0.409277,0.740337,0.337162
8.072000,0.392782,-215.150166,350.498570,-76.470884,-0.282981,0.814819,0.126670
8.073000,0.559524,-139.424457,339.410480,-187.714806,-0.119445,0.792150,-0.104872
8.074000,0.682148,-52.455275,292.907860,-279.943260,0.063522,0.699857,-0.284601
8.075000,0.928368,43.166686,234.229066,-333.985059,0.259442,0.581658,-0.396324
8.076000,1.055209,153.659054,164.280826,-339.710488,0.482888,0.429455,-0.407658
8.077000,1.062994,258.503694,80.524255,-302.197283,0.686904,0.254584,-0.334795
8.078000,0.798608,330.084049,-11.082121,-246.989706,0.824534,0.061903,-0.223072
8.079000,0.457662,357.286139,-115.590177,-182.377996,0.876347,-0.151828,-0.082204
8.080000,0.125151,331.923428,-226.056955,-101.911376,0.829391,-0.367179,0.092667
8.081000,-0.106472,275.472616,-308.751729,-11.522536,0.719287,-0.527477,0.286968
8.082000,-0.341663,212.078792,-345.798615,89.410278,0.589753,-0.598720,0.499080
8.083000,-0.470774,134.747118,-330.928043,201.431115,0.426217,-0.567956,0.730622
8.084000,-0.525274,47.052703,-282.326694,291.767963,0.240012,-0.469186,0.913588
8.085000,-0.806205,-49.242832,-222.507714,342.726544,0.039234,-0.349368,1.013977
8.086000,-0.919746,-159.813136,-150.771650,344.695457,-0.179354,-0.193927,1.022073
8.087000,-0.876601,-262.430205,-66.393136,303.995950,-0.378513,-0.017437,0.941114
8.088000,-0.665740,-330.617160,26.145931,246.405240,-0.509666,0.180102,0.822915
8.089000,-0.345880,-353.363437,130.964731,180.213482,-0.555003,0.393833,0.680427
8.090000,0.028804,-325.643033,239.151349,99.954333,-0.503189,0.602707,0.502318
8.091000,0.249396,-268.932833,318.840519,10.368700,-0.393085,0.758148,0.304779
8.092000,0.424249,-205.435094,352.519296,-90.641911,-0.261932,0.819676,0.100763
8.093000,0.582232,-128.025452,334.255036,-201.756320,-0.098396,0.785674,-0.129160
8.094000,0.680850,-40.356799,284.384539,-289.476996,0.087809,0.682046,-0.308888
8.095000,0.908255,56.016448,225.576211,-337.534307,0.286968,0.562228,-0.401181
8.096000,1.020498,166.923315,154.358537,-337.378866,0.508795,0.410025,-0.406039
8.097000,1.022120,268.840488,70.006106,-296.627299,0.704715,0.231916,-0.326699
8.098000,0.753840,335.369026,-24.113238,-239.191737,0.831010,0.034377,-0.210119
8.099000,0.396026,355.109972,-131.082458,-171.419400,0.871490,-0.182593,-0.057916
8.100000,0.059946,325.161766,-238.336810,-89.657452,0.814819,-0.393085,0.123431
8.101000,-0.175569,267.726497,-315.565245,0.446400,0.703096,-0.537192,0.316113
8.102000,-0.396811,203.348215,-347.042147,102.674543,0.568704,-0.595482,0.529844
8.103000,-0.511973,124.695294,-326.394333,213.710917,0.405168,-0.556622,0.756528
8.104000,-0.534681,36.275483,-274.761882,300.369005,0.215724,-0.454614,0.931399
8.105000,-0.809774,-61.159961,-214.528401,345.628100,0.018185,-0.331557,1.023692
8.106000,-0.914880,-172.274326,-142.170581,341.483020,-0.205261,-0.177735,1.015596
8.107000,-0.879196,-271.808497,-57.299847,298.425998,-0.397943,0.005232,0.931399
8.108000,-0.660874,-335.124964,37.234034,240.291247,-0.519381,0.202771,0.811580
8.109000,-0.326416,-351.187255,144.747128,171.793786,-0.553384,0.416502,0.664235
8.110000,0.049241,-319.373560,250.472600,89.410278,-0.491855,0.625375,0.481269
8.111000,0.286054,-262.222950,324.876792,-1.626143,-0.376894,0.766243,0.285349
8.112000,0.460257,-197.663037,353.322406,-103.698946,-0.247360,0.821295,0.068379
8.113000,0.607860,-118.906250,330.135862,-214.139798,-0.077346,0.774339,-0.155067
8.114000,0.702585,-30.097707,277.804224,-298.363061,0.110478,0.669093,-0.325080
8.115000,0.913770,68.244445,218.166879,-340.928113,0.312875,0.546036,-0.409277
8.116000,1.017254,180.291202,145.809306,-334.321849,0.533082,0.388976,-0.397943
8.117000,1.008171,279.151375,60.576040,-290.850061,0.725764,0.214105,-0.313746
8.118000,0.748974,340.938978,-35.589948,-233.051809,0.842345,0.008470,-0.197165
8.119000,0.402838,353.529660,-145.616190,-163.025584,0.871490,-0.210119,-0.041724
8.120000,0.079410,318.218757,-250.564854,-78.103013,0.800246,-0.414135,0.144481
8.121000,-0.199575,259.643591,-321.938344,14.617413,0.686904,-0.550145,0.343639
8.122000,-0.408165,193.918156,-347.223496,117.907722,0.550893,-0.595482,0.560608
8.123000,-0.508405,114.125334,-321.446113,227.286056,0.379261,-0.548526,0.784054
8.124000,-0.538250,24.591524,-267.041630,309.773155,0.193056,-0.440041,0.949210
8.125000,-0.793554,-74.838755,-205.694162,348.944165,-0.009341,-0.312127,1.033407
8.126000,-0.871735,-186.911694,-131.445154,337.597007,-0.236025,-0.155067,1.005881
8.127000,-0.821128,-282.637576,-46.159923,291.146201,-0.418992,0.027900,0.915207
8.128000,-0.613187,-340.902207,49.565660,232.493314,-0.532334,0.227058,0.793769
8.129000,-0.282946,-349.866002,159.306728,161.975124,-0.550145,0.448885,0.641567
8.130000,0.086223,-311.990092,262.622867,76.741867,-0.475663,0.646425,0.453743
8.131000,0.336985,-252.456056,330.705811,-16.729802,-0.359083,0.777578,0.252965
8.132000,0.489129,-186.600812,352.052975,-120.123871,-0.221453,0.814819,0.035996
8.133000,0.621160,-107.196367,324.306843,-226.989602,-0.049820,0.761386,-0.180973
8.134000,0.703234,-17.999234,269.799038,-306.653270,0.136385,0.652901,-0.342891
8.135000,0.892035,81.897314,209.021795,-343.259736,0.337162,0.524987,-0.417373
8.136000,0.980597,194.358571,134.669398,-329.891767,0.560608,0.369546,-0.389847
8.137000,0.968594,289.047754,49.228872,-283.233435,0.745194,0.188198,-0.295935
8.138000,0.698043,345.524473,-47.532983,-225.098401,0.855298,-0.012579,-0.176116
8.139000,0.336336,351.897534,-158.621421,-153.569588,0.868251,-0.236025,-0.020675
8.140000,0.015179,311.742069,-261.031233,-67.118527,0.790531,-0.435184,0.168768
8.141000,-0.118475,250.887108,-326.731123,27.959406,0.669093,-0.559860,0.376022
8.142000,-0.464611,183.633174,-345.073221,132.778204,0.528225,-0.593863,0.594611
8.143000,-0.558038,103.218585,-315.487524,238.866375,0.358212,-0.535573,0.806723
8.144000,-0.551226,13.373887,-260.228120,316.534818,0.167149,-0.422230,0.963783
8.145000,-0.805232,-87.429466,-197.766665,350.498570,-0.036867,-0.295935,1.031788
8.146000,-0.878547,-199.554238,-121.911441,333.659181,-0.257075,-0.135637,1.001024
8.147000,-0.833455,-291.860430,-36.056271,284.203192,-0.438422,0.047330,0.900635
8.148000,-0.618053,-344.580989,60.705574,225.420770,-0.538811,0.248108,0.780816
8.149000,-0.252777,-347.741634,171.482904,154.073562,-0.550145,0.471554,0.625375
8.150000,0.111202,-306.549642,272.415620,67.519056,-0.465948,0.667474,0.437551
8.151000,0.399919,-245.746176,335.394933,-28.076977,-0.346129,0.785674,0.231916
8.152000,0.517027,-177.585229,349.954528,-134.372625,-0.205261,0.809961,0.005232
8.153000,0.629595,-96.730012,318.296477,-238.854948,-0.028771,0.751671,-0.205261
8.154000,0.700963,-6.574339,263.348256,-313.518599,0.159053,0.638329,-0.354225
8.155000,0.886520,95.006140,201.871530,-344.840059,0.366307,0.512033,-0.417373
8.156000,0.959835,207.648737,125.524310,-326.446147,0.588134,0.346877,-0.383370
8.157000,0.942966,299.177294,38.555279,-276.523550,0.766243,0.167149,-0.284601
8.158000,0.694475,349.850901,-60.123689,-217.222715,0.863394,-0.038486,-0.161543
8.159000,0.342175,349.540020,-172.144792,-144.579916,0.863394,-0.263551,-0.002864
8.160000,0.028804,305.809422,-271.523521,-56.988966,0.779197,-0.452995,0.188198
8.161000,-0.306627,243.659124,-331.808878,40.265127,0.654520,-0.567956,0.398691
8.162000,-0.478236,173.348191,-343.207923,147.881846,0.507176,-0.590625,0.625375
8.163000,-0.536628,90.912870,-308.518567,251.534777,0.330686,-0.519381,0.832630
8.164000,-0.543765,-0.227176,-251.730664,323.685081,0.139623,-0.409277,0.978355
8.165000,-0.769872,-102.144537,-188.673360,351.327586,-0.064393,-0.273266,1.036646
8.166000,-0.822426,-213.569847,-111.600526,329.151406,-0.286220,-0.112968,0.991309
8.167000,-0.773117,-302.041841,-24.165051,276.793861,-0.456233,0.074856,0.886062
8.168000,-0.567446,-348.726097,74.850672,215.938898,-0.548526,0.278872,0.759767
8.169000,-0.224554,-344.710524,186.016595,142.933655,-0.540430,0.499080,0.599469
8.170000,0.150130,-299.762034,282.752414,56.042354,-0.451376,0.688523,0.410025
8.171000,0.439820,-236.652864,340.109962,-41.030376,-0.329937,0.797008,0.204390
8.172000,0.547521,-166.471194,347.933801,-148.802730,-0.179354,0.809961,-0.020675
8.173000,0.646139,-83.595257,310.861239,-250.409413,0.000374,0.737098,-0.229549
8.174000,0.701612,7.881648,254.099546,-319.114491,0.188198,0.622137,-0.363940
8.175000,0.864137,110.057972,191.638362,-344.140572,0.397072,0.489365,-0.417373
8.176000,0.924475,220.809368,114.876630,-321.109323,0.614041,0.325828,-0.372036
8.177000,0.909553,308.115123,27.078576,-269.373250,0.780816,0.142861,-0.268409
8.178000,0.643219,352.933804,-73.387974,-208.233034,0.869871,-0.067631,-0.142113
8.179000,0.279890,345.705820,-185.745886,-133.750861,0.855298,-0.289458,0.024662
8.180000,-0.023101,299.047760,-280.850001,-46.108109,0.766243,-0.475663,0.214105
8.181000,-0.349448,236.457047,-335.772637,51.430948,0.639948,-0.577671,0.422979
8.182000,-0.522030,164.021758,-341.109462,160.576159,0.487746,-0.585767,0.646425
8.183000,-0.579124,79.798866,-301.964120,261.638411,0.308017,-0.509666,0.852060
8.184000,-0.554146,-13.310105,-243.595905,328.426017,0.112097,-0.393085,0.986451
8.185000,-0.767926,-116.574636,-179.398708,349.721367,-0.100015,-0.255455,1.026930
8.186000,-0.824372,-225.383376,-101.626401,323.685081,-0.310507,-0.087061,0.979974
8.187000,-0.774090,-309.658470,-13.802334,270.628054,-0.472425,0.097525,0.874728
8.188000,-0.561607,-351.264976,86.767787,208.659100,-0.553384,0.296683,0.741956
8.189000,-0.225527,-340.850393,198.840440,133.918102,-0.529096,0.524987,0.578419
8.190000,0.159537,-293.311216,291.845683,46.430940,-0.438422,0.706334,0.387357
8.191000,0.487507,-231.316049,343.866441,-51.574444,-0.315365,0.803484,0.181722
8.192000,0.584827,-158.673235,346.042608,-161.030757,-0.161543,0.809961,-0.046582
8.193000,0.673389,-74.113365,305.550355,-260.461282,0.018185,0.727383,-0.247360
8.194000,0.710370,20.265092,247.104723,-324.606756,0.214105,0.609184,-0.378513
8.195000,0.857324,125.135709,182.700531,-342.793412,0.426217,0.469935,-0.415754
8.196000,0.906309,233.659118,104.410297,-315.694779,0.635090,0.303160,-0.362321
8.197000,0.905984,316.483004,15.731405,-263.051970,0.800246,0.113716,-0.255455
8.198000,0.651978,355.783547,-86.729982,-200.668232,0.873109,-0.093538,-0.127541
8.199000,0.294164,341.560740,-199.787399,-123.906267,0.848821,-0.316984,0.042473
8.200000,-0.041267,291.301642,-291.005503,-34.890465,0.745194,-0.491855,0.238393
8.201000,-0.382862,228.736835,-339.865930,63.969828,0.622137,-0.585767,0.448885
8.202000,-0.532735,154.876672,-339.062815,173.995860,0.465077,-0.589005,0.673951
8.203000,-0.550577,69.021648,-296.368230,272.104739,0.286968,-0.498332,0.871490
8.204000,-0.547009,-26.522570,-235.823844,334.125502,0.087809,-0.373655,0.991309
8.205000,-0.730944,-132.714588,-168.673275,347.985615,-0.127541,-0.231168,1.028550
8.206000,-0.762087,-239.139923,-89.165222,316.767978,-0.336414,-0.064393,0.965402
8.207000,-0.710831,-318.389098,-0.823032,262.493334,-0.486997,0.125050,0.856917
8.208000,-0.518461,-353.933389,101.197857,199.462202,-0.558241,0.332305,0.722526
8.209000,-0.175245,-336.342589,213.296409,122.674566,-0.524238,0.552512,0.554132
8.210000,0.189382,-284.295617,302.234291,33.710712,-0.422230,0.725764,0.361450
8.211000,0.519623,-221.834136,347.674734,-65.641839,-0.295935,0.809961,0.149338
8.212000,0.599750,-148.284594,343.063332,-174.554128,-0.140494,0.800246,-0.074108
8.213000,0.676308,-62.688463,299.514082,-270.072736,0.042473,0.714430,-0.266790
8.214000,0.697070,33.218483,239.229070,-329.321815,0.236774,0.591373,-0.386609
8.215000,0.828777,140.420699,171.716065,-340.772672,0.455362,0.450505,-0.414135
8.216000,0.844348,246.068452,91.767794,-308.414939,0.660997,0.278872,-0.349368
8.217000,0.853431,323.736895,2.518944,-254.502700,0.813200,0.087809,-0.237645
8.218000,0.595208,357.156605,-100.590128,-191.238138,0.876347,-0.121064,-0.101634
8.219000,0.236096,337.052965,-212.611293,-113.465817,0.837487,-0.341272,0.066760
8.220000,-0.086359,283.218735,-299.917475,-23.517381,0.733860,-0.509666,0.262680
8.221000,-0.417573,219.850818,-342.741598,76.638240,0.604326,-0.592244,0.476411
8.222000,-0.563229,145.394797,-335.565381,186.793798,0.448885,-0.574433,0.703096
8.223000,-0.579773,59.202981,-290.539179,281.068475,0.262680,-0.483759,0.892539
8.224000,-0.549280,-37.817933,-229.191686,338.011515,0.066760,-0.359083,1.007500
8.225000,-0.729322,-146.056606,-159.864949,345.938981,-0.151828,-0.214976,1.026930
8.226000,-0.761438,-250.253972,-78.465709,310.291290,-0.355844,-0.041724,0.952448
8.227000,-0.716671,-324.062711,11.586319,255.006282,-0.498332,0.149338,0.840725
8.228000,-0.508729,-354.062924,114.643469,191.146133,-0.558241,0.359831,0.703096
8.229000,-0.169730,-332.171575,225.135796,113.374038,-0.516143,0.578419,0.534702
8.230000,0.215983,-277.637546,310.420824,23.607067,-0.409277,0.738717,0.340401
8.231000,0.557902,-214.191612,350.084062,-77.248089,-0.281362,0.813200,0.125050
8.232000,0.635434,-139.528084,339.436386,-187.585272,-0.119445,0.792150,-0.098396
8.233000,0.688960,-53.362013,293.529622,-279.684191,0.060284,0.703096,-0.286220
8.234000,0.702585,44.202957,233.192796,-333.881432,0.261061,0.578419,-0.396324
8.235000,0.817098,153.633147,164.125385,-339.503233,0.479650,0.429455,-0.412515
8.236000,0.849538,257.985559,81.430992,-302.715421,0.685285,0.256204,-0.336414
8.237000,0.850187,330.032235,-10.874867,-247.041519,0.824534,0.061903,-0.219834
8.238000,0.600723,357.104792,-115.901058,-181.911672,0.876347,-0.151828,-0.078965
8.239000,0.258155,332.286123,-225.694259,-102.636766,0.826153,-0.367179,0.094286
8.240000,-0.111662,275.964845,-308.777636,-11.962952,0.717668,-0.527477,0.286968
8.241000,-0.467206,211.094335,-345.332290,90.265201,0.589753,-0.597101,0.503937
8.242000,-0.566148,134.798932,-330.953950,201.327488,0.426217,-0.563099,0.732241
8.243000,-0.575556,47.907627,-282.922552,291.508896,0.243250,-0.470806,0.910350
8.244000,-0.538899,-50.253197,-221.419626,342.337943,0.039234,-0.344510,1.017215
8.245000,-0.688123,-159.709508,-150.512581,344.514110,-0.179354,-0.193927,1.023692
8.246000,-0.716346,-261.886160,-67.325781,304.539992,-0.380132,-0.017437,0.945972
8.247000,-0.667037,-330.539440,25.860957,246.508867,-0.514523,0.176864,0.822915
8.248000,-0.460718,-353.104368,131.301519,179.643533,-0.558241,0.392214,0.678808
8.249000,-0.112960,-326.057543,238.788655,100.602002,-0.504808,0.605945,0.503937
8.250000,0.241611,-269.425063,318.762798,10.705488,-0.391466,0.756528,0.309636
8.251000,0.586125,-204.398819,352.312042,-90.797351,-0.260313,0.818057,0.094286
8.252000,0.649707,-128.025452,334.255036,-201.652693,-0.100015,0.779197,-0.132398
8.253000,0.700314,-41.211724,284.954487,-289.295648,0.087809,0.683666,-0.299173
8.254000,0.684418,57.000905,224.539941,-337.301145,0.286968,0.558989,-0.402800
8.255000,0.788227,166.923315,154.151283,-337.145703,0.507176,0.413263,-0.406039
8.256000,0.809313,268.322353,70.861029,-297.223158,0.704715,0.235154,-0.325080
8.257000,0.792768,335.369026,-23.931890,-239.295365,0.835868,0.035996,-0.206880
8.258000,0.532274,354.928624,-131.445154,-170.953077,0.873109,-0.184212,-0.059535
8.259000,0.187111,325.550367,-237.922300,-90.331029,0.813200,-0.393085,0.118574
8.260000,-0.166810,268.270539,-315.539338,0.394587,0.706334,-0.538811,0.314494
8.261000,-0.510027,202.311945,-346.860799,103.296306,0.570323,-0.597101,0.533082
8.262000,-0.599886,124.695294,-326.497961,213.736824,0.403548,-0.558241,0.756528
8.263000,-0.592749,37.078593,-275.357740,300.135844,0.220582,-0.454614,0.929780
8.264000,-0.539872,-62.118513,-213.466220,345.446753,0.014947,-0.328318,1.018835
8.265000,-0.692341,-172.274326,-141.937420,341.275766,-0.203642,-0.174497,1.013977
8.266000,-0.714400,-271.316266,-58.206586,298.918227,-0.397943,0.000374,0.929780
8.267000,-0.659576,-335.099057,37.182220,240.368967,-0.521000,0.199533,0.811580
8.268000,-0.448066,-350.980000,145.187543,171.249744,-0.551764,0.419740,0.660997
8.269000,-0.079222,-319.788071,250.135813,90.420642,-0.491855,0.622137,0.479650
8.270000,0.278593,-262.663367,324.876792,-1.237541,-0.380132,0.771101,0.286968
8.271000,0.623755,-196.549043,353.011525,-104.890660,-0.242502,0.818057,0.069999
8.272000,0.674686,-118.854436,330.187676,-213.906636,-0.077346,0.775959,-0.156686
8.273000,0.705504,-30.900818,278.451893,-298.155806,0.110478,0.670712,-0.323461
8.274000,0.682148,69.177089,217.130609,-340.746765,0.314494,0.546036,-0.409277
8.275000,0.783361,180.343016,145.472518,-334.088687,0.534702,0.393833,-0.396324
8.276000,0.801203,278.710960,61.456870,-291.342292,0.724145,0.215724,-0.312127
8.277000,0.791795,340.887165,-35.356787,-233.129530,0.843964,0.011708,-0.195546
8.278000,0.543304,353.270592,-146.004792,-162.403820,0.873109,-0.211738,-0.041724
8.279000,0.184516,318.633265,-250.228065,-78.698870,0.801865,-0.415754,0.141242
8.280000,-0.203792,260.239446,-322.016065,14.202904,0.683666,-0.551764,0.345258
8.281000,-0.521705,192.855979,-347.068054,118.788552,0.549274,-0.598720,0.567085
8.282000,-0.600211,114.073520,-321.472020,227.260150,0.377642,-0.548526,0.784054
8.283000,-0.591776,25.394635,-267.663395,309.747249,0.194675,-0.441661,0.949210
8.284000,-0.520408,-75.823214,-204.554261,348.659190,-0.015818,-0.308888,1.028550
8.285000,-0.647898,-186.989415,-131.160178,337.415660,-0.232787,-0.153447,1.007500
8.286000,-0.653737,-282.223066,-47.040754,291.742056,-0.415754,0.024662,0.915207
8.287000,-0.620323,-340.850393,49.384313,232.622848,-0.530715,0.227058,0.792150
8.288000,-0.402650,-349.606933,159.695329,161.327455,-0.546907,0.448885,0.639948
8.289000,-0.053594,-312.300975,262.493334,77.337722,-0.475663,0.651282,0.456981
8.290000,0.344770,-253.155542,330.757624,-16.211666,-0.357463,0.780816,0.256204
8.291000,0.661061,-185.435004,351.690280,-121.004703,-0.216595,0.813200,0.032758
8.292000,0.681499,-107.118646,324.306843,-226.860068,-0.049820,0.761386,-0.180973
8.293000,0.711344,-18.750531,270.446706,-306.549642,0.134766,0.656140,-0.339653
8.294000,0.667225,82.933585,207.907804,-342.974760,0.340401,0.526606,-0.417373
8.295000,0.734376,194.488105,134.280797,-329.710418,0.560608,0.369546,-0.389847
8.296000,0.754813,288.710966,50.057889,-283.751573,0.743575,0.189817,-0.297554
8.297000,0.737620,345.472660,-47.325729,-225.150215,0.855298,-0.012579,-0.174497
8.298000,0.481019,351.508933,-159.035931,-152.870103,0.865013,-0.234406,-0.019056
8.299000,0.113148,312.130670,-260.823978,-67.714383,0.790531,-0.436803,0.162291
8.300000,-0.266402,251.560684,-326.834751,27.518991,0.670712,-0.558241,0.371165
8.301000,-0.569392,182.467370,-344.814152,133.814475,0.524987,-0.598720,0.596230
8.302000,-0.631029,103.140865,-315.487524,238.944095,0.354973,-0.538811,0.805104
8.303000,-0.603779,14.099277,-260.875792,316.379377,0.168768,-0.425469,0.962164
8.304000,-0.515866,-88.413925,-196.678577,350.187689,-0.038486,-0.295935,1.031788
8.305000,-0.646600,-199.631958,-121.600560,333.374206,-0.253836,-0.132398,0.999405
8.306000,-0.662171,-291.497734,-36.911195,284.721327,-0.436803,0.045711,0.900635
8.307000,-0.614160,-344.606896,60.601947,225.705744,-0.538811,0.248108,0.777578
8.308000,-0.391620,-347.456658,171.975133,153.425893,-0.546907,0.469935,0.622137
8.309000,-0.027318,-306.834618,272.130645,68.322166,-0.465948,0.667474,0.437551
8.310000,0.367478,-246.290220,335.472653,-27.740189,-0.346129,0.790531,0.230297
8.311000,0.701612,-176.445328,349.747274,-135.357085,-0.200404,0.819676,0.006851
8.312000,0.710370,-96.678198,318.374197,-238.854948,-0.032009,0.751671,-0.206880
8.313000,0.725617,-7.273823,263.918205,-313.570413,0.159053,0.643186,-0.354225
8.314000,0.671767,96.094224,200.705726,-344.580989,0.369546,0.510414,-0.415754
8.315000,0.727888,207.700550,125.187523,-326.238892,0.589753,0.346877,-0.383370
8.316000,0.743459,298.892320,39.306576,-276.963967,0.764624,0.168768,-0.284601
8.317000,0.736647,349.876808,-59.994155,-217.429969,0.863394,-0.036867,-0.158305
8.318000,0.489129,349.280952,-172.637022,-143.906339,0.861775,-0.263551,-0.001245
8.319000,0.123853,306.172117,-271.393987,-57.533009,0.777578,-0.457852,0.184960
8.320000,-0.294949,244.280887,-332.042041,39.850618,0.654520,-0.569575,0.397072
8.321000,-0.583990,172.130573,-342.974760,148.840397,0.503937,-0.589005,0.623756
8.322000,-0.625838,90.731523,-308.492660,251.586591,0.330686,-0.521000,0.834249
8.323000,-0.603130,0.420494,-252.404243,323.762801,0.141242,-0.410896,0.978355
8.324000,-0.493807,-103.206716,-187.559365,350.990798,-0.069250,-0.273266,1.031788
8.325000,-0.596318,-213.751195,-111.211924,328.944152,-0.286220,-0.111349,0.991309
8.326000,-0.605077,-301.808679,-24.864535,277.389716,-0.457852,0.071618,0.887682
8.327000,-0.561282,-348.829725,74.798859,216.094339,-0.548526,0.277253,0.758148
8.328000,-0.347826,-344.373734,186.612451,142.208266,-0.540430,0.500699,0.597849
8.329000,0.004149,-300.176544,282.752414,56.560490,-0.451376,0.688523,0.411644
8.330000,0.401541,-238.129555,340.369029,-40.667681,-0.329937,0.798627,0.202771
8.331000,0.723346,-165.279479,347.571107,-149.761283,-0.174497,0.808342,-0.019056
8.332000,0.722049,-83.491630,310.913053,-250.616668,-0.001245,0.738717,-0.229549
8.333000,0.718156,7.259886,254.747215,-319.347654,0.186579,0.622137,-0.368798
8.334000,0.643868,111.197869,190.498464,-343.959223,0.400310,0.490984,-0.415754
8.335000,0.691880,221.068435,114.488029,-320.850254,0.612422,0.325828,-0.373655
8.336000,0.694150,307.933776,27.803965,-269.969108,0.780816,0.141242,-0.271647
8.337000,0.670794,352.959711,-73.362067,-208.388475,0.869871,-0.064393,-0.142113
8.338000,0.426519,345.420846,-186.289930,-132.999563,0.855298,-0.289458,0.021423
8.339000,0.068705,299.462268,-280.875908,-46.574431,0.764624,-0.472425,0.210867
8.340000,-0.341014,237.052902,-336.290775,51.327321,0.639948,-0.577671,0.421359
8.341000,-0.630704,162.830047,-340.876300,161.690150,0.486126,-0.585767,0.649663
8.342000,-0.659576,79.617518,-301.990027,261.793851,0.308017,-0.511285,0.853679
8.343000,-0.618701,-12.740156,-244.321298,328.555550,0.113716,-0.391466,0.986451
8.344000,-0.498024,-117.714536,-178.155180,349.436393,-0.098396,-0.250598,1.028550
8.345000,-0.602481,-225.642445,-101.160078,323.581454,-0.307269,-0.087061,0.978355
8.346000,-0.609943,-309.658470,-14.398190,271.275722,-0.472425,0.095905,0.877966
8.347000,-0.552848,-351.472231,86.767787,208.866354,-0.555003,0.296683,0.741956
8.348000,-0.333228,-340.539510,199.488109,133.140899,-0.530715,0.524987,0.578419
8.349000,0.016152,-293.673913,292.001124,46.767728,-0.440041,0.703096,0.388976
8.350000,0.422627,-231.886000,344.384576,-51.393096,-0.315365,0.805104,0.180102
8.351000,0.748650,-157.507427,345.731727,-162.092938,-0.159924,0.805104,-0.048201
8.352000,0.748974,-73.906110,305.550355,-260.772165,0.016566,0.724145,-0.252217
8.353000,0.737945,19.798770,247.726485,-324.736291,0.212486,0.609184,-0.376894
8.354000,0.641273,126.379234,181.482913,-342.482529,0.429455,0.469935,-0.412515
8.355000,0.678579,233.995906,103.892161,-315.461617,0.639948,0.303160,-0.360702
8.356000,0.689609,316.534818,16.379074,-263.570108,0.800246,0.115335,-0.255455
8.357000,0.674686,356.042615,-86.807702,-200.797767,0.876347,-0.095157,-0.125922
8.358000,0.446632,341.301673,-200.460977,-123.129062,0.845583,-0.318603,0.044092
8.359000,0.050214,291.690243,-291.186851,-35.227253,0.750052,-0.495093,0.238393
8.360000,-0.361776,229.332690,-340.409975,63.969828,0.620518,-0.587386,0.447266
8.361000,-0.628758,153.555427,-338.700118,175.187571,0.463458,-0.580910,0.677189
8.362000,-0.644005,68.814394,-296.445951,272.467433,0.286968,-0.496712,0.869871
8.363000,-0.608321,-26.108061,-236.445609,334.384570,0.087809,-0.375274,0.997785
8.364000,-0.457150,-133.932209,-167.377933,347.648827,-0.132398,-0.232787,1.026930
8.365000,-0.544414,-239.554433,-88.569365,316.508911,-0.336414,-0.061155,0.963783
8.366000,-0.559336,-318.440912,-1.289354,262.907842,-0.503189,0.116955,0.858536
8.367000,-0.507432,-354.114738,101.327391,199.591736,-0.559860,0.332305,0.722526
8.368000,-0.294300,-336.031706,213.995892,121.845550,-0.522619,0.554132,0.554132
8.369000,0.062541,-284.580593,302.389731,34.099313,-0.422230,0.725764,0.359831
8.370000,0.475180,-222.404087,347.830174,-65.227330,-0.292696,0.811580,0.149338
8.371000,0.777521,-146.937438,342.778357,-175.668123,-0.138875,0.803484,-0.077346
8.372000,0.752543,-62.222140,299.488175,-270.435432,0.039234,0.716049,-0.266790
8.373000,0.725293,32.855788,239.876739,-329.632697,0.238393,0.594611,-0.384989
8.374000,0.613375,141.664224,170.472541,-340.435882,0.456981,0.445647,-0.410896
8.375000,0.622133,246.638401,91.171938,-308.104056,0.665855,0.280491,-0.346129
8.376000,0.626026,323.762801,2.985266,-255.098558,0.813200,0.092667,-0.239264
8.377000,0.623755,357.363859,-100.849196,-191.367672,0.877966,-0.121064,-0.104872
8.378000,0.386943,336.793898,-213.388499,-112.429544,0.839106,-0.344510,0.069999
8.379000,-0.003312,283.581430,-300.124730,-23.698729,0.737098,-0.511285,0.261061
8.380000,-0.409787,220.446673,-343.337457,76.741867,0.602707,-0.595482,0.474792
8.381000,-0.660225,144.021739,-335.073150,187.985509,0.442409,-0.574433,0.706334
8.382000,-0.662171,58.918007,-290.435551,281.508889,0.265919,-0.486997,0.892539
8.383000,-0.618053,-37.403424,-229.839357,338.426023,0.063522,-0.365559,1.009120
8.384000,-0.452932,-147.300134,-158.595514,345.679914,-0.155067,-0.211738,1.022073
8.385000,-0.540196,-250.746203,-77.792132,310.058130,-0.357463,-0.040105,0.950829
8.386000,-0.555768,-324.218153,11.249531,255.550324,-0.503189,0.146100,0.837487
8.387000,-0.503215,-354.270179,114.902537,191.327481,-0.556622,0.353354,0.703096
8.388000,-0.269321,-331.860692,225.912998,112.337767,-0.514523,0.576800,0.534702
8.389000,0.093359,-278.026150,310.705799,24.073389,-0.406039,0.741956,0.340401
8.390000,0.499834,-214.735656,350.679917,-77.455343,-0.278124,0.818057,0.125050
8.391000,0.797310,-138.103209,339.047785,-188.906521,-0.116206,0.793769,-0.101634
8.392000,0.763248,-53.051132,293.477809,-280.098701,0.063522,0.699857,-0.287839
8.393000,0.726915,43.840262,233.866372,-334.244128,0.261061,0.581658,-0.396324
8.394000,0.607860,154.954392,162.881861,-339.218257,0.484507,0.431074,-0.409277
8.395000,0.615321,258.425973,80.886950,-302.482258,0.685285,0.254584,-0.334795
8.396000,0.630243,330.213583,-10.512172,-247.585564,0.824534,0.063522,-0.223072
8.397000,0.617916,357.286139,-116.237847,-181.963486,0.874728,-0.153447,-0.080585
8.398000,0.385645,331.923428,-226.523278,-101.626401,0.827772,-0.370417,0.092667
8.399000,-0.055216,276.353446,-309.088519,-12.118393,0.719287,-0.527477,0.285349
8.400000,-0.431846,211.638377,-346.135405,90.083854,0.586515,-0.600340,0.502318
8.401000,-0.669308,133.348153,-330.513533,202.493292,0.419740,-0.569575,0.733860
8.402000,-0.655683,47.441305,-282.793018,291.949310,0.241631,-0.469186,0.915207
8.403000,-0.593723,-49.994129,-222.041391,342.907891,0.039234,-0.347748,1.017215
8.404000,-0.422763,-161.056664,-149.269053,344.099602,-0.182593,-0.192308,1.020454
8.405000,-0.492834,-262.456112,-66.704018,304.306831,-0.381751,-0.017437,0.944353
8.406000,-0.500295,-330.772602,25.601889,247.104723,-0.512904,0.176864,0.827772
8.407000,-0.449364,-353.337530,131.741934,179.798974,-0.551764,0.392214,0.678808
8.408000,-0.220661,-325.591219,239.643578,99.824799,-0.499951,0.602707,0.502318
8.409000,0.150130,-269.632318,319.229120,10.809115,-0.391466,0.758148,0.311256
8.410000,0.547521,-204.942863,352.907898,-91.678183,-0.258694,0.821295,0.095905
8.411000,0.817423,-126.548763,333.736901,-203.103477,-0.091919,0.785674,-0.132398
8.412000,0.763572,-40.745401,284.902674,-289.839692,0.086190,0.685285,-0.308888
8.413000,0.708748,56.767744,225.161703,-337.715655,0.288587,0.562228,-0.402800
8.414000,0.574446,168.218653,152.855945,-336.731193,0.508795,0.406787,-0.404420
8.415000,0.578339,268.892301,70.265174,-296.964089,0.706334,0.231916,-0.326699
8.416000,0.579312,335.654001,-23.621009,-239.917129,0.835868,0.035996,-0.208499
8.417000,0.543304,355.187692,-131.963290,-171.030798,0.873109,-0.184212,-0.059535
8.418000,0.316223,325.135859,-238.906761,-89.294756,0.813200,-0.393085,0.120193
8.419000,-0.108418,268.555513,-315.953849,0.446400,0.698238,-0.545288,0.309636
8.420000,-0.479858,202.855987,-347.430751,103.788534,0.565466,-0.600340,0.531463
8.421000,-0.708561,123.166795,-325.979823,214.876721,0.400310,-0.559860,0.756528
8.422000,-0.667362,36.586364,-275.254113,300.809419,0.218963,-0.454614,0.933018
8.423000,-0.602157,-61.988979,-214.036171,345.964888,0.013327,-0.329937,1.022073
8.424000,-0.424709,-173.699202,-140.538451,340.913071,-0.208499,-0.174497,1.012358
8.425000,-0.492834,-271.912124,-57.507102,298.659159,-0.397943,0.001993,0.928161
8.426000,-0.504188,-335.435847,36.741805,240.938915,-0.521000,0.199533,0.813200
8.427000,-0.436712,-351.239069,145.653865,171.379277,-0.551764,0.419740,0.662616
8.428000,-0.196006,-319.218119,251.120269,88.969863,-0.486997,0.626994,0.481269
8.429000,0.192951,-262.974249,325.343113,-1.263448,-0.376894,0.769482,0.286968
8.430000,0.572500,-197.067180,353.581473,-105.175635,-0.244121,0.822915,0.066760
8.431000,0.841428,-117.325934,329.669541,-215.435141,-0.074108,0.772720,-0.159924
8.432000,0.778819,-30.382682,278.400079,-298.803479,0.108859,0.672331,-0.325080
8.433000,0.714263,69.073462,217.726464,-341.290810,0.312875,0.546036,-0.414135
8.434000,0.563741,181.897421,144.125366,-333.674176,0.533082,0.390595,-0.397943
8.435000,0.555956,279.410443,60.731481,-291.057316,0.727383,0.214105,-0.312127
8.436000,0.572500,341.301673,-35.175440,-233.725388,0.845583,0.010089,-0.197165
8.437000,0.546223,353.581473,-146.497022,-162.481540,0.869871,-0.210119,-0.040105
8.438000,0.300003,318.192850,-251.290247,-77.636691,0.800246,-0.415754,0.146100
8.439000,-0.147671,260.446700,-322.430576,13.762489,0.685285,-0.553384,0.343639
8.440000,-0.490238,193.322301,-347.534379,119.203060,0.547655,-0.600340,0.565466
8.441000,-0.697207,112.467301,-320.927975,228.477767,0.379261,-0.545288,0.785674
8.442000,-0.666064,24.798779,-267.559768,310.394917,0.189817,-0.441661,0.949210
8.443000,-0.579124,-75.875028,-205.201932,349.280952,-0.012579,-0.312127,1.030169
8.444000,-0.376049,-188.362478,-129.683489,336.845711,-0.237645,-0.145352,1.007500
8.445000,-0.432171,-282.922552,-46.263550,291.327548,-0.422230,0.026281,0.913588
8.446000,-0.441903,-341.264903,49.228872,233.166889,-0.535573,0.227058,0.793769
8.447000,-0.385781,-349.969630,160.213464,161.431082,-0.550145,0.447266,0.641567
8.448000,-0.146697,-311.834650,263.400070,76.249638,-0.477282,0.649663,0.453743
8.449000,0.221174,-253.362797,331.198039,-16.418920,-0.360702,0.780816,0.254584
8.450000,0.611753,-185.979048,352.234322,-121.522839,-0.216595,0.819676,0.032758
8.451000,0.858946,-105.460610,323.659174,-228.336759,-0.051440,0.759767,-0.182593
8.452000,0.777846,-18.102862,270.343079,-307.171408,0.134766,0.654520,-0.342891
8.453000,0.695448,82.985399,208.529566,-343.544713,0.338781,0.526606,-0.415754
8.454000,0.529030,195.938883,132.881831,-329.244094,0.567085,0.364688,-0.386609
8.455000,0.518325,289.462262,49.202965,-283.388876,0.746813,0.188198,-0.295935
8.456000,0.523840,345.938981,-47.299822,-225.616538,0.858536,-0.012579,-0.174497
8.457000,0.493022,351.923441,-159.605881,-152.973731,0.868251,-0.237645,-0.020675
8.458000,0.245828,311.612535,-261.834347,-66.522670,0.788912,-0.435184,0.170387
8.459000,-0.204441,251.793845,-327.352889,27.700338,0.667474,-0.572814,0.374403
8.460000,-0.539223,182.907785,-345.332290,134.073542,0.523367,-0.595482,0.592992
8.461000,-0.735162,101.431018,-314.788038,240.446687,0.351735,-0.532334,0.809961
8.462000,-0.692989,13.347980,-260.694444,317.182486,0.167149,-0.428707,0.965402
8.463000,-0.592425,-88.621179,-197.274434,350.757637,-0.038486,-0.294316,1.030169
8.464000,-0.377347,-201.134556,-120.123871,332.907885,-0.263551,-0.129160,0.999405
8.465000,-0.426331,-292.223127,-35.952644,284.332725,-0.440041,0.050568,0.900635
8.466000,-0.445147,-345.047314,60.498320,226.042532,-0.543669,0.249727,0.779197
8.467000,-0.366317,-347.767541,172.596895,153.425893,-0.543669,0.471554,0.622137
8.468000,-0.136965,-306.316480,273.166915,67.156361,-0.461091,0.669093,0.434313
8.469000,0.272105,-246.575196,336.068509,-27.921537,-0.349368,0.787293,0.228678
8.470000,0.638678,-176.937558,350.265409,-135.797501,-0.198784,0.818057,0.003612
8.471000,0.880357,-94.838815,317.571088,-240.409360,-0.025533,0.748433,-0.210119
8.472000,0.797634,-6.392992,263.710951,-314.166272,0.160672,0.641567,-0.355844
8.473000,0.701612,96.249665,201.275675,-345.125035,0.371165,0.513652,-0.420611
8.474000,0.517352,209.229049,123.762651,-325.694847,0.591373,0.346877,-0.380132
8.475000,0.490426,299.643616,38.425746,-276.653085,0.767863,0.163911,-0.284601
8.476000,0.503078,350.420849,-60.045969,-217.818572,0.866632,-0.038486,-0.158305
8.477000,0.476802,349.617740,-173.336507,-143.984059,0.863394,-0.263551,0.001993
8.478000,0.240638,305.731702,-272.378448,-56.341296,0.779197,-0.457852,0.191437
8.479000,-0.220012,244.617674,-332.611993,40.083779,0.654520,-0.572814,0.397072
8.480000,-0.547333,172.622802,-343.492899,149.462159,0.503937,-0.592244,0.625375
8.481000,-0.731593,88.684888,-307.534104,253.011462,0.325828,-0.519381,0.839106
8.482000,-0.675472,-0.512151,-252.093360,324.280936,0.139623,-0.409277,0.976736
8.483000,-0.556741,-103.491691,-187.922061,351.560747,-0.072489,-0.274886,1.033407
8.484000,-0.327389,-215.279700,-109.709328,328.296483,-0.291077,-0.108111,0.989689
8.485000,-0.361127,-302.585886,-24.035517,276.949301,-0.459471,0.071618,0.886062
8.486000,-0.373778,-349.347863,74.721139,216.534753,-0.551764,0.275634,0.754909
8.487000,-0.313115,-344.632803,187.337840,142.208266,-0.540430,0.502318,0.597849
8.488000,-0.093496,-299.554779,283.736870,55.265151,-0.452995,0.688523,0.411644
8.489000,0.306167,-238.388624,340.990792,-40.823122,-0.328318,0.798627,0.206009
8.490000,0.655547,-165.797616,348.218775,-150.253513,-0.176116,0.809961,-0.023914
8.491000,0.884249,-81.678153,310.239477,-251.860198,0.001993,0.735479,-0.231168
8.492000,0.791471,8.166623,254.436334,-319.813978,0.189817,0.622137,-0.365559
8.493000,0.673064,111.534657,190.887066,-344.399641,0.398691,0.487746,-0.414135
8.494000,0.473882,222.571027,112.985436,-320.280302,0.617279,0.322590,-0.370417
8.495000,0.444362,308.736885,26.793601,-269.502784,0.782435,0.141242,-0.268409
8.496000,0.437225,353.529660,-73.543415,-208.751171,0.873109,-0.064393,-0.142113
8.497000,0.411597,345.628100,-187.118949,-132.973656,0.855298,-0.291077,0.023043
8.498000,0.177704,298.788693,-281.808556,-45.175464,0.763005,-0.475663,0.215724
8.499000,-0.263158,237.234250,-336.860727,51.301414,0.639948,-0.584148,0.419740
8.500000,-0.586910,163.348182,-341.446252,162.260098,0.482888,-0.587386,0.649663
8.501000,-0.755599,77.855858,-301.316448,263.374163,0.306398,-0.509666,0.855298
8.502000,-0.698504,-13.931868,-243.880881,329.203219,0.113716,-0.393085,0.989689
8.503000,-0.558363,-118.129045,-178.569689,349.850901,-0.103253,-0.255455,1.026930
8.504000,-0.322199,-227.274578,-99.527948,322.622904,-0.312127,-0.085442,0.978355
8.505000,-0.364046,-310.357957,-13.413732,270.705774,-0.472425,0.100763,0.873109
8.506000,-0.376698,-351.964463,86.949135,209.254955,-0.553384,0.296683,0.745194
8.507000,-0.289434,-340.746765,200.239405,133.296340,-0.530715,0.528225,0.576800
8.508000,-0.065922,-292.948520,292.959674,45.394669,-0.438422,0.707953,0.385738
8.509000,0.338282,-232.015534,344.954525,-51.781698,-0.318603,0.809961,0.183341
8.510000,0.689609,-157.947843,346.301676,-162.766515,-0.156686,0.809961,-0.049820
8.511000,0.902091,-72.092634,304.747246,-262.171136,0.019804,0.725764,-0.250598
8.512000,0.797310,20.653693,247.467417,-325.306243,0.214105,0.607564,-0.378513
8.513000,0.667874,126.793742,181.845608,-342.948853,0.429455,0.468315,-0.414135
8.514000,0.459933,235.550311,102.208221,-314.606689,0.641567,0.299921,-0.360702
8.515000,0.419383,317.208393,15.239176,-263.155598,0.801865,0.115335,-0.255455
8.516000,0.444037,356.508936,-87.066770,-201.134556,0.874728,-0.093538,-0.125922
8.517000,0.423275,341.508927,-201.315904,-123.025435,0.847202,-0.320222,0.044092
8.518000,0.143966,290.861227,-292.197220,-33.828286,0.748433,-0.495093,0.241631
8.519000,-0.279053,229.410410,-340.954020,64.358429,0.620518,-0.590625,0.447266
8.520000,-0.588857,153.969935,-339.244164,175.679799,0.460220,-0.584148,0.680427
8.521000,-0.726403,66.923200,-295.591023,273.840491,0.280491,-0.495093,0.877966
8.522000,-0.670606,-26.937078,-236.160633,334.954518,0.089429,-0.376894,1.001024
8.523000,-0.520732,-134.398532,-167.766536,348.166962,-0.130779,-0.232787,1.030169
8.524000,-0.264131,-241.057032,-86.937236,315.628081,-0.341272,-0.057916,0.960544
8.525000,-0.306627,-319.036771,-0.149456,262.260173,-0.490236,0.126670,0.855298
8.526000,-0.325443,-354.529249,101.612366,199.902617,-0.558241,0.332305,0.727383
8.527000,-0.242396,-336.290775,214.747187,121.767830,-0.522619,0.555751,0.550893
8.528000,0.000256,-283.777479,303.348281,32.752161,-0.418992,0.729002,0.361450
8.529000,0.374615,-222.481808,348.322402,-65.719559,-0.291077,0.814819,0.150957
8.530000,0.703882,-147.326041,343.166959,-176.056725,-0.138875,0.801865,-0.077346
8.531000,0.896252,-60.538198,298.529625,-271.678962,0.042473,0.712811,-0.271647
8.532000,0.778170,33.710712,239.617671,-330.254463,0.241631,0.591373,-0.389847
8.533000,0.629919,142.052825,170.887049,-340.979927,0.460220,0.448885,-0.412515
8.534000,0.407704,248.166899,89.487998,-307.249128,0.667474,0.274015,-0.344510
8.535000,0.367803,324.358657,1.793553,-254.295445,0.811580,0.089429,-0.237645
8.536000,0.384023,357.674740,-101.211891,-191.574927,0.874728,-0.124302,-0.106491
8.537000,0.358720,336.897525,-214.321146,-112.377731,0.839106,-0.342891,0.069999
8.538000,0.077139,282.778320,-301.109193,-22.247949,0.732241,-0.512904,0.262680
8.539000,-0.335499,220.446673,-343.674247,77.285909,0.604326,-0.593863,0.474792
8.540000,-0.642383,144.436247,-335.539474,188.814525,0.444028,-0.577671,0.704715
8.541000,-0.756896,56.923185,-289.373368,282.907854,0.259442,-0.486997,0.895777
8.542000,-0.687475,-38.387883,-229.450754,338.970065,0.065141,-0.362321,1.007500
8.543000,-0.522679,-147.818271,-158.958210,346.120329,-0.156686,-0.210119,1.023692
8.544000,-0.256670,-252.119267,-76.134096,309.151393,-0.360702,-0.036867,0.952448
8.545000,-0.281973,-324.762198,12.441243,254.799028,-0.501570,0.149338,0.840725
8.546000,-0.304032,-354.632876,115.342952,191.534735,-0.559860,0.359831,0.703096
8.547000,-0.212551,-332.016134,226.716108,112.415487,-0.514523,0.578419,0.529844
8.548000,0.025560,-277.119409,311.586628,22.311728,-0.407658,0.743575,0.340401
8.549000,0.403487,-214.657935,351.068518,-77.947573,-0.279743,0.818057,0.126670
8.550000,0.725293,-138.439997,339.358666,-189.580100,-0.117826,0.795389,-0.103253
8.551000,0.906633,-51.030401,292.363818,-281.368139,0.063522,0.701476,-0.287839
8.552000,0.781414,44.772906,233.400050,-334.736360,0.262680,0.578419,-0.397943
8.553000,0.623755,155.342994,163.166835,-339.658674,0.482888,0.427836,-0.414135
8.554000,0.387916,259.824938,79.280730,-301.653238,0.686904,0.251346,-0.334795
8.555000,0.344122,330.731718,-11.729791,-246.886078,0.827772,0.060284,-0.221453
8.556000,0.366505,357.493393,-116.781890,-181.963486,0.879586,-0.151828,-0.082204
8.557000,0.333416,331.949335,-227.352298,-101.885469,0.829391,-0.370417,0.094286
8.558000,0.045997,275.317176,-309.891633,-10.589892,0.717668,-0.529096,0.288587
8.559000,-0.355612,211.560657,-346.524009,91.042404,0.584896,-0.600340,0.502318
8.560000,-0.607996,133.659034,-330.876229,203.348215,0.419740,-0.566337,0.735479
8.561000,-0.735162,45.446483,-281.575394,293.218741,0.235154,-0.470806,0.915207
8.562000,-0.660225,-51.030401,-221.497347,343.451933,0.037615,-0.342891,1.017215
8.563000,-0.481155,-161.522987,-149.554029,344.488203,-0.184212,-0.192308,1.020454
8.564000,-0.201197,-263.725549,-65.020075,303.348281,-0.386609,-0.017437,0.939495
8.565000,-0.235908,-331.264833,26.767694,246.405240,-0.511285,0.178483,0.819676
8.566000,-0.251479,-353.441158,132.234162,179.850787,-0.555003,0.393833,0.677189
8.567000,-0.157078,-325.565312,240.472594,99.358477,-0.503189,0.604326,0.500699
8.568000,0.111850,-268.803298,320.006322,9.125174,-0.391466,0.759767,0.311256
8.569000,0.435927,-204.891050,353.218779,-92.325854,-0.258694,0.822915,0.094286
8.570000,0.740215,-126.859645,334.125502,-203.802962,-0.095157,0.779197,-0.137256
8.571000,0.905011,-38.672857,283.685057,-290.979596,0.091048,0.680427,-0.308888
8.572000,0.767141,57.829922,224.539941,-337.922911,0.288587,0.562228,-0.404420
8.573000,0.590018,168.736788,153.063199,-337.093889,0.512033,0.410025,-0.402800
8.574000,0.351583,270.135825,68.581233,-295.927813,0.711192,0.233535,-0.323461
8.575000,0.292542,336.094415,-24.812721,-239.114016,0.837487,0.035996,-0.205261
8.576000,0.309411,355.317226,-132.507333,-171.030798,0.871490,-0.184212,-0.059535
8.577000,0.260102,324.980419,-239.683968,-88.932061,0.811580,-0.394704,0.123431
8.578000,-0.011098,267.467430,-316.705149,2.104435,0.703096,-0.543669,0.319351
8.579000,-0.409787,202.674640,-347.663913,104.539830,0.567085,-0.601959,0.529844
8.580000,-0.666388,123.399956,-326.316613,215.861178,0.398691,-0.558241,0.761386
8.581000,-0.754950,34.462008,-273.906955,301.975223,0.212486,-0.452995,0.934638
8.582000,-0.671254,-63.128879,-213.414406,346.327583,0.011708,-0.326699,1.023692
8.583000,-0.484075,-174.295060,-140.667985,341.146232,-0.208499,-0.174497,1.015596
8.584000,-0.196006,-273.077934,-55.849066,297.622889,-0.401181,0.006851,0.928161
8.585000,-0.211253,-335.850357,37.933517,240.135806,-0.522619,0.201152,0.811580
8.586000,-0.227149,-351.342697,146.094280,171.482904,-0.555003,0.416502,0.657759
8.587000,-0.131126,-319.114491,251.923379,88.684888,-0.488617,0.626994,0.478030
8.588000,0.110877,-261.782533,325.964875,-3.025109,-0.373655,0.769482,0.283730
8.589000,0.472909,-196.937645,353.788727,-105.901026,-0.239264,0.822915,0.066760
8.590000,0.751569,-117.662722,329.954515,-216.160533,-0.074108,0.775959,-0.159924
8.591000,0.920582,-28.258325,277.027021,-299.684313,0.113716,0.669093,-0.328318
8.592000,0.767141,70.213360,217.052889,-341.575786,0.316113,0.544417,-0.412515
8.593000,0.577366,182.441463,144.254900,-333.933245,0.539559,0.392214,-0.397943
8.594000,0.323684,280.576246,59.021634,-289.917413,0.729002,0.206009,-0.308888
8.595000,0.280863,341.716181,-36.418966,-232.818647,0.847202,0.010089,-0.192308
8.596000,0.275673,353.736914,-146.963345,-162.533354,0.871490,-0.213357,-0.040105
8.597000,0.258804,318.063316,-252.041546,-77.403530,0.800246,-0.417373,0.146100
8.598000,-0.044187,259.203176,-323.052342,16.068193,0.685285,-0.555003,0.346877
8.599000,-0.408489,193.063233,-347.663913,119.721195,0.546036,-0.598720,0.565466
8.600000,-0.652115,112.648648,-321.187044,229.358597,0.374403,-0.548526,0.788912
8.601000,-0.753652,22.700329,-266.186703,311.379374,0.188198,-0.444899,0.955687
8.602000,-0.649195,-77.014927,-204.502447,349.540020,-0.015818,-0.310507,1.028550
8.603000,-0.434117,-189.087869,-129.890744,337.130685,-0.240883,-0.155067,1.002643
8.604000,-0.133397,-284.114269,-44.553701,290.135838,-0.425469,0.032758,0.913588
8.605000,-0.138263,-341.575786,50.446491,232.260153,-0.533953,0.227058,0.793769
8.606000,-0.183355,-350.073257,160.679786,161.560616,-0.551764,0.450505,0.639948
8.607000,-0.076627,-311.782837,264.125459,76.094197,-0.475663,0.649663,0.453743
8.608000,0.167647,-252.119267,331.742081,-18.154675,-0.357463,0.782435,0.251346
8.609000,0.507620,-185.642259,352.337949,-122.300044,-0.216595,0.819676,0.031138
8.610000,0.764870,-105.641957,323.918242,-229.165779,-0.043344,0.763005,-0.184212
8.611000,0.915716,-16.004411,269.047742,-308.078149,0.139623,0.654520,-0.341272
8.612000,0.747028,84.099390,207.933711,-343.726061,0.343639,0.526606,-0.417373
8.613000,0.542331,196.508832,133.037272,-329.477256,0.565466,0.364688,-0.388228
8.614000,0.280863,290.550346,47.493118,-282.171252,0.746813,0.184960,-0.294316
8.615000,0.215010,346.249862,-48.517441,-224.839332,0.855298,-0.014199,-0.174497
8.616000,0.241611,352.001161,-160.020390,-153.025544,0.865013,-0.237645,-0.019056
8.617000,0.185489,311.612535,-262.482019,-66.393136,0.790531,-0.438422,0.168768
8.618000,-0.094793,250.628041,-327.793307,29.306559,0.672331,-0.563099,0.374403
8.619000,-0.451635,182.570997,-345.358197,135.213440,0.521748,-0.595482,0.592992
8.620000,-0.681960,101.560552,-314.995293,241.146169,0.348497,-0.540430,0.809961
8.621000,-0.759492,11.171810,-259.243659,318.063316,0.163911,-0.423850,0.967021
8.622000,-0.650817,-89.735172,-196.574949,350.938984,-0.040105,-0.294316,1.033407
8.623000,-0.434766,-201.678600,-120.253405,333.141046,-0.263551,-0.129160,0.997785
8.624000,-0.128531,-293.285309,-34.268702,283.115108,-0.441661,0.052188,0.897397
8.625000,-0.134370,-345.254569,61.793659,225.083982,-0.540430,0.249727,0.779197
8.626000,-0.150266,-347.871169,173.037310,153.503614,-0.546907,0.474792,0.620518
8.627000,-0.062678,-306.342387,273.840491,67.000920,-0.467567,0.670712,0.434313
8.628000,0.202034,-245.305759,336.483017,-29.527758,-0.344510,0.793769,0.228678
8.629000,0.523515,-176.600769,350.291316,-136.626519,-0.197165,0.816438,0.006851
8.630000,0.785307,-95.071976,317.700621,-241.082939,-0.020675,0.753290,-0.208499
8.631000,0.926097,-4.216822,262.234266,-314.813945,0.165530,0.641567,-0.357463
8.632000,0.745730,97.519096,200.524379,-345.280476,0.369546,0.510414,-0.420611
8.633000,0.529030,209.850811,123.918091,-325.928009,0.592992,0.346877,-0.381751
8.634000,0.251992,300.653979,36.664085,-275.435461,0.767863,0.160672,-0.281362
8.635000,0.201385,350.602197,-61.393123,-216.860018,0.866632,-0.041724,-0.158305
8.636000,0.222147,349.591833,-173.802830,-143.906339,0.865013,-0.263551,0.001993
8.637000,0.167972,305.653982,-273.000214,-56.315389,0.777578,-0.457852,0.191437
8.638000,-0.130802,243.296430,-332.974690,41.664093,0.652901,-0.574433,0.398691
8.639000,-0.470450,172.337827,-343.518806,149.954387,0.502318,-0.593863,0.625375
8.640000,-0.672552,89.151210,-308.026335,253.685038,0.327447,-0.522619,0.837487
8.641000,-0.747813,-2.688321,-250.616668,325.058139,0.129908,-0.404420,0.979974
8.642000,-0.619350,-104.761126,-187.222576,351.612560,-0.072489,-0.270028,1.033407
8.643000,-0.382862,-215.849651,-109.864769,328.477830,-0.287839,-0.106491,0.989689
8.644000,-0.068517,-303.544441,-22.325669,275.705777,-0.462710,0.078094,0.882824
8.645000,-0.075329,-349.399677,76.042384,215.498483,-0.551764,0.278872,0.758148
8.646000,-0.093820,-344.606896,187.830068,142.182359,-0.542049,0.502318,0.596230
8.647000,-0.007529,-299.502965,284.255005,55.109710,-0.451376,0.690142,0.408406
8.648000,0.239664,-237.300535,341.379393,-42.377530,-0.325080,0.798627,0.202771
8.649000,0.555307,-165.512640,348.296496,-151.004811,-0.174497,0.813200,-0.025533
8.650000,0.795688,-81.911315,310.369011,-252.611498,0.001993,0.737098,-0.231168
8.651000,0.907282,10.342793,252.830115,-320.565278,0.189817,0.620518,-0.367179
8.652000,0.715561,112.829996,190.058049,-344.321920,0.401929,0.486126,-0.415754
8.653000,0.491724,223.140976,113.011343,-320.461651,0.615660,0.319351,-0.370417
8.654000,0.212739,309.669528,25.135567,-268.311067,0.787293,0.138004,-0.268409
8.655000,0.151427,353.633287,-74.761035,-207.740804,0.873109,-0.067631,-0.138875
8.656000,0.168296,345.576287,-187.559365,-132.895936,0.855298,-0.289458,0.023043
8.657000,0.116716,298.607346,-282.456228,-45.020023,0.763005,-0.478902,0.214105
8.658000,-0.149293,235.938912,-337.119796,53.192609,0.638329,-0.580910,0.421359
8.659000,-0.525598,163.063208,-341.446252,162.752327,0.484507,-0.592244,0.652901
8.660000,-0.694611,78.114926,-301.549610,263.918205,0.304779,-0.509666,0.858536
8.661000,-0.752030,-15.848971,-242.481910,329.721354,0.107240,-0.389847,0.989689
8.662000,-0.616431,-119.450293,-177.662950,349.747274,-0.101634,-0.248979,1.031788
8.663000,-0.372156,-227.818622,-99.605669,322.933785,-0.315365,-0.085442,0.976736
8.664000,-0.053919,-311.161071,-11.703884,269.514063,-0.475663,0.099144,0.873109
8.665000,-0.061380,-352.042184,88.270380,208.192778,-0.556622,0.296683,0.741956
8.666000,-0.075005,-340.720858,200.731633,133.037272,-0.533953,0.528225,0.575181
8.667000,0.010637,-292.818985,293.633249,45.265135,-0.438422,0.707953,0.385738
8.668000,0.251992,-230.461122,345.187685,-53.310200,-0.315365,0.806723,0.178483
8.669000,0.582556,-157.688775,346.379396,-163.310559,-0.158305,0.809961,-0.049820
8.670000,0.809962,-72.325795,305.109940,-262.585646,0.019804,0.725764,-0.252217
8.671000,0.926422,22.752143,245.964825,-325.643033,0.218963,0.605945,-0.378513
8.672000,0.715236,128.114987,180.964778,-342.871133,0.432694,0.468315,-0.414135
8.673000,0.468692,236.120259,102.260035,-314.710317,0.643186,0.298302,-0.359083
8.674000,0.191004,317.985596,13.529328,-261.834347,0.800246,0.113716,-0.252217
8.675000,0.131314,356.534843,-88.336204,-200.176002,0.877966,-0.096776,-0.119445
8.676000,0.166674,341.457113,-201.704507,-122.999528,0.847202,-0.321842,0.050568
8.677000,0.070327,290.783507,-292.767172,-33.698752,0.746813,-0.496712,0.238393
8.678000,-0.127882,228.270513,-341.290810,65.964649,0.618899,-0.590625,0.452124
8.679000,-0.507107,153.736774,-339.218257,176.379282,0.461839,-0.584148,0.678808
8.680000,-0.678067,67.259988,-295.927813,274.306812,0.280491,-0.498332,0.877966
8.681000,-0.746191,-28.931902,-234.683942,335.420840,0.079714,-0.372036,1.002643
8.682000,-0.580422,-135.512526,-166.911610,348.115148,-0.134017,-0.227930,1.026930
8.683000,-0.318955,-241.575169,-86.963143,315.731708,-0.342891,-0.056297,0.960544
8.684000,-0.004934,-319.684443,1.560392,260.938928,-0.491855,0.126670,0.850441
8.685000,-6.810759E-5,-354.425621,102.959518,198.892253,-0.558241,0.333924,0.722526
8.686000,-0.035752,-336.238961,215.135789,121.741923,-0.522619,0.555751,0.552512
8.687000,0.073895,-283.777479,303.918230,32.959415,-0.423850,0.727383,0.356592
8.688000,0.279890,-221.160558,348.659190,-67.248061,-0.294316,0.816438,0.147719
8.689000,0.591315,-147.092879,343.166959,-177.015279,-0.134017,0.797008,-0.077346
8.690000,0.799256,-60.900893,298.918227,-272.197100,0.044092,0.714430,-0.268409
8.691000,0.899821,35.653720,238.192800,-330.643067,0.243250,0.589753,-0.389847
8.692000,0.675011,143.140909,170.135753,-340.954020,0.460220,0.445647,-0.410896
8.693000,0.418409,248.659128,89.565718,-307.430477,0.670712,0.277253,-0.346129
8.694000,0.137802,325.058139,0.031892,-253.000101,0.818057,0.086190,-0.231168
8.695000,0.068056,357.571113,-102.481326,-190.616374,0.879586,-0.124302,-0.101634
8.696000,0.076491,336.949338,-214.554308,-112.351824,0.839106,-0.346129,0.069999
8.697000,0.012908,282.778320,-301.601424,-22.299762,0.730622,-0.512904,0.265919
8.698000,-0.182706,219.125429,-344.373734,78.892129,0.601088,-0.593863,0.479650
8.699000,-0.551226,144.047646,-335.513567,189.384474,0.444028,-0.576052,0.706334
8.700000,-0.706290,57.337693,-289.684251,283.322362,0.262680,-0.486997,0.895777
8.701000,-0.750408,-40.227265,-227.974063,339.280946,0.058664,-0.359083,1.009120
8.702000,-0.584639,-148.802730,-158.258725,346.016701,-0.159924,-0.211738,1.025311
8.703000,-0.307276,-252.611498,-76.289537,309.358647,-0.363940,-0.041724,0.950829
8.704000,0.016476,-325.332150,14.202904,253.503690,-0.501570,0.152576,0.834249
8.705000,0.018423,-354.425621,116.664197,190.343024,-0.558241,0.363069,0.701476
8.706000,0.000581,-332.016134,227.104709,112.285954,-0.514523,0.580038,0.531463
8.707000,0.118663,-276.989874,312.027043,22.234007,-0.409277,0.745194,0.337162
8.708000,0.304545,-213.362592,350.913078,-79.527888,-0.276505,0.821295,0.125050
8.709000,0.621485,-138.155022,339.410480,-190.253678,-0.114587,0.792150,-0.104872
8.710000,0.814503,-51.470817,292.752420,-281.938090,0.068379,0.701476,-0.289458
8.711000,0.910201,46.741822,232.026992,-335.124964,0.265919,0.576800,-0.396324
8.712000,0.665927,156.353357,162.519166,-339.658674,0.486126,0.427836,-0.407658
8.713000,0.399919,260.265353,79.384357,-301.912307,0.690142,0.252965,-0.333176
8.714000,0.114121,331.275759,-13.413732,-245.642548,0.827772,0.057045,-0.216595
8.715000,0.047294,357.286139,-118.103138,-180.979026,0.879586,-0.155067,-0.078965
8.716000,0.099523,331.923428,-227.740901,-101.393239,0.829391,-0.368798,0.095905
8.717000,-0.025371,275.524430,-310.383864,-10.512172,0.719287,-0.530715,0.288587
8.718000,-0.198602,210.343039,-346.601729,92.285929,0.583277,-0.598720,0.507176
8.719000,-0.549280,133.374060,-330.876229,204.021791,0.419740,-0.566337,0.733860
8.720000,-0.693963,45.835084,-282.041718,293.814596,0.231916,-0.474044,0.913588
8.721000,-0.728674,-52.921598,-220.072469,343.736907,0.032758,-0.342891,1.017215
8.722000,-0.544738,-162.585167,-148.854544,344.358669,-0.185831,-0.190688,1.020454
8.723000,-0.257643,-264.114152,-65.305050,303.659162,-0.381751,-0.012579,0.942733
8.724000,0.069354,-331.731158,28.296194,245.239436,-0.514523,0.183341,0.822915
8.725000,0.080708,-353.259809,133.503594,178.788610,-0.555003,0.397072,0.677189
8.726000,0.046970,-325.539405,240.835288,99.280757,-0.501570,0.604326,0.503937
8.727000,0.153374,-269.036460,320.498551,9.047454,-0.389847,0.758148,0.309636
8.728000,0.343797,-203.673428,353.218779,-93.724822,-0.257075,0.821295,0.092667
8.729000,0.629270,-126.626484,334.177316,-204.372913,-0.091919,0.785674,-0.132398
8.730000,0.801527,-39.113273,284.073658,-291.575454,0.092667,0.683666,-0.313746
8.731000,0.882303,59.747023,223.037349,-338.259701,0.293445,0.555751,-0.407658
8.732000,0.640300,169.824872,152.363716,-337.016169,0.513652,0.406787,-0.404420
8.733000,0.358720,270.550333,68.866208,-296.316416,0.709572,0.231916,-0.325080
8.734000,0.058973,336.534830,-26.289409,-238.051835,0.837487,0.034377,-0.203642
8.735000,-0.026345,355.032251,-133.621327,-170.046338,0.873109,-0.185831,-0.056297
8.736000,0.018423,324.954512,-240.046664,-88.880247,0.814819,-0.396324,0.121812
8.737000,-0.089278,267.726497,-317.093752,2.208062,0.699857,-0.546907,0.314494
8.738000,-0.249208,201.379302,-347.638006,107.648642,0.565466,-0.598720,0.536321
8.739000,-0.583342,123.218608,-326.394333,216.431126,0.395453,-0.558241,0.761386
8.740000,-0.700775,34.902424,-274.425092,302.467451,0.214105,-0.456233,0.936257
8.741000,-0.739379,-65.045982,-211.859994,346.534837,0.008470,-0.325080,1.023692
8.742000,-0.547658,-175.201799,-139.994407,340.990792,-0.211738,-0.171258,1.012358
8.743000,-0.252777,-273.518351,-56.185855,297.959677,-0.402800,0.003612,0.928161
8.744000,0.086547,-336.316682,39.358390,239.125443,-0.525858,0.202771,0.809961
8.745000,0.100496,-351.109534,147.234177,170.524354,-0.553384,0.419740,0.659378
8.746000,0.082005,-319.062678,252.234260,88.710795,-0.490236,0.628614,0.481269
8.747000,0.184841,-262.171136,326.327570,-3.076923,-0.375274,0.772720,0.282110
8.748000,0.380130,-195.642303,353.685100,-107.403621,-0.242502,0.826153,0.061903
8.749000,0.659439,-117.455468,329.954515,-216.756391,-0.069250,0.777578,-0.158305
8.750000,0.822289,-28.646927,277.571063,-300.435613,0.115335,0.670712,-0.328318
8.751000,0.887493,72.078648,215.524390,-341.783042,0.319351,0.542797,-0.412515
8.752000,0.624080,183.348199,143.503604,-333.777804,0.541178,0.390595,-0.394704
8.753000,0.338931,280.964848,59.254795,-290.176482,0.730622,0.210867,-0.308888
8.754000,0.045348,342.027062,-37.792026,-231.808279,0.848821,0.006851,-0.189069
8.755000,-0.032184,353.503753,-147.999618,-161.678428,0.874728,-0.213357,-0.036867
8.756000,0.017774,318.089223,-252.300615,-77.455343,0.801865,-0.417373,0.146100
8.757000,-0.122043,259.488150,-323.337318,16.145913,0.683666,-0.555003,0.346877
8.758000,-0.259589,191.741989,-347.456658,121.534669,0.547655,-0.598720,0.568704
8.759000,-0.574583,112.441394,-321.212951,229.902639,0.372784,-0.551764,0.790531
8.760000,-0.693963,23.114838,-266.756654,311.871602,0.186579,-0.440041,0.954068
8.761000,-0.707912,-78.854311,-203.051663,349.643647,-0.019056,-0.305650,1.030169
8.762000,-0.499322,-189.994609,-129.113539,336.819804,-0.240883,-0.148590,1.005881
8.763000,-0.196655,-284.502872,-44.760955,290.446719,-0.425469,0.029519,0.911969
8.764000,0.142020,-341.964390,51.793643,231.172069,-0.537192,0.228678,0.788912
8.765000,0.162457,-349.840095,161.612429,160.498439,-0.551764,0.448885,0.639948
8.766000,0.135856,-311.886464,264.332713,76.197825,-0.477282,0.652901,0.452124
8.767000,0.247126,-252.300615,332.001149,-18.025141,-0.355844,0.782435,0.251346
8.768000,0.411597,-184.269196,352.027068,-123.828546,-0.216595,0.818057,0.032758
8.769000,0.654573,-105.408796,323.892335,-229.683916,-0.044963,0.761386,-0.185831
8.770000,0.812557,-16.393013,269.643597,-308.570380,0.136385,0.652901,-0.346129
8.771000,0.857973,85.912864,206.431119,-343.907409,0.346877,0.524987,-0.417373
8.772000,0.585800,197.467382,132.311883,-329.295908,0.568704,0.364688,-0.388228
8.773000,0.290595,290.938947,47.700372,-282.482135,0.750052,0.183341,-0.295935
8.774000,-0.017910,346.534837,-49.916409,-223.595803,0.860156,-0.015818,-0.171258
8.775000,-0.106147,351.871628,-161.030757,-152.041085,0.869871,-0.239264,-0.015818
8.776000,-0.049377,311.716162,-262.741088,-66.496763,0.790531,-0.436803,0.165530
8.777000,-0.190816,250.913015,-328.181910,29.306559,0.673951,-0.564718,0.376022
8.778000,-0.312791,181.223845,-345.150942,136.690125,0.526606,-0.598720,0.599469
8.779000,-0.607672,101.301484,-314.891665,241.638398,0.351735,-0.535573,0.811580
8.780000,-0.713751,11.560412,-259.813610,318.426011,0.163911,-0.427088,0.967021
8.781000,-0.714400,-91.574556,-195.124166,350.990798,-0.048201,-0.286220,1.031788
8.782000,-0.491212,-202.611246,-119.553920,332.985605,-0.266790,-0.129160,1.001024
8.783000,-0.182382,-293.699820,-34.501863,283.425989,-0.441661,0.053807,0.900635
8.784000,0.152400,-345.591359,63.166718,223.969992,-0.543669,0.252965,0.772720
8.785000,0.197168,-347.663913,174.021767,152.493250,-0.543669,0.474792,0.620518
8.786000,0.137478,-306.446014,274.047745,67.130454,-0.467567,0.669093,0.434313
8.787000,0.275673,-245.823896,336.767991,-29.475944,-0.347748,0.787293,0.223820
8.788000,0.439820,-175.253613,350.032248,-138.025488,-0.195546,0.816438,0.000374
8.789000,0.687662,-94.735187,317.726528,-241.575169,-0.022294,0.754909,-0.206880
8.790000,0.832021,-4.605423,262.881935,-315.357990,0.165530,0.641567,-0.357463
8.791000,0.859271,99.306663,199.073601,-345.047314,0.377642,0.507176,-0.417373
8.792000,0.565039,210.679827,123.166795,-325.720754,0.594611,0.345258,-0.383370
8.793000,0.263021,301.042580,36.897246,-275.849971,0.767863,0.160672,-0.279743
8.794000,-0.023101,350.809451,-62.714370,-215.720117,0.866632,-0.043344,-0.151828
8.795000,-0.098686,349.280952,-174.813197,-142.895972,0.861775,-0.265171,0.003612
8.796000,-0.048728,305.731702,-273.285189,-56.237669,0.777578,-0.457852,0.193056
8.797000,-0.222283,243.788658,-333.311479,41.560466,0.654520,-0.572814,0.401929
8.798000,-0.325767,171.042490,-343.285643,151.482886,0.497461,-0.595482,0.626994
8.799000,-0.593074,88.814422,-307.922708,254.254986,0.327447,-0.522619,0.835868
8.800000,-0.695585,-2.377439,-251.212526,325.472647,0.134766,-0.407658,0.981594
8.801000,-0.677094,-106.522789,-185.642259,351.431213,-0.078965,-0.271647,1.036646
8.802000,-0.441578,-216.678670,-109.087564,328.141042,-0.292696,-0.106491,0.988070
8.803000,-0.125936,-303.984859,-22.507017,276.094378,-0.464329,0.078094,0.884443
8.804000,0.222796,-349.658746,77.415443,214.436306,-0.555003,0.280491,0.751671
8.805000,0.245504,-344.140572,188.814525,141.171995,-0.538811,0.503937,0.597849
8.806000,0.188085,-299.502965,284.539979,55.316965,-0.451376,0.688523,0.408406
8.807000,0.328550,-237.637325,341.560740,-42.118462,-0.325080,0.800246,0.199533
8.808000,0.465448,-164.243205,347.959708,-152.170619,-0.171258,0.813200,-0.023914
8.809000,0.686365,-81.652247,310.446731,-253.051915,0.000374,0.738717,-0.229549
8.810000,0.817098,10.083725,253.529597,-320.979789,0.194675,0.625375,-0.365559
8.811000,0.831372,114.617563,188.529551,-344.088758,0.406787,0.482888,-0.412515
8.812000,0.534221,223.995899,112.285954,-320.228488,0.620518,0.320971,-0.372036
8.813000,0.215983,310.006316,25.368728,-268.751484,0.787293,0.138004,-0.266790
8.814000,-0.087656,353.814634,-76.134096,-206.730437,0.871490,-0.069250,-0.137256
8.815000,-0.184652,345.187685,-188.621546,-131.859663,0.852060,-0.292696,0.027900
8.816000,-0.118475,298.685066,-282.663483,-45.123650,0.761386,-0.474044,0.215724
8.817000,-0.254074,236.405234,-337.430679,53.063075,0.638329,-0.584148,0.422979
8.818000,-0.368588,161.819683,-341.187183,163.840411,0.479650,-0.589005,0.652901
8.819000,-0.631029,77.959485,-301.549610,264.280899,0.303160,-0.511285,0.858536
8.820000,-0.713102,-15.486276,-243.181395,330.161769,0.104001,-0.396324,0.984832
8.821000,-0.679689,-121.211957,-176.108539,349.514113,-0.104872,-0.248979,1.025311
8.822000,-0.425683,-228.569921,-98.854371,322.778345,-0.315365,-0.082204,0.979974
8.823000,-0.111662,-311.575581,-11.911138,269.928571,-0.477282,0.100763,0.871490
8.824000,0.217605,-352.171718,89.513905,207.182415,-0.555003,0.298302,0.740337
8.825000,0.264643,-340.280440,201.664276,132.052815,-0.532334,0.531463,0.575181
8.826000,0.204305,-292.922613,293.788690,45.316949,-0.436803,0.709572,0.385738
8.827000,0.348988,-231.316049,345.550380,-53.284293,-0.313746,0.806723,0.178483
8.828000,0.479397,-156.471154,346.068515,-164.631808,-0.156686,0.809961,-0.053059
8.829000,0.700963,-72.196261,305.213567,-263.051970,0.023043,0.727383,-0.250598
8.830000,0.824235,22.285821,246.716121,-326.316613,0.217343,0.609184,-0.378513
8.831000,0.820991,129.773020,179.436279,-342.508436,0.435932,0.465077,-0.414135
8.832000,0.515081,236.871555,101.431018,-314.373527,0.644805,0.298302,-0.359083
8.833000,0.197168,318.348290,13.710675,-262.197043,0.801865,0.113716,-0.252217
8.834000,-0.097388,356.612563,-89.631545,-199.087914,0.877966,-0.096776,-0.119445
8.835000,-0.191465,341.068512,-202.559433,-122.066882,0.845583,-0.321842,0.047330
8.836000,-0.123989,290.783507,-293.026241,-33.750566,0.746813,-0.496712,0.238393
8.837000,-0.280026,228.555487,-341.523973,65.446514,0.617279,-0.592244,0.448885
8.838000,-0.363398,152.415530,-338.803746,177.596899,0.461839,-0.584148,0.683666
8.839000,-0.599237,67.052734,-295.979627,274.721320,0.282110,-0.496712,0.876347
8.840000,-0.694936,-28.517393,-235.383427,335.861255,0.081333,-0.375274,1.001024
8.841000,-0.643356,-137.274190,-165.409013,347.830174,-0.137256,-0.227930,1.028550
8.842000,-0.386106,-242.326468,-86.108218,315.420827,-0.342891,-0.054678,0.963783
8.843000,-0.055865,-320.124861,1.456765,261.457063,-0.491855,0.128289,0.855298
8.844000,0.274700,-354.503342,104.203042,197.726449,-0.558241,0.337162,0.717668
8.845000,0.313303,-335.772637,216.068432,120.757466,-0.522619,0.557370,0.549274
8.846000,0.255236,-283.803386,304.021857,32.622627,-0.420611,0.729002,0.356592
8.847000,0.399270,-221.523254,348.736911,-67.066713,-0.292696,0.814819,0.149338
8.848000,0.509566,-145.771631,342.674730,-178.310621,-0.132398,0.800246,-0.080585
8.849000,0.691880,-60.641825,298.970040,-272.741145,0.044092,0.712811,-0.271647
8.850000,0.807691,35.265118,238.918189,-331.057578,0.243250,0.591373,-0.388228
8.851000,0.794066,144.773035,168.607254,-340.669044,0.463458,0.444028,-0.409277
8.852000,0.469016,249.410424,88.762608,-307.093687,0.669093,0.274015,-0.342891
8.853000,0.143642,325.343113,0.083705,-253.310983,0.814819,0.086190,-0.234406
8.854000,-0.154483,357.519300,-103.854387,-189.321031,0.877966,-0.129160,-0.100015
8.855000,-0.240774,336.483017,-215.435141,-111.263737,0.837487,-0.346129,0.073237
8.856000,-0.195033,282.804227,-301.834586,-22.377483,0.733860,-0.512904,0.265919
8.857000,-0.328687,219.514030,-344.114665,78.762595,0.602707,-0.595482,0.479650
8.858000,-0.402975,142.752308,-335.073150,190.653905,0.442409,-0.576052,0.706334
8.859000,-0.624216,57.130439,-289.787879,283.788684,0.257823,-0.485378,0.895777
8.860000,-0.700126,-39.916384,-228.751269,339.824988,0.058664,-0.359083,1.007500
8.861000,-0.641734,-150.408954,-156.730222,345.679914,-0.161543,-0.208499,1.025311
8.862000,-0.373778,-253.285077,-75.486426,309.099580,-0.360702,-0.035248,0.950829
8.863000,-0.038023,-325.643033,14.125184,253.840478,-0.501570,0.154196,0.837487
8.864000,0.294164,-354.347900,117.985442,189.332660,-0.556622,0.367927,0.699857
8.865000,0.332443,-331.497995,227.985539,111.197869,-0.517762,0.581658,0.528225
8.866000,0.274700,-277.326664,312.286110,22.337634,-0.410896,0.745194,0.337162
8.867000,0.425871,-213.803009,351.534840,-79.553795,-0.274886,0.819676,0.121812
8.868000,0.536491,-136.730147,338.866438,-191.445393,-0.111349,0.790531,-0.109730
8.869000,0.698692,-51.237656,292.674699,-282.352600,0.068379,0.704715,-0.291077
8.870000,0.806718,46.327313,232.726475,-335.565381,0.269157,0.578419,-0.396324
8.871000,0.783361,157.985483,161.016574,-339.140536,0.489365,0.424598,-0.406039
8.872000,0.452796,260.938928,78.633061,-301.575517,0.693381,0.252965,-0.334795
8.873000,0.124826,331.508920,-13.310105,-246.057058,0.829391,0.057045,-0.219834
8.874000,-0.163891,357.104792,-119.372573,-179.813218,0.876347,-0.159924,-0.075727
8.875000,-0.251803,331.327573,-228.492200,-100.279246,0.827772,-0.372036,0.097525
8.876000,-0.234610,275.576243,-310.539305,-10.486265,0.719287,-0.529096,0.286968
8.877000,-0.348799,210.731640,-346.938519,92.441370,0.588134,-0.600340,0.505556
8.878000,-0.400704,132.026908,-330.306277,205.161688,0.414883,-0.564718,0.741956
8.879000,-0.610916,45.576017,-281.886276,294.229104,0.235154,-0.467567,0.920065
8.880000,-0.675472,-52.584809,-220.720141,344.203229,0.032758,-0.344510,1.018835
8.881000,-0.597291,-164.061857,-147.248320,343.944161,-0.190688,-0.189069,1.018835
8.882000,-0.317981,-264.787731,-64.476032,303.374188,-0.383370,-0.010960,0.939495
8.883000,0.011935,-332.016134,28.218474,245.602131,-0.516143,0.183341,0.821295
8.884000,0.348988,-353.000740,134.747118,177.648713,-0.555003,0.400310,0.672331
8.885000,0.392457,-324.839919,241.612491,98.063138,-0.503189,0.607564,0.500699
8.886000,0.336985,-268.958739,320.524457,8.995640,-0.391466,0.758148,0.308017
8.887000,0.461230,-204.113844,353.477846,-93.673008,-0.261932,0.819676,0.087809
8.888000,0.559524,-125.227515,333.555554,-205.072398,-0.090300,0.784054,-0.137256
8.889000,0.711019,-38.776485,283.918217,-291.938151,0.094286,0.685285,-0.308888
8.890000,0.785631,59.436142,223.762738,-338.881467,0.295064,0.560608,-0.404420
8.891000,0.751245,171.249744,150.861124,-336.472123,0.520129,0.405168,-0.402800
8.892000,0.405758,271.146189,68.089005,-295.979627,0.709572,0.230297,-0.323461
8.893000,0.071300,336.949338,-26.185781,-238.492252,0.837487,0.032758,-0.202023
8.894000,-0.233637,354.850904,-134.916669,-168.984157,0.873109,-0.190688,-0.054678
8.895000,-0.309871,324.280936,-240.823870,-87.714441,0.813200,-0.396324,0.125050
8.896000,-0.288785,267.674684,-317.197380,2.233969,0.703096,-0.545288,0.317732
8.897000,-0.413355,202.026971,-347.845262,105.990609,0.563847,-0.600340,0.536321
8.898000,-0.444822,121.871457,-325.746660,217.519210,0.395453,-0.556622,0.764624
8.899000,-0.628758,34.617449,-274.476906,302.648799,0.212486,-0.454614,0.936257
8.900000,-0.681635,-64.709194,-212.559480,347.027065,0.008470,-0.328318,1.022073
8.901000,-0.598913,-176.730303,-138.414091,340.472656,-0.218214,-0.171258,1.010739
8.902000,-0.307601,-274.140117,-55.382744,297.519262,-0.404420,0.010089,0.928161
8.903000,0.026533,-336.575751,39.228856,239.514044,-0.524238,0.202771,0.806723
8.904000,0.371696,-350.902279,148.425888,169.410364,-0.555003,0.422979,0.654520
8.905000,0.412895,-318.440912,252.959649,87.519083,-0.486997,0.630233,0.478030
8.906000,0.369100,-262.067509,326.483010,-3.154643,-0.376894,0.774339,0.283730
8.907000,0.503727,-196.056812,353.944168,-107.429528,-0.239264,0.822915,0.063522
8.908000,0.583205,-115.952872,329.332753,-217.818572,-0.067631,0.775959,-0.161543
8.909000,0.726915,-28.413766,277.545156,-300.772403,0.118574,0.673951,-0.326699
8.910000,0.795688,71.845487,216.275686,-342.249366,0.320971,0.546036,-0.410896
8.911000,0.739567,184.876698,141.949198,-333.181945,0.542797,0.385738,-0.393085
8.912000,0.386943,281.612516,58.451685,-289.813785,0.733860,0.206009,-0.307269
8.913000,0.053134,342.415663,-37.636585,-232.145069,0.847202,0.008470,-0.187450
8.914000,-0.246289,353.270592,-149.139519,-160.616248,0.869871,-0.216595,-0.036867
8.915000,-0.300139,317.389740,-252.974194,-76.393164,0.797008,-0.418992,0.144481
8.916000,-0.327713,259.462244,-323.466852,16.223633,0.683666,-0.555003,0.348497
8.917000,-0.412058,192.260124,-347.638006,121.456948,0.542797,-0.601959,0.568704
8.918000,-0.437685,110.990615,-320.487558,230.964815,0.371165,-0.546907,0.790531
8.919000,-0.626487,22.803956,-266.678934,312.182483,0.188198,-0.441661,0.955687
8.920000,-0.656981,-78.517522,-203.802962,350.187689,-0.022294,-0.310507,1.031788
8.921000,-0.552848,-191.497206,-127.559129,336.405296,-0.247360,-0.150209,0.999405
8.922000,-0.254723,-285.098731,-43.957844,289.954490,-0.425469,0.032758,0.913588
8.923000,0.077788,-342.197553,51.715923,231.508857,-0.533953,0.228678,0.792150
8.924000,0.408029,-349.606933,162.778234,159.539889,-0.551764,0.450505,0.635090
8.925000,0.452472,-311.238792,264.980382,75.135647,-0.475663,0.654520,0.453743
8.926000,0.423275,-252.430150,332.182496,-18.154675,-0.357463,0.779197,0.252965
8.927000,0.535843,-184.735519,352.182509,-123.854453,-0.214976,0.818057,0.027900
8.928000,0.591964,-103.958014,323.166946,-230.564750,-0.044963,0.761386,-0.187450
8.929000,0.720427,-16.082132,269.488157,-308.907170,0.141242,0.657759,-0.342891
8.930000,0.771358,85.679703,207.208322,-344.347827,0.346877,0.526606,-0.415754
8.931000,0.698043,198.866347,130.809290,-328.700049,0.573562,0.361450,-0.386609
8.932000,0.339256,291.586616,46.871355,-282.015811,0.748433,0.183341,-0.294316
8.933000,-0.002663,346.845718,-49.786875,-223.984406,0.858536,-0.015818,-0.172878
8.934000,-0.307276,351.483026,-162.092938,-151.056625,0.865013,-0.240883,-0.015818
8.935000,-0.378969,311.016680,-263.336946,-65.693652,0.788912,-0.440041,0.167149
8.936000,-0.377347,250.913015,-328.285538,29.280652,0.669093,-0.561479,0.376022
8.937000,-0.474343,181.767887,-345.254569,136.664219,0.521748,-0.598720,0.596230
8.938000,-0.469477,99.824799,-314.088551,242.648761,0.348497,-0.535573,0.813200
8.939000,-0.640436,11.171810,-259.735889,318.736892,0.162291,-0.423850,0.965402
8.940000,-0.660225,-91.315488,-195.927278,351.405306,-0.046582,-0.291077,1.031788
8.941000,-0.551550,-203.958403,-117.999511,332.260216,-0.268409,-0.127541,0.997785
8.942000,-0.253750,-294.295678,-33.646939,282.985574,-0.443280,0.055426,0.899016
8.943000,0.086223,-345.902242,63.088997,224.358593,-0.545288,0.254584,0.775959
8.944000,0.437225,-347.223496,175.032130,151.482886,-0.546907,0.478030,0.615660
8.945000,0.489129,-305.772435,274.591787,66.042370,-0.462710,0.667474,0.431074
8.946000,0.456364,-245.875710,336.871618,-29.450038,-0.344510,0.792150,0.230297
8.947000,0.574771,-175.771750,350.265409,-138.025488,-0.197165,0.813200,0.003612
8.948000,0.618565,-93.310312,316.845699,-242.559630,-0.022294,0.750052,-0.210119
8.949000,0.733727,-4.268635,262.778308,-315.617059,0.163911,0.643186,-0.355844
8.950000,0.772980,99.047596,199.824897,-345.565452,0.372784,0.508795,-0.420611
8.951000,0.687338,212.078792,121.612389,-325.047174,0.597849,0.340401,-0.381751
8.952000,0.316223,301.586622,36.042322,-275.435461,0.769482,0.159053,-0.282981
8.953000,-0.018559,351.172145,-62.714370,-216.082813,0.866632,-0.044963,-0.158305
8.954000,-0.306952,348.866444,-175.875377,-141.781979,0.861775,-0.266790,0.003612
8.955000,-0.378320,305.032220,-273.777420,-55.201396,0.777578,-0.459471,0.191437
8.956000,-0.414329,243.814565,-333.363293,41.560466,0.654520,-0.574433,0.398691
8.957000,-0.485372,171.638345,-343.544713,151.431073,0.502318,-0.592244,0.628614
8.958000,-0.459096,87.389550,-307.067780,255.161723,0.322590,-0.519381,0.837487
8.959000,-0.631029,-2.740135,-251.134806,325.602181,0.131527,-0.409277,0.981594
8.960000,-0.629731,-106.419162,-186.393557,351.819814,-0.075727,-0.271647,1.030169
8.961000,-0.498997,-217.974014,-107.584969,327.467467,-0.297554,-0.100015,0.986451
8.962000,-0.186923,-304.451183,-21.729813,275.679870,-0.464329,0.078094,0.886062
8.963000,0.145264,-349.943723,77.311816,214.824908,-0.551764,0.280491,0.754909
8.964000,0.478424,-343.803782,189.876702,140.058005,-0.538811,0.505556,0.592992
8.965000,0.527408,-298.751665,285.058114,54.099346,-0.448137,0.691761,0.403548
8.966000,0.491400,-237.715045,341.716181,-42.299809,-0.328318,0.800246,0.201152
8.967000,0.589369,-164.916783,348.244682,-152.144712,-0.176116,0.811580,-0.027152
8.968000,0.621160,-80.279186,309.617715,-253.855028,0.005232,0.735479,-0.227930
8.969000,0.718805,10.472327,253.425970,-321.290672,0.194675,0.623756,-0.370417
8.970000,0.738269,114.513935,189.203127,-344.529176,0.403548,0.486126,-0.414135
8.971000,0.639975,225.239423,110.705641,-319.451281,0.620518,0.314494,-0.372036
8.972000,0.272753,310.498544,24.487897,-268.259254,0.785674,0.136385,-0.266790
8.973000,-0.072734,354.073702,-76.056376,-207.041319,0.873109,-0.070870,-0.137256
8.974000,-0.378320,344.747271,-189.580100,-130.771576,0.855298,-0.297554,0.031138
8.975000,-0.434117,298.063304,-283.181621,-44.113285,0.763005,-0.478902,0.218963
8.976000,-0.460394,236.457047,-337.560214,53.088982,0.638329,-0.584148,0.426217
8.977000,-0.529815,162.493259,-341.498066,164.073571,0.482888,-0.590625,0.654520
8.978000,-0.487319,76.586426,-300.798310,265.161729,0.299921,-0.509666,0.860156
8.979000,-0.636219,-15.874877,-243.000047,330.420837,0.108859,-0.389847,0.986451
8.980000,-0.630380,-121.056516,-176.859837,349.850901,-0.104872,-0.250598,1.018835
8.981000,-0.489914,-229.813450,-97.274055,321.897515,-0.316984,-0.077346,0.975117
8.982000,-0.186274,-311.990092,-11.004401,269.436343,-0.480521,0.099144,0.868251
8.983000,0.155320,-352.482601,89.462091,207.571016,-0.556622,0.298302,0.740337
8.984000,0.505673,-339.840023,202.596919,130.990638,-0.530715,0.531463,0.571943
8.985000,0.559200,-292.067685,294.306825,44.228864,-0.438422,0.707953,0.382499
8.986000,0.529030,-231.264235,345.705820,-53.284293,-0.313746,0.809961,0.176864
8.987000,0.627973,-157.067011,346.379396,-164.502274,-0.158305,0.809961,-0.051440
8.988000,0.640624,-70.823200,304.384551,-263.829177,0.024662,0.727383,-0.252217
8.989000,0.727239,22.674423,246.612494,-326.497961,0.220582,0.607564,-0.380132
8.990000,0.726266,129.617579,180.187575,-342.974760,0.434313,0.468315,-0.412515
8.991000,0.628946,238.115079,99.850705,-313.570413,0.649663,0.293445,-0.355844
8.992000,0.263994,318.788705,12.829845,-261.704812,0.803484,0.113716,-0.252217
8.993000,-0.072085,356.923444,-89.605638,-199.424703,0.877966,-0.098396,-0.119445
8.994000,-0.369237,340.602190,-203.595707,-121.004703,0.845583,-0.325080,0.050568
8.995000,-0.446120,290.032211,-293.518472,-32.636574,0.743575,-0.498332,0.244869
8.996000,-0.494131,228.529581,-341.575786,65.886929,0.623756,-0.590625,0.453743
8.997000,-0.534681,153.089105,-339.088722,177.596899,0.461839,-0.582529,0.680427
8.998000,-0.474992,65.783302,-295.202420,275.368989,0.278872,-0.496712,0.877966
8.999000,-0.626163,-28.854181,-235.253893,336.068509,0.078094,-0.375274,1.001024
9.000000,-0.594047,-137.041029,-166.160311,348.218775,-0.137256,-0.231168,1.026930
9.001000,-0.433144,-243.466371,-84.553809,314.591811,-0.347748,-0.051440,0.960544
9.002000,-0.131126,-320.461651,2.493037,260.990742,-0.491855,0.129908,0.848821
9.003000,0.201709,-354.736504,104.280763,198.037330,-0.561479,0.333924,0.717668
9.004000,0.539411,-335.409940,217.026982,119.721195,-0.527477,0.555751,0.544417
9.005000,0.596830,-282.922552,304.591805,31.560449,-0.418992,0.729002,0.359831
9.006000,0.562444,-221.575067,348.866444,-67.196247,-0.291077,0.814819,0.147719
9.007000,0.640949,-146.419302,342.985611,-178.206993,-0.135637,0.800246,-0.082204
9.008000,0.631541,-59.372392,298.089210,-273.388817,0.048949,0.714430,-0.271647
9.009000,0.713939,35.576000,238.866375,-331.238926,0.244869,0.594611,-0.388228
9.010000,0.696746,144.565781,169.436271,-341.031741,0.463458,0.444028,-0.409277
9.011000,0.587422,250.550321,87.234109,-306.290573,0.670712,0.277253,-0.342891
9.012000,0.204953,325.705808,-0.874846,-252.870566,0.814819,0.081333,-0.234406
9.013000,-0.135019,357.804274,-103.880294,-189.683727,0.879586,-0.129160,-0.096776
9.014000,-0.441578,335.990788,-216.367788,-110.305185,0.835868,-0.347748,0.076475
9.015000,-0.514244,282.001118,-302.223189,-21.263490,0.732241,-0.514523,0.267538
9.016000,-0.532735,219.591750,-344.192386,78.840315,0.602707,-0.597101,0.478030
9.017000,-0.573610,143.348163,-335.306312,190.627998,0.442409,-0.577671,0.709572
9.018000,-0.492185,55.809193,-288.907044,284.488166,0.256204,-0.483759,0.899016
9.019000,-0.625514,-40.201359,-228.673548,340.006335,0.058664,-0.362321,1.009120
9.020000,-0.595345,-150.227606,-157.533334,346.198049,-0.161543,-0.210119,1.023692
9.021000,-0.436388,-254.373165,-74.061551,308.218750,-0.368798,-0.035248,0.944353
9.022000,-0.115879,-325.979823,15.057828,253.348250,-0.503189,0.155815,0.835868
9.023000,0.222147,-354.529249,118.063162,189.539914,-0.559860,0.364688,0.698238
9.024000,0.552712,-331.005764,228.814555,110.187506,-0.514523,0.580038,0.526606
9.025000,0.624729,-276.523550,312.648805,21.275456,-0.406039,0.745194,0.332305
9.026000,0.605264,-213.906636,351.560747,-79.553795,-0.278124,0.821295,0.123431
9.027000,0.674038,-137.429631,339.099599,-191.056790,-0.116206,0.792150,-0.108111
9.028000,0.660088,-49.916409,291.716150,-283.026180,0.069999,0.698238,-0.292696
9.029000,0.718805,46.664101,232.700568,-335.746730,0.269157,0.581658,-0.399562
9.030000,0.693177,157.778229,161.845590,-339.762302,0.492603,0.427836,-0.409277
9.031000,0.571851,261.897478,77.208189,-300.798310,0.691761,0.249727,-0.333176
9.032000,0.182245,331.819801,-14.216843,-245.590734,0.827772,0.057045,-0.219834
9.033000,-0.145075,357.286139,-119.553920,-180.072286,0.876347,-0.158305,-0.077346
9.034000,-0.434117,330.835345,-229.373034,-99.268880,0.822915,-0.373655,0.099144
9.035000,-0.518786,274.721320,-310.927909,-9.346366,0.717668,-0.530715,0.290206
9.036000,-0.572961,210.809361,-346.964426,92.519090,0.583277,-0.592244,0.507176
9.037000,-0.579124,132.674577,-330.617160,205.187595,0.418121,-0.566337,0.738717
9.038000,-0.496402,44.228864,-280.901815,294.902680,0.230297,-0.469186,0.916827
9.039000,-0.607347,-52.999318,-220.564700,344.358669,0.031138,-0.347748,1.018835
9.040000,-0.548631,-163.880509,-148.129153,344.436390,-0.189069,-0.190688,1.022073
9.041000,-0.378969,-265.746286,-63.102972,302.545172,-0.389847,-0.010960,0.941114
9.042000,-0.064300,-332.301110,29.047491,245.109903,-0.511285,0.183341,0.819676
9.043000,0.286378,-353.207995,134.876652,177.985501,-0.558241,0.400310,0.675570
9.044000,0.599101,-324.373594,242.415600,97.182308,-0.498332,0.610803,0.497461
9.045000,0.667549,-268.129719,320.835338,7.855742,-0.393085,0.758148,0.308017
9.046000,0.647112,-204.139751,353.581473,-93.517567,-0.257075,0.824534,0.094286
9.047000,0.692853,-125.952906,333.866435,-205.486907,-0.091919,0.782435,-0.135637
9.048000,0.660737,-37.481145,282.985574,-292.637637,0.095905,0.682046,-0.310507
9.049000,0.701612,59.772930,223.633204,-339.088722,0.293445,0.558989,-0.406039
9.050000,0.659439,171.146117,151.638327,-336.938448,0.516891,0.406787,-0.401181
9.051000,0.530977,272.130645,66.612319,-295.098792,0.712811,0.223820,-0.320222
9.052000,0.133261,337.156592,-26.988892,-237.948207,0.839106,0.029519,-0.203642
9.053000,-0.220661,355.032251,-134.994389,-169.295039,0.871490,-0.189069,-0.053059
9.054000,-0.497700,323.710988,-241.601076,-86.755889,0.809961,-0.396324,0.125050
9.055000,-0.587883,266.767948,-317.456449,3.347961,0.699857,-0.540430,0.319351
9.056000,-0.621621,201.897437,-347.845262,106.146050,0.568704,-0.598720,0.536321
9.057000,-0.615457,122.545033,-326.057543,217.493303,0.397072,-0.556622,0.764624
9.058000,-0.505485,33.244390,-273.388817,303.400095,0.207628,-0.452995,0.934638
9.059000,-0.610916,-65.123703,-212.352225,347.208412,0.006851,-0.326699,1.023692
9.060000,-0.555768,-176.652583,-139.243109,340.990792,-0.214976,-0.171258,1.012358
9.061000,-0.377347,-275.046858,-53.906056,296.612526,-0.407658,0.010089,0.926542
9.062000,-0.053919,-336.783006,40.083779,238.970002,-0.525858,0.204390,0.805104
9.063000,0.281512,-351.109534,148.503609,169.798965,-0.553384,0.424598,0.656140
9.064000,0.621485,-317.896867,253.710944,86.560533,-0.490236,0.630233,0.473173
9.065000,0.687662,-261.134861,326.560731,-4.190915,-0.373655,0.771101,0.280491
9.066000,0.696421,-196.264067,353.788727,-107.533155,-0.240883,0.824534,0.063522
9.067000,0.723022,-116.652356,329.669541,-217.792665,-0.070870,0.774339,-0.163163
9.068000,0.677282,-27.118426,276.586607,-301.316448,0.116955,0.670712,-0.328318
9.069000,0.704531,72.182275,216.146152,-342.404808,0.319351,0.544417,-0.409277
9.070000,0.651329,184.850791,142.726401,-333.622362,0.546036,0.387357,-0.393085
9.071000,0.518974,282.441532,56.949092,-288.907044,0.727383,0.201152,-0.310507
9.072000,0.130017,342.622917,-38.465603,-231.575117,0.850441,0.006851,-0.190688
9.073000,-0.217093,353.503753,-149.191333,-160.849409,0.869871,-0.218214,-0.035248
9.074000,-0.479533,316.819792,-253.725493,-75.434612,0.800246,-0.418992,0.150957
9.075000,-0.619350,258.555507,-323.622294,17.363532,0.683666,-0.555003,0.351735
9.076000,-0.650817,192.208310,-347.586192,120.887000,0.542797,-0.601959,0.568704
9.077000,-0.614484,111.664191,-320.772534,230.964815,0.371165,-0.545288,0.788912
9.078000,-0.512947,21.508617,-265.746286,312.674712,0.183341,-0.436803,0.955687
9.079000,-0.590479,-78.932031,-203.647521,350.291316,-0.022294,-0.310507,1.030169
9.080000,-0.506134,-191.367672,-128.336334,336.871618,-0.245740,-0.148590,1.005881
9.081000,-0.322847,-285.979565,-42.481157,288.918220,-0.427088,0.034377,0.908731
9.082000,-0.012720,-342.430715,52.596753,230.938909,-0.538811,0.230297,0.788912
9.083000,0.327253,-349.866002,162.752327,159.876676,-0.551764,0.453743,0.635090
9.084000,0.656520,-310.720653,265.653957,74.125283,-0.475663,0.651282,0.448885
9.085000,0.741189,-251.445688,332.337936,-19.268667,-0.355844,0.784054,0.248108
9.086000,0.722049,-184.735519,352.130695,-123.983987,-0.216595,0.819676,0.027900
9.087000,0.744108,-104.605685,323.426014,-230.616563,-0.046582,0.761386,-0.185831
9.088000,0.673713,-14.786792,268.503700,-309.373494,0.141242,0.649663,-0.344510
9.089000,0.688960,86.042398,207.052881,-344.451455,0.346877,0.523367,-0.415754
9.090000,0.616619,198.788626,131.612400,-329.166373,0.571943,0.364688,-0.388228
9.091000,0.478099,292.337912,45.394669,-281.005442,0.753290,0.181722,-0.289458
9.092000,0.081357,347.052972,-50.667706,-223.336734,0.858536,-0.019056,-0.172878
9.093000,-0.271592,351.664374,-162.118844,-151.341600,0.869871,-0.242502,-0.015818
9.094000,-0.542143,310.498544,-263.958711,-64.579660,0.785674,-0.436803,0.172007
9.095000,-0.676120,249.980372,-328.363259,29.902415,0.677189,-0.564718,0.376022
9.096000,-0.716671,181.690167,-345.176849,136.767846,0.520129,-0.595482,0.597849
9.097000,-0.641734,100.498375,-314.477155,242.648761,0.351735,-0.533953,0.813200
9.098000,-0.527220,9.824657,-258.725521,319.125493,0.159053,-0.423850,0.968640
9.099000,-0.594696,-91.678183,-195.668210,351.431213,-0.044963,-0.291077,1.031788
9.100000,-0.504188,-203.854775,-118.802623,332.778351,-0.270028,-0.129160,0.997785
9.101000,-0.337121,-295.021072,-32.247972,281.975211,-0.446518,0.055426,0.894158
9.102000,-0.007205,-346.031777,63.969828,223.607297,-0.543669,0.256204,0.774339
9.103000,0.333741,-347.482565,175.135757,151.793767,-0.546907,0.474792,0.618899
9.104000,0.678904,-305.280204,275.161735,65.187446,-0.464329,0.672331,0.429455
9.105000,0.782387,-244.865342,336.923431,-30.460403,-0.341272,0.790531,0.225439
9.106000,0.760653,-175.797657,350.187689,-138.051395,-0.197165,0.814819,0.001993
9.107000,0.762923,-93.983890,317.156580,-242.430096,-0.022294,0.748433,-0.210119
9.108000,0.695772,-2.921482,261.767944,-315.953849,0.168768,0.636710,-0.357463
9.109000,0.693177,99.488011,199.617642,-345.591359,0.379261,0.510414,-0.417373
9.110000,0.600723,211.975165,122.415499,-325.591219,0.596230,0.345258,-0.380132
9.111000,0.472909,302.260197,34.669262,-274.399185,0.774339,0.159053,-0.278124
9.112000,0.079410,351.223959,-63.517481,-215.383327,0.868251,-0.044963,-0.155067
9.113000,-0.252128,349.099605,-175.953098,-142.118767,0.863394,-0.266790,0.005232
9.114000,-0.527545,304.462271,-274.399185,-54.346472,0.775959,-0.461091,0.197913
9.115000,-0.714400,242.907829,-333.492828,42.389483,0.651282,-0.572814,0.401929
9.116000,-0.707587,171.612438,-343.441085,151.456979,0.502318,-0.593863,0.628614
9.117000,-0.647898,88.218566,-307.456384,255.058096,0.324209,-0.522619,0.840725
9.118000,-0.521705,-4.087288,-250.072624,325.887155,0.128289,-0.409277,0.978355
9.119000,-0.564526,-106.807764,-186.186302,351.793907,-0.077346,-0.273266,1.033407
9.120000,-0.456501,-217.948107,-108.388080,328.037415,-0.295935,-0.106491,0.986451
9.121000,-0.280351,-305.072949,-20.356753,274.695414,-0.465948,0.078094,0.876347
9.122000,0.033994,-349.995536,78.166739,214.177239,-0.551764,0.283730,0.753290
9.123000,0.384672,-343.959223,189.902609,140.342979,-0.538811,0.507176,0.594611
9.124000,0.717183,-298.259434,285.576249,53.244423,-0.451376,0.693381,0.403548
9.125000,0.835589,-236.808305,341.690274,-43.154734,-0.328318,0.801865,0.199533
9.126000,0.799905,-164.916783,348.141055,-152.144712,-0.174497,0.809961,-0.025533
9.127000,0.769087,-81.056390,309.980409,-253.751400,0.001993,0.735479,-0.231168
9.128000,0.682796,11.715853,252.389700,-321.497927,0.199533,0.618899,-0.367179
9.129000,0.657493,114.928444,188.944059,-344.529176,0.406787,0.486126,-0.414135
9.130000,0.559200,225.187609,111.534657,-319.969419,0.622137,0.320971,-0.368798
9.131000,0.423924,311.068493,23.140745,-267.300699,0.788912,0.136385,-0.261932
9.132000,0.024911,354.099608,-76.885393,-206.393647,0.871490,-0.070870,-0.137256
9.133000,-0.322847,344.876804,-189.631913,-131.186085,0.853679,-0.295935,0.027900
9.134000,-0.588208,297.337915,-283.699759,-43.310174,0.759767,-0.478902,0.220582
9.135000,-0.770521,235.498497,-337.560214,54.047533,0.638329,-0.582529,0.424598
9.136000,-0.777658,162.519166,-341.472159,164.073571,0.482888,-0.589005,0.654520
9.137000,-0.674498,77.337722,-301.212820,265.006288,0.303160,-0.508047,0.856917
9.138000,-0.526896,-17.040683,-242.041493,330.550370,0.102382,-0.389847,0.989689
9.139000,-0.568744,-121.367398,-176.600769,349.591833,-0.108111,-0.250598,1.028550
9.140000,-0.419843,-229.580289,-98.051260,322.389744,-0.318603,-0.083823,0.976736
9.141000,-0.277431,-312.508230,-9.709061,268.400073,-0.477282,0.104001,0.866632
9.142000,0.036914,-352.430787,90.317015,206.845627,-0.556622,0.301540,0.740337
9.143000,0.380779,-340.073185,202.622826,131.327426,-0.532334,0.533082,0.573562
9.144000,0.725942,-291.471827,294.721333,43.425754,-0.433565,0.709572,0.384118
9.145000,0.858297,-230.253867,345.524473,-53.906056,-0.312127,0.808342,0.176864
9.146000,0.823911,-157.092918,346.223956,-164.528180,-0.158305,0.808342,-0.054678
9.147000,0.797310,-71.678125,304.799059,-263.725549,0.021423,0.727383,-0.252217
9.148000,0.696746,23.866135,245.602131,-326.653402,0.222201,0.607564,-0.380132
9.149000,0.651005,130.083901,179.954414,-342.871133,0.437551,0.468315,-0.412515
9.150000,0.543628,237.985546,100.653815,-314.036737,0.649663,0.298302,-0.355844
9.151000,0.418734,319.203213,11.482692,-260.642630,0.803484,0.108859,-0.250598
9.152000,0.032372,356.819817,-90.460563,-198.751125,0.879586,-0.101634,-0.119445
9.153000,-0.314089,340.809444,-203.543893,-121.315584,0.843964,-0.320222,0.050568
9.154000,-0.595669,289.410449,-293.907075,-31.885276,0.743575,-0.498332,0.244869
9.155000,-0.790959,227.519217,-341.472159,66.897293,0.617279,-0.593863,0.448885
9.156000,-0.768575,153.089105,-338.985094,177.622806,0.463458,-0.580910,0.682046
9.157000,-0.661198,66.586412,-295.616930,275.317176,0.280491,-0.495093,0.877966
9.158000,-0.523327,-29.994080,-234.347152,336.172136,0.078094,-0.375274,1.005881
9.159000,-0.529491,-137.403724,-165.901243,348.218775,-0.137256,-0.229549,1.028550
9.160000,-0.396162,-243.362743,-85.434641,315.109946,-0.346129,-0.057916,0.960544
9.161000,-0.231691,-320.850254,3.762469,259.824938,-0.495093,0.134766,0.850441
9.162000,0.087845,-354.658783,105.032059,197.363755,-0.558241,0.338781,0.717668
9.163000,0.433332,-335.539474,217.001075,120.057983,-0.524238,0.560608,0.549274
9.164000,0.761301,-282.378507,304.902686,30.783245,-0.417373,0.729002,0.353354
9.165000,0.897550,-220.512886,348.711004,-68.077079,-0.292696,0.813200,0.146100
9.166000,0.855702,-146.445208,342.622917,-178.025646,-0.135637,0.800246,-0.077346
9.167000,0.787253,-60.253223,298.477812,-273.233376,0.045711,0.711192,-0.271647
9.168000,0.686689,36.664085,237.881919,-331.368461,0.248108,0.589753,-0.389847
9.169000,0.621160,144.902569,169.229016,-341.057648,0.465077,0.445647,-0.407658
9.170000,0.498212,250.394880,88.089032,-306.782804,0.672331,0.277253,-0.342891
9.171000,0.365532,325.990782,-2.196092,-251.782478,0.816438,0.082952,-0.229549
9.172000,-0.027967,357.622927,-104.657498,-188.880615,0.879586,-0.127541,-0.095157
9.173000,-0.379293,336.172136,-216.341881,-110.616067,0.837487,-0.349368,0.074856
9.174000,-0.660225,281.482983,-302.637700,-20.486287,0.733860,-0.512904,0.269157
9.175000,-0.844809,218.477760,-344.036944,79.798866,0.599469,-0.592244,0.481269
9.176000,-0.821128,143.503604,-334.943615,190.498464,0.444028,-0.576052,0.709572
9.177000,-0.682933,56.664117,-289.321555,284.280912,0.259442,-0.483759,0.899016
9.178000,-0.532086,-41.315351,-227.663181,339.928615,0.055426,-0.359083,1.009120
9.179000,-0.531113,-150.408954,-157.326079,346.094422,-0.163163,-0.211738,1.023692
9.180000,-0.387403,-254.217724,-74.812849,308.840512,-0.365559,-0.032009,0.947591
9.181000,-0.203468,-326.342519,16.327261,252.286073,-0.504808,0.159053,0.832630
9.182000,0.106335,-354.321993,118.814458,188.684991,-0.559860,0.367927,0.699857
9.183000,0.444037,-331.083485,228.788648,110.498387,-0.512904,0.583277,0.524987
9.184000,0.785956,-275.953599,312.933779,20.575973,-0.404420,0.741956,0.332305
9.185000,0.937776,-212.844455,351.353493,-80.460533,-0.274886,0.818057,0.120193
9.186000,0.862190,-137.403724,338.892345,-191.393579,-0.117826,0.792150,-0.106491
9.187000,0.813530,-50.641799,292.208378,-282.870738,0.068379,0.699857,-0.292696
9.188000,0.695448,47.674466,231.638391,-335.746730,0.265919,0.573562,-0.399562
9.189000,0.621809,158.011390,161.612429,-339.658674,0.492603,0.429455,-0.407658
9.190000,0.493670,261.819758,78.011299,-301.394169,0.691761,0.252965,-0.331557
9.191000,0.364234,332.104776,-15.512182,-244.502646,0.832630,0.053807,-0.214976
9.192000,-0.030562,357.078885,-120.305218,-179.372801,0.879586,-0.161543,-0.077346
9.193000,-0.349448,330.990785,-229.321220,-99.605669,0.827772,-0.372036,0.095905
9.194000,-0.675472,274.436346,-311.161071,-8.698696,0.714430,-0.529096,0.290206
9.195000,-0.870761,209.773091,-346.731264,93.244480,0.581658,-0.600340,0.512033
9.196000,-0.815289,132.726391,-330.461719,204.876714,0.418121,-0.566337,0.740337
9.197000,-0.685528,45.161508,-281.471766,294.721333,0.233535,-0.469186,0.920065
9.198000,-0.507107,-53.931963,-219.554332,344.229136,0.029519,-0.342891,1.020454
9.199000,-0.490887,-164.139578,-147.947805,344.306856,-0.190688,-0.190688,1.020454
9.200000,-0.350097,-265.616751,-63.906083,303.115120,-0.389847,-0.014199,0.939495
9.201000,-0.176867,-332.611993,30.291017,244.254980,-0.516143,0.184960,0.816438
9.202000,0.155644,-352.948926,135.576135,177.234205,-0.556622,0.398691,0.672331
9.203000,0.482316,-324.477222,242.415600,97.389563,-0.501570,0.607564,0.499080
9.204000,0.826506,-267.611581,321.068499,7.208072,-0.391466,0.763005,0.301540
9.205000,0.987409,-203.077570,353.296499,-94.709280,-0.261932,0.818057,0.089429
9.206000,0.910526,-126.030627,333.762808,-205.201932,-0.093538,0.784054,-0.135637
9.207000,0.810935,-38.387883,283.529616,-292.559916,0.094286,0.682046,-0.310507
9.208000,0.672740,60.835108,222.596934,-338.985094,0.296683,0.555751,-0.404420
9.209000,0.588071,171.379277,151.482886,-336.886634,0.518510,0.408406,-0.399562
9.210000,0.451174,272.001112,67.570869,-295.772372,0.714430,0.230297,-0.316984
9.211000,0.310384,337.389753,-28.128791,-237.041467,0.842345,0.029519,-0.202023
9.212000,-0.095766,354.799091,-135.719780,-168.621461,0.873109,-0.187450,-0.053059
9.213000,-0.422114,323.918242,-241.626983,-87.144491,0.811580,-0.396324,0.126670
9.214000,-0.728674,266.353440,-317.663704,4.099258,0.701476,-0.543669,0.322590
9.215000,-0.921692,200.861167,-347.612099,107.052787,0.563847,-0.600340,0.537940
9.216000,-0.873032,122.726380,-326.005730,217.415583,0.393833,-0.556622,0.763005
9.217000,-0.680338,34.228847,-273.932862,303.270561,0.210867,-0.454614,0.936257
9.218000,-0.526247,-66.082254,-211.419578,347.104785,0.005232,-0.325080,1.023692
9.219000,-0.496078,-176.885744,-139.009948,340.913071,-0.218214,-0.174497,1.012358
9.220000,-0.350746,-274.969137,-54.864608,297.312008,-0.406039,0.008470,0.926542
9.221000,-0.175569,-337.067983,41.171864,238.011452,-0.527477,0.206009,0.803484
9.222000,0.178677,-350.928186,149.177185,169.306737,-0.556622,0.426217,0.657759
9.223000,0.509566,-318.104122,253.710944,87.000948,-0.490236,0.628614,0.476411
9.224000,0.847916,-260.668537,326.897518,-4.968118,-0.372036,0.769482,0.282110
9.225000,1.026337,-195.046445,353.659194,-108.413987,-0.237645,0.822915,0.060284
9.226000,0.941020,-116.781890,329.591821,-217.714945,-0.070870,0.775959,-0.163163
9.227000,0.827155,-27.999257,277.208369,-301.264634,0.115335,0.672331,-0.331557
9.228000,0.676633,73.192639,215.135789,-342.301180,0.322590,0.541178,-0.409277
9.229000,0.575420,185.032139,142.596867,-333.596456,0.547655,0.388976,-0.394704
9.230000,0.435603,282.415626,57.907642,-289.632437,0.733860,0.206009,-0.305650
9.231000,0.307464,342.804264,-39.631409,-230.746098,0.852060,0.005232,-0.185831
9.232000,-0.081168,353.296499,-149.864911,-160.383086,0.871490,-0.218214,-0.036867
9.233000,-0.426980,317.182486,-253.699587,-75.771401,0.800246,-0.418992,0.149338
9.234000,-0.772143,258.166906,-323.855456,17.985295,0.682046,-0.558241,0.350116
9.235000,-0.938237,191.120226,-347.301216,122.570939,0.541178,-0.600340,0.570323
9.236000,-0.857785,111.819632,-320.694813,230.835282,0.372784,-0.546907,0.793769
9.237000,-0.702397,22.415355,-266.393958,312.622898,0.186579,-0.443280,0.954068
9.238000,-0.495105,-79.942397,-202.714874,350.135875,-0.025533,-0.310507,1.026930
9.239000,-0.443200,-191.626741,-128.180893,336.845711,-0.245740,-0.148590,1.004262
9.240000,-0.292678,-285.953658,-43.361988,289.617703,-0.427088,0.031138,0.910350
9.241000,-0.120745,-342.612063,53.788465,229.980359,-0.538811,0.233535,0.787293
9.242000,0.210144,-349.581026,163.451809,159.073567,-0.551764,0.453743,0.635090
9.243000,0.550116,-310.953816,265.628051,74.591605,-0.475663,0.654520,0.447266
9.244000,0.898523,-251.082992,332.467470,-19.942244,-0.357463,0.780816,0.246489
9.245000,1.086351,-183.647431,351.612560,-124.709379,-0.214976,0.818057,0.024662
9.246000,0.924475,-104.761126,323.400107,-230.642470,-0.046582,0.761386,-0.189069
9.247000,0.827804,-15.667623,269.229089,-309.373494,0.142861,0.654520,-0.344510
9.248000,0.654573,87.000948,206.068425,-344.218292,0.350116,0.523367,-0.415754
9.249000,0.538113,198.995880,131.456959,-329.192280,0.573562,0.363069,-0.384989
9.250000,0.389213,292.337912,46.353220,-281.834463,0.753290,0.183341,-0.291077
9.251000,0.256533,347.182505,-51.781698,-222.455901,0.860156,-0.020675,-0.166401
9.252000,-0.146049,351.508933,-162.792422,-150.642116,0.869871,-0.244121,-0.015818
9.253000,-0.468504,310.835332,-263.958711,-65.020075,0.790531,-0.438422,0.172007
9.254000,-0.822750,249.643584,-328.544607,30.964593,0.662616,-0.563099,0.379261
9.255000,-0.999549,180.576176,-344.840059,137.622769,0.516891,-0.598720,0.597849
9.256000,-0.898660,100.550188,-314.373527,242.596948,0.348497,-0.533953,0.814819
9.257000,-0.722834,10.757302,-259.425007,319.177306,0.160672,-0.425469,0.968640
9.258000,-0.500295,-92.740363,-194.709656,351.327586,-0.048201,-0.291077,1.031788
9.259000,-0.442551,-204.139751,-118.595368,332.752444,-0.271647,-0.127541,0.996166
9.260000,-0.291380,-294.995165,-33.076989,282.700600,-0.448137,0.052188,0.895777
9.261000,-0.129180,-346.109498,65.006099,222.778281,-0.543669,0.256204,0.772720
9.262000,0.206575,-347.223496,175.731613,151.172005,-0.545288,0.476411,0.617279
9.263000,0.567634,-305.487459,275.213549,65.576048,-0.465948,0.672331,0.432694
9.264000,0.927395,-244.580366,337.104779,-31.056259,-0.342891,0.792150,0.223820
9.265000,1.103220,-174.657756,349.824994,-138.880414,-0.197165,0.813200,0.001993
9.266000,0.978326,-94.113424,317.156580,-242.430096,-0.023914,0.750052,-0.210119
9.267000,0.850512,-3.750499,262.389707,-315.927942,0.167149,0.639948,-0.357463
9.268000,0.656520,100.394748,198.659093,-345.435918,0.377642,0.500699,-0.417373
9.269000,0.524489,212.182419,122.260058,-325.539405,0.599469,0.343639,-0.380132
9.270000,0.379806,302.286104,35.524186,-275.176392,0.772720,0.159053,-0.276505
9.271000,0.250370,351.249866,-64.709194,-214.450680,0.865013,-0.048201,-0.151828
9.272000,-0.124963,348.814631,-176.600769,-141.341562,0.860156,-0.274886,0.003612
9.273000,-0.470450,304.747246,-274.373279,-54.709167,0.775959,-0.459471,0.196294
9.274000,-0.848053,242.571041,-333.622362,43.088966,0.651282,-0.574433,0.405168
9.275000,-1.025825,170.524354,-343.078388,152.234182,0.499080,-0.590625,0.631852
9.276000,-0.883413,88.244473,-307.430477,254.928562,0.325828,-0.521000,0.839106
9.277000,-0.715373,-3.284177,-250.668482,325.990782,0.133146,-0.406039,0.981594
9.278000,-0.468828,-107.844037,-185.150028,351.560747,-0.080585,-0.270028,1.031788
9.279000,-0.390972,-218.129455,-108.129012,327.933788,-0.299173,-0.104872,0.988070
9.280000,-0.239801,-305.124762,-21.185770,275.498523,-0.465948,0.078094,0.882824
9.281000,-0.056838,-350.073257,79.332544,213.192782,-0.551764,0.283730,0.751671
9.282000,0.260750,-343.622433,190.627998,139.721217,-0.537192,0.508795,0.592992
9.283000,0.612726,-298.518503,285.576249,53.710745,-0.449756,0.691761,0.403548
9.284000,0.969891,-236.367888,341.871621,-43.776497,-0.325080,0.800246,0.196294
9.285000,1.126253,-163.802789,347.804267,-152.870103,-0.174497,0.806723,-0.028771
9.286000,0.989031,-81.108204,309.824969,-253.673680,0.001993,0.737098,-0.231168
9.287000,0.839806,10.938649,253.011462,-321.472020,0.197913,0.623756,-0.368798
9.288000,0.630568,115.861087,187.959602,-344.192386,0.408406,0.481269,-0.415754
9.289000,0.485885,225.420770,111.301496,-319.788071,0.623756,0.320971,-0.367179
9.290000,0.332443,311.120307,23.969762,-268.026092,0.793769,0.138004,-0.265171
9.291000,0.201061,354.151422,-77.999386,-205.461001,0.873109,-0.072489,-0.132398
9.292000,-0.194709,344.565923,-190.305491,-130.357067,0.852060,-0.297554,0.031138
9.293000,-0.531762,297.571075,-283.751573,-43.517429,0.761386,-0.477282,0.220582
9.294000,-0.897687,235.161709,-337.586121,54.643389,0.636710,-0.580910,0.426217
9.295000,-1.072539,161.353362,-341.031741,164.824867,0.481269,-0.589005,0.656140
9.296000,-0.917475,77.415443,-301.212820,264.980382,0.304779,-0.508047,0.856917
9.297000,-0.726727,-16.341200,-242.689165,330.550370,0.105620,-0.389847,0.991309
9.298000,-0.474667,-122.455485,-175.590402,349.488206,-0.108111,-0.248979,1.030169
9.299000,-0.380915,-229.968892,-97.766285,322.182490,-0.318603,-0.082204,0.973498
9.300000,-0.243045,-312.508230,-10.486265,269.203182,-0.478902,0.100763,0.866632
9.301000,-0.065273,-352.404881,91.353285,205.938891,-0.556622,0.299921,0.738717
9.302000,0.272429,-339.710488,203.348215,130.524316,-0.530715,0.529844,0.568704
9.303000,0.623107,-291.704989,294.824960,43.658915,-0.435184,0.709572,0.380880
9.304000,0.994221,-229.917078,345.602193,-54.709167,-0.313746,0.806723,0.173626
9.305000,1.161288,-156.108458,345.783541,-165.227665,-0.158305,0.801865,-0.057916
9.306000,1.007846,-71.729938,304.721339,-263.570108,0.023043,0.725764,-0.250598
9.307000,0.848890,23.011211,246.301613,-326.757030,0.218963,0.605945,-0.381751
9.308000,0.624729,131.016544,178.918144,-342.534343,0.439170,0.465077,-0.410896
9.309000,0.467718,238.244613,100.420654,-313.907203,0.649663,0.298302,-0.355844
9.310000,0.337958,319.306840,12.285802,-261.471650,0.806723,0.112097,-0.250598
9.311000,0.184192,356.819817,-91.522742,-197.766665,0.877966,-0.100015,-0.112968
9.312000,-0.186274,340.472656,-204.165658,-120.486566,0.847202,-0.326699,0.053807
9.313000,-0.550253,289.617703,-293.958889,-32.144344,0.746813,-0.499951,0.243250
9.314000,-0.921692,227.182429,-341.498066,67.415429,0.620518,-0.587386,0.453743
9.315000,-1.051129,151.871488,-338.492863,178.374102,0.460220,-0.582529,0.683666
9.316000,-0.898984,66.664132,-295.565116,275.161735,0.280491,-0.498332,0.879586
9.317000,-0.717968,-29.190970,-235.124358,336.249856,0.079714,-0.373655,1.002643
9.318000,-0.439307,-138.284556,-164.994504,347.648827,-0.138875,-0.227930,1.025311
9.319000,-0.339392,-243.595905,-85.097853,314.954506,-0.347748,-0.057916,0.960544
9.320000,-0.188221,-320.876161,2.985266,260.472607,-0.493474,0.128289,0.850441
9.321000,-0.012071,-354.581062,106.094236,196.431112,-0.559860,0.338781,0.714430
9.322000,0.312979,-335.176777,217.571024,119.254873,-0.525858,0.555751,0.542797
9.323000,0.666901,-282.741204,305.006313,31.094127,-0.420611,0.730622,0.356592
9.324000,1.049694,-220.202004,348.762817,-68.776562,-0.291077,0.813200,0.144481
9.325000,1.172966,-145.279401,342.286129,-178.958292,-0.134017,0.800246,-0.082204
9.326000,0.991626,-60.253223,298.529625,-273.155655,0.045711,0.714430,-0.273266
9.327000,0.844672,35.809161,238.659121,-331.342554,0.246489,0.591373,-0.391466
9.328000,0.603967,145.731585,168.270466,-340.694951,0.468315,0.444028,-0.407658
9.329000,0.433007,250.628041,87.829965,-306.730990,0.670712,0.277253,-0.341272
9.330000,0.273402,326.146223,-1.418888,-252.585591,0.816438,0.082952,-0.229549
9.331000,0.153049,357.519300,-105.719678,-188.025689,0.877966,-0.130779,-0.091919
9.332000,-0.242396,335.731721,-216.885925,-109.812955,0.839106,-0.349368,0.076475
9.333000,-0.607347,281.638423,-302.559979,-20.874888,0.729002,-0.516143,0.269157
9.334000,-0.951862,218.192786,-344.062851,80.317001,0.599469,-0.592244,0.484507
9.335000,-1.114062,142.389613,-334.632732,191.327481,0.437551,-0.576052,0.711192
9.336000,-0.924612,56.690024,-289.269741,284.151378,0.257823,-0.483759,0.897397
9.337000,-0.729971,-40.486333,-228.466293,340.058148,0.058664,-0.360702,1.009120
9.338000,-0.437037,-151.263880,-156.419340,345.705820,-0.166401,-0.210119,1.023692
9.339000,-0.345880,-254.373165,-74.631501,308.659165,-0.368798,-0.036867,0.949210
9.340000,-0.191789,-326.316613,15.627777,253.166903,-0.503189,0.157434,0.832630
9.341000,-0.004934,-354.244272,119.824822,187.830068,-0.559860,0.366307,0.695000
9.342000,0.333416,-330.694881,229.332690,109.695277,-0.514523,0.584896,0.524987
9.343000,0.688636,-276.290388,312.959686,20.860948,-0.407658,0.745194,0.335543
9.344000,1.069158,-212.559480,351.327586,-80.978669,-0.278124,0.816438,0.120193
9.345000,1.252769,-136.393358,338.477837,-192.041250,-0.114587,0.792150,-0.111349
9.346000,1.026661,-50.797240,292.182471,-282.767111,0.066760,0.699857,-0.294316
9.347000,0.843699,46.819542,232.467407,-335.746730,0.267538,0.578419,-0.399562
9.348000,0.588396,158.762686,160.705693,-339.166443,0.492603,0.426217,-0.406039
9.349000,0.408677,261.949292,77.881765,-301.264634,0.693381,0.249727,-0.329937
9.350000,0.257506,332.156589,-14.657258,-245.409386,0.827772,0.055426,-0.216595
9.351000,0.136180,356.897538,-121.341491,-178.362435,0.876347,-0.159924,-0.072489
9.352000,-0.235259,330.524464,-229.813450,-98.750744,0.826153,-0.375274,0.100763
9.353000,-0.643356,274.488160,-311.109257,-8.931857,0.716049,-0.530715,0.288587
9.354000,-0.994034,209.565836,-346.653543,93.969869,0.581658,-0.598720,0.512033
9.355000,-1.127363,131.560586,-329.477256,205.757544,0.413263,-0.569575,0.735479
9.356000,-0.924612,45.187415,-281.419952,294.462265,0.233535,-0.469186,0.921684
9.357000,-0.704019,-53.102945,-220.383352,344.384576,0.029519,-0.344510,1.020454
9.358000,-0.398108,-164.890876,-146.963345,343.840534,-0.192308,-0.187450,1.020454
9.359000,-0.301437,-265.720379,-63.724735,302.985587,-0.384989,-0.010960,0.937876
9.360000,-0.147022,-332.637900,29.487906,245.006276,-0.517762,0.183341,0.816438
9.361000,0.051836,-352.741671,136.560592,176.508816,-0.556622,0.400310,0.669093
9.362000,0.389538,-324.036804,242.907829,96.586453,-0.501570,0.610803,0.497461
9.363000,0.729835,-267.922464,321.016686,7.467140,-0.388228,0.758148,0.303160
9.364000,1.111330,-202.740781,353.166965,-95.253324,-0.255455,0.822915,0.087809
9.365000,1.270611,-124.994354,332.545190,-206.005045,-0.088681,0.780816,-0.137256
9.366000,1.030230,-38.387883,283.477803,-292.300847,0.092667,0.683666,-0.312127
9.367000,0.829750,59.876557,223.374137,-339.062815,0.293445,0.558989,-0.404420
9.368000,0.558226,172.052853,150.524336,-336.394403,0.518510,0.403548,-0.397943
9.369000,0.369425,272.052925,67.363615,-295.591023,0.716049,0.227058,-0.318603
9.370000,0.212090,337.467473,-27.325680,-237.870487,0.842345,0.027900,-0.200404
9.371000,0.052809,354.540023,-136.548799,-167.740629,0.871490,-0.192308,-0.053059
9.372000,-0.305979,323.400107,-242.041493,-86.185939,0.811580,-0.397943,0.126670
9.373000,-0.691692,266.534787,-317.585984,3.684749,0.699857,-0.542049,0.322590
9.374000,-1.043667,200.420752,-347.353030,107.389575,0.565466,-0.598720,0.541178
9.375000,-1.163047,121.508762,-324.995360,218.037345,0.393833,-0.555003,0.764624
9.376000,-0.936939,34.202940,-273.906955,303.115120,0.212486,-0.452995,0.939495
9.377000,-0.717319,-65.253237,-212.144970,347.104785,0.006851,-0.326699,1.026930
9.378000,-0.395838,-177.481602,-138.077302,340.291309,-0.218214,-0.171258,1.010739
9.379000,-0.293002,-275.020951,-54.579633,297.078847,-0.404420,0.008470,0.924923
9.380000,-0.135992,-337.119796,40.394661,238.866375,-0.529096,0.207628,0.808342
9.381000,0.057351,-350.617303,149.980294,168.192746,-0.555003,0.426217,0.656140
9.382000,0.405758,-317.560077,254.073639,86.068304,-0.483759,0.633471,0.476411
9.383000,0.776548,-260.901699,326.793891,-4.709051,-0.373655,0.769482,0.277253
9.384000,1.145717,-194.761470,353.477846,-108.854403,-0.237645,0.822915,0.057045
9.385000,1.307593,-115.641990,329.850888,-218.155362,-0.070870,0.774339,-0.163163
9.386000,1.051965,-28.154698,277.130648,-301.057379,0.113716,0.669093,-0.326699
9.387000,0.835265,72.259995,216.016618,-342.352994,0.319351,0.546036,-0.410896
9.388000,0.547845,185.679808,141.638317,-333.026503,0.547655,0.385738,-0.394704
9.389000,0.353529,282.467439,57.700388,-289.425182,0.732241,0.206009,-0.310507
9.390000,0.210144,342.881984,-38.724671,-231.523304,0.853679,0.006851,-0.187450
9.391000,0.079735,352.933804,-150.693929,-159.476347,0.871490,-0.218214,-0.033629
9.392000,-0.321550,316.586631,-253.984562,-74.916476,0.798627,-0.418992,0.154196
9.393000,-0.728349,258.322346,-323.751828,17.726227,0.683666,-0.553384,0.353354
9.394000,-1.057617,190.861159,-347.068054,122.985448,0.542797,-0.600340,0.575181
9.395000,-1.162723,110.627921,-319.969419,231.223883,0.372784,-0.546907,0.792150
9.396000,-0.945698,22.493075,-266.342144,312.389737,0.186579,-0.438422,0.954068
9.397000,-0.697207,-79.061565,-203.492080,350.187689,-0.020675,-0.308888,1.030169
9.398000,-0.351395,-192.196691,-127.248248,336.249856,-0.245740,-0.146971,1.002643
9.399000,-0.237530,-285.850031,-43.128827,289.462262,-0.427088,0.032758,0.911969
9.400000,-0.092522,-342.663877,52.907634,230.809375,-0.540430,0.228678,0.788912
9.401000,0.099523,-349.321956,164.203105,158.322271,-0.551764,0.453743,0.630233
9.402000,0.455391,-310.435678,265.964838,73.762588,-0.474044,0.654520,0.447266
9.403000,0.830399,-251.290247,332.389750,-19.527735,-0.354225,0.782435,0.244869
9.404000,1.187889,-183.491990,351.508933,-124.968447,-0.213357,0.816438,0.027900
9.405000,1.308890,-103.517598,322.596998,-230.590656,-0.041724,0.761386,-0.187450
9.406000,1.049694,-15.848971,269.177276,-309.088519,0.139623,0.656140,-0.342891
9.407000,0.815152,86.120118,206.975161,-344.399641,0.346877,0.524987,-0.415754
9.408000,0.506322,199.514015,130.524316,-328.596421,0.571943,0.363069,-0.386609
9.409000,0.309411,292.337912,46.068245,-281.549487,0.756528,0.181722,-0.292696
9.410000,0.155969,347.286132,-50.926774,-223.259014,0.861775,-0.019056,-0.169639
9.411000,-0.000393,351.146239,-163.466000,-149.839004,0.869871,-0.244121,-0.009341
9.412000,-0.382537,310.317197,-264.217780,-64.191058,0.785674,-0.441661,0.175245
9.413000,-0.787066,249.902652,-328.440979,30.627805,0.665855,-0.564718,0.376022
9.414000,-1.103033,180.368922,-344.658710,137.959557,0.521748,-0.595482,0.602707
9.415000,-1.192243,99.462104,-313.570413,242.985549,0.350116,-0.529096,0.814819
9.416000,-0.957701,10.912742,-259.373193,318.788705,0.163911,-0.422230,0.963783
9.417000,-0.693963,-91.781810,-195.616396,351.405306,-0.046582,-0.289458,1.031788
9.418000,-0.343609,-204.580167,-117.740443,332.234309,-0.270028,-0.127541,0.994547
9.419000,-0.244342,-294.943351,-32.921548,282.622880,-0.444899,0.053807,0.895777
9.420000,-0.087008,-346.264939,64.228895,223.607297,-0.545288,0.254584,0.771101
9.421000,0.116068,-346.938519,176.431095,150.342989,-0.545288,0.479650,0.614041
9.422000,0.470962,-305.021135,275.446710,64.798844,-0.465948,0.667474,0.424598
9.423000,0.861217,-244.813528,337.027058,-30.641750,-0.342891,0.792150,0.220582
9.424000,1.213841,-174.502315,349.410486,-138.932227,-0.193927,0.813200,-0.001245
9.425000,1.338086,-92.921710,316.327564,-242.715072,-0.020675,0.750052,-0.210119
9.426000,1.063643,-3.957754,262.415613,-315.694779,0.165530,0.638329,-0.355844
9.427000,0.817423,99.513917,199.591736,-345.539546,0.377642,0.507176,-0.420611
9.428000,0.499185,212.700554,121.456948,-324.969453,0.597849,0.342020,-0.378513
9.429000,0.296110,302.286104,35.342839,-275.072765,0.775959,0.159053,-0.278124
9.430000,0.155320,351.431213,-63.854269,-215.383327,0.869871,-0.041724,-0.151828
9.431000,0.021991,348.529656,-177.222533,-140.564358,0.863394,-0.271647,0.011708
9.432000,-0.378644,304.280924,-274.580534,-54.009683,0.775959,-0.459471,0.196294
9.433000,-0.813018,242.881922,-333.544642,42.778084,0.652901,-0.574433,0.403548
9.434000,-1.116009,170.446634,-342.922946,152.519157,0.500699,-0.592244,0.631852
9.435000,-1.192243,87.234109,-306.627363,255.317163,0.324209,-0.521000,0.837487
9.436000,-0.950240,-3.076923,-250.746203,325.731715,0.133146,-0.404420,0.981594
9.437000,-0.667037,-106.911392,-186.108582,351.742094,-0.078965,-0.270028,1.035026
9.438000,-0.293327,-218.595778,-107.299994,327.363840,-0.297554,-0.104872,0.984832
9.439000,-0.188221,-305.124762,-21.030329,275.420803,-0.467567,0.076475,0.877966
9.440000,-0.038996,-350.228699,78.477620,214.177239,-0.553384,0.280491,0.753290
9.441000,0.168621,-343.337457,191.223854,138.892200,-0.540430,0.507176,0.589753
9.442000,0.515081,-297.974458,285.835317,52.933541,-0.449756,0.690142,0.403548
9.443000,0.901443,-236.756491,341.819808,-43.361988,-0.326699,0.800246,0.197913
9.444000,1.228439,-163.725068,347.674734,-153.129172,-0.174497,0.809961,-0.030390
9.445000,1.338086,-80.020117,309.255020,-253.880935,-0.004483,0.737098,-0.234406
9.446000,1.054560,10.679581,253.063276,-321.212951,0.197913,0.618899,-0.367179
9.447000,0.785631,115.006164,188.969966,-344.425548,0.406787,0.484507,-0.414135
9.448000,0.456040,225.861185,110.524294,-319.269933,0.626994,0.317732,-0.367179
9.449000,0.256858,311.094400,23.840228,-267.896557,0.790531,0.136385,-0.263551
9.450000,0.103740,354.384583,-77.170368,-206.419554,0.874728,-0.069250,-0.132398
9.451000,-0.047755,344.255042,-190.901349,-129.683489,0.847202,-0.299173,0.031138
9.452000,-0.420492,297.130661,-284.114269,-42.817945,0.759767,-0.480521,0.220582
9.453000,-0.853568,235.498497,-337.612028,54.177067,0.635090,-0.582529,0.427836
9.454000,-1.164994,161.301548,-340.798579,164.902588,0.481269,-0.587386,0.656140
9.455000,-1.218520,76.353265,-300.513334,265.265356,0.299921,-0.506427,0.858536
9.456000,-0.963216,-16.185759,-242.740978,330.472650,0.104001,-0.393085,0.991309
9.457000,-0.674174,-121.626466,-176.574862,349.617740,-0.106491,-0.248979,1.028550
9.458000,-0.268348,-230.383402,-97.118614,321.793888,-0.320222,-0.080585,0.971879
9.459000,-0.197304,-312.534137,-10.330824,269.125462,-0.478902,0.099144,0.866632
9.460000,-0.033481,-352.689857,90.576082,206.923347,-0.556622,0.298302,0.738717
9.461000,0.173162,-339.399605,203.918164,129.824833,-0.533953,0.531463,0.570323
9.462000,0.535194,-291.212758,295.058121,43.244406,-0.435184,0.711192,0.380880
9.463000,0.930639,-230.279774,345.679914,-54.242845,-0.312127,0.806723,0.176864
9.464000,1.254715,-155.953017,345.731727,-165.564454,-0.158305,0.806723,-0.054678
9.465000,1.354955,-70.693666,304.047763,-263.906897,0.023043,0.717668,-0.253836
9.466000,1.066887,22.829863,246.457054,-326.627496,0.218963,0.607564,-0.381751
9.467000,0.789200,130.239341,179.980321,-342.793412,0.439170,0.466696,-0.412515
9.468000,0.438847,238.685028,99.565731,-313.414972,0.649663,0.293445,-0.354225
9.469000,0.238367,319.332747,12.104455,-261.393930,0.806723,0.113716,-0.248979
9.470000,0.094008,357.027071,-90.771445,-198.777032,0.881205,-0.100015,-0.117826
9.471000,-0.040294,340.161775,-204.813329,-119.968430,0.847202,-0.323461,0.052188
9.472000,-0.481480,289.125474,-294.217958,-31.418954,0.743575,-0.501570,0.241631
9.473000,-0.876601,227.493310,-341.627600,67.130454,0.618899,-0.590625,0.448885
9.474000,-1.149422,151.923301,-338.441049,178.659076,0.463458,-0.580910,0.686904
9.475000,-1.192892,65.576048,-294.813816,275.446710,0.280491,-0.499951,0.882824
9.476000,-0.947645,-29.009622,-235.150265,336.094415,0.081333,-0.375274,1.001024
9.477000,-0.632326,-137.507352,-165.978964,348.141055,-0.138875,-0.227930,1.026930
9.478000,-0.230393,-244.036322,-84.320648,314.436371,-0.346129,-0.054678,0.960544
9.479000,-0.126585,-320.953882,3.192520,260.420793,-0.495093,0.129908,0.847202
9.480000,0.036265,-354.891946,105.291127,197.441475,-0.561479,0.338781,0.716049
9.481000,0.233501,-334.891801,218.192786,118.529484,-0.522619,0.563847,0.544417
9.482000,0.608833,-282.171252,305.239474,30.291017,-0.420611,0.730622,0.351735
9.483000,0.975082,-220.486979,348.840538,-68.465681,-0.292696,0.813200,0.146100
9.484000,1.263150,-145.227587,342.234316,-179.191454,-0.134017,0.797008,-0.080585
9.485000,1.348143,-59.216951,297.778329,-273.414724,0.048949,0.709572,-0.274886
9.486000,1.057480,35.679627,238.736841,-331.238926,0.244869,0.594611,-0.389847
9.487000,0.752218,144.980289,169.358550,-340.979927,0.465077,0.444028,-0.410896
9.488000,0.396350,251.042549,87.026855,-306.109225,0.673951,0.274015,-0.338033
9.489000,0.181272,326.198036,-1.703863,-252.430150,0.814819,0.078094,-0.232787
9.490000,0.027506,357.830181,-105.046101,-188.932428,0.879586,-0.125922,-0.095157
9.491000,-0.104201,335.446747,-217.533597,-109.113471,0.839106,-0.347748,0.078094
9.492000,-0.533384,281.172102,-302.870862,-19.994057,0.730622,-0.512904,0.270776
9.493000,-0.925585,218.529574,-344.088758,80.032027,0.601088,-0.595482,0.482888
9.494000,-1.190621,142.104639,-334.555011,191.638362,0.440789,-0.574433,0.711192
9.495000,-1.223061,55.576032,-288.466627,284.591793,0.256204,-0.482140,0.899016
9.496000,-0.969055,-40.356799,-228.466293,339.928615,0.060284,-0.362321,1.010739
9.497000,-0.642383,-150.564395,-157.455613,346.146235,-0.161543,-0.211738,1.022073
9.498000,-0.228122,-254.839489,-73.828390,308.141030,-0.367179,-0.035248,0.947591
9.499000,-0.113284,-326.394333,15.886845,253.011462,-0.506427,0.155815,0.832630
9.500000,0.043726,-354.555156,119.228967,188.736805,-0.561479,0.367927,0.695000
9.501000,0.254587,-330.435812,229.980359,109.021701,-0.514523,0.581658,0.521748
9.502000,0.625377,-275.720437,313.244660,20.006024,-0.404420,0.745194,0.330686
9.503000,0.997465,-212.999896,351.457120,-80.590067,-0.278124,0.818057,0.118574
9.504000,1.290399,-136.237917,338.348303,-192.378039,-0.111349,0.792150,-0.111349
9.505000,1.368905,-49.631434,291.405269,-283.129807,0.068379,0.698238,-0.276505
9.506000,1.063968,46.767728,232.571034,-335.539474,0.264299,0.573562,-0.399562
9.507000,0.754813,158.115017,161.741963,-339.632767,0.494222,0.429455,-0.406039
9.508000,0.370074,262.415613,77.078655,-300.694682,0.696619,0.251346,-0.331557
9.509000,0.161159,332.286123,-14.968140,-245.228038,0.832630,0.055426,-0.216595
9.510000,0.023613,357.260232,-120.745634,-179.295081,0.879586,-0.158305,-0.070870
9.511000,-0.116528,330.291303,-230.512936,-98.103073,0.827772,-0.375274,0.102382
9.512000,-0.569068,273.970025,-311.368326,-8.102840,0.714430,-0.530715,0.290206
9.513000,-0.942778,209.643557,-346.808985,93.762615,0.584896,-0.598720,0.510414
9.514000,-1.184133,131.508773,-329.814046,206.016611,0.416502,-0.566337,0.741956
9.515000,-1.208139,44.021610,-280.513211,295.006307,0.233535,-0.465948,0.920065
9.516000,-0.943427,-53.025225,-220.435165,344.177322,0.034377,-0.344510,1.020454
9.517000,-0.599237,-164.217298,-148.025525,344.306856,-0.190688,-0.189069,1.017215
9.518000,-0.174272,-266.212610,-62.973438,302.441545,-0.389847,-0.010960,0.933018
9.519000,-0.057812,-332.767434,29.772881,244.928555,-0.521000,0.183341,0.816438
9.520000,0.119960,-353.130275,136.094270,177.260111,-0.558241,0.397072,0.670712
9.521000,0.317845,-323.725921,243.555497,95.861063,-0.499951,0.607564,0.495841
9.522000,0.682472,-267.404326,321.301660,6.638123,-0.386609,0.761386,0.301540
9.523000,1.024391,-203.051663,353.400126,-95.046069,-0.255455,0.818057,0.087809
9.524000,1.306295,-124.838913,333.115139,-206.315927,-0.090300,0.782435,-0.137256
9.525000,1.375717,-37.273890,282.700600,-292.637637,0.095905,0.678808,-0.312127
9.526000,1.039313,59.850650,223.477764,-338.959188,0.293445,0.558989,-0.406039
9.527000,0.720427,171.456998,151.560607,-336.834820,0.520129,0.406787,-0.399562
9.528000,0.336985,272.545153,66.534598,-295.046978,0.714430,0.225439,-0.316984
9.529000,0.108282,337.597007,-27.688375,-237.740952,0.842345,0.032758,-0.200404
9.530000,-0.054892,354.980438,-136.056569,-168.647368,0.876347,-0.192308,-0.051440
9.531000,-0.194709,323.115133,-242.663258,-85.564175,0.811580,-0.399562,0.129908
9.532000,-0.621297,266.016652,-317.896867,4.721020,0.698238,-0.543669,0.325828
9.533000,-0.988519,200.835260,-347.663913,107.389575,0.563847,-0.598720,0.539559
9.534000,-1.231171,121.534669,-325.306243,218.374133,0.393833,-0.559860,0.766243
9.535000,-1.218844,33.088949,-273.052027,303.503722,0.209248,-0.454614,0.939495
9.536000,-0.950240,-65.279143,-212.248597,347.104785,0.005232,-0.326699,1.023692
9.537000,-0.601184,-176.963465,-139.087668,340.783538,-0.216595,-0.172878,1.010739
9.538000,-0.164540,-275.513182,-53.828336,296.560712,-0.407658,0.011708,0.921684
9.539000,-0.040618,-337.197517,40.757356,238.710935,-0.530715,0.201152,0.801865
9.540000,0.115743,-351.031813,149.591693,169.151296,-0.553384,0.424598,0.654520
9.541000,0.333092,-317.223287,254.773121,85.420635,-0.485378,0.631852,0.473173
9.542000,0.720751,-260.228120,327.052959,-5.330813,-0.372036,0.769482,0.282110
9.543000,1.056506,-195.046445,353.607380,-108.750776,-0.236025,0.821295,0.058664
9.544000,1.329976,-115.564270,328.866432,-218.595778,-0.069250,0.769482,-0.163163
9.545000,1.394857,-26.885265,276.275726,-301.394169,0.113716,0.667474,-0.329937
9.546000,1.042882,72.337715,216.042525,-342.327087,0.319351,0.546036,-0.409277
9.547000,0.703558,185.187579,142.622774,-333.466921,0.542797,0.387357,-0.394704
9.548000,0.311033,282.933761,56.897278,-288.647975,0.735479,0.202771,-0.305650
9.549000,0.099847,343.011518,-39.139180,-231.341956,0.852060,0.008470,-0.187450
9.550000,-0.047755,353.477846,-150.253513,-160.331272,0.874728,-0.214976,-0.033629
9.551000,-0.208009,316.249843,-254.709955,-74.242899,0.800246,-0.425469,0.154196
9.552000,-0.657305,257.674678,-323.959084,18.658871,0.680427,-0.555003,0.353354
9.553000,-1.002468,191.120226,-347.223496,122.881821,0.542797,-0.598720,0.573562
9.554000,-1.216573,110.498387,-319.917606,231.690205,0.372784,-0.545288,0.793769
9.555000,-1.220466,21.249549,-265.357683,312.726525,0.183341,-0.436803,0.954068
9.556000,-0.924936,-79.113379,-203.517986,350.239502,-0.023914,-0.310507,1.030169
9.557000,-0.552199,-191.756275,-128.232707,336.664364,-0.245740,-0.148590,1.005881
9.558000,-0.110689,-286.394076,-42.299809,288.840500,-0.427088,0.032758,0.907112
9.559000,0.010637,-342.767505,53.244423,230.628028,-0.537192,0.231916,0.788912
9.560000,0.168621,-349.736467,163.814504,159.229007,-0.551764,0.452124,0.631852
9.561000,0.404785,-310.150702,266.612507,73.037198,-0.474044,0.656140,0.445647
9.562000,0.768763,-250.564854,332.648817,-20.538100,-0.355844,0.782435,0.246489
9.563000,1.084729,-183.543804,351.768001,-125.175701,-0.211738,0.818057,0.027900
9.564000,1.359821,-103.465785,322.389744,-231.419676,-0.041724,0.761386,-0.189069
9.565000,1.383827,-14.501817,268.192819,-309.192146,0.141242,0.649663,-0.346129
9.566000,1.020498,86.171931,206.923347,-344.425548,0.348497,0.524987,-0.415754
9.567000,0.670145,199.151321,131.456959,-329.088652,0.571943,0.363069,-0.386609
9.568000,0.264319,292.752420,45.239228,-280.953628,0.753290,0.180102,-0.291077
9.569000,0.039184,347.363853,-51.367190,-222.999945,0.860156,-0.019056,-0.168020
9.570000,-0.109716,351.586653,-163.181025,-150.745743,0.868251,-0.242502,-0.010960
9.571000,-0.274836,309.876782,-264.891359,-63.439760,0.785674,-0.440041,0.176864
9.572000,-0.713751,249.203170,-328.725955,31.638169,0.664235,-0.567956,0.379261
9.573000,-1.060536,180.498456,-344.891872,137.959557,0.518510,-0.600340,0.599469
9.574000,-1.243174,99.306663,-313.492692,243.270523,0.346877,-0.532334,0.814819
9.575000,-1.232469,9.565590,-258.336918,319.125493,0.160672,-0.422230,0.968640
9.576000,-0.934020,-91.911344,-195.590489,351.301679,-0.046582,-0.291077,1.033407
9.577000,-0.547982,-204.243378,-118.673088,332.674724,-0.268409,-0.129160,0.997785
9.578000,-0.104525,-295.461489,-32.014810,281.897491,-0.446518,0.053807,0.892539
9.579000,0.027506,-346.342660,64.695217,223.296416,-0.545288,0.254584,0.771101
9.580000,0.185814,-347.378937,176.146121,151.275632,-0.548526,0.479650,0.614041
9.581000,0.402189,-304.632531,276.120285,64.047548,-0.462710,0.670712,0.427836
9.582000,0.794066,-244.036322,337.182499,-31.678022,-0.341272,0.792150,0.223820
9.583000,1.124306,-174.631849,349.747274,-139.191295,-0.195546,0.814819,0.000374
9.584000,1.363390,-92.792176,316.172123,-243.155488,-0.020675,0.745194,-0.213357
9.585000,1.390639,-2.584694,261.353436,-315.824314,0.168768,0.638329,-0.360702
9.586000,1.023742,99.695265,199.462202,-345.461825,0.377642,0.503937,-0.418992
9.587000,0.653925,212.337859,122.311872,-325.332150,0.597849,0.343639,-0.381751
9.588000,0.241935,302.674706,34.539729,-274.347372,0.774339,0.160672,-0.276505
9.589000,0.033345,351.534840,-64.346498,-214.968818,0.866632,-0.046582,-0.153447
9.590000,-0.108418,348.918258,-176.963465,-141.419283,0.865013,-0.270028,0.010089
9.591000,-0.284892,303.814603,-275.202299,-53.154759,0.775959,-0.461091,0.199533
9.592000,-0.737108,242.052906,-333.751897,43.762542,0.652901,-0.574433,0.405168
9.593000,-1.063131,170.550261,-343.000667,152.441436,0.499080,-0.590625,0.631852
9.594000,-1.235713,86.975041,-306.523735,255.653951,0.322590,-0.517762,0.843964
9.595000,-1.220466,-4.475889,-249.606300,325.861248,0.131527,-0.404420,0.984832
9.596000,-0.894118,-107.092739,-185.953141,351.586653,-0.077346,-0.270028,1.033407
9.597000,-0.504837,-218.258989,-108.232639,327.778348,-0.295935,-0.106491,0.986451
9.598000,-0.051648,-305.487459,-20.201312,274.617693,-0.469186,0.081333,0.877966
9.599000,0.074869,-350.280513,78.943942,213.736824,-0.553384,0.278872,0.751671
9.600000,0.237394,-343.751968,190.990693,139.617590,-0.538811,0.507176,0.589753
9.601000,0.443388,-297.534041,286.431172,52.182245,-0.449756,0.693381,0.398691
9.602000,0.825208,-235.901564,341.949341,-44.450074,-0.325080,0.798627,0.196294
9.603000,1.152205,-163.854603,347.804267,-153.232799,-0.176116,0.809961,-0.028771
9.604000,1.361443,-79.890583,309.151393,-254.347259,0.005232,0.720907,-0.234406
9.605000,1.386098,12.156268,252.001099,-321.446113,0.196294,0.617279,-0.368798
9.606000,1.000709,115.213418,188.788618,-344.296013,0.405168,0.479650,-0.417373
9.607000,0.624729,225.498490,111.405124,-319.736257,0.622137,0.320971,-0.368798
9.608000,0.201385,311.508908,23.011211,-267.145258,0.790531,0.134766,-0.260313
9.609000,-0.020830,354.384583,-77.662598,-206.082765,0.874728,-0.072489,-0.132398
9.610000,-0.176218,344.695457,-190.694094,-130.382974,0.855298,-0.295935,0.031138
9.611000,-0.348151,296.638432,-284.606500,-42.040741,0.763005,-0.478902,0.223820
9.612000,-0.775387,234.669481,-337.689749,55.265151,0.633471,-0.580910,0.429455
9.613000,-1.105952,161.405175,-341.005834,165.058028,0.481269,-0.587386,0.657759
9.614000,-1.261990,76.301452,-300.357893,265.472610,0.299921,-0.506427,0.860156
9.615000,-1.231820,-17.455192,-241.601076,330.472650,0.105620,-0.393085,0.992928
9.616000,-0.909365,-121.859628,-176.393514,349.565927,-0.106491,-0.248979,1.030169
9.617000,-0.492834,-230.098426,-97.844005,322.104769,-0.320222,-0.082204,0.973498
9.618000,-0.031859,-312.922740,-9.501807,268.374166,-0.482140,0.104001,0.868251
9.619000,0.098550,-352.715764,91.042404,206.508839,-0.559860,0.298302,0.735479
9.620000,0.254587,-339.788209,203.710910,130.524316,-0.532334,0.531463,0.570323
9.621000,0.479397,-290.746434,295.628069,42.285856,-0.435184,0.709572,0.380880
9.622000,0.868678,-229.450754,345.705820,-54.786888,-0.308888,0.806723,0.173626
9.623000,1.165829,-156.082551,345.809447,-165.564454,-0.155067,0.801865,-0.057916
9.624000,1.374744,-70.564132,303.970043,-264.217780,0.026281,0.724145,-0.253836
9.625000,1.394532,24.177016,245.343063,-326.679309,0.222201,0.605945,-0.381751
9.626000,0.998114,130.342969,179.850787,-342.663877,0.435932,0.466696,-0.412515
9.627000,0.601372,238.374147,100.446561,-313.803575,0.649663,0.295064,-0.354225
9.628000,0.181597,319.565908,11.275437,-260.590816,0.806723,0.108859,-0.245740
9.629000,-0.034779,357.078885,-91.263674,-198.362522,0.881205,-0.098396,-0.117826
9.630000,-0.180760,340.628097,-204.580167,-120.616100,0.850441,-0.325080,0.053807
9.631000,-0.392918,288.659153,-294.684282,-30.771284,0.743575,-0.498332,0.248108
9.632000,-0.791607,226.638388,-341.601693,68.089005,0.618899,-0.590625,0.458600
9.633000,-1.093301,152.052835,-338.466956,178.607263,0.461839,-0.579290,0.685285
9.634000,-1.245121,65.524234,-294.813816,275.887124,0.278872,-0.496712,0.879586
9.635000,-1.217547,-30.304962,-234.036270,336.146229,0.079714,-0.373655,1.004262
9.636000,-0.868815,-137.662792,-165.875336,347.985615,-0.137256,-0.229549,1.026930
9.637000,-0.445471,-243.699533,-85.149666,314.850879,-0.347748,-0.057916,0.958925
9.638000,0.020369,-321.212951,4.099258,259.643591,-0.496712,0.133146,0.847202
9.639000,0.157915,-354.762411,105.912889,197.001060,-0.563099,0.338781,0.716049
9.640000,0.318169,-335.332219,217.985532,119.358501,-0.525858,0.560608,0.546036
9.641000,0.539735,-281.756742,305.679889,29.721067,-0.420611,0.732241,0.353354
9.642000,0.897874,-219.632053,348.866444,-69.398326,-0.291077,0.813200,0.142861
9.643000,1.179454,-145.331215,342.286129,-179.165547,-0.134017,0.797008,-0.083823
9.644000,1.370202,-59.113324,297.726516,-273.751513,0.048949,0.707953,-0.274886
9.645000,1.380583,36.923152,237.648758,-331.264833,0.248108,0.588134,-0.389847
9.646000,0.963728,145.083916,169.280830,-340.979927,0.466696,0.444028,-0.407658
9.647000,0.560497,250.731668,87.933592,-306.679176,0.672331,0.278872,-0.341272
9.648000,0.125475,326.379383,-2.455160,-251.756571,0.819676,0.078094,-0.229549
9.649000,-0.100632,357.778367,-105.538330,-188.569732,0.882824,-0.127541,-0.091919
9.650000,-0.264131,335.964882,-217.352249,-109.968396,0.837487,-0.349368,0.078094
9.651000,-0.453257,280.809407,-303.363093,-19.320481,0.729002,-0.516143,0.274015
9.652000,-0.839619,217.622837,-344.166479,80.964671,0.599469,-0.593863,0.486126
9.653000,-1.129958,142.311893,-334.580918,191.612455,0.439170,-0.574433,0.711192
9.654000,-1.262963,55.601939,-288.466627,284.824954,0.256204,-0.482140,0.902254
9.655000,-1.232469,-41.626233,-227.352298,339.902708,0.053807,-0.360702,1.012358
9.656000,-0.872383,-150.616209,-157.455613,346.042608,-0.166401,-0.213357,1.020454
9.657000,-0.437685,-254.580420,-74.786942,308.685072,-0.365559,-0.033629,0.947591
9.658000,0.038211,-326.601589,16.612235,252.234260,-0.506427,0.159053,0.832630
9.659000,0.171216,-354.477435,119.669382,188.400017,-0.559860,0.367927,0.695000
9.660000,0.346068,-330.928043,229.695384,109.772997,-0.514523,0.581658,0.526606
9.661000,0.570229,-275.331833,313.633261,19.513795,-0.404420,0.745194,0.329066
9.662000,0.918636,-211.989529,351.457120,-81.704060,-0.273266,0.816438,0.118574
9.663000,1.205406,-136.367451,338.451930,-192.378039,-0.112968,0.790531,-0.109730
9.664000,1.382205,-49.657341,291.379362,-283.362969,0.068379,0.696619,-0.294316
9.665000,1.387071,47.959440,231.353417,-335.669009,0.267538,0.578419,-0.399562
9.666000,0.960808,158.192737,161.664243,-339.529140,0.490984,0.429455,-0.407658
9.667000,0.535518,262.104732,78.037205,-301.290541,0.693381,0.249727,-0.333176
9.668000,0.110553,332.441563,-15.667623,-244.554460,0.831010,0.055426,-0.216595
9.669000,-0.114582,357.182512,-121.108330,-178.958292,0.879586,-0.161543,-0.075727
9.670000,-0.237205,330.705811,-230.253867,-98.776651,0.827772,-0.373655,0.099144
9.671000,-0.480506,273.607330,-311.834650,-7.429263,0.716049,-0.532334,0.290206
9.672000,-0.855190,208.866354,-346.808985,94.643445,0.580038,-0.597101,0.513652
9.673000,-1.132553,131.638307,-329.891767,206.094331,0.413263,-0.567956,0.738717
9.674000,-1.248689,44.021610,-280.487304,295.239468,0.233535,-0.467567,0.923303
9.675000,-1.207166,-54.216938,-219.295263,344.151415,0.032758,-0.341272,1.017215
9.676000,-0.827940,-164.295019,-147.895991,344.151415,-0.187450,-0.190688,1.017215
9.677000,-0.386106,-265.875820,-63.983803,303.089214,-0.388228,-0.010960,0.936257
9.678000,0.091089,-332.896969,30.446457,244.229073,-0.519381,0.186579,0.816438
9.679000,0.230257,-353.026647,136.431058,176.897417,-0.558241,0.398691,0.670712
9.680000,0.389862,-324.192246,243.348243,96.638266,-0.501570,0.607564,0.495841
9.681000,0.630892,-266.989816,321.664354,6.042267,-0.388228,0.763005,0.301540
9.682000,0.962106,-202.222644,353.348313,-95.952808,-0.257075,0.824534,0.087809
9.683000,1.223573,-124.968447,333.270579,-206.315927,-0.088681,0.782435,-0.138875
9.684000,1.373122,-37.299797,282.648786,-292.896706,0.094286,0.680427,-0.313746
9.685000,1.361768,61.145989,222.286053,-338.751932,0.296683,0.555751,-0.406039
9.686000,0.925124,171.508811,151.508793,-336.731193,0.516891,0.406787,-0.404420
9.687000,0.497239,272.234272,67.544962,-295.720558,0.714430,0.227058,-0.321842
9.688000,0.057027,337.726541,-28.310139,-237.119187,0.840725,0.027900,-0.198784
9.689000,-0.188545,354.928624,-136.496985,-168.310579,0.876347,-0.189069,-0.053059
9.690000,-0.309547,323.581454,-242.533723,-86.341380,0.813200,-0.399562,0.126670
9.691000,-0.541169,265.628051,-318.259563,5.083716,0.699857,-0.543669,0.325828
9.692000,-0.918124,199.928524,-347.638006,108.089057,0.562228,-0.598720,0.544417
9.693000,-1.175374,121.612389,-325.409871,217.985532,0.397072,-0.556622,0.767863
9.694000,-1.261341,33.140762,-273.026120,303.710976,0.212486,-0.449756,0.936257
9.695000,-1.195812,-66.341322,-211.082789,347.027065,0.005232,-0.323461,1.025311
9.696000,-0.833455,-177.041185,-138.984041,340.679910,-0.214976,-0.166401,1.012358
9.697000,-0.382537,-275.228206,-54.786888,297.182474,-0.407658,0.010089,0.928161
9.698000,0.095630,-337.352959,41.301398,238.166893,-0.525858,0.207628,0.803484
9.699000,0.244855,-350.902279,149.954387,168.788602,-0.555003,0.424598,0.654520
9.700000,0.419707,-317.715518,254.591774,86.560533,-0.491855,0.628614,0.474792
9.701000,0.658142,-259.994958,327.415653,-6.211644,-0.372036,0.771101,0.277253
9.702000,0.989355,-194.113798,353.607380,-109.683421,-0.237645,0.819676,0.058664
9.703000,1.247579,-115.641990,328.995965,-218.569871,-0.070870,0.772720,-0.164782
9.704000,1.389991,-26.937078,276.353446,-301.575517,0.118574,0.667474,-0.331557
9.705000,1.365336,73.477613,214.824908,-342.171646,0.322590,0.542797,-0.412515
9.706000,0.912472,185.213486,142.545054,-333.389200,0.542797,0.384118,-0.396324
9.707000,0.470638,282.700600,57.907642,-289.476996,0.735479,0.206009,-0.308888
9.708000,0.049890,343.218772,-39.709129,-230.823818,0.850441,0.006851,-0.185831
9.709000,-0.183355,353.348313,-150.668022,-159.942670,0.874728,-0.216595,-0.032009
9.710000,-0.331606,316.845699,-254.502700,-75.046010,0.798627,-0.417373,0.155815
9.711000,-0.580422,257.363797,-324.295873,19.228820,0.680427,-0.556622,0.359831
9.712000,-0.924288,190.161677,-347.145775,123.840371,0.541178,-0.597101,0.570323
9.713000,-1.157857,110.653827,-320.124861,231.690205,0.374403,-0.545288,0.792150
9.714000,-1.264260,21.249549,-265.409496,312.907872,0.183341,-0.435184,0.957306
9.715000,-1.180889,-80.253279,-202.352178,350.084062,-0.022294,-0.305650,1.030169
9.716000,-0.782200,-191.808089,-128.180893,336.664364,-0.244121,-0.150209,1.005881
9.717000,-0.323172,-286.186820,-43.310174,289.565889,-0.427088,0.034377,0.910350
9.718000,0.152076,-342.871133,53.840278,230.058079,-0.540430,0.235154,0.785674
9.719000,0.299030,-349.684653,164.177199,158.866313,-0.555003,0.453743,0.630233
9.720000,0.459933,-310.720653,266.457067,73.892122,-0.474044,0.649663,0.447266
9.721000,0.715561,-250.357599,332.985605,-21.133956,-0.354225,0.780816,0.243250
9.722000,1.020498,-182.611157,351.638467,-126.134254,-0.208499,0.816438,0.023043
9.723000,1.257635,-103.543505,322.700625,-231.264235,-0.046582,0.758148,-0.193927
9.724000,1.383503,-14.579538,268.322353,-309.477122,0.142861,0.651282,-0.347748
9.725000,1.348143,87.337736,205.757544,-344.114665,0.350116,0.521748,-0.415754
9.726000,0.881979,199.177228,131.431053,-329.010932,0.571943,0.361450,-0.388228
9.727000,0.432034,292.648793,46.249593,-281.601301,0.756528,0.183341,-0.291077
9.728000,-0.002988,347.467480,-51.988953,-222.429994,0.860156,-0.020675,-0.166401
9.729000,-0.249857,351.560747,-163.517814,-150.357140,0.868251,-0.242502,-0.009341
9.730000,-0.390972,310.524451,-264.761824,-64.450126,0.787293,-0.440041,0.175245
9.731000,-0.632975,248.970009,-329.036838,32.208118,0.664235,-0.563099,0.382499
9.732000,-0.975219,179.539906,-344.632803,138.814480,0.518510,-0.595482,0.604326
9.733000,-1.196136,99.462104,-313.674041,243.218710,0.348497,-0.533953,0.814819
9.734000,-1.267829,9.669217,-258.570080,319.203213,0.159053,-0.420611,0.968640
9.735000,-1.187377,-93.077151,-194.398774,351.146239,-0.049820,-0.287839,1.033407
9.736000,-0.786417,-204.321099,-118.673088,332.700631,-0.265171,-0.127541,0.997785
9.737000,-0.316359,-295.331954,-32.999269,282.674693,-0.448137,0.053807,0.897397
9.738000,0.160510,-346.446288,65.291073,222.752374,-0.545288,0.257823,0.771101
9.739000,0.322711,-347.275309,176.508816,150.783404,-0.546907,0.476411,0.612422
9.740000,0.505349,-305.306111,276.016658,64.850658,-0.470806,0.669093,0.422979
9.741000,0.736323,-243.854974,337.597007,-32.247972,-0.339653,0.793769,0.223820
9.742000,1.052289,-173.699202,349.695460,-140.098035,-0.192308,0.814819,-0.001245
9.743000,1.278721,-92.895803,316.431191,-243.285023,-0.020675,0.745194,-0.211738
9.744000,1.394208,-2.610601,261.482970,-316.135197,0.167149,0.636710,-0.357463
9.745000,1.344250,100.809256,198.270491,-345.202756,0.379261,0.510414,-0.417373
9.746000,0.865759,212.441486,122.234151,-325.409871,0.597849,0.343639,-0.378513
9.747000,0.408677,302.596985,35.446466,-275.176392,0.772720,0.162291,-0.279743
9.748000,-0.022127,351.560747,-64.942355,-214.502494,0.868251,-0.048201,-0.148590
9.749000,-0.260887,348.892351,-177.377974,-140.978867,0.863394,-0.270028,0.011708
9.750000,-0.420168,304.488178,-275.176392,-53.983777,0.775959,-0.461091,0.196294
9.751000,-0.659252,241.897465,-334.088687,44.280678,0.651282,-0.576052,0.408406
9.752000,-0.979436,169.617618,-342.845226,153.399986,0.499080,-0.592244,0.633471
9.753000,-1.179592,87.104575,-306.730990,255.809391,0.324209,-0.519381,0.840725
9.754000,-1.254204,-4.398169,-249.761741,326.120316,0.131527,-0.402800,0.979974
9.755000,-1.164020,-108.258546,-184.735519,351.327586,-0.078965,-0.266790,1.031788
9.756000,-0.740352,-218.414430,-108.129012,327.726534,-0.297554,-0.104872,0.988070
9.757000,-0.258616,-305.435645,-21.108050,275.394896,-0.465948,0.076475,0.882824
9.758000,0.215010,-350.384140,79.539798,213.244596,-0.551764,0.285349,0.750052
9.759000,0.375264,-343.648340,191.431108,139.280802,-0.540430,0.505556,0.586515
9.760000,0.537465,-298.207620,286.457079,52.881728,-0.451376,0.695000,0.401929
9.761000,0.783361,-235.616589,342.260222,-44.890489,-0.326699,0.800246,0.194675
9.762000,1.074348,-162.896050,347.597013,-154.010004,-0.171258,0.809961,-0.032009
9.763000,1.274828,-80.020117,309.332741,-254.347259,0.006851,0.735479,-0.236025
9.764000,1.383827,12.078548,252.130633,-321.627462,0.197913,0.615660,-0.370417
9.765000,1.317000,116.379223,187.519187,-343.933316,0.408406,0.482888,-0.415754
9.766000,0.836238,225.679838,111.223776,-319.632630,0.625375,0.319351,-0.368798
9.767000,0.368776,311.483001,23.840228,-268.000185,0.788912,0.134766,-0.263551
9.768000,-0.068517,354.540023,-78.362082,-205.538721,0.876347,-0.074108,-0.134017
9.769000,-0.327389,344.540017,-191.108604,-129.942558,0.856917,-0.295935,0.035996
9.770000,-0.473045,297.156567,-284.554686,-42.792038,0.758148,-0.477282,0.222201
9.771000,-0.701424,234.462227,-338.078352,55.835100,0.636710,-0.584148,0.431074
9.772000,-1.012849,160.472532,-340.850393,165.912951,0.479650,-0.587386,0.656140
9.773000,-1.203922,76.327358,-300.616962,265.705771,0.298302,-0.511285,0.856917
9.774000,-1.264585,-17.455192,-241.756517,330.757624,0.105620,-0.388228,0.991309
9.775000,-1.162074,-123.051342,-174.942731,349.203232,-0.109730,-0.245740,1.028550
9.776000,-0.738730,-230.253867,-97.869912,321.975236,-0.316984,-0.083823,0.975117
9.777000,-0.255696,-312.870927,-10.382638,269.047742,-0.478902,0.102382,0.868251
9.778000,0.227013,-352.741671,91.715980,205.912984,-0.558241,0.301540,0.733860
9.779000,0.396026,-339.658674,204.177231,130.083901,-0.535573,0.534702,0.570323
9.780000,0.575095,-291.290479,295.653976,42.959432,-0.438422,0.707953,0.379261
9.781000,0.806718,-229.139872,346.042608,-55.978600,-0.313746,0.805104,0.172007
9.782000,1.095759,-154.968557,345.602193,-166.419380,-0.153447,0.806723,-0.057916
9.783000,1.287480,-70.615946,304.177297,-264.399128,0.026281,0.725764,-0.253836
9.784000,1.386422,24.177016,245.472597,-326.912472,0.218963,0.605945,-0.381751
9.785000,1.310837,131.586493,178.425916,-342.223460,0.437551,0.460220,-0.412515
9.786000,0.815476,238.555494,100.291121,-313.674041,0.648044,0.296683,-0.355844
9.787000,0.349312,319.617721,12.078548,-261.393930,0.806723,0.107240,-0.250598
9.788000,-0.082466,357.130698,-91.937251,-197.792572,0.879586,-0.101634,-0.116206
9.789000,-0.321550,340.446750,-205.046491,-120.097964,0.848821,-0.323461,0.053807
9.790000,-0.489914,289.177288,-294.787909,-31.652115,0.743575,-0.501570,0.243250
9.791000,-0.726727,226.301600,-341.860763,68.555327,0.618899,-0.589005,0.460220
9.792000,-1.017715,150.964751,-338.259701,179.591720,0.460220,-0.579290,0.686904
9.793000,-1.191919,65.524234,-294.865630,276.042565,0.278872,-0.493474,0.882824
9.794000,-1.252258,-30.330869,-234.243525,336.379390,0.079714,-0.372036,1.004262
9.795000,-1.113738,-138.776786,-164.424553,347.597013,-0.140494,-0.226310,1.025311
9.796000,-0.679040,-243.880881,-84.942412,314.695438,-0.347748,-0.054678,0.960544
9.797000,-0.196980,-321.264765,3.218427,260.343073,-0.495093,0.131527,0.850441
9.798000,0.276646,-354.840132,106.586465,196.353391,-0.563099,0.342020,0.711192
9.799000,0.439496,-335.176777,218.529574,118.814458,-0.525858,0.558989,0.544417
9.800000,0.593262,-282.274880,305.861236,30.239203,-0.420611,0.729002,0.353354
9.801000,0.854405,-219.321170,349.125512,-70.071903,-0.289458,0.818057,0.139623
9.802000,1.107437,-144.191314,342.001155,-180.175914,-0.132398,0.800246,-0.085442
9.803000,1.282289,-59.061510,297.804236,-273.932862,0.048949,0.711192,-0.274886
9.804000,1.377988,37.000873,237.778292,-331.549809,0.246489,0.589753,-0.391466
9.805000,1.284236,146.327441,167.830052,-340.539510,0.468315,0.442409,-0.410896
9.806000,0.773953,250.964829,87.648617,-306.471921,0.673951,0.277253,-0.339653
9.807000,0.297408,326.431197,-1.807490,-252.352429,0.813200,0.074856,-0.236025
9.808000,-0.142805,357.752460,-106.289628,-187.896154,0.881205,-0.129160,-0.091919
9.809000,-0.384484,335.679907,-217.792665,-109.372539,0.840725,-0.349368,0.081333
9.810000,-0.536952,281.353449,-303.466721,-19.890430,0.733860,-0.514523,0.270776
9.811000,-0.787390,217.311956,-344.451455,81.586433,0.602707,-0.592244,0.484507
9.812000,-1.054373,141.094275,-334.166408,192.467378,0.439170,-0.572814,0.716049
9.813000,-1.208788,55.472405,-288.440720,285.109928,0.256204,-0.483759,0.902254
9.814000,-1.261990,-41.626233,-227.507739,340.161775,0.058664,-0.357463,1.012358
9.815000,-1.129634,-151.782016,-155.978924,345.498566,-0.164782,-0.208499,1.022073
9.816000,-0.666713,-254.684048,-74.476060,308.477818,-0.365559,-0.030390,0.947591
9.817000,-0.173623,-326.653402,15.990472,252.959649,-0.503189,0.159053,0.837487
9.818000,0.301625,-354.451528,120.550212,187.700535,-0.559860,0.367927,0.696619
9.819000,0.476153,-330.617160,230.291240,109.306675,-0.516143,0.583277,0.521748
9.820000,0.617916,-275.824064,313.814609,19.902397,-0.409277,0.741956,0.327447
9.821000,0.877113,-211.626833,351.690280,-82.299917,-0.276505,0.819676,0.113716
9.822000,1.142797,-135.098016,337.933795,-193.284779,-0.109730,0.790531,-0.111349
9.823000,1.301754,-49.501900,291.353455,-283.596131,0.068379,0.699857,-0.297554
9.824000,1.380583,48.088974,231.457044,-335.876264,0.269157,0.575181,-0.401181
9.825000,1.274179,159.384448,160.161651,-338.985094,0.494222,0.426217,-0.407658
9.826000,0.750921,262.286080,77.752231,-301.057379,0.693381,0.251346,-0.331557
9.827000,0.277619,332.493377,-15.071767,-245.253945,0.832630,0.052188,-0.216595
9.828000,-0.151239,357.052978,-122.040976,-178.232900,0.879586,-0.161543,-0.070870
9.829000,-0.377022,330.343116,-230.823818,-98.103073,0.827772,-0.375274,0.105620
9.830000,-0.579773,274.073652,-311.938278,-7.973306,0.719287,-0.529096,0.293445
9.831000,-0.796798,208.555473,-347.016240,95.394741,0.583277,-0.598720,0.515271
9.832000,-1.058265,130.420689,-329.451349,207.052881,0.414883,-0.566337,0.741956
9.833000,-1.201651,43.892076,-280.461397,295.524442,0.231916,-0.465948,0.921684
9.834000,-1.236686,-54.398285,-219.347077,344.462296,0.032758,-0.339653,1.020454
9.835000,-1.088110,-165.538547,-146.445208,343.503747,-0.192308,-0.185831,1.015596
9.836000,-0.616106,-266.083075,-63.672921,302.804239,-0.389847,-0.010960,0.944353
9.837000,-0.127233,-332.974690,29.824694,244.902649,-0.521000,0.183341,0.819676
9.838000,0.349961,-352.923019,137.311888,176.172028,-0.556622,0.403548,0.669093
9.839000,0.513783,-323.777735,243.892285,95.886970,-0.501570,0.610803,0.492603
9.840000,0.663008,-267.456140,321.742075,6.171801,-0.393085,0.756528,0.299921
9.841000,0.912797,-201.859948,353.426033,-96.730012,-0.253836,0.818057,0.084571
9.842000,1.162910,-123.673106,332.778351,-207.326294,-0.087061,0.780816,-0.138875
9.843000,1.302402,-37.118450,282.648786,-293.000334,0.095905,0.680427,-0.310507
9.844000,1.359497,61.301430,222.311960,-339.114629,0.291825,0.557370,-0.402800
9.845000,1.243361,172.778242,149.954387,-336.031706,0.520129,0.403548,-0.399562
9.846000,0.715561,272.441526,67.208174,-295.435582,0.716049,0.227058,-0.315365
9.847000,0.230906,337.830168,-27.636562,-237.792766,0.843964,0.027900,-0.200404
9.848000,-0.225851,354.695464,-137.248283,-167.611095,0.874728,-0.189069,-0.049820
9.849000,-0.456501,323.089226,-243.025954,-85.538268,0.813200,-0.397943,0.133146
9.850000,-0.637192,266.016652,-318.415005,4.591487,0.699857,-0.543669,0.327447
9.851000,-0.843187,199.617642,-347.741634,108.918074,0.560608,-0.597101,0.544417
9.852000,-1.093625,120.342958,-324.839919,219.254963,0.395453,-0.555003,0.764624
9.853000,-1.213005,32.933508,-273.026120,303.918230,0.209248,-0.452995,0.936257
9.854000,-1.241552,-66.600391,-211.082789,347.156599,0.005232,-0.323461,1.026930
9.855000,-1.088759,-178.232900,-137.481445,339.954521,-0.216595,-0.166401,1.012358
9.856000,-0.616755,-275.461368,-54.398285,296.897500,-0.407658,0.008470,0.926542
9.857000,-0.115555,-337.508400,40.731449,238.762748,-0.529096,0.202771,0.803484
9.858000,0.369100,-350.798651,150.731590,168.115026,-0.551764,0.429455,0.652901
9.859000,0.560822,-317.249194,255.135816,85.912864,-0.488617,0.628614,0.473173
9.860000,0.734376,-260.357654,327.260213,-5.771229,-0.375274,0.769482,0.277253
9.861000,0.948481,-193.725196,353.555567,-110.512440,-0.236025,0.821295,0.053807
9.862000,1.182374,-114.320742,328.477830,-219.476612,-0.066012,0.771101,-0.164782
9.863000,1.311486,-26.703917,276.301632,-301.653238,0.116955,0.667474,-0.328318
9.864000,1.356253,73.633054,214.902628,-342.301180,0.324209,0.541178,-0.412515
9.865000,1.225519,186.482917,140.964741,-332.637900,0.546036,0.380880,-0.394704
9.866000,0.693177,282.907854,57.467227,-289.088392,0.735479,0.206009,-0.305650
9.867000,0.214361,343.244679,-39.165087,-231.419676,0.852060,0.010089,-0.187450
9.868000,-0.230069,353.192872,-151.367507,-159.294999,0.871490,-0.218214,-0.030390
9.869000,-0.438983,316.275750,-255.020837,-74.320619,0.798627,-0.420611,0.155815
9.870000,-0.678391,257.778305,-324.477222,18.684778,0.683666,-0.556622,0.353354
9.871000,-0.859083,189.747168,-347.145775,124.695294,0.541178,-0.597101,0.575181
9.872000,-1.076756,109.228955,-319.451281,232.726475,0.369546,-0.543669,0.793769
9.873000,-1.204246,21.120016,-265.409496,313.244660,0.183341,-0.435184,0.958925
9.874000,-1.219817,-80.382813,-202.378085,350.239502,-0.022294,-0.304031,1.031788
9.875000,-1.041721,-192.999804,-126.522856,335.861255,-0.247360,-0.142113,1.002643
9.876000,-0.564202,-286.471796,-42.843852,289.177288,-0.427088,0.032758,0.911969
9.877000,-0.067544,-343.052481,53.296236,230.628028,-0.537192,0.233535,0.788912
9.878000,0.410624,-349.477398,164.928495,158.166830,-0.548526,0.455362,0.631852
9.879000,0.583530,-310.254329,266.975202,73.140825,-0.475663,0.654520,0.447266
9.880000,0.756435,-250.746203,333.141046,-20.745355,-0.354225,0.784054,0.244869
9.881000,0.989355,-182.170741,351.638467,-126.574670,-0.211738,0.816438,0.019804
9.882000,1.190808,-102.118630,321.845702,-232.248696,-0.040105,0.759767,-0.190688
9.883000,1.308890,-14.320470,268.218726,-309.451215,0.142861,0.651282,-0.344510
9.884000,1.333220,87.519083,205.887077,-344.296013,0.350116,0.521748,-0.415754
9.885000,1.191457,200.446659,129.798926,-328.233724,0.576800,0.359831,-0.388228
9.886000,0.657817,292.907860,45.783271,-281.186790,0.753290,0.181722,-0.291077
9.887000,0.166350,347.597013,-51.470817,-223.025852,0.858536,-0.019056,-0.168020
9.888000,-0.287163,351.327586,-164.320926,-149.683563,0.869871,-0.244121,-0.009341
9.889000,-0.504188,310.109943,-265.254055,-63.439760,0.787293,-0.441661,0.175245
9.890000,-0.734188,249.332703,-329.192280,31.793610,0.664235,-0.566337,0.377642
9.891000,-0.920719,179.151305,-344.606896,139.280802,0.513652,-0.592244,0.605945
9.892000,-1.106926,97.959511,-312.922740,244.358607,0.345258,-0.530715,0.819676
9.893000,-1.213005,9.384242,-258.336918,319.591814,0.159053,-0.420611,0.971879
9.894000,-1.219817,-93.310312,-194.424681,351.301679,-0.048201,-0.287839,1.033407
9.895000,-1.039450,-205.512814,-116.937331,331.767988,-0.270028,-0.122683,0.996166
9.896000,-0.559985,-295.565116,-32.532946,282.234278,-0.446518,0.055426,0.895777
9.897000,-0.063651,-346.627636,64.902471,223.270510,-0.548526,0.254584,0.767863
9.898000,0.430088,-347.016240,177.311925,150.006201,-0.545288,0.481269,0.612422
9.899000,0.626026,-304.762066,276.560700,64.073455,-0.462710,0.673951,0.427836
9.900000,0.807042,-244.217670,337.881981,-31.859370,-0.344510,0.793769,0.223820
9.901000,1.026013,-173.284693,349.565927,-140.849333,-0.193927,0.811580,-0.006103
9.902000,1.206380,-91.445022,315.653988,-244.165856,-0.019056,0.748433,-0.216595
9.903000,1.316676,-2.221999,261.405250,-316.316545,0.170387,0.635090,-0.362321
9.904000,1.332572,101.120137,198.374118,-345.280476,0.377642,0.505556,-0.420611
9.905000,1.179454,213.685010,120.550212,-324.451315,0.601088,0.340401,-0.380132
9.906000,0.633812,302.804239,34.980144,-274.839603,0.774339,0.160672,-0.279743
9.907000,0.141046,351.742094,-64.527846,-215.124259,0.866632,-0.049820,-0.153447
9.908000,-0.291380,348.555563,-178.206993,-140.227569,0.865013,-0.271647,0.011708
9.909000,-0.509378,303.944136,-275.668623,-53.154759,0.775959,-0.461091,0.197913
9.910000,-0.759816,242.311973,-334.347756,44.021610,0.654520,-0.572814,0.405168
9.911000,-0.930776,169.229016,-342.897039,154.229003,0.499080,-0.589005,0.636710
9.912000,-1.096220,85.576076,-305.876063,256.664314,0.319351,-0.517762,0.843964
9.913000,-1.208463,-4.864491,-249.502673,326.327570,0.129908,-0.402800,0.983213
9.914000,-1.185106,-108.647148,-184.735519,351.379399,-0.082204,-0.268409,1.033407
9.915000,-0.990466,-219.580239,-106.393255,326.767985,-0.299173,-0.100015,0.984832
9.916000,-0.509054,-305.694714,-20.589914,275.058108,-0.465948,0.081333,0.881205
9.917000,-0.002663,-350.643210,79.228917,213.918171,-0.551764,0.286968,0.753290
9.918000,0.484587,-343.363364,192.260124,138.477692,-0.540430,0.507176,0.584896
9.919000,0.661061,-297.611761,286.949307,52.052711,-0.449756,0.695000,0.398691
9.920000,0.848241,-236.238354,342.493383,-44.735048,-0.328318,0.798627,0.194675
9.921000,1.037367,-162.533354,347.597013,-154.890837,-0.171258,0.808342,-0.035248
9.922000,1.212543,-78.465709,308.607352,-255.383534,0.010089,0.732241,-0.236025
9.923000,1.308242,12.622590,251.845658,-321.834717,0.199533,0.617279,-0.373655
9.924000,1.301105,116.793731,187.519187,-343.985130,0.406787,0.479650,-0.418992
9.925000,1.142473,226.819735,109.513930,-318.596353,0.625375,0.314494,-0.367179
9.926000,0.590342,311.664348,23.373906,-267.585675,0.790531,0.134766,-0.265171
9.927000,0.087845,354.669557,-77.973479,-206.160486,0.874728,-0.072489,-0.134017
9.928000,-0.361776,344.203229,-191.911716,-129.243073,0.853679,-0.299173,0.035996
9.929000,-0.574583,296.612526,-285.098731,-41.911207,0.761386,-0.477282,0.223820
9.930000,-0.815289,234.876735,-338.337422,55.524219,0.636710,-0.582529,0.431074
9.931000,-0.968082,160.135744,-340.850393,166.716061,0.481269,-0.585767,0.654520
9.932000,-1.119253,74.876579,-299.839755,266.586600,0.299921,-0.504808,0.861775
9.933000,-1.214303,-17.869700,-241.652890,331.016692,0.104001,-0.386609,0.992928
9.934000,-1.187377,-123.465851,-175.046358,349.255046,-0.109730,-0.248979,1.030169
9.935000,-0.979111,-231.497397,-95.978714,320.964872,-0.323461,-0.078965,0.971879
9.936000,-0.495429,-313.052275,-9.812688,268.762768,-0.480521,0.102382,0.868251
9.937000,0.009340,-352.948926,91.405099,206.586560,-0.558241,0.299921,0.735479
9.938000,0.492697,-339.347791,204.928527,129.488045,-0.532334,0.534702,0.565466
9.939000,0.671442,-290.668713,296.249831,41.974974,-0.436803,0.712811,0.379261
9.940000,0.863812,-229.580289,346.301676,-55.797253,-0.315365,0.805104,0.167149
9.941000,1.063643,-154.787209,345.550380,-167.248399,-0.155067,0.805104,-0.061155
9.942000,1.225844,-69.191071,303.426001,-265.150428,0.026281,0.722526,-0.255455
9.943000,1.311486,24.539711,245.394877,-327.145634,0.225439,0.604326,-0.381751
9.944000,1.297861,132.052815,178.503636,-342.404808,0.442409,0.463458,-0.410896
9.945000,1.125279,239.695391,98.477647,-312.611858,0.651282,0.295064,-0.355844
9.946000,0.571527,319.876789,11.456785,-260.901699,0.808342,0.110478,-0.245740
9.947000,0.071949,357.389766,-91.678183,-198.388429,0.879586,-0.100015,-0.116206
9.948000,-0.363073,340.161775,-205.849603,-119.424386,0.848821,-0.326699,0.057045
9.949000,-0.583342,288.555526,-295.383768,-30.460403,0.748433,-0.499951,0.249727
9.950000,-0.843512,226.767921,-342.249366,67.519056,0.620518,-0.587386,0.460220
9.951000,-0.963865,150.602056,-338.207887,180.394829,0.458600,-0.579290,0.690142
9.952000,-1.097842,64.099361,-294.088423,276.897488,0.280491,-0.495093,0.884443
9.953000,-1.202624,-30.719471,-234.139897,336.586644,0.078094,-0.375274,1.001024
9.954000,-1.147151,-139.191295,-164.579994,347.804267,-0.140494,-0.224691,1.023692
9.955000,-0.920719,-245.072597,-83.103028,313.659168,-0.350987,-0.051440,0.957306
9.956000,-0.433793,-321.368392,3.840190,260.006285,-0.498332,0.133146,0.848821
9.957000,0.063515,-355.125108,106.431024,197.026967,-0.563099,0.338781,0.712811
9.958000,0.537140,-334.865894,219.306776,118.166789,-0.522619,0.563847,0.544417
9.959000,0.722698,-281.679021,306.482998,29.384279,-0.415754,0.730622,0.351735
9.960000,0.912797,-219.683866,349.488206,-70.045996,-0.291077,0.814819,0.139623
9.961000,1.083432,-143.880432,341.871621,-181.056747,-0.132398,0.795389,-0.087061
9.962000,1.227141,-57.636636,297.001127,-274.813696,0.053807,0.709572,-0.276505
9.963000,1.302402,37.363568,237.752385,-331.808878,0.249727,0.591373,-0.389847
9.964000,1.269313,146.690135,167.959585,-340.694951,0.469935,0.442409,-0.410896
9.965000,1.078890,252.052912,85.886957,-305.435645,0.675570,0.275634,-0.339653
9.966000,0.519947,326.664358,-2.481067,-251.963826,0.821295,0.081333,-0.231168
9.967000,0.021991,358.011528,-106.211907,-188.414291,0.879586,-0.130779,-0.091919
9.968000,-0.418870,335.420840,-218.699406,-108.647148,0.835868,-0.350987,0.079714
9.969000,-0.643356,280.653967,-304.036672,-19.009599,0.732241,-0.514523,0.277253
9.970000,-0.876276,217.700557,-344.814152,81.586433,0.599469,-0.593863,0.487746
9.971000,-1.007983,140.757487,-334.140501,193.555462,0.435932,-0.572814,0.716049
9.972000,-1.124768,53.995719,-287.637606,285.990757,0.254584,-0.480521,0.900635
9.973000,-1.214627,-42.092555,-227.455926,340.187682,0.053807,-0.359083,1.013977
9.974000,-1.153315,-152.222433,-156.134365,345.705820,-0.168020,-0.211738,1.020454
9.975000,-0.929154,-255.849857,-72.714397,307.519268,-0.365559,-0.028771,0.949210
9.976000,-0.426656,-326.938378,16.689956,252.519234,-0.508047,0.155815,0.835868
9.977000,0.079735,-354.606969,120.472491,188.270483,-0.558241,0.369546,0.696619
9.978000,0.552063,-330.332184,231.172069,108.399939,-0.511285,0.586515,0.520129
9.979000,0.737296,-275.254113,314.384557,18.943846,-0.407658,0.748433,0.327447
9.980000,0.948805,-211.963622,352.052975,-82.377637,-0.274886,0.818057,0.113716
9.981000,1.111006,-134.709414,337.959702,-194.372867,-0.109730,0.788912,-0.114587
9.982000,1.240442,-47.999305,290.446719,-284.528779,0.073237,0.696619,-0.294316
9.983000,1.307268,48.529389,231.353417,-336.238961,0.270776,0.573562,-0.401181
9.984000,1.263799,159.824863,160.317091,-339.218257,0.492603,0.426217,-0.406039
9.985000,1.072726,263.374163,75.964664,-300.098824,0.695000,0.244869,-0.329937
9.986000,0.520271,332.726538,-15.771250,-244.865342,0.834249,0.053807,-0.218214
9.987000,0.019720,357.260232,-122.040976,-178.699224,0.877966,-0.161543,-0.074108
9.988000,-0.396486,330.032235,-231.756466,-97.377683,0.824534,-0.380132,0.105620
9.989000,-0.654386,273.400076,-312.482323,-6.937034,0.716049,-0.533953,0.295064
9.990000,-0.905797,208.866354,-347.404844,95.420648,0.583277,-0.597101,0.515271
9.991000,-1.013498,129.980274,-329.321815,207.959618,0.414883,-0.563099,0.741956
9.992000,-1.119253,42.259949,-279.502842,296.249831,0.230297,-0.461091,0.924923
9.993000,-1.191919,-54.916422,-219.139822,344.773177,0.031138,-0.339653,1.018835
9.994000,-1.113089,-166.030777,-146.522929,343.711001,-0.192308,-0.185831,1.020454
9.995000,-0.879196,-267.145258,-61.859445,301.767969,-0.391466,-0.007722,0.944353
9.996000,-0.389674,-333.181945,30.472364,244.488141,-0.517762,0.184960,0.818057
9.997000,0.117365,-353.104368,137.389608,176.690163,-0.558241,0.400310,0.672331
9.998000,0.589693,-323.389131,244.824928,95.083860,-0.498332,0.614041,0.492603
9.999000,0.775575,-266.678934,322.312023,5.083716,-0.388228,0.764624,0.295064
