102.19,155.01,-284.53,0.13947,0.17191,-0.54988
186.67,90.417,-263.79,0.30776,0.04215,-0.50122
260.22,18.466,-229.89,0.44766,-0.099775,-0.43431
306.1,-70.941,-184.69,0.53686,-0.28428,-0.34105
302.02,-174.93,-119.3,0.52064,-0.48906,-0.20926
263.43,-260.56,-38.835,0.44157,-0.66748,-0.053144
209.95,-305.38,49.936,0.32803,-0.75871,0.12528
141.73,-302.08,144.86,0.18407,-0.75263,0.3037
64.208,-261.67,224.17,0.021875,-0.68369,0.45171
-16.164,-209.13,271.57,-0.14438,-0.58435,0.53686
-101.09,-155.58,281.66,-0.31672,-0.47689,0.55106
-188.12,-94.862,261.02,-0.48702,-0.35727,0.50645
-263.72,-23.69,227.43,-0.63909,-0.21129,0.43954
-310.86,68.384,183.27,-0.73033,-0.026781,0.34628
-307.13,174.82,117.48,-0.71411,0.18813,0.21652
-266.01,260.27,34.885,-0.63098,0.3625,0.050263
-211.4,303.67,-54.334,-0.51541,0.44968,-0.12411
-143.06,300.11,-148.53,-0.36741,0.44968,-0.30253
-64.218,259.56,-227.37,-0.20115,0.37466,-0.45053
16.674,207.33,-274.22,-0.034894,0.27531,-0.53569
101.01,153.17,-284.88,0.13339,0.16989,-0.54988
187.47,89.592,-264.6,0.30573,0.04215,-0.5073
261.97,15.989,-231.1,0.45576,-0.10586,-0.43837
309.03,-75.093,-186.79,0.54294,-0.29036,-0.34713
306.13,-179.17,-117.72,0.53281,-0.49919,-0.20926
265.6,-261.95,-31.545,0.4436,-0.66951,-0.036919
211.58,-304.32,56.494,0.326,-0.75466,0.13542
141.51,-301.37,147.36,0.18407,-0.75466,0.30978
58.334,-261.08,222.38,0.0097125,-0.67964,0.44968
-24.397,-211.33,267.49,-0.1606,-0.58637,0.52876
-109.65,-157.8,282.58,-0.33294,-0.48297,0.55308
-193.64,-87.809,261.66,-0.49919,-0.34105,0.50645
-263.13,-13.192,226.49,-0.63504,-0.19101,0.43549
-308.38,75.201,182.28,-0.72019,-0.0207,0.34425
-301.85,177.16,112.78,-0.70397,0.19421,0.20435
-259.85,257.48,29.577,-0.61476,0.35642,0.040125
-209.65,299.66,-57.566,-0.50933,0.4436,-0.12816
-142.18,296.13,-151.27,-0.36538,0.43954,-0.30861
-60.208,256.8,-229.52,-0.19101,0.37264,-0.45661
22.949,206.93,-276.04,-0.024756,0.27531,-0.53771
107.78,151.16,-283.8,0.14758,0.1638,-0.54785
192.42,84.944,-260.87,0.31789,0.032012,-0.50122
264.26,12.05,-226.43,0.45779,-0.11397,-0.4262
307.57,-77.405,-181.11,0.53889,-0.29644,-0.33496
300.47,-181.49,-114.28,0.52064,-0.5073,-0.19709
259.3,-265.28,-32.701,0.43143,-0.67559,-0.03895
205.59,-306.63,55.999,0.31992,-0.75669,0.13339
137.17,-300.15,150.57,0.17394,-0.75061,0.31586
58.948,-258.01,228.23,0.0097125,-0.67559,0.45779
-21.024,-206.12,273.1,-0.15249,-0.57826,0.54294
-106.47,-152.23,281.05,-0.32888,-0.47284,0.55106
-193.82,-89.578,258.38,-0.49716,-0.34713,0.50037
-267.66,-17.202,224.15,-0.64314,-0.19912,0.43143
-312.25,74.848,179.8,-0.7283,-0.0207,0.34019
-305.57,181.24,112.43,-0.71208,0.20435,0.20435
-262.1,264.68,28.964,-0.61881,0.36858,0.040125
-207.27,304.83,-59.996,-0.50122,0.45374,-0.13424
-138.43,298.08,-154.24,-0.35727,0.4436,-0.31469
-58.816,255.95,-231.19,-0.19507,0.36656,-0.45459
21.156,204.69,-275.85,-0.024756,0.27126,-0.53569
106.1,149.84,-284.34,0.14556,0.16178,-0.54988
192.8,84.26,-262,0.31789,0.032012,-0.50325
265.67,9.8087,-227.84,0.46184,-0.12005,-0.43229
310.35,-81.298,-183.35,0.54497,-0.30455,-0.33902
304.57,-185.36,-112.34,0.52876,-0.51541,-0.19507
261.94,-266.01,-25.813,0.43549,-0.67761,-0.026781
207.94,-305.53,61.613,0.32195,-0.75871,0.14556
136.73,-299.44,152.67,0.17191,-0.75061,0.31586
53.003,-257.64,225.8,-0.000425,-0.67356,0.45171
-28.431,-209.13,269.16,-0.16871,-0.58232,0.53281
-114.56,-154.29,282.28,-0.34308,-0.47689,0.55308
-198.52,-82.265,258.88,-0.50933,-0.33091,0.50239
-266.48,-7.436,223.35,-0.64314,-0.18088,0.42941
-309.56,81.099,178.93,-0.72424,0.0016,0.33817
-300.01,182.94,107.57,-0.69789,0.20638,0.19421
-256.43,261.45,24.199,-0.60665,0.3625,0.029988
-206.35,300.89,-62.567,-0.50122,0.44562,-0.13829
-137.73,294.19,-156.65,-0.35321,0.43549,-0.31874
-55.159,253.52,-233.13,-0.18493,0.3625,-0.46067
26.817,204.81,-277.45,-0.014619,0.27126,-0.54177
112.52,147.81,-283.21,0.15569,0.15772,-0.5438
197.42,79.802,-258.37,0.32803,0.021875,-0.49514
267.51,6.3881,-223.43,0.46184,-0.14235,-0.42012
308.37,-83.279,-177.83,0.53889,-0.30658,-0.32888
298.72,-187.38,-109.28,0.51659,-0.51947,-0.18493
256,-269.05,-27.511,0.42738,-0.68167,-0.028813
202.31,-307.67,60.811,0.31181,-0.76277,0.14352
132.81,-298.14,155.9,0.16583,-0.74857,0.32398
54.253,-254.69,231.75,-0.000425,-0.66748,0.4659
-24.799,-204.02,274.42,-0.16263,-0.57218,0.54092
-111.19,-149.17,280.51,-0.33699,-0.4627,0.547
-198.66,-84.907,256.07,-0.50933,-0.33699,0.50037
-270.89,-11.753,221.49,-0.65126,-0.18898,0.42738
-313.1,80.91,176.4,-0.73033,-0.0024563,0.33411
-303.73,187.11,107.21,-0.70803,0.21246,0.19624
-258.89,268.29,23.939,-0.61071,0.37669,0.029988
-204.06,305.85,-64.596,-0.49919,0.45374,-0.14438
-133.93,295.98,-159.52,-0.3451,0.44157,-0.32482
-54.192,252.7,-234.45,-0.18088,0.36047,-0.4627
24.859,202.64,-277.1,-0.0207,0.26721,-0.53974
110.71,146.7,-283.78,0.15569,0.15366,-0.54583
197.28,79.66,-259.85,0.32398,0.032012,-0.49716
268.57,4.7603,-225.36,0.46387,-0.12816,-0.4262
311.08,-87.077,-179.88,0.54294,-0.31469,-0.33294
302.71,-190.88,-107.03,0.5247,-0.52555,-0.18493
258.95,-269.46,-20.859,0.42738,-0.68572,-0.014619
204.83,-306.56,66.001,0.31789,-0.76074,0.15366
131.94,-297.34,157.67,0.16178,-0.74857,0.33006
48.544,-254.59,228.66,-0.0085375,-0.66748,0.46184
-31.852,-207.27,270.53,-0.17479,-0.58029,0.53686
-119.04,-150.96,281.9,-0.35119,-0.46878,0.55106
-202.6,-77.736,256.68,-0.51947,-0.3228,0.49631
-269.22,-2.9065,221.08,-0.64923,-0.17276,0.42535
-310.1,86.69,175.39,-0.72628,0.011738,0.33006
-297.98,187.96,102.52,-0.69586,0.21449,0.18407
-253.65,264.51,19.811,-0.60259,0.36656,0.023906
-203.45,301.83,-66.884,-0.49716,0.44766,-0.14641
-133.22,292.12,-161.6,-0.3451,0.43143,-0.32686
-51.078,250.83,-236.03,-0.17682,0.36047,-0.46473
30.167,202.75,-278.61,-0.0085375,0.26721,-0.54177
116.79,144.63,-282.52,0.16786,0.15366,-0.5438
201.43,75.72,-256.34,0.33411,0.015794,-0.48906
270.15,2.1889,-221.45,0.46793,-0.13627,-0.41809
308.72,-88.941,-174.27,0.54092,-0.31874,-0.32078
296.93,-192.41,-104.53,0.51253,-0.52555,-0.18088
253.55,-272.03,-23.407,0.42129,-0.68978,-0.0207
199.38,-308.47,65.081,0.30776,-0.76277,0.15164
128.42,-295.95,160.76,0.15366,-0.74249,0.33209
50.738,-252.14,234.46,-0.0065062,-0.66342,0.47198
-28.007,-202.18,275.6,-0.16871,-0.56812,0.54294
-115.5,-146.24,279.73,-0.34713,-0.45661,0.54497
-202.6,-81.321,254.35,-0.51541,-0.32888,0.49631
-273.47,-7.6719,219.83,-0.65734,-0.17884,0.42129
-313.48,86.643,172.98,-0.73236,0.011738,0.32803
-301.96,191.97,102.71,-0.70397,0.2226,0.18205
-256.67,271,20.212,-0.60867,0.38277,0.021875
-201.26,306.67,-68.748,-0.49108,0.45576,-0.15046
-129.61,293.91,-164.22,-0.33699,0.43752,-0.33496
-50.984,250.31,-237.18,-0.17479,0.35439,-0.46878
28.044,200.89,-278.28,-0.012594,0.26517,-0.54177
114.86,143.68,-283.19,0.1638,0.15164,-0.5438
200.96,76.051,-258.27,0.33411,0.017825,-0.49311
271.14,0.98587,-223.86,0.47198,-0.13627,-0.42215
311.58,-92.574,-176.39,0.54903,-0.32686,-0.32482
301.03,-195.52,-102.48,0.51862,-0.53163,-0.17682
256.97,-272.07,-17.438,0.42941,-0.69181,-0.010563
202.02,-307.39,70.059,0.31181,-0.76074,0.15975
127.5,-295.36,162.08,0.15164,-0.74249,0.33411
45.477,-252.61,231.09,-0.014619,-0.66342,0.46184
-35.037,-205.6,271.9,-0.18493,-0.57624,0.53889
-123.15,-147.68,281.43,-0.35929,-0.46067,0.55106
-206,-74.126,255.1,-0.52555,-0.31672,0.49226
-271.58,0.63201,219.53,-0.65328,-0.16263,0.42333
-310.27,92.069,171.78,-0.72424,0.021875,0.32195
-296.16,192.28,98.178,-0.69181,0.2226,0.17597
-252.14,267.09,16.579,-0.59854,0.37264,0.017825
-200.76,302.71,-71.083,-0.49108,0.44766,-0.15654
-128.95,290.32,-165.96,-0.33699,0.42941,-0.33496
-48.247,249.04,-238.53,-0.16871,0.35642,-0.47081
33.281,200.89,-279.72,-0.0024563,0.26315,-0.54583
120.87,141.35,-281.72,0.17394,0.14556,-0.5438
204.88,72.441,-254.97,0.34425,0.013769,-0.48906
272.58,-1.4676,-219.96,0.47401,-0.14033,-0.41606
308.79,-94.414,-170.73,0.53889,-0.33091,-0.31266
295.28,-196.84,-100.48,0.50848,-0.53366,-0.17276
251.85,-274.6,-20.222,0.41927,-0.69181,-0.014619
196.6,-309.3,69.233,0.30167,-0.76682,0.15975
124.48,-294.13,165.13,0.14758,-0.74047,0.34223
47.978,-250.28,237.1,-0.010563,-0.65937,0.47604
-31.357,-200.17,276.76,-0.17479,-0.5661,0.547
-119.63,-143.27,279.05,-0.35321,-0.45459,0.54497
-206.07,-78.443,253.24,-0.52555,-0.3228,0.49226
-276.01,-3.9682,218.35,-0.65937,-0.17276,0.42129
-313.55,92.446,169.28,-0.73033,0.025931,0.31789
-300.26,196.43,98.509,-0.69789,0.23274,0.17597
-254.9,273.53,17.004,-0.60463,0.38683,0.015794
-198.5,307.45,-72.994,-0.485,0.45982,-0.1606
-125.74,292.16,-168.42,-0.33294,0.43346,-0.34105
-48.059,248.52,-239.78,-0.17074,0.35033,-0.47689
31.465,198.79,-279.39,-0.0044813,0.26113,-0.54583
118.89,140.66,-282.52,0.16989,0.14352,-0.54785
204.26,73.385,-257.26,0.34019,0.015794,-0.49311
273.62,-2.765,-222.37,0.47604,-0.14438,-0.42012
311.67,-98.212,-172.57,0.547,-0.33902,-0.31672
299.33,-199.84,-98.259,0.51253,-0.56002,-0.16871
255.22,-274.48,-14.041,0.42333,-0.69181,-0.0024563
199.07,-308.12,74.281,0.30573,-0.76277,0.16786
123.54,-293.78,166,0.14758,-0.74249,0.34425
42.505,-250.68,233.45,-0.018675,-0.66139,0.46996
-38.646,-203.5,273.2,-0.18898,-0.57218,0.54092
-127.11,-144.57,280.86,-0.36538,-0.45459,0.55106
-208.99,-71.508,254.04,-0.52961,-0.31063,0.49226
-273.89,4.3829,217.95,-0.65734,-0.15857,0.41927
-310.22,97.494,168.05,-0.72628,0.034044,0.31586
-294.46,196.22,94.215,-0.68978,0.22868,0.16786
-250.51,269.54,13.229,-0.59651,0.38074,0.0097125
-197.74,303.39,-75.565,-0.48297,0.45374,-0.1606
-125.41,288.84,-169.81,-0.32888,0.42738,-0.34308
-45.322,247.25,-241.08,-0.16263,0.35236,-0.47689
36.914,198.51,-280.8,0.0056562,0.25707,-0.54583
124.76,138.42,-281.04,0.18205,0.1415,-0.54177
207.97,70.2,-254.12,0.34425,0.0016,-0.48297
274.99,-5.4307,-218.24,0.47604,-0.15046,-0.41404
308.68,-99.958,-167.07,0.53889,-0.34105,-0.30253
293.86,-200.83,-96.891,0.50645,-0.54583,-0.16668
249.98,-277.05,-16.636,0.41521,-0.69586,-0.0085375
193.41,-309.84,73.857,0.29356,-0.76885,0.17191
121.37,-292.76,168.86,0.1415,-0.74047,0.34628
45.171,-248.34,239.72,-0.018675,-0.65531,0.48212
-35.131,-197.65,277.84,-0.18088,-0.56002,0.54903
-123.62,-140.49,278.34,-0.35929,-0.44851,0.54294
-209.21,-76.344,252.53,-0.52961,-0.31874,0.49226
-278.61,0.04225,216.7,-0.66545,-0.16668,0.41724
-313.55,98.061,165.86,-0.73033,0.034044,0.31181
-298.9,200.44,95.065,-0.69586,0.23679,0.16786
-252.94,275.7,13.182,-0.60259,0.39088,0.0076813
-195.26,308.02,-77.618,-0.47892,0.46184,-0.17074
-122.82,291.01,-172.1,-0.32686,0.43143,-0.34713
-45.11,246.54,-242.54,-0.16263,0.34831,-0.47892
35.428,196.1,-280.52,0.0036313,0.25099,-0.54583
122.88,137.83,-281.91,0.18002,0.13947,-0.5438
207.54,71.167,-256.65,0.34425,0.013769,-0.49108
276.22,-6.917,-220.6,0.48009,-0.15452,-0.41809
311.74,-103.69,-169.08,0.54497,-0.34916,-0.30861
298.06,-203.64,-94.815,0.51253,-0.54988,-0.16263
253.14,-276.98,-10.125,0.41927,-0.69992,0.0036313
195.87,-308.73,78.858,0.30167,-0.76682,0.17597
120.59,-292.83,169.47,0.13947,-0.73844,0.34831
39.226,-248.74,236.14,-0.034894,-0.65734,0.47401
-42.798,-200.88,274.59,-0.19709,-0.5661,0.54294
-131.05,-141.52,280.32,-0.37551,-0.44851,0.53686
-212.01,-69.054,253.17,-0.53569,-0.30658,0.49023
-276.37,8.5348,216.01,-0.66342,-0.14843,0.41521
-310.24,102.92,164.42,-0.72628,0.044181,0.30776
-293.12,200.07,90.889,-0.68775,0.23679,0.15975
-248.44,272.21,9.1717,-0.59043,0.3848,0.0016
-194.51,304.08,-80.307,-0.47689,0.45171,-0.17276
-122.56,287.8,-173.49,-0.32482,0.42535,-0.35119
-41.854,245.22,-243.95,-0.15654,0.34628,-0.47892
41.208,195.58,-281.91,0.011738,0.25301,-0.54785
128.75,135.57,-280.4,0.18813,0.13542,-0.53569
211.34,67.747,-253.37,0.35439,-0.0024563,-0.485
277.58,-9.8186,-216.14,0.48415,-0.1606,-0.40796
308.49,-105.55,-163.63,0.53686,-0.34916,-0.29847
292.52,-204.98,-93.541,0.50037,-0.55596,-0.15654
247.74,-279.76,-12.319,0.40711,-0.70397,0.0016
190.13,-310.36,78.669,0.28545,-0.76682,0.17799
118.56,-291.65,172.65,0.13542,-0.73844,0.35642
41.656,-245.98,242.69,-0.0207,-0.64923,0.48821
-39.448,-194.67,278.93,-0.19304,-0.55596,0.54903
-127.61,-138.01,277.75,-0.36943,-0.44243,0.54092
-212.74,-73.82,251.49,-0.53569,-0.31672,0.48821
-281.3,4.7603,214.53,-0.67356,-0.15452,0.41116
-313.52,103.77,162.49,-0.73236,0.046206,0.3037
-297.27,204.71,91.408,-0.69586,0.2449,0.15975
-250.42,278.67,8.6055,-0.59449,0.39494,-0.0024563
-192.1,308.53,-82.383,-0.47081,0.46184,-0.17479
-119.94,289.9,-175.97,-0.31874,0.42941,-0.35321
-41.312,244.01,-245.56,-0.15452,0.34223,-0.485
39.769,193.15,-281.65,0.011738,0.2449,-0.54583
126.84,135.43,-281.46,0.18611,0.13339,-0.54177
211.22,68.313,-255.56,0.35439,-0.000425,-0.48702
278.95,-11.611,-218.33,0.48821,-0.16263,-0.40998
311.79,-109.04,-165.73,0.54497,-0.35929,-0.30253
296.43,-207.98,-90.852,0.50848,-0.55799,-0.15249
250.38,-279.67,-5.242,0.41521,-0.70397,0.011738
192.68,-309.37,83.458,0.29154,-0.76682,0.18813
117.29,-291.68,173.31,0.13136,-0.73641,0.35642
35.098,-246.2,239.06,-0.03895,-0.65126,0.47807
-47.139,-198,275.86,-0.20723,-0.56002,0.54294
-134.92,-138.93,279.87,-0.38565,-0.44445,0.54903
-215.53,-65.893,251.75,-0.54177,-0.30049,0.48821
-279.03,13.064,213.91,-0.66545,-0.14033,0.40913
-310.34,108.18,161.21,-0.72628,0.052288,0.29964
-291.18,204.36,86.831,-0.68167,0.24693,0.15366
-245.61,274.8,4.2178,-0.58637,0.39088,-0.0085375
-191.65,304.69,-84.813,-0.47284,0.45374,-0.1829
-119.33,286.64,-177.55,-0.31874,0.42535,-0.35929
-37.467,242.6,-247.12,-0.14641,0.34425,-0.485
45.619,192.56,-282.97,0.015794,0.24693,-0.55394
132.64,133.14,-279.86,0.19624,0.12731,-0.53771
215.09,64.562,-251.95,0.36047,-0.010563,-0.48094
280.23,-14.395,-213.97,0.48821,-0.16871,-0.40593
308.46,-110.74,-160.82,0.53889,-0.36335,-0.29441
290.56,-209.65,-89.436,0.49834,-0.56204,-0.15046
244.65,-282.43,-7.0113,0.40102,-0.70803,0.0097125
187.3,-310.9,83.199,0.27937,-0.77088,0.18611
115.4,-290.31,176.83,0.12731,-0.73236,0.36452
37.362,-242.96,245.95,-0.034894,-0.6472,0.49023
-43.907,-191.68,280.06,-0.19912,-0.54785,0.55106
-131.76,-135.74,277.11,-0.37754,-0.43837,0.54092
-216.78,-70.446,250.03,-0.5438,-0.30658,0.48415
-284.06,9.4076,212.45,-0.67559,-0.14438,0.40913
-313.81,108.91,159.94,-0.73236,0.056344,0.29964
-295.19,209.57,86.949,-0.68978,0.25707,0.15366
-247.16,281.29,3.0854,-0.58637,0.40102,-0.012594
-189.34,309.12,-86.912,-0.46473,0.45982,-0.18696
-116.54,288.55,-180.31,-0.31266,0.42738,-0.36133
-36.783,240.97,-248.84,-0.14438,0.34019,-0.48906
44.369,190.11,-282.88,0.017825,0.24287,-0.55394
131.18,132.93,-280.92,0.19624,0.12934,-0.53771
215.31,64.586,-253.91,0.3625,-0.0085375,-0.485
281.74,-16.282,-216.24,0.49226,-0.16871,-0.40593
312.05,-114.02,-163.16,0.54497,-0.37146,-0.29847
294.33,-212.84,-86.063,0.50645,-0.57016,-0.14235
247.18,-282.41,0.30172,0.40507,-0.71006,0.023906
189.9,-310.03,88.035,0.2814,-0.76885,0.19624
113.37,-290.31,177.77,0.12325,-0.73641,0.36656
30.191,-243.2,242.22,-0.047056,-0.6472,0.48415
-51.88,-195.1,277.3,-0.21737,-0.55394,0.54903
-139.33,-135.82,279.16,-0.39376,-0.43634,0.54497
-219.51,-61.788,249.75,-0.55394,-0.29036,0.48415
-281.86,17.664,211.79,-0.67153,-0.13019,0.40913
-310.53,113.37,158.4,-0.72424,0.064456,0.29762
-288.61,209.27,81.925,-0.67559,0.25504,0.14352
-242.47,277.47,-1.3024,-0.57624,0.39494,-0.016644
-188.87,305.33,-89.625,-0.46473,0.45374,-0.19101
-115.27,285.11,-182.27,-0.30861,0.42129,-0.36538
-32.418,239.67,-250.51,-0.13627,0.33817,-0.49108
50.172,189.64,-284.13,0.032012,0.24287,-0.54988
137.22,129.98,-278.96,0.20638,0.1192,-0.53366
219.39,60.363,-249.83,0.37061,-0.016644,-0.47486
283.06,-19.09,-211.66,0.49226,-0.17479,-0.39984
308.65,-116.05,-158.11,0.54092,-0.37349,-0.29036
288.15,-214.94,-84.435,0.49226,-0.57218,-0.14235
241.37,-285.12,-1.3496,0.39291,-0.71411,0.015794
184.26,-311.23,88.388,0.27329,-0.76885,0.19827
111.27,-288.56,181.67,0.1192,-0.73033,0.37466
32.526,-239.87,249.28,-0.043006,-0.64314,0.49834
-48.389,-189.08,281.33,-0.20926,-0.54583,0.55511
-136.9,-132.61,276.17,-0.38971,-0.43431,0.53686
-221.43,-66.129,247.86,-0.55596,-0.29644,0.47807
-287.13,14.149,210.37,-0.68167,-0.13627,0.40305
-314.07,114.53,157.18,-0.73236,0.066481,0.29762
-292.53,214.97,81.642,-0.68572,0.26923,0.14352
-243.93,283.93,-2.5527,-0.58232,0.40711,-0.0207
-186.18,309.31,-92.267,-0.46067,0.45982,-0.19709
-112.13,286.64,-185.33,-0.30253,0.42535,-0.37349
-31.899,237.88,-252.26,-0.13627,0.33209,-0.49514
48.757,187.7,-284.25,0.029988,0.23882,-0.55394
136.51,129.34,-279.88,0.20841,0.1192,-0.53569
219.95,60.08,-251.69,0.37061,-0.016644,-0.48094
284.76,-20.812,-214.4,0.49631,-0.17884,-0.4039
312.47,-119.66,-160.04,0.54497,-0.37957,-0.29239
291.67,-218.24,-80.307,0.50037,-0.58029,-0.13424
244.09,-285.05,5.6567,0.39899,-0.71614,0.036069
186.41,-310.2,93.46,0.27531,-0.76885,0.20638
108.25,-288.19,182.82,0.11514,-0.73236,0.37466
25.119,-240.27,245.45,-0.059225,-0.64314,0.49023
-56.363,-192.79,279,-0.22345,-0.55191,0.55106
-144.76,-131.59,278.03,-0.4039,-0.43026,0.54092
-224.02,-57.212,247.46,-0.56002,-0.28225,0.48009
-285,21.934,210.12,-0.67964,-0.12208,0.40305
-310.74,119.2,155.06,-0.72424,0.074594,0.29154
-285.54,214.62,76.074,-0.67153,0.26517,0.13339
-239.73,280.16,-6.4687,-0.57218,0.40102,-0.024756
-185.36,305.63,-95.499,-0.45661,0.45576,-0.20521
-109.87,282.96,-187.79,-0.29644,0.41521,-0.37754
-27.087,236.73,-254.03,-0.12411,0.33209,-0.50325
54.796,186.95,-285.43,0.04215,0.23476,-0.55191
142.88,125.71,-277.57,0.22057,0.11717,-0.53366
224.03,55.857,-247.54,0.37872,-0.024756,-0.47081
286.19,-23.312,-209.98,0.49834,-0.18696,-0.39376
308.75,-122.23,-154.66,0.54092,-0.38565,-0.28225
285.16,-220.69,-78.679,0.48617,-0.58435,-0.13221
238.35,-287.79,3.9347,0.38683,-0.72222,0.032012
180.34,-311.21,94.64,0.26517,-0.76885,0.20841
105.8,-285.87,187.3,0.10906,-0.72628,0.3848
27.502,-236.62,252.74,-0.051112,-0.63504,0.50443
-53.178,-186.39,282.66,-0.21737,-0.53974,0.55714
-142.92,-128.31,274.73,-0.39984,-0.42417,0.53686
-226.4,-61.552,245.34,-0.56407,-0.29036,0.47604
-290.29,18.749,208.65,-0.68978,-0.12816,0.39899
-314.18,121.01,153.52,-0.73236,0.076619,0.28951
-289.58,220.71,75.886,-0.67559,0.27734,0.13339
-240.79,286.6,-7.9785,-0.57421,0.41319,-0.030838
-181.98,309.1,-98.873,-0.45053,0.46184,-0.21331
-106.45,283.84,-191.02,-0.28833,0.41724,-0.38362
-26.757,234.84,-255.73,-0.12613,0.32803,-0.50325
53.781,184.83,-285.66,0.040125,0.23274,-0.55596
142.67,124.48,-278.25,0.21854,0.11311,-0.53366
224.93,55.244,-249.12,0.37872,-0.028813,-0.47284
288.01,-25.459,-212.58,0.50239,-0.18898,-0.39782
312.69,-126.24,-155.87,0.547,-0.39376,-0.28428
288.77,-223.74,-74.386,0.49631,-0.59043,-0.12208
240.85,-287.67,11.059,0.39291,-0.72019,0.046206
181.69,-309.94,100.14,0.26721,-0.76682,0.22057
102.14,-285.24,188.29,0.10095,-0.72628,0.3848
19.929,-237.44,248.57,-0.069363,-0.63706,0.49631
-61.67,-189.84,280.67,-0.23562,-0.54583,0.55106
-151.05,-126.07,276.29,-0.41809,-0.42012,0.53889
-228.76,-52.234,244.6,-0.57016,-0.29644,0.47401
-288.19,26.487,208.04,-0.68369,-0.11194,0.40102
-310.48,125.76,150.69,-0.72628,0.088788,0.2814
-282.62,219.81,70.436,-0.66139,0.27734,0.12123
-236.71,282.84,-11.942,-0.5661,0.40711,-0.040975
-180.54,305.18,-102.51,-0.44648,0.45374,-0.21534
-103.76,280.13,-193.42,-0.28428,0.41319,-0.38971
-22.062,234.06,-257.33,-0.11397,0.32398,-0.50528
60.174,183.53,-286.39,0.054319,0.22868,-0.55394
148.99,120.42,-275.71,0.22868,0.10298,-0.52758
228.87,51.281,-244.95,0.38886,-0.034894,-0.46675
289.24,-28.148,-207.7,0.50443,-0.19507,-0.39174
308.39,-129.02,-150.21,0.53889,-0.40187,-0.27414
282.49,-226,-73.513,0.48212,-0.59651,-0.12005
234.96,-290.33,9.5256,0.38277,-0.72424,0.046206
175.22,-310.29,101.83,0.25301,-0.76885,0.22462
99.971,-282.71,192.78,0.094869,-0.72019,0.39697
22.878,-233.81,255.76,-0.063281,-0.62895,0.51456
-58.674,-183.02,283.6,-0.22953,-0.53366,0.55917
-149.1,-123.48,272.98,-0.41201,-0.41404,0.53281
-231.26,-57.235,242.88,-0.57421,-0.28225,0.47198
-293.23,23.987,206.08,-0.69586,-0.11802,0.39494
-313.76,127.88,148.92,-0.73033,0.090812,0.27937
-287.03,225.78,71.002,-0.67153,0.28951,0.12731
-237.42,289.05,-13.428,-0.5661,0.41927,-0.047056
-176.72,308.02,-106.04,-0.43837,0.46184,-0.22345
-100.62,280.58,-196.37,-0.27617,0.41319,-0.39174
-22.251,232.1,-258.63,-0.11599,0.32398,-0.5073
59.278,181.29,-286.54,0.050263,0.22666,-0.55596
148.64,119.67,-276.56,0.23071,0.10298,-0.52961
229.6,50.998,-246.9,0.39088,-0.034894,-0.46878
290.98,-30.767,-209.94,0.51051,-0.20115,-0.39376
312.19,-132.87,-151.03,0.54497,-0.40593,-0.27414
286.43,-228.34,-69.668,0.48821,-0.59854,-0.11194
237.55,-289.98,16.296,0.38683,-0.72222,0.056344
176.12,-308.83,107,0.25504,-0.76682,0.23274
96.103,-282.01,193.3,0.086756,-0.71816,0.39494
15.305,-234.9,251.28,-0.081525,-0.63301,0.50037
-67.261,-186.3,281.83,-0.24981,-0.53771,0.55511
-156.6,-120.95,274.59,-0.4262,-0.40796,0.53686
-232.91,-48.224,242.34,-0.57421,-0.26198,0.4659
-290.88,31.559,205.33,-0.68978,-0.099775,0.39088
-309.82,132.05,145.93,-0.72222,0.098925,0.27126
-280.38,224.13,66.261,-0.65734,0.28545,0.11514
-233.67,285.13,-17.155,-0.56204,0.41116,-0.049087
-175.07,303.98,-109.54,-0.43431,0.44968,-0.22953
-97.905,277.02,-198.38,-0.27211,0.40305,-0.39782
-17.485,231.39,-260.04,-0.10383,0.31992,-0.50933
65.671,179.82,-286.79,0.062425,0.22057,-0.55394
154.32,115.82,-273.99,0.24085,0.092837,-0.52555
233.02,47.577,-242.92,0.39494,-0.040975,-0.4627
291.76,-33.244,-204.86,0.50848,-0.20723,-0.38362
307.66,-135.11,-145.79,0.53484,-0.41201,-0.264
280.49,-230.3,-69.668,0.48009,-0.60463,-0.10991
231.77,-292.46,14.715,0.37264,-0.73033,0.056344
169.87,-308.92,108.56,0.24287,-0.76479,0.23679
94.664,-279.48,197.42,0.084731,-0.71411,0.40305
18.396,-230.93,258.24,-0.073419,-0.62287,0.51456
-64.077,-179.29,283.98,-0.2417,-0.52555,0.55511
-154.31,-119.42,271.38,-0.42012,-0.40593,0.52673
-235.39,-53.626,240.97,-0.58435,-0.27211,0.46793
-295.66,29.294,203.18,-0.69992,-0.10586,0.38683
-313,133.89,144.7,-0.7283,0.10501,0.26517
-284.95,229.88,67.322,-0.66748,0.29964,0.11514
-234.21,291.05,-18.547,-0.56002,0.42333,-0.053144
-171.53,306.72,-112.39,-0.4262,0.45779,-0.23562
-95.664,277.56,-200.67,-0.26603,0.40507,-0.40187
-17.839,229.25,-260.96,-0.10383,0.31384,-0.50933
64.515,177.58,-286.82,0.062425,0.21854,-0.55596
153.59,115.61,-275.09,0.24085,0.092837,-0.52961
233.56,47.412,-245.04,0.39697,-0.045031,-0.46675
293.39,-35.957,-206.92,0.51456,-0.21331,-0.38768
311.53,-138.43,-146.88,0.54497,-0.41606,-0.26603
284.52,-232.14,-65.846,0.48617,-0.60665,-0.10586
234.44,-291.89,21.132,0.38074,-0.73033,0.068513
171.17,-307.74,112.71,0.24287,-0.76277,0.24287
91.267,-279.29,197.19,0.074594,-0.71208,0.40305
10.847,-232.23,253.45,-0.087606,-0.62692,0.50443
-72.475,-182.76,282.4,-0.25792,-0.53163,0.55714
-161.1,-116.85,273.2,-0.43431,-0.40187,0.53078
-236.45,-44.685,240.43,-0.58232,-0.25589,0.46387
-293.14,36.584,202.26,-0.69586,-0.089638,0.3848
-309.13,137.15,142.1,-0.72019,0.11109,0.26315
-278.63,227.76,62.793,-0.65531,0.29356,0.10906
-230.72,287,-21.92,-0.55191,0.41521,-0.06125
-170.42,302.92,-115.1,-0.42417,0.44968,-0.23764
-93.518,274.59,-202.22,-0.25994,0.39899,-0.40187
-12.956,228.68,-262.19,-0.095719,0.31384,-0.51339
70.625,176.19,-286.87,0.074594,0.21449,-0.55596
158.52,112.4,-272.76,0.24693,0.086756,-0.52353
236.54,44.156,-241.17,0.40507,-0.051112,-0.45661
293.7,-38.316,-201.68,0.51253,-0.21737,-0.37349
307.07,-139.92,-142.54,0.53281,-0.42417,-0.25792
278.74,-233.98,-66.365,0.47604,-0.60867,-0.10788
228.68,-294.2,19.481,0.36858,-0.73236,0.062425
165.41,-307.72,113.87,0.23274,-0.76277,0.24287
90.842,-277.12,201.06,0.076619,-0.71006,0.41116
14.079,-228.08,260.13,-0.083556,-0.61679,0.51862
-68.842,-175.97,283.91,-0.25184,-0.51744,0.55714
-158.3,-116.66,270.37,-0.43026,-0.40187,0.52673
-238.91,-50.347,239.18,-0.5884,-0.26806,0.46387
-297.53,34.437,199.92,-0.706,-0.093694,0.38074
-312.34,138.54,141.58,-0.7283,0.11514,0.26315
-283.11,233.28,64.043,-0.66342,0.30573,0.10906
-231.22,292.71,-23.053,-0.55596,0.42333,-0.063281
-167.26,305.54,-117.34,-0.41809,0.45779,-0.24576
-91.913,275.13,-203.99,-0.25792,0.40305,-0.40593
-13.664,226.37,-262.69,-0.097744,0.31181,-0.51339
68.926,174.38,-286.79,0.072563,0.21246,-0.55394
157.25,113.13,-274.2,0.24896,0.092837,-0.52758
236.91,44.015,-243.32,0.40507,-0.051112,-0.46473
295.16,-40.84,-203.83,0.51456,-0.22143,-0.3816
311.03,-142.49,-144.05,0.54294,-0.4262,-0.25792
282.82,-235.23,-62.567,0.48212,-0.61476,-0.097744
231.46,-293.42,25.449,0.37466,-0.73236,0.072563
167.09,-306.75,117.17,0.23679,-0.76277,0.25099
87.61,-277.08,200.16,0.068513,-0.70803,0.40711
6.6004,-229.47,255.13,-0.097744,-0.62287,0.50848
-76.65,-179.81,282.56,-0.26806,-0.52555,0.55308
-164.22,-114.28,272.37,-0.44445,-0.39579,0.52876
-239.35,-41.406,238.78,-0.59043,-0.24981,0.46184
-294.79,41.113,199.45,-0.69789,-0.0795,0.38074
-308.59,140.83,139.6,-0.72019,0.1192,0.25909
-276.96,230.69,59.797,-0.64923,0.30167,0.10298
-228.03,288.39,-26.12,-0.54988,0.41724,-0.065306
-166.81,301.88,-119.35,-0.45864,0.44766,-0.24981
-90.026,272.58,-205.2,-0.25589,0.39899,-0.40796
-8.7806,225.97,-263.84,-0.087606,0.31181,-0.51744
74.517,173.31,-286.7,0.084731,0.20841,-0.55596
161.47,110.21,-271.93,0.25504,0.080675,-0.51947
239.39,41.137,-239.54,0.41116,-0.055169,-0.45459
295.11,-42.444,-198.99,0.51862,-0.22345,-0.37349
306.65,-143.48,-140.37,0.53686,-0.43026,-0.25386
277.21,-236.88,-63.487,0.47198,-0.61881,-0.1018
226.09,-295.55,23.444,0.3625,-0.73641,0.070537
162.25,-306.82,117.71,0.22666,-0.76277,0.25301
87.752,-275.07,203.82,0.066481,-0.70803,0.41724
9.9738,-225.25,261.54,-0.091663,-0.61476,0.52064
-72.546,-173.25,283.67,-0.25994,-0.51541,0.55714
-161.2,-114.87,269.59,-0.43431,-0.39579,0.52673
-241.67,-47.445,237.67,-0.59246,-0.26198,0.45982
-298.94,38.353,197.56,-0.70397,-0.085581,0.37872
-311.87,141.94,139.58,-0.72424,0.1192,0.26113
-281.44,236.09,61.071,-0.66139,0.31181,0.10298
-228.74,293.88,-26.757,-0.55191,0.42941,-0.069363
-164.43,304.88,-120.69,-0.40998,0.45374,-0.24981
-88.917,273.2,-206.61,-0.25589,0.39697,-0.41201
-9.8658,223.61,-263.94,-0.087606,0.30573,-0.51541
72.323,171.85,-286.65,0.076619,0.20638,-0.55799
160.03,111.34,-273.58,0.25099,0.086756,-0.52353
239.51,41.019,-241.76,0.41116,-0.055169,-0.45864
296.46,-44.402,-201.68,0.51659,-0.22953,-0.37754
310.66,-145.82,-141.9,0.54092,-0.43431,-0.25589
281.22,-237.84,-59.5,0.47604,-0.61881,-0.091663
229.2,-294.58,28.728,0.36858,-0.73438,0.07865
164.54,-306.21,120,0.23071,-0.76277,0.25504
84.52,-275.16,202.54,0.062425,-0.70803,0.41319
2.8259,-226.97,256.33,-0.10586,-0.61881,0.50848
-79.835,-177.64,282.68,-0.27617,-0.52353,0.55308
-166.74,-112.25,271.71,-0.44851,-0.39174,0.5247
-241.76,-38.457,237.17,-0.59449,-0.24373,0.45982
-295.97,44.227,197.64,-0.69992,-0.073419,0.37669
-308.14,143.85,137.6,-0.72019,0.12325,0.25909
-275.38,233.12,57.084,-0.6472,0.30573,0.094869
-226.1,289.45,-29.163,-0.54583,0.42129,-0.071387
-164.67,301.43,-122.06,-0.41404,0.44766,-0.25386
-86.959,270.7,-207.67,-0.24778,0.39088,-0.41606
-5.242,223.54,-265.04,-0.077469,0.30573,-0.51947
77.301,171.36,-286.51,0.086756,0.20638,-0.55394
163.93,108.44,-271.13,0.25909,0.07865,-0.51947
241.7,38.212,-237.92,0.41116,-0.06125,-0.45256
296.17,-45.251,-197.39,0.51659,-0.23156,-0.36741
306.2,-146.43,-138.55,0.53281,-0.43229,-0.24778
275.63,-239.31,-60.75,0.4659,-0.62084,-0.093694
224.08,-296.4,26.322,0.35844,-0.73844,0.074594
160.36,-306.35,120.21,0.2226,-0.76277,0.25707
84.991,-273.25,206.1,0.064456,-0.70397,0.41724
6.7655,-223.01,262.46,-0.097744,-0.60665,0.52267
-75.023,-171.74,283.55,-0.264,-0.50933,0.55511
-163.63,-113.22,268.81,-0.44243,-0.39376,0.52267
-243.88,-44.685,236.06,-0.60057,-0.25589,0.45982
-299.89,40.83,196.29,-0.71006,-0.083556,0.37264
-311.4,144.79,137.72,-0.72424,0.13136,0.25707
-279.81,238.35,58.311,-0.65734,0.31586,0.094869
-226.8,294.71,-29.469,-0.54177,0.43143,-0.073419
-162.73,304.48,-122.98,-0.40998,0.45576,-0.25386
-86.205,271.43,-208.71,-0.24778,0.39494,-0.41809
-6.917,221.49,-264.86,-0.083556,0.3037,-0.51947
74.447,170.58,-286.63,0.0827,0.20435,-0.55596
162.27,109.67,-272.76,0.25504,0.0827,-0.52555
241.49,38.377,-240.27,0.41319,-0.06125,-0.45661
297.42,-46.502,-200.67,0.52064,-0.23359,-0.37551
310.3,-148.37,-140.13,0.54294,-0.44039,-0.25184
279.59,-239.97,-56.74,0.47401,-0.62287,-0.083556
227.48,-295.26,31.158,0.36656,-0.73438,0.084731
162.89,-305.83,121.93,0.22868,-0.76277,0.25909
81.83,-273.44,204.38,0.058375,-0.70194,0.41724
0.13657,-225.08,257.11,-0.11194,-0.61071,0.51253
-81.722,-176.53,282.77,-0.28022,-0.51947,0.55511
-168.77,-110.46,270.98,-0.45256,-0.38565,0.52876
-243.46,-36.004,235.78,-0.59651,-0.23764,0.45779
-296.89,45.949,196.83,-0.70194,-0.073419,0.37669
-307.67,146.19,135.92,-0.71614,0.13136,0.24896
-273.87,235.05,54.513,-0.64518,0.30978,0.088788
-224.7,290.13,-31.38,-0.52961,0.42129,-0.077469
-163.25,301.1,-123.97,-0.40796,0.44766,-0.25792
-84.341,269.14,-209.58,-0.24373,0.39088,-0.41809
-2.7178,221.82,-265.7,-0.073419,0.30167,-0.51947
78.952,170.41,-286.39,0.090812,0.20232,-0.55394
165.81,106.86,-270.35,0.26315,0.074594,-0.51744
243.21,36.018,-236.66,0.41521,-0.065306,-0.45053
296.9,-46.761,-196.77,0.51862,-0.23359,-0.36943
305.7,-148.67,-136.99,0.53281,-0.44039,-0.24576
274.21,-241.08,-58.415,0.46387,-0.62287,-0.089638
222.85,-297.03,28.186,0.35439,-0.73844,0.076619
159.04,-305.95,121.96,0.22057,-0.76277,0.25909
82.538,-271.67,207.8,0.056344,-0.69992,0.42129
4.4537,-221.31,263.03,-0.10383,-0.60463,0.52064
-76.532,-170.97,283.48,-0.26603,-0.5073,0.55308
-165.47,-111.71,268.01,-0.44648,-0.38971,0.52267
-245.32,-42.798,234.98,-0.60057,-0.25184,0.45779
-300.64,42.269,195.72,-0.70803,-0.0795,0.37264
-310.9,146.99,136.23,-0.72424,0.13339,0.25099
-278.49,239.98,56.211,-0.65328,0.31789,0.092837
-225.79,295.3,-30.979,-0.5438,0.43346,-0.075444
-161.46,304.15,-124.63,-0.4039,0.45374,-0.25589
-83.798,269.87,-210.31,-0.24373,0.39088,-0.42012
-4.841,219.95,-265.3,-0.0795,0.29762,-0.51744
75.768,169.92,-286.58,0.086756,0.20232,-0.55394
164.09,108.04,-271.98,0.25909,0.07865,-0.52149
242.86,36.773,-239.4,0.41724,-0.063281,-0.45459
298.23,-47.846,-200.19,0.5247,-0.23359,-0.37551
309.88,-150.49,-138.53,0.54092,-0.44445,-0.24981
278.43,-241.38,-54.711,0.47198,-0.6249,-0.081525
226.72,-295.76,32.385,0.36047,-0.73641,0.086756
161.71,-305.55,123.42,0.22462,-0.76277,0.26315
79.542,-272.07,205.82,0.050263,-0.69992,0.41724
-1.6327,-223.95,257.65,-0.11397,-0.61071,0.51051
-82.996,-175.82,282.87,-0.28225,-0.51744,0.55511
-170.49,-108.73,270.13,-0.45256,-0.3816,0.52267
-244.5,-34.706,235.17,-0.60057,-0.23764,0.45374
-297.58,47.2,196.39,-0.70194,-0.069363,0.37466
-307.32,148.1,134.44,-0.71614,0.13339,0.24896
-272.88,236.35,52.814,-0.64314,0.31586,0.088788
-224.33,290.72,-32.3,-0.53974,0.42333,-0.077469
-162.02,300.8,-125.55,-0.40593,0.44766,-0.25994
-82.194,267.89,-210.97,-0.23562,0.38886,-0.42012
-1.2317,220.9,-266.2,-0.073419,0.29964,-0.51947
80.203,169.7,-286.37,0.092837,0.19827,-0.55191
167.53,105.21,-269.6,0.26721,0.074594,-0.51541
244.32,35.003,-236.36,0.41927,-0.069363,-0.45256
297.56,-47.917,-196.33,0.52064,-0.23562,-0.36538
305.4,-150.58,-135.58,0.53078,-0.44648,-0.24373
273.41,-242.42,-56.882,0.46184,-0.62692,-0.087606
222.48,-297.58,29.058,0.35439,-0.74047,0.076619
157.86,-305.71,123.59,0.21854,-0.75871,0.26517
80.651,-270.54,209.08,0.054319,-0.69992,0.42129
3.3449,-220.69,263.48,-0.10586,-0.60259,0.5247
-77.759,-170.21,283.43,-0.27008,-0.50528,0.55714
-167.17,-110.13,267.23,-0.44851,-0.38565,0.52064
-246.41,-41.949,234.84,-0.60463,-0.24778,0.45576
-301.35,43.425,195.42,-0.71006,-0.075444,0.37466
-310.62,148.97,134.74,-0.72222,0.13542,0.24896
-277.64,241.28,54.607,-0.65126,0.32195,0.090812
-225.46,295.87,-31.805,-0.54177,0.43346,-0.077469
-160.3,303.96,-126.24,-0.40593,0.45779,-0.25994
-82.076,268.83,-211.54,-0.23967,0.38886,-0.42012
-3.9682,219.65,-265.78,-0.077469,0.29964,-0.51744
77.112,169.07,-286.56,0.090812,0.20232,-0.55394
165.69,106.46,-271.3,0.26315,0.074594,-0.51744
243.83,36.183,-239.45,0.42129,-0.067331,-0.45459
298.98,-49.002,-199.96,0.5247,-0.23967,-0.37146
309.57,-152.47,-136.9,0.54092,-0.44648,-0.24373
277.61,-242.52,-53.178,0.46793,-0.62895,-0.077469
226.49,-296.33,33.163,0.36452,-0.73844,0.088788
160.36,-305.41,125.02,0.2226,-0.76277,0.26517
77.844,-271.15,206.93,0.048238,-0.69992,0.41927
-2.3876,-223.62,258.12,-0.11599,-0.60867,0.51253
-84.388,-175.02,282.96,-0.28225,-0.51744,0.55511
-171.98,-107.15,269.44,-0.45864,-0.3816,0.5247
-245.37,-34.211,235.29,-0.60259,-0.23562,0.45576
-298.35,48.261,196.03,-0.706,-0.067331,0.37466
-306.92,150.1,132.71,-0.71614,0.1415,0.24287
-272.26,237.57,51.399,-0.63909,0.31181,0.0827
-224.02,291.34,-33.15,-0.53974,0.42535,-0.0795
-160.68,300.58,-127.25,-0.4039,0.44968,-0.264
-80.566,267.02,-212.13,-0.23359,0.38683,-0.42215
-0.42956,220.64,-266.72,-0.067331,0.29762,-0.51744
81.571,168.78,-286.39,0.096894,0.2003,-0.55394
169.07,103.77,-269.03,0.27126,0.068513,-0.51744
245.24,34.555,-236.48,0.42129,-0.067331,-0.45053
298.25,-49.238,-195.83,0.5247,-0.2417,-0.36335
305.04,-152.56,-133.95,0.52876,-0.44851,-0.23967
272.82,-243.67,-55.584,0.46387,-0.62895,-0.085581
222.17,-298.28,30.096,0.35439,-0.74249,0.084731
156.35,-305.34,125.47,0.21652,-0.76074,0.26721
79.047,-269.57,210.33,0.052288,-0.69586,0.42535
2.59,-220.36,264.07,-0.10586,-0.60463,0.52064
-79.363,-169.27,283.36,-0.27617,-0.50122,0.55511
-168.68,-108.8,266.71,-0.45053,-0.38565,0.51659
-247.4,-41.548,234.96,-0.60867,-0.24778,0.45374
-302.22,44.888,194.83,-0.71208,-0.075444,0.37061
-310.29,151.09,133.12,-0.72222,0.1415,0.2449
-277.1,242.55,53.451,-0.65328,0.32398,0.088788
-225.01,296.55,-32.937,-0.54177,0.43346,-0.081525
-158.67,303.6,-128.15,-0.40187,0.45576,-0.264
-80.448,267.91,-212.77,-0.23764,0.3848,-0.42012
-3.1189,219.22,-266.39,-0.075444,0.29559,-0.51744
78.787,167.94,-286.51,0.090812,0.19827,-0.55394
167.27,105.21,-270.92,0.26721,0.072563,-0.51947
245.01,35.546,-239.52,0.42129,-0.067331,-0.45459
299.78,-50.724,-199.2,0.52673,-0.24373,-0.36943
309.24,-154.55,-135.3,0.54092,-0.45053,-0.2417
277.23,-243.72,-52.14,0.46793,-0.63098,-0.077469
225.97,-297.06,34.414,0.36047,-0.73844,0.090812
158.59,-305.15,126.94,0.22057,-0.76074,0.27126
76.216,-270.42,208.18,0.046206,-0.69789,0.42129
-3.5199,-223.19,258.85,-0.12005,-0.60867,0.51456
-86.322,-173.7,282.96,-0.28833,-0.51136,0.55511
-173.44,-105.81,269.09,-0.46067,-0.37754,0.5247
-246.55,-33.527,235.36,-0.60665,-0.23156,0.45374
-299.32,50.148,195.25,-0.706,-0.06125,0.37264
-306.56,152.22,131.06,-0.71411,0.14352,0.24085
-271.91,238.82,50.573,-0.64112,0.31586,0.0827
-223.43,292.07,-34.565,-0.53974,0.42535,-0.085581
-158.96,300.21,-129.28,-0.39984,0.44766,-0.26806
-79.057,266.33,-213.33,-0.23562,0.3848,-0.42417
0.84428,220.07,-267.45,-0.067331,0.29964,-0.52353
83.788,167.27,-286.2,0.10298,0.19624,-0.55191
170.53,102.78,-268.75,0.27329,0.070537,-0.51541
246.52,33.753,-236.33,0.42535,-0.071387,-0.44851
299.12,-51.173,-194.84,0.5247,-0.24373,-0.36133
304.74,-154.83,-132.35,0.53078,-0.45053,-0.23764
272.46,-245.09,-54.688,0.45982,-0.63301,-0.083556
221.27,-299.13,31.771,0.35236,-0.74452,0.086756
154.58,-305.08,127.5,0.21246,-0.76074,0.27329
77.773,-268.98,211.48,0.048238,-0.69586,0.42738
1.151,-219.63,264.75,-0.10991,-0.60057,0.52673
-81.675,-167.59,283.17,-0.28022,-0.49919,0.55106
-170.28,-107.95,266.54,-0.45053,-0.35119,0.51862
-248.88,-40.581,234.81,-0.61071,-0.24778,0.45374
-303.17,47.129,193.74,-0.71411,-0.069363,0.37061
-309.98,153.47,131.37,-0.72222,0.14556,0.24085
-276.63,243.97,52.413,-0.64923,0.32803,0.084731
-224.02,297.38,-34.754,-0.53974,0.43549,-0.085581
-156.93,303.32,-130.22,-0.39782,0.45171,-0.26806
-79.293,267.53,-213.92,-0.23562,0.38886,-0.4262
-1.4911,218.32,-267.21,-0.071387,0.29559,-0.52149
81.241,166.14,-286.32,0.094869,0.19016,-0.54988
168.83,104.41,-270.78,0.27126,0.070537,-0.51744
246.52,34.437,-239.28,0.42333,-0.069363,-0.45256
300.75,-53.131,-197.88,0.52876,-0.24576,-0.36943
308.98,-156.98,-133.39,0.53889,-0.45459,-0.23764
276.78,-245.35,-50.866,0.46996,-0.63504,-0.073419
224.81,-297.93,36.372,0.35844,-0.74249,0.092837
156.75,-304.82,129.01,0.21652,-0.76074,0.27531
75.013,-269.79,209.29,0.04215,-0.69383,0.42333
-5.2657,-222.23,259.68,-0.12411,-0.61071,0.51456
-88.847,-171.81,282.84,-0.29036,-0.50933,0.55308
-174.93,-104.91,269.04,-0.46473,-0.37551,0.52064
-248.25,-32.206,235.1,-0.60867,-0.23359,0.45374
-300.41,52.838,193.79,-0.706,-0.057194,0.36858
-306.14,154.75,129.13,-0.71411,0.14758,0.23882
-271.39,240.48,49.299,-0.63909,0.31992,0.080675
-222.25,292.96,-36.759,-0.53771,0.42738,-0.085581
-157.14,299.95,-131.59,-0.39579,0.44562,-0.26806
-77.783,265.86,-214.82,-0.22953,0.3848,-0.4262
2.8731,218.96,-268.44,-0.065306,0.29762,-0.52555
86.43,165.36,-286.04,0.10703,0.19421,-0.54988
172.28,101.88,-268.61,0.27734,0.064456,-0.51339
248.33,32.243,-236,0.42738,-0.071387,-0.44851
300.18,-54.027,-193.31,0.52673,-0.24981,-0.35929
304.48,-157.59,-130.15,0.52876,-0.45661,-0.23359
271.85,-247,-53.154,0.46184,-0.63706,-0.081525
219.86,-300.08,34.225,0.34831,-0.74452,0.090812
152.63,-304.63,129.95,0.20841,-0.76277,0.27531
76.499,-268.39,213.04,0.046206,-0.69586,0.42941
-1.0193,-218.36,265.81,-0.11397,-0.59854,0.52673
-84.553,-165.7,282.94,-0.28428,-0.49919,0.55308
-172.26,-107.03,266.38,-0.45864,-0.37957,0.51659
-250.94,-38.882,234.32,-0.61273,-0.24576,0.45374
-304.37,50.125,192.21,-0.71614,-0.06125,0.36452
-309.68,156.38,129.62,-0.72222,0.14758,0.23882
-275.75,246.14,50.62,-0.6472,0.32803,0.0827
-222.37,298.41,-37.561,-0.53569,0.44157,-0.087606
-154.85,302.97,-132.84,-0.39174,0.45374,-0.27211
-77.806,266.87,-215.67,-0.22953,0.38886,-0.43026
1.0094,216.89,-268.32,-0.065306,0.29154,-0.52353
84.119,164.18,-286.2,0.10298,0.19219,-0.54988
171.07,103.2,-270.52,0.27531,0.068513,-0.51744
248.76,32.338,-238.6,0.43143,-0.073419,-0.45256
302.05,-56.245,-196.3,0.53078,-0.24981,-0.36538
308.86,-160,-131.55,0.53889,-0.4627,-0.23156
275.84,-247.68,-48.649,0.46793,-0.63706,-0.071387
222.97,-299.06,39.391,0.35642,-0.74452,0.10095
154.51,-304.53,131.68,0.21044,-0.76074,0.2814
73.196,-268.98,211.06,0.0381,-0.69586,0.42738
-8.1437,-220.6,260.91,-0.12613,-0.60463,0.51862
-91.89,-169.79,282.96,-0.29847,-0.5073,0.55511
-177.36,-103.28,268.67,-0.46878,-0.37349,0.51862
-250.58,-29.87,234.37,-0.61273,-0.22548,0.45171
-301.8,56.117,192.16,-0.71006,-0.053144,0.36656
-305.81,157.89,127.24,-0.71208,0.15366,0.23476
-270.19,242.88,46.893,-0.63706,0.326,0.076619
-220.53,294.24,-39.944,-0.53163,0.42941,-0.093694
-154.99,299.74,-134.47,-0.39174,0.44766,-0.27617
-75.66,264.99,-217.06,-0.22751,0.3848,-0.43026
6.1757,217.05,-269.76,-0.057194,0.29154,-0.52758
89.615,163.34,-285.85,0.11109,0.19016,-0.55394
174.94,100.21,-268.09,0.28342,0.062425,-0.51136
250.88,29.695,-235.01,0.43143,-0.077469,-0.44851
301.62,-57.589,-191.47,0.53078,-0.25792,-0.35929
304.24,-161.06,-128.69,0.52876,-0.4627,-0.22751
270.46,-249.85,-50.371,0.45374,-0.64112,-0.075444
217.81,-301.35,37.645,0.34425,-0.74857,0.096894
150.6,-304.42,132.88,0.20232,-0.75871,0.28342
74.281,-267.24,215.42,0.044181,-0.69383,0.43549
-4.5579,-216.16,267.13,-0.11599,-0.59651,0.53078
-87.95,-163.77,282.82,-0.29239,-0.49514,0.55308
-175.38,-105.03,265.76,-0.46473,-0.37754,0.51659
-253.82,-35.886,233.09,-0.61679,-0.23764,0.44968
-306.02,54.041,190.3,-0.72019,-0.055169,0.3625
-309.42,160.13,127.48,-0.72222,0.15975,0.23476
-273.99,249.23,47.365,-0.64518,0.33817,0.074594
-220.08,299.69,-41.147,-0.53163,0.43954,-0.093694
-152.68,302.8,-135.96,-0.38971,0.45374,-0.28022
-75.188,265.58,-218.31,-0.22548,0.38683,-0.43431
4.7603,214.48,-269.69,-0.06125,0.28951,-0.52961
87.586,162.13,-286.13,0.11109,0.18611,-0.55191
174.35,100.96,-269.76,0.2814,0.062425,-0.51541
251.87,28.893,-237.14,0.43143,-0.0795,-0.45053
303.96,-60.349,-194.3,0.53281,-0.25994,-0.35929
308.68,-164.1,-129,0.53686,-0.46878,-0.22953
273.95,-250.96,-45.039,0.45576,-0.64314,-0.063281
220.64,-300.43,43.095,0.34831,-0.74249,0.10703
152.22,-304.32,134.72,0.20638,-0.76074,0.28545
70.153,-267.59,213.68,0.036069,-0.69383,0.43346
-12.201,-218.24,262.53,-0.13424,-0.60057,0.5247
-95.617,-167.57,283.25,-0.30658,-0.50122,0.55714
-180.94,-100.52,267.7,-0.47689,-0.36538,0.52064
-253.74,-26.19,232.76,-0.61881,-0.21737,0.44766
-303.59,60.41,190.04,-0.71411,-0.040975,0.36047
-305.29,162.13,124.51,-0.71006,0.15975,0.22868
-268.21,246.42,43.071,-0.63098,0.33006,0.068513
-218.29,295.75,-43.86,-0.52758,0.43549,-0.1018
-152.75,299.45,-137.94,-0.38971,0.44562,-0.28428
-72.333,263.43,-219.99,-0.21939,0.38074,-0.43634
10.493,214.48,-271.39,-0.047056,0.28951,-0.52758
93.555,161.05,-285.73,0.12123,0.18407,-0.54988
178.9,97.258,-267,0.28748,0.056344,-0.51339
254.39,25.614,-233.29,0.43954,-0.087606,-0.44243
303.46,-62.189,-189.2,0.53078,-0.27008,-0.35321
303.75,-165.73,-125.81,0.52673,-0.47284,-0.22345
268.1,-253.72,-46.219,0.45171,-0.64923,-0.06125
215.14,-302.86,41.892,0.33817,-0.75466,0.10703
148.17,-304.06,136.65,0.19827,-0.75871,0.28748
70.884,-265.52,218.56,0.036069,-0.68978,0.44157
-8.9222,-213.48,268.83,-0.12816,-0.59246,0.53484
-92.173,-161.46,282.75,-0.30049,-0.49108,0.55511
-179.74,-101.87,264.51,-0.47486,-0.36943,0.51659
-257.54,-31.593,231.2,-0.6249,-0.22751,0.44766
-308.07,58.853,188.15,-0.72424,-0.047056,0.35844
-308.95,165.2,124.43,-0.71816,0.16989,0.22666
-271.25,253.36,42.765,-0.63706,0.34831,0.066481
-217.18,301.29,-45.77,-0.52353,0.44766,-0.10586
-149.99,302.4,-140.04,-0.38362,0.45374,-0.28833
-71.366,263.67,-221.64,-0.21737,0.37872,-0.44243
9.2189,211.84,-271.41,-0.053144,0.28342,-0.52961
92.116,159.47,-285.99,0.1192,0.18205,-0.54785
179.02,97.235,-268.35,0.29356,0.054319,-0.51136
255.76,24.34,-235.18,0.43954,-0.091663,-0.44851
306.2,-65.303,-192.15,0.53889,-0.27008,-0.35727
308.13,-169.53,-125.36,0.53686,-0.48094,-0.22345
270.98,-255.16,-39.967,0.45374,-0.65531,-0.053144
217.69,-302.03,47.86,0.34425,-0.75263,0.11717
149.16,-303.85,138.94,0.19827,-0.75871,0.29154
65.954,-265.52,216.96,0.025931,-0.68978,0.43752
-16.801,-215.74,264.49,-0.14641,-0.59651,0.5247
-100.52,-164.57,283.36,-0.31266,-0.49514,0.55511
-185.69,-96.136,265.95,-0.485,-0.35929,0.51456
-257.42,-21.472,230.73,-0.6249,-0.20926,0.44766
-305.86,65.411,187.89,-0.71816,-0.034894,0.35439
-304.44,167.79,120.52,-0.70803,0.17191,0.2226
-265.19,250.86,37.787,-0.62287,0.34223,0.0604
-215.5,297.61,-48.719,-0.51947,0.43752,-0.11194
-149.52,298.84,-142.61,-0.37957,0.44562,-0.29036
-67.757,261.16,-223.81,-0.20723,0.37669,-0.44243
15.258,211.86,-273.42,-0.040975,0.28545,-0.53366
98.768,157.84,-285.36,0.13136,0.17597,-0.55191
184.24,92.753,-265.09,0.29964,0.046206,-0.5073
258.52,20.566,-230.98,0.44766,-0.097744,-0.43837
305.61,-67.497,-186.94,0.53484,-0.27414,-0.34916
302.87,-171.96,-121.71,0.52673,-0.48702,-0.21534
264.84,-258.51,-40.793,0.4436,-0.65937,-0.053144
212.07,-304.72,46.964,0.33209,-0.75669,0.11717
144.53,-303.19,141.84,0.18813,-0.76074,0.29559
66.095,-262.83,222.62,0.023906,-0.68369,0.44968
-13.617,-210.93,270.79,-0.13829,-0.58637,0.53484
-97.787,-158.27,282.47,-0.31063,-0.48297,0.55308
-185.57,-97.033,262.25,-0.48297,-0.35929,0.50848
-261.95,-26.096,228.7,-0.63706,-0.21737,0.43752
-310.41,64.68,185.7,-0.7283,-0.034894,0.35439
-308.03,171.88,119.88,-0.71614,0.18002,0.21854
-267.64,258.33,37.032,-0.63098,0.35642,0.054319
-213.9,303.13,-51.078,-0.51744,0.44766,-0.11599
-145.91,301.39,-145.63,-0.36943,0.45171,-0.29847
-66.105,260.72,-225.81,-0.20723,0.37669,-0.44648
13.866,209.5,-273.54,-0.043006,0.2814,-0.53366
97.895,155.83,-285.69,0.13136,0.17394,-0.54988
185.09,91.738,-265.85,0.3037,0.04215,-0.50933
260.29,18.49,-232.51,0.44968,-0.099775,-0.44039
308.61,-71.46,-189.34,0.54294,-0.28225,-0.35119
307.02,-176.32,-120.15,0.53484,-0.49514,-0.21129
267.3,-260.07,-33.857,0.44968,-0.66545,-0.043006
214.38,-303.92,53.192,0.33411,-0.75669,0.12934
144.44,-302.65,144.65,0.18813,-0.75669,0.3037
60.269,-262.43,221.04,0.013769,-0.68369,0.4436
-21.425,-213.4,266.83,-0.15452,-0.59246,0.52876
-106.63,-160.47,283.32,-0.32686,-0.48906,0.55511
-191.65,-90.003,263.03,-0.49716,-0.34713,0.50848
-261.74,-15.622,227.95,-0.63301,-0.19709,0.43752
-308.19,71.757,184.87,-0.72424,-0.026781,0.34831
-302.93,174.73,115.02,-0.70397,0.18813,0.20841
-261.46,255.88,31.748,-0.61881,0.35236,0.044181
-212.25,299.45,-54.334,-0.51339,0.44157,-0.12208
-144.78,297.38,-148.79,-0.37146,0.44157,-0.30253
-62.024,258.12,-228.2,-0.19912,0.37061,-0.45256
20.047,209.27,-275.64,-0.028813,0.27937,-0.53569
105.14,153.62,-284.72,0.14556,0.16989,-0.54785
190.58,86.737,-262.21,0.31181,0.034044,-0.50122
263.03,14.432,-227.98,0.45576,-0.11397,-0.41606
307.64,-74.197,-183.59,0.53686,-0.28833,-0.34105
301.43,-179.25,-116.16,0.5247,-0.50122,-0.20521
260.98,-263.77,-34.636,0.43752,-0.67153,-0.045031
208.37,-306.54,52.932,0.32803,-0.76074,0.12731
139.6,-301.49,148.38,0.18002,-0.75466,0.31181
60.505,-259.43,227.08,0.015794,-0.67761,0.45576
-18.406,-208.4,272.94,-0.15046,-0.58435,0.53889
-104.2,-154.22,281.92,-0.32482,-0.47689,0.55106
-192.17,-91.088,259.51,-0.49919,-0.34713,0.50037
-266.62,-19.561,225.73,-0.64314,-0.20318,0.43346
-312.48,71.946,182.11,-0.73033,-0.024756,0.34628
-306.47,179.52,114.01,-0.71411,0.2003,0.20841
-263.63,263.52,30.804,-0.62084,0.36656,0.04215
-209.84,304.9,-57.283,-0.51136,0.45374,-0.12816
-140.53,299.48,-152.35,-0.36335,0.44766,-0.31266
-60.373,257.34,-230.25,-0.19304,0.37061,-0.45459
18.867,206.79,-275.71,-0.028813,0.27531,-0.53771
104.38,151.61,-285.19,0.1415,0.16583,-0.54988
191.64,85.605,-263.06,0.31384,0.032012,-0.50122
264.89,12.003,-229.49,0.45982,-0.11599,-0.43431
310.66,-78.962,-185.4,0.54497,-0.29644,-0.3451
305.37,-184.08,-113.71,0.52876,-0.51339,-0.20115
263.31,-265.26,-27.323,0.43954,-0.67356,-0.026781
210.23,-305.79,59.372,0.32803,-0.75871,0.13947
138.4,-300.57,151.4,0.17394,-0.75061,0.31586
54.371,-258.98,225.17,-0.000425,-0.67964,0.45374
-26.45,-210.97,269.23,-0.16263,-0.5884,0.53078
-113.31,-155.75,283.06,-0.33902,-0.47892,0.55106
-197.81,-83.421,259.91,-0.5073,-0.33496,0.50443
-266.08,-9.3232,224.98,-0.64112,-0.18696,0.43143
-310.03,79.471,180.56,-0.72628,-0.0044813,0.34019
-300.85,182.21,108.49,-0.70194,0.20435,0.19624
-257.73,260.95,25.473,-0.61071,0.36047,0.032012
-208.24,301.27,-60.868,-0.50528,0.44766,-0.13424
-138.79,295.13,-155.91,-0.35929,0.43752,-0.31672
-56.245,254.8,-232.73,-0.18696,0.36656,-0.46067
25.26,206.41,-277.85,-0.018675,0.27531,-0.53974
111.86,148.8,-284.01,0.15366,0.15772,-0.54785
197.09,80.509,-259.17,0.32803,0.023906,-0.49514
267.46,8.0158,-224.96,0.46387,-0.12411,-0.42417
309.03,-82.288,-178.99,0.54092,-0.30455,-0.33091
299.48,-187.01,-109.75,0.52064,-0.51744,-0.19304
257.18,-268.94,-28.502,0.42941,-0.68167,-0.028813
203.84,-308.26,59.726,0.31384,-0.76277,0.1415
133.35,-298.83,155.74,0.16583,-0.74857,0.32398
55.173,-255.89,231.56,0.0056562,-0.66748,0.4659
-23.713,-205.36,274.99,-0.16263,-0.57624,0.54497
-111.05,-149.66,281.12,-0.33496,-0.46675,0.54903
-198.78,-85.19,256.68,-0.51136,-0.33496,0.49631
-271.15,-12.862,222.76,-0.65126,-0.18898,0.42941
-313.76,80.651,177.16,-0.73236,0.0016,0.33411
-304.39,187.33,107.4,-0.70803,0.21044,0.19219
-259.95,268.5,24.718,-0.61679,0.37669,0.029988
-205.12,306.51,-64.171,-0.49919,0.45982,-0.14235
-133.95,296.53,-159.9,-0.3451,0.44157,-0.32686
-54.971,253.83,-234.66,-0.1829,0.3625,-0.4627
24.293,203.77,-277.78,-0.0207,0.26923,-0.5438
111.18,146.73,-284.41,0.15772,0.15772,-0.54785
197.92,79.613,-260.3,0.326,0.017825,-0.49716
269.28,5.2793,-226.43,0.4659,-0.13019,-0.4262
311.79,-87.549,-180.12,0.547,-0.31672,-0.33091
303.23,-191.58,-106.78,0.5247,-0.52758,-0.1829
259.94,-269.95,-21.354,0.43346,-0.68572,-0.016644
205.42,-307.34,66.166,0.31992,-0.76074,0.15569
131.49,-297.62,158.64,0.16178,-0.74655,0.33006
48.969,-255.51,229.2,-0.010563,-0.66951,0.46184
-31.876,-207.93,271.45,-0.17682,-0.58029,0.53686
-120.1,-150.49,282.42,-0.35321,-0.46675,0.55308
-203.59,-77.24,256.99,-0.51744,-0.32078,0.50037
-270.12,-2.883,221.84,-0.64923,-0.17074,0.42535
-310.83,87.917,175.11,-0.72628,0.013769,0.32803
-298.26,189.28,101.74,-0.69586,0.21652,0.18205
-254.52,265.43,19.858,-0.60463,0.37264,0.021875
-203.54,302.71,-67.78,-0.49514,0.44562,-0.14843
-132.23,292.21,-163.09,-0.34308,0.43346,-0.33091
-51.196,251.47,-236.95,-0.17276,0.36047,-0.46675
30.663,203.06,-279.6,-0.0085375,0.26721,-0.5438
118.42,143.68,-282.83,0.16786,0.15164,-0.54583
202.9,74.918,-256.48,0.34019,0.015794,-0.49108
271.38,1.5049,-221.83,0.47401,-0.13627,-0.41809
309.38,-90.97,-173.42,0.54092,-0.3228,-0.32078
297.07,-194.27,-103.31,0.51253,-0.53366,-0.17682
253.99,-273.32,-22.888,0.42333,-0.68978,-0.0207
199,-309.44,66.591,0.30776,-0.76885,0.15366
127.03,-295.83,162.77,0.15366,-0.74249,0.33614
50.361,-252.33,235.81,-0.0085375,-0.66342,0.47401
-29.21,-201.94,276.71,-0.17074,-0.57218,0.54497
-117.63,-145.04,280.01,-0.35119,-0.45661,0.54497
-204.42,-80.26,254.42,-0.51947,-0.32686,0.49429
-275.14,-6.3272,219.86,-0.65734,-0.17276,0.42333
-314.14,89.568,171.45,-0.73438,0.017825,0.32195
-301.77,194.45,100.87,-0.70397,0.22666,0.18205
-256.62,272.65,19.127,-0.60867,0.3848,0.021875
-200.36,307.64,-70.941,-0.48906,0.45982,-0.15452
-127.79,293.65,-166.72,-0.33496,0.43752,-0.33902
-49.97,250.24,-238.88,-0.17276,0.35642,-0.46878
29.79,200.25,-279.48,-0.0085375,0.26113,-0.5438
117.45,142.15,-283.35,0.16786,0.14961,-0.54785
203.11,74.871,-258.32,0.33817,0.015794,-0.49514
273.08,-1.0665,-223.52,0.47604,-0.14033,-0.42417
312.14,-96.16,-174.32,0.547,-0.33294,-0.31874
300.61,-198.45,-100.12,0.51862,-0.53771,-0.16263
256.64,-274.01,-15.645,0.42738,-0.69383,-0.0044813
200.58,-308.4,72.819,0.30776,-0.76479,0.16583
125.19,-294.91,164.89,0.14758,-0.74047,0.34223
43.944,-252.05,233.02,-0.016644,-0.66545,0.46793
-37.396,-204.61,273.34,-0.18696,-0.57218,0.54092
-126.07,-145.65,281.57,-0.36538,-0.45661,0.55106
-208.33,-72.569,254.91,-0.52961,-0.31063,0.49226
-273.65,3.227,218.77,-0.65531,-0.15857,0.41927
-310.79,96.197,169.26,-0.72424,0.032012,0.31789
-295.43,195.44,95.56,-0.69181,0.22868,0.16989
-251.46,269.28,14.314,-0.59651,0.37872,0.011738
-198.8,303.67,-74.551,-0.49108,0.45374,-0.16263
-126.5,289.66,-169.08,-0.33091,0.42738,-0.33902
-46.242,248.14,-240.86,-0.16466,0.35439,-0.47486
36.183,199.29,-281.04,0.0056562,0.25707,-0.54785
124.15,139.18,-281.58,0.18205,0.1415,-0.54583
207.59,70.884,-254.76,0.34628,0.011738,-0.485
274.89,-4.6051,-218.85,0.47807,-0.14641,-0.41201
309.15,-99.038,-167.9,0.53889,-0.33902,-0.30658
294.57,-200.29,-97.67,0.50848,-0.54177,-0.16871
250.74,-276.96,-17.297,0.41319,-0.69992,-0.0085375
194.12,-310.15,73.267,0.29559,-0.76479,0.16989
121.96,-293.26,168.45,0.14352,-0.73844,0.34425
45.69,-248.88,239.67,-0.016644,-0.65531,0.48009
-34.683,-198.14,278.03,-0.1829,-0.56002,0.55106
-123.24,-140.93,278.74,-0.36133,-0.44851,0.54497
-209.02,-76.674,252.86,-0.52758,-0.31874,0.49226
-278.54,-0.38243,217.07,-0.66139,-0.16466,0.41724
-313.9,97.589,166.43,-0.73033,0.032012,0.31181
-299.32,200.21,95.489,-0.69586,0.24085,0.16989
-253.37,276.14,13.607,-0.60259,0.39494,0.0076813
-195.69,308.23,-77.264,-0.47892,0.45982,-0.16466
-123.15,291.34,-171.96,-0.32482,0.43346,-0.34713
-45.369,246.82,-242.54,-0.16263,0.35033,-0.47892
35.216,196.43,-280.71,0.0016,0.25504,-0.54785
122.78,138.14,-282.17,0.17597,0.13947,-0.5438
207.52,71.333,-256.81,0.34628,0.013769,-0.49108
276.29,-6.6574,-220.84,0.48009,-0.14843,-0.41809
311.95,-103.43,-169.34,0.547,-0.34916,-0.31266
298.34,-203.66,-94.933,0.51456,-0.55191,-0.15857
253.4,-277.08,-10.243,0.42129,-0.69789,0.0056562
196.03,-308.9,78.764,0.29762,-0.76479,0.17799
120.64,-292.93,169.56,0.13744,-0.74047,0.35236
39.344,-248.79,236.28,-0.028813,-0.65937,0.47198
-42.68,-200.93,274.73,-0.19912,-0.56812,0.54294
-131.12,-141.6,280.44,-0.37551,-0.44851,0.54497
-212.11,-69.031,253.26,-0.53366,-0.30658,0.49226
-276.46,8.4876,216.15,-0.66342,-0.14843,0.41521
-310.39,102.99,164.49,-0.72424,0.04215,0.30978
-293.16,200.14,90.771,-0.68369,0.24085,0.15975
-248.53,272.3,9.1482,-0.59043,0.38277,-0.000425
-194.56,304.19,-80.307,-0.47689,0.45171,-0.17479
-122.46,287.82,-173.61,-0.32482,0.42333,-0.34916
-41.878,245.17,-244.1,-0.15654,0.34425,-0.48094
41.231,195.58,-282.01,0.013769,0.25504,-0.54583
128.82,135.38,-280.35,0.19219,0.13542,-0.53974
211.37,67.7,-253.27,0.35236,-0.0024563,-0.48094
277.7,-9.7714,-216.19,0.48212,-0.1606,-0.40593
308.53,-105.6,-163.58,0.53889,-0.35119,-0.29847
292.47,-205.1,-93.352,0.50239,-0.55191,-0.15654
247.77,-279.81,-12.225,0.40711,-0.706,0.0016
190.02,-310.41,78.764,0.28748,-0.76885,0.17799
118.37,-291.47,172.82,0.13339,-0.73641,0.35439
41.585,-245.77,242.86,-0.018675,-0.65328,0.48617
-39.519,-194.6,278.98,-0.19304,-0.55596,0.54903
-127.79,-137.82,277.61,-0.36943,-0.44445,0.54294
-212.79,-73.654,251.45,-0.53771,-0.31469,0.48821
-281.35,4.7368,214.43,-0.67356,-0.15452,0.41319
-313.48,103.89,162.34,-0.73033,0.046206,0.3037
-297.13,204.83,91.125,-0.69181,0.24896,0.1638
-250.25,278.62,8.5348,-0.59449,0.39697,-0.000425
-191.89,308.51,-82.406,-0.47284,0.45982,-0.17682
-119.73,289.69,-176.08,-0.31874,0.42941,-0.35321
-41.241,243.83,-245.56,-0.15452,0.34425,-0.48297
39.816,193.06,-281.6,0.011738,0.24693,-0.54785
126.98,135.19,-281.23,0.18813,0.13542,-0.53974
211.2,68.242,-255.42,0.35236,-0.000425,-0.48702
278.81,-11.588,-218.22,0.48617,-0.1606,-0.41201
311.62,-109.04,-166.08,0.54294,-0.35727,-0.30253
296.22,-207.88,-90.663,0.51051,-0.55799,-0.15249
250.22,-279.48,-5.2657,0.41319,-0.70397,0.011738
192.42,-309.13,83.482,0.29154,-0.76479,0.18611
117.17,-291.39,173.34,0.13136,-0.73438,0.35642
35.192,-246.03,238.94,-0.03895,-0.65126,0.47807
-47.068,-197.86,275.72,-0.20926,-0.56002,0.54497
-134.85,-138.69,279.61,-0.38362,-0.44648,0.54497
-215.27,-65.846,251.52,-0.54177,-0.29847,0.48821
-278.77,12.993,213.77,-0.66748,-0.13829,0.41116
-310.01,108.06,161,-0.72424,0.054319,0.3037
-290.99,204.15,86.761,-0.67964,0.24693,0.15164
-245.49,274.56,4.3829,-0.58435,0.38683,-0.0085375
-191.49,304.43,-84.671,-0.46878,0.45374,-0.18088
-119.28,286.34,-177.31,-0.31874,0.42129,-0.35524
-37.797,242.55,-246.71,-0.14641,0.34223,-0.48702
45.289,192.52,-282.67,0.01985,0.2449,-0.54785
132.27,133.02,-279.58,0.19421,0.13136,-0.53569
214.64,64.68,-251.72,0.36047,-0.0065062,-0.48297
279.8,-14.041,-213.88,0.49023,-0.16466,-0.40187
308.13,-110.22,-160.73,0.54092,-0.36133,-0.29644
290.42,-208.99,-89.554,0.49631,-0.56204,-0.14843
244.63,-281.91,-7.436,0.40102,-0.71006,0.011738
187.19,-310.5,82.821,0.2814,-0.77493,0.18813
115.52,-290,176.26,0.12934,-0.73641,0.36452
37.811,-242.96,245.31,-0.032869,-0.64518,0.48821
-43.341,-191.75,279.52,-0.20115,-0.54988,0.55106
-131.12,-135.77,276.85,-0.37754,-0.44039,0.53889
-215.98,-70.8,249.91,-0.5438,-0.30861,0.48617
-283.4,8.7707,212.45,-0.67761,-0.14438,0.40913
-313.26,108.06,159.99,-0.73033,0.054319,0.30167
-295.07,208.56,87.492,-0.68978,0.25504,0.15569
-247.26,280.53,3.9347,-0.58637,0.40102,-0.010563
-189.41,308.51,-86.087,-0.46473,0.45982,-0.1829
-117.01,288.36,-179.29,-0.31469,0.42738,-0.35929
-37.49,241.09,-247.94,-0.14843,0.34019,-0.48702
43.519,190.37,-282.19,0.017825,0.24085,-0.54785
130.19,133.16,-280.59,0.19421,0.13136,-0.53974
214.13,65.27,-253.91,0.36047,-0.0065062,-0.485
280.72,-15.244,-216.28,0.49023,-0.16871,-0.40593
311.46,-112.72,-163.37,0.547,-0.36538,-0.29847
294.38,-211.26,-87.101,0.50443,-0.56407,-0.14438
247.41,-281.23,-1.0193,0.40711,-0.70803,0.021875
190.25,-309.32,86.666,0.28342,-0.76479,0.19624
114.31,-290.12,176.24,0.12528,-0.73438,0.3625
31.441,-243.44,240.97,-0.043006,-0.6472,0.48415
-50.512,-195.43,276.4,-0.21534,-0.55596,0.547
-137.66,-136.57,278.9,-0.39174,-0.44039,0.54497
-217.93,-62.944,249.86,-0.54785,-0.29441,0.48415
-280.57,16.249,211.98,-0.66951,-0.13221,0.40507
-309.96,111.41,159.04,-0.72424,0.0604,0.29762
-288.99,207.26,83.411,-0.67559,0.25504,0.14758
-242.99,276.1,0.53762,-0.57826,0.39088,-0.014619
-189.6,304.57,-87.644,-0.46675,0.45374,-0.18696
-116.64,285.13,-180.19,-0.30861,0.42129,-0.36133
-34.164,240.17,-248.79,-0.14033,0.33817,-0.49108
48.332,190.28,-283.07,0.032012,0.24085,-0.54988
134.98,131.11,-278.82,0.20435,0.12731,-0.53569
217.19,61.849,-250.13,0.36858,-0.014619,-0.47689
281.33,-17.108,-212.06,0.49023,-0.17276,-0.39782
308.02,-113.38,-159,0.53686,-0.36741,-0.28833
288.65,-212.11,-86.464,0.49226,-0.5661,-0.14438
242.22,-283.28,-3.8502,0.39697,-0.71208,0.011738
185.44,-310.5,85.652,0.27531,-0.76885,0.19421
113.11,-288.75,178.98,0.12325,-0.73236,0.36858
34.744,-240.75,247.13,-0.03895,-0.64518,0.49429
-46.006,-189.91,280.01,-0.20318,-0.54177,0.55308
-133.81,-134.05,276.17,-0.37957,-0.43837,0.53889
-218.52,-68.134,248.31,-0.54785,-0.30253,0.48212
-284.86,11.672,210.8,-0.67761,-0.13829,0.40305
-313.22,110.94,158.48,-0.7283,0.058375,0.29762
-293.35,211.39,84.449,-0.68167,0.26113,0.14758
-245.09,281.76,0.6792,-0.58029,0.40305,-0.018675
-187.81,308.53,-88.658,-0.4627,0.46184,-0.19101
-114.61,287.11,-181.84,-0.30658,0.42535,-0.36538
-34.589,239.15,-249.64,-0.14033,0.33411,-0.49108
45.784,188.86,-282.71,0.017825,0.23679,-0.54785
132.69,131.39,-279.88,0.19827,0.12731,-0.53569
216.46,62.651,-252.31,0.36452,-0.010563,-0.47892
281.97,-17.792,-214.96,0.49226,-0.17479,-0.40593
311.41,-115.27,-161.88,0.54497,-0.36943,-0.29644
292.71,-213.92,-84.011,0.50037,-0.57218,-0.14033
245.6,-282.41,1.8351,0.40102,-0.71006,0.029988
188.74,-309.32,88.978,0.2814,-0.76682,0.19827
111.84,-288.99,178.55,0.12123,-0.73236,0.36656
28.752,-241.67,242.39,-0.051112,-0.64314,0.48617
-52.47,-194.32,276.95,-0.21737,-0.55394,0.54497
-140.04,-134.57,278.15,-0.39579,-0.43431,0.54092
-219.92,-60.444,248.47,-0.55191,-0.28631,0.48009
-281.72,18.278,210.92,-0.66748,-0.13019,0.40711
-309.84,113.8,157.56,-0.72628,0.064456,0.29559
-287.17,209.53,80.509,-0.67153,0.25909,0.1415
-241.5,277.02,-1.8214,-0.57218,0.39494,-0.018675
-188.3,304.59,-89.837,-0.46067,0.45171,-0.19101
-114.23,284,-182.5,-0.30658,0.41927,-0.36538
-31.64,238.57,-250.13,-0.13424,0.33817,-0.49108
50.03,189.24,-283.47,0.034044,0.24287,-0.54988
137.17,129.27,-278.04,0.20638,0.12325,-0.53163
218.99,59.702,-248.77,0.36656,-0.0207,-0.47284
282.33,-18.783,-211.28,0.49023,-0.17682,-0.39984
307.83,-115.65,-157.75,0.53484,-0.37146,-0.28833
287.11,-214.44,-83.775,0.48821,-0.57218,-0.14033
240.92,-284.15,-1.845,0.41724,-0.71006,0.013769
184.14,-310.39,87.681,0.27126,-0.77088,0.19624
110.87,-287.57,181.1,0.1192,-0.73033,0.37061
32.573,-239.14,248.33,-0.045031,-0.63909,0.49834
-47.445,-189.06,280.39,-0.20723,-0.5438,0.55308
-135.91,-132.47,275.46,-0.38565,-0.43431,0.53686
-220.2,-66.2,247.18,-0.55596,-0.29847,0.48009
-285.78,13.017,210.3,-0.67964,-0.14033,0.40305
-313.07,113.06,157.27,-0.73033,0.064456,0.29762
-291.84,213.46,81.901,-0.68369,0.26315,0.14556
-244.12,282.47,-0.94856,-0.58232,0.40711,-0.014619
-186.75,308.46,-90.522,-0.46067,0.45982,-0.19304
-112.44,285.96,-183.89,-0.30253,0.42129,-0.36943
-32.654,237.69,-250.7,-0.13627,0.33006,-0.49108
47.105,188.13,-283.07,0.021875,0.23882,-0.54988
134.65,129.77,-279.2,0.2003,0.12123,-0.53569
217.9,60.882,-251.27,0.36656,-0.012594,-0.47892
282.8,-18.783,-214.63,0.49429,-0.17682,-0.40593
311.46,-117.13,-160.73,0.54497,-0.37754,-0.29239
291.43,-215.74,-81.699,0.49834,-0.57421,-0.13221
244.86,-283.02,3.0854,0.40102,-0.71208,0.032012
187.68,-309.3,90.63,0.27734,-0.76479,0.2003
109.62,-287.93,180.37,0.11514,-0.73033,0.37061
26.959,-240.6,243.24,-0.055169,-0.64112,0.48821
-53.602,-193.73,277.37,-0.21939,-0.55191,0.54903
-141.88,-132.91,277.58,-0.39782,-0.43026,0.54092
-221.24,-58.863,247.51,-0.55191,-0.28225,0.48212
-282.45,19.08,210.68,-0.67559,-0.12816,0.40507
-309.65,115.49,156.47,-0.72019,0.068513,0.29356
-285.92,211.13,78.41,-0.66748,0.26113,0.13542
-241.1,277.68,-2.8594,-0.57421,0.39494,-0.016644
-187.36,304.69,-91.442,-0.46067,0.45374,-0.19304
-112.2,283.13,-184.18,-0.30049,0.41724,-0.36741
-30.106,237.72,-251.03,-0.13221,0.33411,-0.49311
51.092,188.6,-283.8,0.036069,0.23882,-0.55191
138.94,127.64,-277.38,0.21044,0.1192,-0.53163
220.21,58.263,-247.94,0.37061,-0.022731,-0.47284
283.1,-19.467,-211.19,0.49226,-0.17682,-0.39782
307.76,-117.3,-156.67,0.53889,-0.37551,-0.28225
286.05,-215.91,-82.029,0.48821,-0.57826,-0.13627
240.55,-284.7,-0.925,0.39088,-0.71208,0.025931
183.25,-310.39,89.214,0.27126,-0.76682,0.2003
109.15,-286.75,182.63,0.11717,-0.7283,0.37669
31.441,-238.43,249.16,-0.047056,-0.63909,0.49834
-48.531,-188.56,280.79,-0.21129,-0.54177,0.55106
-137.73,-130.88,274.82,-0.38971,-0.42823,0.53686
-221.43,-64.879,246.35,-0.55394,-0.29847,0.47604
-286.46,13.701,210.19,-0.68167,-0.13829,0.40305
-313.03,114.76,156.16,-0.73033,0.068513,0.29559
-291.02,214.86,80.439,-0.67964,0.26721,0.1415
-243.77,283.06,-1.845,-0.58029,0.40507,-0.018675
-185.78,308.46,-92.126,-0.45661,0.46184,-0.19709
-110.81,285.25,-185.33,-0.29847,0.42129,-0.37146
-31.758,237.29,-251.41,-0.13221,0.33209,-0.49514
48.167,187.54,-283.49,0.032012,0.23679,-0.54988
136.4,128.16,-278.61,0.20841,0.1192,-0.53366
219.01,59.868,-250.68,0.36858,-0.018675,-0.47689
283.58,-19.514,-214.58,0.49429,-0.17682,-0.4039
311.39,-118.97,-159.43,0.54497,-0.37957,-0.29036
290.7,-217.06,-80.307,0.49834,-0.57624,-0.13424
244.51,-283.61,3.9347,0.40102,-0.71208,0.032012
186.55,-309.32,92.281,0.27531,-0.76885,0.20232
107.99,-287.24,181.76,0.10906,-0.73033,0.37466
26.18,-240.3,243.92,-0.057194,-0.64518,0.48617
-54.9,-193.07,277.87,-0.22143,-0.55596,0.547
-143.65,-131.24,277.04,-0.40187,-0.43229,0.54092
-222.18,-57.92,247.01,-0.55596,-0.28225,0.47604
-283.19,19.835,210.52,-0.67356,-0.12613,0.40305
-309.44,117.36,155.13,-0.72222,0.072563,0.28951
-285.36,212.26,77.348,-0.66748,0.26315,0.13339
-240.79,278.32,-3.7558,-0.57421,0.39899,-0.018675
-186.11,304.74,-93.305,-0.45661,0.45374,-0.19912
-110.64,282.51,-185.61,-0.29847,0.41319,-0.36943
-29.375,237.43,-251.79,-0.13221,0.33614,-0.49514
52.46,187.77,-284.11,0.0381,0.23679,-0.55191
140.59,126.11,-276.84,0.21449,0.11311,-0.53163
221.18,57.579,-247.78,0.37466,-0.0207,-0.47081
283.88,-20.387,-210.9,0.49631,-0.18088,-0.39579
307.57,-119.33,-155.23,0.53889,-0.37957,-0.28428
285.63,-217.06,-81.109,0.47807,-0.57826,-0.13829
240.07,-285.38,0.089373,0.39088,-0.71411,0.025931
181.83,-310.36,91.219,0.26923,-0.76885,0.20232
107.59,-286.04,184.14,0.11311,-0.7283,0.37872
30.804,-238.2,249.94,-0.051112,-0.63909,0.49834
-49.993,-187.67,281.17,-0.21737,-0.54177,0.55308
-139.42,-129.47,274.33,-0.39376,-0.4262,0.53484
-222.42,-64.336,246.26,-0.55596,-0.29644,0.47604
-287.29,14.833,209.81,-0.68167,-0.13221,0.40102
-312.86,116.86,154.68,-0.7283,0.070537,0.28951
-290.66,215.99,79.636,-0.68167,0.27329,0.13947
-243.2,283.79,-3.0245,-0.57826,0.41116,-0.018675
-184.22,308.37,-94.272,-0.45459,0.46184,-0.20115
-109.23,284.64,-186.77,-0.29644,0.42129,-0.37551
-31.003,236.96,-252.33,-0.13424,0.32803,-0.49716
49.7,186.55,-283.8,0.032012,0.23476,-0.55191
138.02,126.75,-278.11,0.20841,0.1192,-0.53569
220.02,59.301,-250.68,0.37061,-0.0207,-0.47892
284.59,-20.765,-214.09,0.49631,-0.18088,-0.40187
311.32,-121.02,-157.97,0.54497,-0.38362,-0.28833
290.49,-218.17,-79.505,0.49834,-0.57826,-0.13221
243.97,-284.39,5.2557,0.40102,-0.71411,0.036069
184.92,-309.28,94.475,0.27329,-0.76682,0.20841
106.41,-286.65,183.2,0.10906,-0.72424,0.37466
25.331,-240.06,244.89,-0.06125,-0.64112,0.48821
-56.693,-191.96,278.39,-0.22751,-0.54785,0.54903
-145.37,-129.68,276.55,-0.40593,-0.4262,0.53686
-223.24,-57.448,246.87,-0.55596,-0.28022,0.47807
-284.08,21.132,209.95,-0.67964,-0.12208,0.40102
-309.35,119.41,153.62,-0.72222,0.076619,0.28748
-285.17,213.46,76.57,-0.66951,0.26721,0.13339
-240.18,279.26,-5.2657,-0.57218,0.40102,-0.0207
-184.46,304.69,-95.546,-0.45459,0.45576,-0.20115
-109.11,282,-187.22,-0.29441,0.41319,-0.37551
-28.431,237.1,-252.87,-0.12816,0.33006,-0.49716
54.442,186.41,-284.41,0.04215,0.23476,-0.54988
142.46,124.6,-276.34,0.21449,0.11311,-0.53163
222.38,57.037,-247.68,0.37264,-0.022731,-0.47081
284.92,-21.897,-210.22,0.49834,-0.18088,-0.39579
307.5,-121.43,-153.86,0.53484,-0.3816,-0.28225
285.37,-218.5,-80.307,0.48617,-0.57826,-0.13424
239.3,-286.37,1.8351,0.39291,-0.71411,0.027962
180.08,-310.24,93.649,0.26113,-0.76682,0.20638
106.2,-285.52,185.68,0.11109,-0.72628,0.38074
29.672,-237.68,251.09,-0.049087,-0.64112,0.50239
-52.187,-186.16,281.52,-0.21737,-0.53974,0.55511
-141.38,-128.03,273.86,-0.39984,-0.42417,0.53484
-223.76,-63.676,246.02,-0.55596,-0.29441,0.47807
-288.45,16.697,209.03,-0.68775,-0.13221,0.40102
-312.98,119.06,153.43,-0.7283,0.076619,0.28748
-290.38,217.57,78.693,-0.67761,0.27329,0.13947
-242.28,284.85,-4.9826,-0.57624,0.41116,-0.0207
-182.48,308.35,-96.749,-0.45053,0.45982,-0.20723
-107.95,284.12,-188.35,-0.29441,0.41927,-0.37957
-29.658,236.3,-253.6,-0.13019,0.33411,-0.49919
52.083,184.87,-284.2,0.036069,0.23071,-0.55191
139.13,125.26,-277.78,0.21044,0.11717,-0.53366
221.7,58.429,-250.37,0.37466,-0.018675,-0.47689
285.79,-22.864,-213.1,0.50037,-0.18696,-0.40187
311.46,-123.19,-156.69,0.547,-0.38565,-0.28631
290.13,-219.75,-78.349,0.49631,-0.58232,-0.12816
242.83,-285.57,7.4732,0.39494,-0.71816,0.040125
183.08,-309.32,97.046,0.26923,-0.76479,0.21449
105.02,-286.25,184.87,0.10703,-0.7283,0.37669
23.656,-239.24,246.21,-0.06125,-0.63909,0.49226
-59.17,-190.33,278.98,-0.23156,-0.54583,0.55106
-147.33,-128.2,276.19,-0.40796,-0.42417,0.53686
-224.82,-56.315,246.42,-0.56204,-0.27819,0.47604
-285.38,23.35,208.82,-0.67761,-0.12005,0.39899
-309.61,121.6,152.48,-0.72424,0.080675,0.28545
-284.72,215.31,75.249,-0.66545,0.27126,0.13136
-238.81,280.51,-7.8134,-0.56812,0.40102,-0.030838
-182.48,304.71,-98.424,-0.45256,0.45374,-0.20723
-107.72,281.57,-189.04,-0.29239,0.41521,-0.37957
-26.355,236.06,-254.38,-0.12208,0.33006,-0.50122
56.966,184.73,-284.86,0.046206,0.23274,-0.55596
144.42,123.37,-276.18,0.2226,0.10906,-0.52961
224.29,55.763,-247.09,0.37872,-0.026781,-0.47081
286.29,-24.468,-208.83,0.50037,-0.18696,-0.39174
307.76,-123.74,-152.78,0.53484,-0.38768,-0.27819
284.85,-220.58,-78.868,0.48415,-0.58029,-0.13019
237.67,-287.74,4.6896,0.39088,-0.72019,0.036069
178.01,-310.17,96.739,0.26113,-0.76885,0.21246
104.81,-284.98,187.7,0.10501,-0.72424,0.38683
27.549,-236.41,252.67,-0.055169,-0.63706,0.50848
-54.782,-184.46,281.97,-0.22345,-0.53163,0.55714
-143.39,-127.04,273.71,-0.40187,-0.42215,0.53484
-225.88,-62.237,245.26,-0.56204,-0.29036,0.47604
-289.86,19.481,207.59,-0.68775,-0.12613,0.39697
-313.36,121.44,152.46,-0.7283,0.080675,0.28545
-289.74,219.83,76.971,-0.67559,0.27734,0.13339
-240.39,286.22,-8.1908,-0.57218,0.41521,-0.032869
-180.24,308.18,-100.03,-0.44445,0.45982,-0.20926
-106.33,283.53,-190.62,-0.28833,0.41724,-0.3816
-27.299,234.89,-255.23,-0.12411,0.32803,-0.50122
54.772,183.17,-284.79,0.04215,0.23274,-0.55191
142.32,124.18,-277.67,0.21652,0.11311,-0.53366
223.99,56.589,-249.55,0.37872,-0.022731,-0.47689
287.28,-25.766,-211.56,0.50443,-0.18898,-0.39782
311.88,-125.58,-155.61,0.547,-0.39376,-0.28225
289.4,-222.23,-76.273,0.49226,-0.5884,-0.12613
240.78,-287.05,10.847,0.39088,-0.72019,0.044181
180.63,-309.23,100.37,0.26517,-0.76885,0.21854
103.04,-285.5,187.19,0.10298,-0.72628,0.3848
20.802,-237.68,247.93,-0.067331,-0.63504,0.49429
-62.024,-188.56,279.73,-0.23967,-0.54177,0.55106
-149.66,-126.71,276,-0.41404,-0.42012,0.54092
-227.2,-54.192,245.36,-0.56407,-0.27414,0.47198
-287.01,26.298,207.33,-0.68167,-0.11194,0.39899
-310.08,124.15,151.33,-0.72424,0.086756,0.28342
-283.7,217.92,72.89,-0.66545,0.27329,0.12731
-236.74,282.07,-11.328,-0.5661,0.40711,-0.036919
-180.17,304.64,-101.82,-0.44648,0.45374,-0.21331
-105.48,280.72,-191.65,-0.28631,0.41319,-0.38362
-23.194,234.34,-256.32,-0.11599,0.32398,-0.50122
60.009,182.7,-285.4,0.052288,0.22666,-0.55394
146.96,121.86,-275.8,0.22666,0.10501,-0.52961
226.89,53.498,-245.87,0.38683,-0.030838,-0.46878
287.89,-27.441,-207.25,0.50239,-0.19709,-0.38971
308.09,-126.5,-151.6,0.53686,-0.39579,-0.27819
283.79,-223.57,-76.297,0.48617,-0.59043,-0.12613
235.4,-289.39,8.4405,0.37872,-0.72222,0.04215
175.63,-309.98,100.25,0.25301,-0.76682,0.21854
102.33,-283.85,190.54,0.10095,-0.72222,0.38886
24.199,-234.35,254.56,-0.063281,-0.63098,0.50645
-57.943,-182.48,282.58,-0.22953,-0.53163,0.55714
-146.31,-125.53,273.38,-0.40593,-0.42012,0.53281
-228.88,-59.547,243.85,-0.57016,-0.28631,0.47198
-291.68,22.689,206.01,-0.69181,-0.11802,0.39697
-313.69,124.62,150.95,-0.73033,0.088788,0.2814
-288.47,223.07,74.116,-0.67356,0.28342,0.13136
-238.01,287.92,-12.036,-0.5661,0.41927,-0.03895
-177.83,307.97,-103.64,-0.44039,0.45982,-0.21737
-103.57,282.11,-193.66,-0.28428,0.41521,-0.38768
-23.761,232.69,-257.21,-0.11802,0.32398,-0.50325
57.839,181.29,-285.47,0.048238,0.22666,-0.55394
145.41,122.31,-277.22,0.22057,0.10501,-0.52961
227.05,53.545,-247.94,0.3848,-0.030838,-0.47284
289.12,-28.927,-210.15,0.50645,-0.19709,-0.39376
312.29,-128.95,-153.89,0.547,-0.39984,-0.28225
288.06,-225.53,-73.065,0.49226,-0.59449,-0.11802
238.4,-288.78,14.645,0.38886,-0.72019,0.052288
178.22,-309.09,103.91,0.26113,-0.76479,0.22666
99.759,-283.92,190.3,0.094869,-0.72424,0.38683
17.098,-235.53,249.79,-0.075444,-0.63301,0.50037
-65.185,-186.84,280.63,-0.24373,-0.54177,0.55308
-152.92,-124.3,275.41,-0.42012,-0.41404,0.53484
-230.2,-50.842,243.5,-0.57016,-0.26806,0.46793
-288.99,29.271,205.96,-0.68775,-0.10383,0.39494
-310.24,127.67,149.37,-0.72424,0.090812,0.27937
-282.03,221.23,69.516,-0.66139,0.28342,0.1192
-234.4,283.79,-15.221,-0.56204,0.41116,-0.047056
-177.69,304.41,-105.67,-0.43837,0.45374,-0.22345
-101.96,279.12,-195.05,-0.28022,0.41116,-0.39174
-19.396,232.17,-258.37,-0.10788,0.31992,-0.50528
63.029,180.93,-286.04,0.058375,0.22462,-0.55394
150.34,119.41,-275.12,0.23071,0.098925,-0.52961
230.14,50.054,-243.93,0.39291,-0.036919,-0.46473
289.71,-30.413,-205.9,0.50645,-0.19912,-0.38565
308.27,-130.18,-149.62,0.53686,-0.40187,-0.27211
282.07,-227.2,-72.829,0.47807,-0.59854,-0.12005
232.81,-291.04,12.545,0.37669,-0.72628,0.048238
173.08,-309.61,104.24,0.24896,-0.76682,0.22868
98.815,-281.91,194.03,0.092837,-0.71816,0.39697
20.472,-231.97,256.56,-0.071387,-0.62692,0.51051
-60.868,-180.97,283.27,-0.23562,-0.52961,0.55714
-149.92,-123.12,272.65,-0.41404,-0.41404,0.52876
-232.3,-56.056,241.87,-0.57624,-0.27617,0.46793
-293.61,25.803,204.69,-0.69586,-0.11397,0.39494
-313.69,128.54,148.78,-0.73033,0.094869,0.27937
-286.56,226.75,70.365,-0.66951,0.29154,0.12123
-235.44,289.64,-16.141,-0.56204,0.41927,-0.047056
-175.12,307.54,-107.7,-0.43431,0.45982,-0.22751
-99.793,279.97,-197.22,-0.27414,0.41116,-0.39579
-20.057,230.31,-259.22,-0.10991,0.31992,-0.50528
60.858,179.75,-286.25,0.056344,0.22462,-0.55191
149.09,119.67,-276.41,0.23071,0.10501,-0.53163
230.43,49.865,-245.91,0.39291,-0.03895,-0.46675
291.22,-32.017,-208.85,0.50848,-0.20318,-0.39174
312.36,-132.98,-151.36,0.54294,-0.4039,-0.27617
286.12,-229.12,-69.007,0.49023,-0.60057,-0.10991
235.76,-290.45,18.065,0.38277,-0.7283,0.062425
175.2,-308.59,107.99,0.25301,-0.76682,0.23476
95.489,-281.6,193.96,0.0827,-0.71816,0.39697
13.206,-233.24,251.71,-0.081525,-0.62895,0.50239
-68.37,-185.28,281.59,-0.25184,-0.53771,0.55308
-156.67,-121.17,274.56,-0.42823,-0.40998,0.53484
-233.41,-47.139,241.4,-0.57624,-0.26198,0.46184
-290.97,32.29,204.64,-0.68978,-0.099775,0.39291
-310.13,131.79,146.66,-0.72424,0.096894,0.27329
-280.02,224.72,65.647,-0.65937,0.28545,0.11311
-232.11,285.42,-19.113,-0.55799,0.41116,-0.053144
-174.65,303.86,-110.03,-0.43431,0.45374,-0.23156
-97.457,276.76,-198.87,-0.26806,0.40305,-0.39984
-15.41,229.74,-260.33,-0.1018,0.31789,-0.50933
66.19,179.14,-286.54,0.064456,0.22057,-0.55596
154.09,116.3,-274.01,0.23882,0.094869,-0.52555
233.38,46.539,-242,0.39697,-0.045031,-0.46067
291.69,-33.598,-204.44,0.51051,-0.20723,-0.3816
308.04,-134.49,-146.88,0.54092,-0.40998,-0.26603
280.08,-230.86,-68.984,0.48009,-0.60665,-0.10991
230.59,-292.65,16.249,0.37264,-0.73033,0.056344
169.85,-308.88,108.68,0.24287,-0.76682,0.23476
94.38,-279.25,197.75,0.084731,-0.71411,0.40305
16.579,-229.35,258.31,-0.077469,-0.62084,0.51659
-64.077,-179.15,283.67,-0.2417,-0.52555,0.55714
-153.86,-120.08,271.5,-0.42215,-0.40796,0.52673
-235.53,-52.73,240.05,-0.58435,-0.27211,0.4659
-295.48,29.2,203.04,-0.70194,-0.10586,0.38683
-313.36,133,145.9,-0.7283,0.10298,0.27329
-284.55,230.28,66.567,-0.66545,0.29762,0.11514
-233.22,291.1,-19.585,-0.55799,0.42333,-0.055169
-171.84,306.77,-112.13,-0.43026,0.45576,-0.23156
-95.358,277.25,-200.83,-0.26806,0.40711,-0.39984
-16.424,227.86,-260.85,-0.10383,0.31586,-0.50933
64.067,177.91,-286.65,0.0604,0.21854,-0.55394
152.96,116.46,-275.24,0.23882,0.092837,-0.52555
233.49,46.681,-244.26,0.39899,-0.045031,-0.46675
293.08,-35.367,-207.18,0.51456,-0.21129,-0.38971
311.93,-137.37,-148.25,0.54497,-0.41606,-0.26603
284.07,-232.35,-65.162,0.48212,-0.60867,-0.1018
233.75,-291.77,21.769,0.37669,-0.73033,0.064456
171.76,-307.79,112.05,0.2449,-0.76277,0.24085
91.054,-279.06,197.16,0.076619,-0.71411,0.40305
9.7851,-231.14,253.24,-0.091663,-0.6249,0.50239
-71.555,-183.37,282.18,-0.25589,-0.53366,0.55714
-160.3,-117.58,273.27,-0.43431,-0.40187,0.53281
-236.03,-44.284,239.89,-0.58435,-0.25184,0.4659
-292.72,35.499,202.97,-0.69181,-0.095719,0.38886
-309.51,135.92,143.5,-0.72222,0.11109,0.26721
-278.11,227.81,62.109,-0.65126,0.29559,0.10703
-230.39,286.74,-22.109,-0.55191,0.41521,-0.06125
-171.34,302.99,-114.11,-0.4262,0.45374,-0.23764
-93.235,274.3,-202.08,-0.25994,0.40102,-0.4039
-12.39,227.88,-261.79,-0.095719,0.31384,-0.51136
69.351,177.09,-286.65,0.072563,0.21652,-0.55596
157.65,113.02,-272.71,0.25099,0.088788,-0.52353
235.92,44.062,-240.72,0.40102,-0.049087,-0.45864
293.2,-36.665,-202.77,0.51051,-0.21331,-0.3816
307.35,-138.6,-143.81,0.53484,-0.42012,-0.25994
278.27,-233.74,-65.752,0.47401,-0.61071,-0.10586
228.78,-293.75,19.127,0.36858,-0.73438,0.064456
166.61,-307.93,112.62,0.23476,-0.76479,0.24287
90.606,-276.82,200.7,0.074594,-0.71006,0.40913
13.89,-227.61,259.51,-0.083556,-0.61881,0.51456
-67.191,-177.12,283.72,-0.24981,-0.52149,0.55714
-157.33,-117.13,270.15,-0.42823,-0.39782,0.52673
-237.94,-50.583,238.92,-0.59043,-0.26806,0.46387
-296.89,32.29,201.29,-0.70194,-0.099775,0.3848
-312.6,137.03,142.86,-0.7283,0.11311,0.26517
-282.67,232.97,63.453,-0.66342,0.3037,0.10703
-231.52,292.16,-22.251,-0.55596,0.42535,-0.059225
-168.61,305.8,-115.79,-0.42215,0.45779,-0.2417
-91.795,274.89,-203.47,-0.25994,0.40102,-0.4039
-14.018,226.3,-261.91,-0.099775,0.30978,-0.51136
66.968,175.79,-286.72,0.068513,0.21449,-0.55394
156.12,113.58,-274.01,0.24693,0.090812,-0.52353
235.71,44.699,-243.29,0.39899,-0.049087,-0.4627
294.45,-38.363,-205.6,0.51456,-0.21939,-0.38362
311.18,-141.05,-145.2,0.54497,-0.42215,-0.25994
282.4,-234.68,-62.237,0.51051,-0.61273,-0.099775
232.22,-292.74,24.152,0.37872,-0.73641,0.070537
168.55,-306.99,115.42,0.23882,-0.76479,0.24693
87.516,-276.84,199.55,0.068513,-0.70803,0.40507
7.4732,-229.73,254.23,-0.097744,-0.62084,0.50645
-74.409,-181.49,282.28,-0.264,-0.53163,0.55511
-163.04,-114.84,272.16,-0.44039,-0.39579,0.52876
-238.01,-42.515,238.97,-0.58637,-0.25184,0.46184
-294.04,38.212,201.43,-0.69383,-0.089638,0.3848
-308.83,139.34,140.71,-0.72019,0.11717,0.26113
-276.65,229.88,59.726,-0.65126,0.29762,0.10298
-229.02,287.59,-24.421,-0.54785,0.41927,-0.063281
-168.3,302.14,-117.56,-0.42012,0.44766,-0.24373
-90.003,272.3,-204.39,-0.25386,0.39494,-0.40796
-10.243,226.63,-262.78,-0.087606,0.31181,-0.51541
71.993,175.2,-286.51,0.076619,0.21246,-0.55596
160.17,110.73,-271.7,0.25301,0.084731,-0.51947
237.81,42.552,-239.99,0.40102,-0.055169,-0.45661
294.33,-39.33,-201.21,0.51659,-0.21939,-0.37754
306.72,-141.81,-141.29,0.53484,-0.42823,-0.25386
277.14,-235.79,-63.699,0.47198,-0.61881,-0.099775
227.36,-294.7,21.368,0.36656,-0.73438,0.064456
163.67,-307.13,115.85,0.22868,-0.76277,0.24896
87.681,-274.98,202.85,0.070537,-0.706,0.41521
12.026,-226.4,260.39,-0.087606,-0.61476,0.51862
-69.809,-175.21,283.58,-0.25184,-0.51541,0.55917
-159.67,-115.2,269.35,-0.43431,-0.39782,0.5247
-239.83,-49.191,238.35,-0.59246,-0.264,0.46184
-298.07,34.98,199.85,-0.70397,-0.093694,0.38277
-312.01,140.17,140.43,-0.72628,0.1192,0.26113
-281.7,234.81,61.66,-0.65937,0.30978,0.10703
-230.22,293.11,-24.468,-0.55394,0.42941,-0.063281
-165.85,305.04,-118.85,-0.41606,0.45779,-0.24778
-89.271,273.24,-205.38,-0.25386,0.39494,-0.40998
-12.178,225.14,-262.83,-0.093694,0.30776,-0.51541
69.634,173.93,-286.63,0.072563,0.21044,-0.55191
158.31,111.88,-273.42,0.24896,0.084731,-0.52555
237.53,43.26,-242.7,0.40507,-0.053144,-0.46473
295.54,-40.982,-204.11,0.52064,-0.21939,-0.3816
310.68,-143.93,-142.85,0.54092,-0.43026,-0.25792
281.66,-236.33,-60.562,0.47807,-0.61679,-0.095719
230.9,-293.64,26.298,0.37061,-0.73438,0.074594
165.95,-306.35,118.16,0.23476,-0.76277,0.25301
85.251,-275.45,201.25,0.062425,-0.706,0.40913
5.6332,-228.69,255.13,-0.099775,-0.62084,0.51051
-77.028,-179.5,282.4,-0.26806,-0.52555,0.55308
-164.93,-113.14,271.69,-0.44243,-0.39376,0.52673
-239.68,-41.076,238.42,-0.59246,-0.24778,0.45779
-295.1,40.901,199.9,-0.69992,-0.081525,0.38277
-308.26,142.06,138.49,-0.71816,0.12325,0.25504
-275.99,231.51,58.381,-0.64923,0.3037,0.096894
-227.75,288.51,-26.497,-0.54583,0.42129,-0.065306
-165.89,301.55,-120.22,-0.41606,0.44766,-0.24778
-88.068,271.24,-206,-0.25184,0.39494,-0.40998
-8.3324,225.45,-263.7,-0.087606,0.30776,-0.51541
74.659,173.17,-286.37,0.0827,0.20841,-0.55191
162.98,109.45,-271.32,0.25707,0.0827,-0.52149
239.39,41.137,-239.4,0.40913,-0.057194,-0.45661
295.23,-41.949,-199.58,0.51659,-0.22548,-0.37551
306.22,-144.52,-139.28,0.53281,-0.43026,-0.24981
276.52,-237.37,-62.402,0.46793,-0.61476,-0.099775
226.06,-295.55,23.562,0.3625,-0.73641,0.070537
161.47,-306.47,118.32,0.22462,-0.76277,0.25301
86.218,-273.96,204.22,0.066481,-0.70397,0.41521
10.068,-225.13,261.19,-0.089638,-0.61273,0.51659
-72.357,-173.3,283.41,-0.25994,-0.51339,0.55511
-161.36,-114.37,269.09,-0.43837,-0.39174,0.52673
-241.43,-47.87,237.81,-0.59246,-0.25994,0.45982
-298.94,37.693,198.2,-0.70397,-0.087606,0.37872
-311.47,142.79,138.52,-0.72222,0.12325,0.25909
-280.99,236.32,60.339,-0.65734,0.31181,0.10095
-228.81,293.86,-26.662,-0.54988,0.42941,-0.069363
-163.75,304.52,-121.21,-0.40998,0.45576,-0.24778
-87.738,272.35,-206.75,-0.25184,0.39899,-0.40998
-10.243,223.87,-263.58,-0.089638,0.3037,-0.51136
71.993,172.02,-286.46,0.074594,0.20435,-0.55596
159.94,111.13,-273.16,0.25504,0.084731,-0.52555
239.08,41.868,-242.19,0.40913,-0.053144,-0.45864
296.36,-43.577,-202.39,0.51862,-0.22751,-0.37754
310.28,-146.41,-140.96,0.54092,-0.43837,-0.25184
281.08,-237.87,-59.17,0.47807,-0.62084,-0.091663
229.44,-294.46,28.469,0.37061,-0.73438,0.080675
163.81,-305.86,120.4,0.23071,-0.76277,0.25707
83.859,-274.57,202.45,0.062425,-0.706,0.41116
3.6751,-227.39,255.86,-0.1018,-0.61679,0.50848
-79.316,-177.78,282.35,-0.27211,-0.52353,0.55714
-166.34,-112.25,271.5,-0.44851,-0.38971,0.53078
-241.19,-39.637,237.9,-0.59043,-0.24576,0.46184
-295.92,43.378,198.32,-0.69992,-0.0795,0.37872
-307.84,144.27,136.84,-0.71614,0.12528,0.25301
-275.33,232.9,57.084,-0.6472,0.3037,0.096894
-226.33,289.28,-28.785,-0.54583,0.41927,-0.073419
-163.91,301.06,-122.44,-0.41201,0.45171,-0.25386
-86.7,270.48,-207.34,-0.24981,0.39291,-0.41201
-6.3272,224.22,-264.5,-0.083556,0.3037,-0.51744
76.806,171.54,-286.28,0.086756,0.20435,-0.55394
163.38,108.72,-271.06,0.26113,0.080675,-0.51947
240.95,39.698,-238.81,0.41319,-0.059225,-0.45256
296.05,-44.449,-198,0.51659,-0.23156,-0.37146
306.01,-146.62,-137.91,0.53078,-0.43634,-0.24981
275.89,-238.95,-61.104,0.46793,-0.62084,-0.095719
224.34,-296.3,25.921,0.36047,-0.74047,0.074594
159.51,-305.9,120.54,0.22057,-0.76074,0.25909
84.968,-273.14,205.54,0.062425,-0.70397,0.41724
8.0158,-223.74,261.99,-0.097744,-0.61071,0.52064
-74.456,-171.86,283.32,-0.26198,-0.51136,0.55511
-162.87,-113.66,268.88,-0.44039,-0.39579,0.52267
-243.1,-46.289,237.15,-0.59854,-0.25994,0.45779
-299.84,40.122,196.79,-0.71006,-0.083556,0.37669
-311.23,144.86,137.29,-0.72424,0.12731,0.25504
-280.24,237.93,58.9,-0.65937,0.31789,0.10095
-227.16,294.59,-28.927,-0.54785,0.42941,-0.073419
-161.91,304.12,-123.24,-0.40796,0.45374,-0.25589
-86.511,271.62,-208.12,-0.24576,0.39494,-0.41606
-8.1673,222.36,-264.38,-0.085581,0.30573,-0.51744
73.951,170.65,-286.37,0.080675,0.20435,-0.55394
161.5,110.3,-272.95,0.25504,0.0827,-0.52353
240.71,40.217,-241.45,0.41521,-0.057194,-0.46067
297.28,-46.006,-201.07,0.52064,-0.23156,-0.37551
310.3,-148.32,-139.83,0.54294,-0.43634,-0.25184
280.23,-239.5,-57.495,0.47604,-0.62287,-0.087606
227.86,-295.15,30.639,0.36452,-0.73641,0.0827
162.18,-305.48,122.15,0.22666,-0.76277,0.25909
82.42,-273.73,203.72,0.0604,-0.70194,0.41521
1.434,-225.93,256.64,-0.10991,-0.61273,0.51051
-81.133,-176.7,282.54,-0.27819,-0.51947,0.55714
-167.95,-111.33,271.31,-0.45053,-0.38971,0.52673
-242.77,-37.868,237.1,-0.59651,-0.23967,0.45982
-296.77,45.69,197,-0.69992,-0.073419,0.37872
-307.65,146.04,135.76,-0.71816,0.13136,0.25301
-274.53,234.51,55.433,-0.64518,0.30978,0.090812
-224.99,290.02,-30.956,-0.54177,0.42129,-0.075444
-162.54,300.8,-124.14,-0.40998,0.44766,-0.25589
-85.143,269.59,-208.78,-0.24373,0.39088,-0.41809
-3.9446,222.59,-265.33,-0.075444,0.3037,-0.51947
78.433,170.53,-286.3,0.088788,0.20638,-0.57421
164.94,107.85,-270.73,0.26113,0.07865,-0.51947
242.55,37.811,-237.96,0.41319,-0.063281,-0.45256
296.83,-46.69,-196.75,0.52064,-0.23562,-0.36538
305.89,-148.51,-136.95,0.53281,-0.43837,-0.24778
274.94,-240.58,-59.359,0.4659,-0.62287,-0.091663
223.02,-296.96,27.997,0.35844,-0.74047,0.07865
158.4,-305.69,122.08,0.21854,-0.76277,0.26113
83.434,-272.19,206.98,0.062425,-0.69992,0.42129
5.6804,-222.09,262.7,-0.097744,-0.60665,0.52064
-76.037,-171.04,283.41,-0.26806,-0.5073,0.55308
-164.55,-112.79,268.55,-0.44243,-0.38971,0.52267
-244.8,-44.379,236.16,-0.60057,-0.25589,0.45576
-300.67,42.411,195.51,-0.706,-0.077469,0.37061
-311.12,146.77,136.23,-0.72222,0.13339,0.25099
-279.25,239.58,57.084,-0.65531,0.31789,0.094869
-225.79,295.32,-31.026,-0.54177,0.43346,-0.077469
-160.96,304.01,-124.75,-0.40593,0.45171,-0.25589
-84.813,270.55,-209.56,-0.24778,0.39494,-0.41809
-5.879,220.73,-265.09,-0.081525,0.29964,-0.51947
75.437,169.99,-286.51,0.0827,0.20435,-0.55191
163.15,109.36,-272.64,0.26113,0.080675,-0.52353
242.41,38.164,-240.51,0.41521,-0.065306,-0.45661
298.25,-48.247,-199.89,0.52267,-0.23562,-0.37349
310.23,-150.32,-138.67,0.54092,-0.44243,-0.24981
279.19,-241.17,-55.56,0.47401,-0.62692,-0.083556
226.51,-295.88,32.668,0.3625,-0.73844,0.088788
161.16,-305.41,123.54,0.22057,-0.76074,0.26315
80.651,-272.76,205.18,0.052288,-0.70397,0.41319
-0.85424,-224.44,257.46,-0.11194,-0.61071,0.51253
-82.713,-175.97,282.87,-0.28225,-0.51947,0.55308
-169.69,-110.17,270.98,-0.45661,-0.38362,0.52673
-244.45,-35.792,236.09,-0.60057,-0.23967,0.45982
-297.69,47.86,195.87,-0.70194,-0.071387,0.37466
-307.6,148.1,134.6,-0.71614,0.13542,0.24896
-273.44,236.35,53.38,-0.63909,0.31384,0.088788
-223.81,290.84,-32.984,-0.53974,0.42535,-0.081525
-161.62,300.82,-125.69,-0.40796,0.44562,-0.26198
-83.279,268.57,-210.46,-0.2417,0.39088,-0.41809
-1.562,221.2,-266.18,-0.069363,0.29964,-0.51947
80.014,169.87,-286.44,0.094869,0.2003,-0.55191
166.83,106.67,-270.47,0.26721,0.074594,-0.51947
244.49,35.735,-237.07,0.41724,-0.067331,-0.45053
297.87,-48.884,-195.69,0.52064,-0.23967,-0.36741
305.82,-150.77,-135.67,0.53281,-0.44445,-0.24576
273.86,-242.68,-57.07,0.46387,-0.62895,-0.085581
221.75,-297.86,30.12,0.35439,-0.74249,0.084731
157.39,-305.67,123.87,0.21652,-0.76479,0.26517
81.571,-271.18,208.82,0.058375,-0.70194,0.42535
3.3213,-220.72,263.64,-0.10788,-0.60259,0.5247
-77.854,-170.33,283.55,-0.27414,-0.5073,0.55714
-166.72,-111.47,268.19,-0.44851,-0.38971,0.52267
-246.86,-42.232,235.31,-0.60463,-0.25184,0.45576
-301.82,44.628,194.71,-0.71006,-0.073419,0.37264
-311.02,149.42,134.79,-0.72222,0.13542,0.24896
-277.97,241.92,54.583,-0.65126,0.31992,0.088788
-224.49,296.34,-33.315,-0.53974,0.43346,-0.0795
-159.83,304.03,-126.76,-0.4039,0.45374,-0.264
-82.713,269.42,-211.59,-0.2417,0.39291,-0.42215
-3.4492,219.29,-266.11,-0.075444,0.29762,-0.51947
77.443,169.14,-286.77,0.088788,0.2003,-0.55191
165.67,107.73,-272.26,0.26517,0.076619,-0.52149
244.65,35.805,-239.59,0.41927,-0.063281,-0.45459
299.64,-50.583,-199.06,0.5247,-0.2417,-0.37551
310.16,-153.27,-136.85,0.53889,-0.44851,-0.2417
277.82,-243.53,-52.8,0.46996,-0.63098,-0.077469
225.24,-296.99,34.791,0.36047,-0.74047,0.092837
159.91,-305.57,125.73,0.22057,-0.76074,0.26721
78.056,-271.44,207.33,0.052288,-0.69789,0.41927
-3.5199,-223.08,258.69,-0.11599,-0.60665,0.51253
-85.072,-174.93,283.34,-0.28428,-0.51339,0.55511
-172.38,-108.07,270.41,-0.45661,-0.3816,0.5247
-246.74,-33.291,235.26,-0.60665,-0.23359,0.45576
-299.27,50.29,195.09,-0.706,-0.065306,0.37264
-307.37,151.33,132.48,-0.71614,0.1415,0.24287
-272.19,238.92,50.644,-0.63909,0.31789,0.0827
-222.72,292.16,-35.296,-0.53569,0.42738,-0.081525
-160.11,300.8,-128.36,-0.4039,0.44766,-0.264
-80.213,267.13,-213.1,-0.23562,0.38683,-0.42417
1.1274,219.81,-267.5,-0.067331,0.29964,-0.52149
82.774,168.48,-286.7,0.10095,0.19827,-0.55394
169.94,104.38,-269.79,0.27126,0.068513,-0.51541
247.06,33.045,-236.12,0.42333,-0.071387,-0.44851
299.43,-51.574,-194.74,0.52267,-0.24576,-0.36538
305.51,-154.5,-133.39,0.53078,-0.45053,-0.23764
272.39,-245.56,-54.098,0.45982,-0.63706,-0.0795
220.57,-299.25,32.621,0.35236,-0.74857,0.088788
155.6,-305.57,126.91,0.21246,-0.76074,0.27126
78.292,-269.41,211.62,0.050263,-0.69586,0.42941
0.53762,-219.28,265.03,-0.11194,-0.60259,0.5247
-81.015,-168.79,283.79,-0.27617,-0.50325,0.55714
-170.23,-108.99,267.35,-0.45459,-0.38362,0.52064
-249.76,-39.425,234.27,-0.61071,-0.24373,0.44968
-303.69,47.742,193.67,-0.71411,-0.067331,0.36858
-310.67,153.59,132.15,-0.72222,0.14758,0.24287
-276.25,245.01,51.21,-0.64923,0.33006,0.0827
-223.17,297.8,-35.933,-0.53771,0.43752,-0.089638
-157.64,303.82,-130.06,-0.39984,0.45171,-0.26603
-79.104,267.49,-214.51,-0.23562,0.38683,-0.42823
-0.52395,217.83,-267.54,-0.069363,0.29356,-0.51947
80.887,167.32,-286.98,0.096894,0.19827,-0.55596
169.47,104.74,-271.3,0.27329,0.070537,-0.52149
247.86,32.597,-238.46,0.42535,-0.071387,-0.45256
301.67,-54.004,-197.88,0.52876,-0.24778,-0.37146
309.64,-157.87,-133.62,0.54092,-0.45661,-0.23764
275.96,-246.86,-49.049,0.4659,-0.63706,-0.073419
223.96,-298.54,37.74,0.35642,-0.74249,0.098925
157.18,-305.41,129.22,0.21652,-0.76277,0.27531
74.069,-269.43,210.37,0.04215,-0.69586,0.42535
-6.6339,-221.64,260.39,-0.12208,-0.60867,0.51659
-89.012,-172.76,283.72,-0.29239,-0.50933,0.55511
-176.39,-104.46,269.16,-0.46675,-0.37551,0.52267
-249.85,-29.918,234.11,-0.60867,-0.22953,0.45171
-301.47,54.088,193.65,-0.71006,-0.055169,0.37061
-306.56,156.35,128.75,-0.71614,0.15164,0.23476
-270.19,242.43,46.846,-0.63504,0.32398,0.074594
-221.47,293.84,-38.363,-0.53569,0.43143,-0.089638
-157.26,300.42,-132.32,-0.39782,0.44968,-0.27008
-76.061,265.1,-216.4,-0.22953,0.38277,-0.43026
4.5952,218.14,-269.24,-0.06125,0.29356,-0.52555
87.138,165.95,-286.7,0.10906,0.19421,-0.55191
174.45,100.7,-268.46,0.2814,0.064456,-0.51339
250.55,29.483,-234.8,0.43143,-0.0795,-0.44851
301.58,-55.773,-193,0.52876,-0.25184,-0.35929
304.64,-160.04,-129.56,0.52876,-0.46067,-0.23156
270.18,-249.5,-50.017,0.45576,-0.64112,-0.073419
218.87,-301.07,36.088,0.34831,-0.74857,0.094869
152.44,-305.1,131.35,0.20638,-0.76277,0.27734
74.163,-267.24,215.14,0.04215,-0.68978,0.43549
-3.1661,-217.32,266.87,-0.11802,-0.59854,0.52876
-85.992,-165.89,283.6,-0.28428,-0.49514,0.55511
-175.16,-105.1,265.88,-0.46473,-0.37349,0.51659
-253.63,-35.674,233,-0.61476,-0.23562,0.44968
-306.04,52.484,191.74,-0.71816,-0.059225,0.36656
-309.65,159.7,127.86,-0.72222,0.15772,0.23476
-273.58,249.18,46.704,-0.64518,0.34019,0.074594
-221.12,299.62,-39.755,-0.53163,0.44157,-0.093694
-154.05,303.27,-134.94,-0.38768,0.45374,-0.27617
-74.763,265.25,-218.17,-0.22345,0.3848,-0.43026
3.4864,215.66,-269.55,-0.06125,0.29154,-0.52555
86.242,163.83,-286.77,0.10703,0.19016,-0.55191
174.59,100.47,-269.64,0.28342,0.062425,-0.51339
251.8,28.752,-237.14,0.43346,-0.081525,-0.45256
304.15,-59.17,-195.64,0.53281,-0.25994,-0.36335
308.58,-164.17,-128.79,0.53484,-0.47081,-0.23156
273.31,-250.04,-44.331,0.46184,-0.6472,-0.06125
221.7,-300.43,41.892,0.35236,-0.74857,0.10501
153,-304.63,134.27,0.20638,-0.75871,0.2814
69.445,-267.1,213.91,0.034044,-0.69383,0.42941
-10.975,-219.4,262.49,-0.13221,-0.60259,0.52064
-94.768,-168.84,283.72,-0.30455,-0.50122,0.55917
-181.46,-99.698,267.32,-0.48094,-0.36335,0.51862
-253.74,-26.002,232.79,-0.61679,-0.21737,0.45171
-303.95,59.537,191.12,-0.71411,-0.045031,0.3625
-305.08,162.75,123.73,-0.71006,0.1638,0.22462
-267.57,246.7,42.128,-0.62895,0.33209,0.064456
-219.16,295.84,-42.845,-0.52758,0.43549,-0.1018
-152.92,299.48,-137.99,-0.38971,0.44562,-0.28428
-71.46,262.86,-220.22,-0.21939,0.38074,-0.43431
9.3369,215.59,-271.39,-0.049087,0.29154,-0.52961
93.295,161.75,-286.04,0.12123,0.18611,-0.54988
179.82,96.032,-266.46,0.29154,0.056344,-0.50933
254.56,25.449,-233.36,0.43954,-0.087606,-0.44039
303.77,-61.623,-190.07,0.53484,-0.26198,-0.35321
303.32,-166.77,-124.66,0.52876,-0.47486,-0.22143
267.44,-254.05,-45.346,0.44968,-0.65328,-0.065306
216.01,-302.98,41.019,0.34223,-0.75263,0.10501
147.81,-303.9,137.15,0.19827,-0.75871,0.28951
69.941,-264.9,218.87,0.036069,-0.68978,0.44968
-7.8842,-214.65,268.93,-0.12613,-0.59449,0.53484
-92.503,-161.62,282.84,-0.29847,-0.48906,0.55308
-180.87,-100.29,263.67,-0.47486,-0.36538,0.51253
-257.87,-31.404,231.28,-0.6249,-0.22548,0.44562
-308.47,58.712,188.67,-0.72424,-0.045031,0.35844
-308.4,166.59,122.78,-0.71614,0.17191,0.22666
-270.56,253.76,41.915,-0.63504,0.34628,0.066481
-217.89,301.41,-45.11,-0.52961,0.44562,-0.10991
-149.12,301.98,-140.86,-0.3816,0.44968,-0.29036
-70.422,263.08,-221.97,-0.21737,0.38277,-0.43837
8.2753,212.97,-271.67,-0.051112,0.28951,-0.52961
92.847,159.11,-285.97,0.1192,0.17799,-0.55191
180.37,95.371,-267.4,0.29154,0.052288,-0.50933
256.23,24.104,-235.34,0.44157,-0.089638,-0.44648
306.6,-65.657,-192.27,0.54092,-0.27008,-0.35727
307.33,-171.04,-123.43,0.53686,-0.48906,-0.21939
270.39,-255.61,-39.212,0.45576,-0.65328,-0.055169
218.28,-302.29,47.388,0.34628,-0.75263,0.11717
147.84,-303.28,140.1,0.19827,-0.75669,0.29356
65.105,-265,217.36,0.023906,-0.68775,0.43954
-15.976,-216.8,264.82,-0.14235,-0.59651,0.5247
-101.75,-163.68,283.25,-0.31874,-0.49311,0.55308
-187.03,-94.037,264.84,-0.48906,-0.35119,0.51456
-257.92,-21.284,230.87,-0.62692,-0.20723,0.44157
-306.3,66.237,187.54,-0.71816,-0.032869,0.35844
-303.45,169.54,118.3,-0.70803,0.17799,0.21246
-264.64,251.28,37.221,-0.62287,0.34223,0.056344
-215.88,297.78,-48.554,-0.52149,0.43752,-0.11194
-147.92,298.06,-144.05,-0.37754,0.4436,-0.29239
-67.049,260.76,-224.19,-0.20926,0.37669,-0.44445
14.621,212.62,-273.73,-0.040975,0.28545,-0.53366
100.33,156.59,-285.03,0.13339,0.17394,-0.54785
185.72,90.653,-264.01,0.3037,0.044181,-0.50528
259.04,20.401,-231.14,0.44766,-0.099775,-0.43837
305.82,-68.677,-186.16,0.53686,-0.27819,-0.3451
301.79,-173.8,-119.4,0.5247,-0.48906,-0.21129
264.33,-259.01,-40.368,0.44562,-0.66139,-0.053144
212.17,-304.91,47.129,0.33209,-0.75871,0.11717
142.74,-302.29,143.4,0.18611,-0.75669,0.30167
65.671,-262.54,222.88,0.025931,-0.68369,0.44968
-13.216,-211.52,271.12,-0.13627,-0.59043,0.53281
-99.51,-156.72,281.95,-0.31469,-0.47689,0.54903
-186.96,-95.145,261.33,-0.48702,-0.35524,0.50848
-262.52,-25.813,228.82,-0.63504,-0.21331,0.43954
-310.6,66.261,184.59,-0.72628,-0.030838,0.35236
-306.89,173.81,117.48,-0.71411,0.18407,0.21246
-267.1,258.69,36.749,-0.62895,0.35844,0.054319
-213.59,303.18,-51.527,-0.51744,0.44968,-0.12005
-143.93,300.3,-147.16,-0.36943,0.44562,-0.30049
-65.917,260.65,-226.03,-0.20521,0.37466,-0.44648
13.772,209.81,-273.89,-0.043006,0.2814,-0.53163
99.641,154.09,-285.12,0.13136,0.17191,-0.54785
186.34,90.111,-265,0.30776,0.04215,-0.5073
260.79,18.278,-232.58,0.45171,-0.1018,-0.43837
308.72,-73.253,-187.97,0.54294,-0.28833,-0.34916
305.87,-178.51,-117.91,0.53484,-0.49919,-0.20723
266.97,-260.42,-33.669,0.44766,-0.66545,-0.040975
213.77,-303.97,53.899,0.33817,-0.75263,0.13136
142.29,-301.59,146.09,0.18407,-0.75263,0.30776
60.292,-262.43,221.11,0.011738,-0.68775,0.44157
-21.519,-213.66,267.13,-0.15654,-0.59449,0.53078
-108.5,-158.51,282.77,-0.33091,-0.48297,0.55714
-192.64,-88.54,262.27,-0.49919,-0.3451,0.51051
-262.19,-15.433,228.07,-0.63504,-0.19507,0.43752
-308.14,73.644,183.2,-0.72222,-0.022731,0.34628
-301.8,176.17,112.99,-0.706,0.19016,0.20638
-261.29,256.14,31.795,-0.62084,0.35236,0.046206
-211.45,299.43,-55.325,-0.51136,0.4436,-0.12411
-142.87,296.41,-150.09,-0.36538,0.43954,-0.30253
-62.331,258.19,-228.2,-0.19709,0.37061,-0.45459
20.33,209.17,-275.83,-0.028813,0.27734,-0.53771
107.05,151.63,-284.03,0.14758,0.16583,-0.54785
191.41,85.699,-261.55,0.31384,0.032012,-0.49919
263.38,14.244,-228.01,0.45779,-0.11194,-0.42823
307.35,-76.226,-181.7,0.54092,-0.29036,-0.33902
300.42,-180.43,-114.44,0.52064,-0.50325,-0.20115
260.81,-263.89,-34.895,0.43752,-0.67153,-0.043006
207.24,-306.4,54.112,0.32195,-0.76074,0.13136
137.88,-300.45,149.42,0.17597,-0.74452,0.31384
61.118,-259.67,226.96,0.017825,-0.67761,0.45779
-18.877,-207.96,273.03,-0.14843,-0.58029,0.53889
-105.97,-152.26,281.12,-0.32686,-0.47081,0.55106
-192.72,-90.404,259.02,-0.49716,-0.34713,0.50239
-266.84,-19.373,225.59,-0.64112,-0.20115,0.43549
-312.08,73.975,180.11,-0.73033,-0.0207,0.34019
-305.55,180.3,112.66,-0.71411,0.19827,0.20638
-263.49,263.43,31.182,-0.62084,0.36656,0.04215
-208.54,304.59,-58.462,-0.50528,0.45171,-0.13221
-139.17,298.46,-153.08,-0.35727,0.4436,-0.31063
-61.175,257.74,-230.01,-0.19912,0.37061,-0.45459
19.504,206.18,-275.73,-0.030838,0.27126,-0.53569
105.89,149.56,-284.36,0.15164,0.15975,-0.54988
191.88,85.275,-262.73,0.31586,0.034044,-0.50122
265.08,11.696,-229.21,0.45779,-0.11599,-0.43431
310.11,-80.708,-183.35,0.54294,-0.30253,-0.33902
304.57,-184.44,-112.84,0.52876,-0.50933,-0.19709
263.41,-264.9,-27.96,0.43954,-0.67559,-0.030838
208.86,-305.31,60.481,0.32398,-0.75669,0.1415
137.48,-299.79,151.68,0.17597,-0.75061,0.31789
55.433,-259.5,224.69,0.0036313,-0.67761,0.45374
-27.181,-210.2,269.14,-0.16871,-0.5884,0.53281
-114.61,-153.89,282.25,-0.34308,-0.47486,0.55308
-197.74,-83.421,259.7,-0.5073,-0.33091,0.50443
-266.04,-9.0401,224.51,-0.64314,-0.1829,0.43143
-309.3,80.91,178.67,-0.72222,-0.000425,0.33817
-300.24,182.04,108.11,-0.69992,0.2003,0.19624
-257.85,260.46,26.298,-0.60867,0.35844,0.036069
-206.82,300.66,-61.788,-0.49919,0.44766,-0.13829
-138.43,294.5,-155.65,-0.35524,0.43954,-0.31469
-57.542,255.31,-232.09,-0.18898,0.36452,-0.45864
26.015,205.49,-277.52,-0.018675,0.27126,-0.5438
112.73,147.27,-283.14,0.15772,0.15975,-0.54785
196.6,80.981,-259.17,0.32398,0.023906,-0.49716
267.16,7.7799,-224.42,0.46184,-0.12613,-0.42417
308.09,-83.327,-177.22,0.54092,-0.30658,-0.32686
299.05,-186.32,-109.96,0.51862,-0.51541,-0.19304
257.39,-268.16,-29.399,0.43143,-0.67964,-0.030838
202.47,-307.46,60.434,0.31384,-0.76277,0.1415
133.56,-298.5,154.96,0.16786,-0.74655,0.32398
56.447,-256.48,230.83,0.0056562,-0.67356,0.46387
-24.327,-204.46,274.52,-0.16263,-0.57421,0.54294
-111.42,-148.53,280.41,-0.33496,-0.46473,0.547
-197.88,-86.039,256.87,-0.5073,-0.33902,0.49834
-270.64,-12.697,222.12,-0.64923,-0.18898,0.42738
-312.79,81.288,175.65,-0.73033,0.0016,0.33006
-304.06,186.12,108.13,-0.70803,0.20841,0.19421
-260.14,267.53,25.732,-0.61476,0.37466,0.034044
-204.04,305.59,-64.454,-0.49311,0.45374,-0.14235
-134.75,296.48,-158.56,-0.35119,0.44157,-0.32078
-56.363,254.47,-233.79,-0.18898,0.36452,-0.45864
24.694,202.83,-277.17,-0.0207,0.26721,-0.53974
110.89,146.19,-283.75,0.15366,0.15569,-0.54785
196.72,80.816,-260.63,0.326,0.023906,-0.49919
268.52,5.2793,-225.72,0.4659,-0.12816,-0.42823
310.78,-87.62,-178.96,0.547,-0.31469,-0.33294
303.06,-189.93,-108.1,0.5247,-0.52149,-0.18696
259.96,-268.77,-22.44,0.43346,-0.68167,-0.018675
204.59,-306.28,66.095,0.31586,-0.76277,0.15164
132.93,-297.84,156.73,0.16786,-0.74857,0.32398
50.573,-256.27,228.14,-0.0065062,-0.67153,0.45779
-32.064,-207.15,270.67,-0.17682,-0.57826,0.53686
-119.18,-150.56,281.88,-0.35321,-0.46675,0.55106
-202.06,-78.797,257.46,-0.51541,-0.32482,0.50037
-269.13,-3.0009,221.18,-0.64518,-0.17276,0.42333
-309.84,87.185,174.49,-0.72424,0.011738,0.33006
-298.5,187.11,103.6,-0.69586,0.21246,0.18611
-254.5,264.11,20.873,-0.60463,0.37061,0.021875
-203.02,301.58,-67.049,-0.49514,0.44562,-0.14641
-134.26,292.63,-160.59,-0.34916,0.43549,-0.32686
-52.871,252.15,-235.56,-0.17682,0.36047,-0.46473
30.615,202.38,-278.7,-0.0085375,0.26721,-0.54177
116.98,144.2,-282.5,0.16786,0.15366,-0.54177
201.01,76.782,-257.12,0.33411,0.017825,-0.49311
270.13,1.953,-221.14,0.46996,-0.13221,-0.41606
308.35,-89.318,-173.42,0.53889,-0.32078,-0.31874
297.4,-191.44,-105.69,0.51253,-0.52555,-0.1829
254.04,-271.67,-24.162,0.42129,-0.68978,-0.022731
198.96,-308.21,65.199,0.3037,-0.76479,0.15164
129.6,-296.54,159.75,0.15569,-0.74655,0.33411
52.012,-253.15,234.22,-0.0044813,-0.66545,0.46996
-28.691,-201.4,275.53,-0.17074,-0.5661,0.547
-115.5,-145.94,279.8,-0.34308,-0.46067,0.54903
-202.1,-82.241,255.03,-0.51541,-0.33091,0.49631
-273.51,-7.1529,219.24,-0.65531,-0.17884,0.42333
-313.12,87.02,172.21,-0.73033,0.0097125,0.32195
-302.34,191.03,103.84,-0.70397,0.21854,0.18407
-256.86,270.72,20.66,-0.60867,0.38277,0.021875
-200.83,306.34,-68.748,-0.48906,0.45576,-0.15046
-130.98,294.57,-163.09,-0.34105,0.43752,-0.33091
-51.928,251.09,-236.97,-0.17682,0.35642,-0.46675
28.87,199.9,-278.21,-0.012594,0.25909,-0.54177
114.74,143.71,-283.33,0.15975,0.14961,-0.54583
200.56,76.924,-258.82,0.33411,0.017825,-0.49311
271.03,0.27815,-223.05,0.46996,-0.13829,-0.42012
311.06,-92.668,-175.82,0.54294,-0.32482,-0.3228
301.41,-194.41,-103.76,0.51862,-0.53163,-0.17682
256.97,-271.7,-17.603,0.42941,-0.68572,-0.0085375
201.81,-307.11,69.87,0.30978,-0.76277,0.15772
129.13,-296.14,160.88,0.15569,-0.74452,0.33411
46.114,-253.06,230.92,-0.014619,-0.66342,0.4659
-35.933,-204.53,271.76,-0.1829,-0.57624,0.53686
-122.7,-147.96,281.55,-0.35727,-0.4627,0.54903
-205.5,-74.952,255.53,-0.52149,-0.31469,0.49226
-271.41,1.5284,218.65,-0.65328,-0.16466,0.42129
-309.94,91.88,171.54,-0.72628,0.021875,0.32195
-296.68,191.15,99.57,-0.68978,0.21854,0.17597
-251.81,266.68,16.603,-0.59651,0.37061,0.015794
-200.67,302.31,-70.706,-0.49311,0.44766,-0.15452
-130.84,291.01,-164.55,-0.34105,0.43143,-0.33091
-48.649,249.28,-238.34,-0.16668,0.35439,-0.47081
34.201,199.99,-279.55,-0.0024563,0.26113,-0.5438
120.33,141.92,-281.91,0.17191,0.14758,-0.54583
204.41,73.243,-255.32,0.34019,0.013769,-0.48702
272.28,-2.3876,-218.85,0.46996,-0.14438,-0.41404
308.44,-93.753,-170.85,0.53686,-0.32888,-0.31266
295.87,-195.5,-101.99,0.51253,-0.53366,-0.17479
251.42,-274.1,-19.986,0.41521,-0.69181,-0.014619
196.69,-308.88,68.643,0.29964,-0.76479,0.15975
126.37,-294.96,163.64,0.15164,-0.74249,0.34223
48.261,-250.28,236.82,-0.012594,-0.65937,0.47401
-32.017,-199.16,276.4,-0.17884,-0.56407,0.54497
-118.78,-143.95,279.28,-0.34916,-0.45459,0.54497
-205.5,-78.891,253.33,-0.52149,-0.32686,0.49226
-275.61,-3.0717,217.15,-0.65734,-0.17074,0.41724
-313.17,91.314,169.78,-0.73033,0.023906,0.31789
-300.69,194.95,100.11,-0.69992,0.23071,0.17799
-254.45,272.94,16.839,-0.60463,0.38683,0.01985
-198.75,306.98,-72.027,-0.48702,0.45779,-0.15654
-127.77,293.01,-166.79,-0.33699,0.43549,-0.33902
-48.271,248.45,-239.4,-0.16871,0.35033,-0.47284
31.842,198.04,-278.96,-0.0044813,0.25707,-0.5438
117.85,141.68,-282.71,0.16786,0.14556,-0.54177
203.65,73.762,-257.14,0.33614,0.015794,-0.49108
272.91,-3.4727,-221.12,0.47401,-0.14843,-0.41201
311.2,-96.679,-173.35,0.547,-0.33699,-0.31672
299.85,-198.19,-99.863,0.51456,-0.53569,-0.17074
254.72,-273.75,-14.018,0.42129,-0.69383,-0.000425
199.69,-307.67,72.913,0.30776,-0.76277,0.16786
125.8,-294.6,164.23,0.15164,-0.74249,0.34019
42.623,-250.56,233.02,-0.018675,-0.66139,0.46793
-38.575,-202.95,272.63,-0.18898,-0.57016,0.53889
-125.69,-145.7,281.08,-0.36538,-0.45864,0.54903
-208.26,-71.673,253.95,-0.52961,-0.30861,0.49226
-273.11,4.7839,216.98,-0.65734,-0.15654,0.41521
-309.91,95.584,169.19,-0.72424,0.027962,0.31586
-294.77,194.59,95.89,-0.68978,0.22666,0.17191
-249.92,268.6,13.394,-0.59449,0.37669,0.0097125
-198.87,302.87,-73.584,-0.48702,0.45171,-0.1606
-127.72,289.64,-167.83,-0.33294,0.42738,-0.33902
-45.44,247.08,-240.46,-0.16466,0.34831,-0.47486
36.49,198.37,-280.21,0.0056562,0.25909,-0.5438
123.11,139.77,-281.3,0.17799,0.14352,-0.54177
206.98,70.295,-253.77,0.34628,0.0016,-0.48297
273.83,-5.242,-217.41,0.47604,-0.15249,-0.40998
308.37,-97.386,-168.58,0.53889,-0.33699,-0.30455
294.19,-198.92,-98.448,0.50443,-0.54177,-0.16668
249.72,-275.78,-17.273,0.41319,-0.69586,-0.0085375
194.95,-309.3,71.309,0.29762,-0.76682,0.16178
123.47,-293.45,166.73,0.14352,-0.74047,0.34425
45.336,-248.08,238.8,-0.016644,-0.65531,0.47807
-34.14,-197.83,277.09,-0.18088,-0.56204,0.547
-121.52,-142,278.6,-0.35524,-0.45256,0.54497
-208,-76.367,252.06,-0.52758,-0.32078,0.49023
-277.12,-0.57114,216.06,-0.66342,-0.16871,0.41724
-313.1,94.852,167.68,-0.7283,0.027962,0.31586
-299.06,198.11,96.692,-0.69586,0.23476,0.17191
-252.94,274.38,14.244,-0.59854,0.38886,0.011738
-197.2,307.45,-74.48,-0.48297,0.45779,-0.1606
-124.92,291.62,-169.79,-0.32888,0.43346,-0.34308
-45.417,246.35,-241.29,-0.16263,0.34831,-0.47689
33.847,196.86,-279.65,-0.000425,0.25504,-0.5438
120.45,139.6,-282.15,0.17394,0.14352,-0.54177
205.82,71.309,-256.01,0.34223,0.011738,-0.48906
274.26,-5.5959,-220.29,0.47807,-0.14843,-0.41809
311.22,-99.863,-171.34,0.547,-0.33902,-0.31469
298.3,-201.09,-96.584,0.51456,-0.54785,-0.16466
253.47,-275.09,-11.989,0.41927,-0.69586,-0.000425
198.27,-308.05,75.154,0.3037,-0.76277,0.16989
122.81,-293.26,166.99,0.1415,-0.73844,0.34425
40.004,-248.65,234.58,-0.0207,-0.65937,0.46793
-40.415,-201.92,273.34,-0.19304,-0.57218,0.54294
-128.15,-143.6,280.53,-0.36943,-0.45661,0.54903
-210.15,-69.455,252.7,-0.53163,-0.30455,0.48821
-274.29,6.5296,216.2,-0.65937,-0.15249,0.41521
-309.75,98.509,167.2,-0.72424,0.036069,0.31384
-293.28,197.09,92.941,-0.68572,0.23274,0.16583
-249.05,269.8,11.672,-0.59043,0.38277,0.0056562
-197.46,303.3,-75.825,-0.485,0.45171,-0.16668
-124.94,288.32,-170.54,-0.32888,0.42535,-0.3451
-43.034,245.38,-241.97,-0.15857,0.34831,-0.47892
38.164,197.28,-280.73,0.0056562,0.25504,-0.54583
125.4,137.81,-280.57,0.18407,0.13744,-0.54177
208.82,68.337,-252.78,0.34628,0.0016,-0.485
274.94,-6.8698,-216.8,0.48009,-0.15249,-0.40998
308.2,-100.19,-166.79,0.53889,-0.34105,-0.30455
292.8,-201.3,-95.806,0.50443,-0.54583,-0.16263
248.8,-276.91,-15.669,0.40913,-0.69789,-0.0024563
193.46,-309.58,73.597,0.29559,-0.76682,0.16786
120.99,-292.2,169.19,0.1415,-0.73641,0.34425
43.284,-246.57,240.19,-0.018675,-0.64923,0.48009
-35.768,-196.89,277.58,-0.18493,-0.55799,0.547
-123.81,-140.11,277.94,-0.36335,-0.44648,0.54092
-209.7,-74.574,251.02,-0.53163,-0.31672,0.49023
-278.11,0.89147,215.56,-0.66545,-0.16466,0.41724
-312.96,97.542,165.98,-0.7283,0.034044,0.31181
-297.84,200.4,94.239,-0.69383,0.24085,0.16786
-252.09,275.51,12.97,-0.59854,0.38886,0.0097125
-195.85,307.71,-76.603,-0.48094,0.45982,-0.16466
-122.72,290.53,-171.96,-0.3228,0.42941,-0.34713
-43.694,245.08,-242.47,-0.1606,0.34628,-0.47689
35.31,195.8,-280.07,0.0016,0.25301,-0.54583
122.59,137.72,-281.46,0.17799,0.13744,-0.5438
207.45,69.634,-255.14,0.34628,0.0016,-0.485
275.3,-6.8933,-219.84,0.48009,-0.15249,-0.41606
311.11,-102.39,-169.6,0.54497,-0.34713,-0.31063
297.21,-203.07,-94.367,0.51253,-0.54988,-0.1606
252.72,-276.01,-10.597,0.41724,-0.69789,0.0016
196.93,-308.29,77.136,0.30167,-0.76277,0.17597
120.68,-292.39,168.88,0.13947,-0.74047,0.35033
38.518,-247.71,235.59,-0.030838,-0.65734,0.47401
-41.878,-201.07,273.88,-0.19709,-0.5661,0.54294
-130.22,-141.71,279.87,-0.37551,-0.45053,0.547
-211.47,-67.922,251.92,-0.52961,-0.30253,0.49023
-275.14,7.7563,215.78,-0.65937,-0.14843,0.41724
-309.54,100.91,165.41,-0.72424,0.040125,0.30776
-292.34,198.79,91.007,-0.68167,0.23476,0.16178
-248.44,270.7,10.398,-0.59043,0.38277,0.0016
-196.23,303.53,-77.712,-0.48094,0.45171,-0.16871
-123.01,287.47,-172.36,-0.3228,0.42129,-0.34713
-41.854,244.68,-242.89,-0.15654,0.34628,-0.47892
39.651,196.29,-281.11,0.011738,0.25301,-0.54583
127.27,136.02,-279.93,0.19016,0.13339,-0.53771
210.07,67.11,-252.14,0.35033,-0.0044813,-0.48297
275.81,-8.0965,-216.38,0.48212,-0.15452,-0.40998
307.9,-102.58,-165.04,0.53686,-0.34713,-0.30253
292.04,-202.88,-94.272,0.50037,-0.54988,-0.1606
248.26,-277.81,-14.513,0.40913,-0.69789,-0.0024563
192.21,-309.77,75.461,0.28951,-0.76682,0.17191
119.34,-291.42,170.93,0.13947,-0.73438,0.35439
42.387,-245.91,241.07,-0.0207,-0.65126,0.48212
-37.184,-195.83,277.94,-0.18696,-0.55596,0.547
-125.58,-138.65,277.32,-0.36335,-0.44243,0.54294
-210.79,-73.678,250.67,-0.53366,-0.31266,0.48415
-278.99,2.0474,215.21,-0.66748,-0.16263,0.41521
-312.77,99.853,164.33,-0.7283,0.036069,0.30776
-297.22,201.74,92.965,-0.69181,0.24085,0.1638
-251.57,276.26,11.861,-0.59651,0.39291,0.0056562
-194.53,307.78,-78.49,-0.47486,0.45982,-0.17074
-121.12,289.78,-173.58,-0.32078,0.42738,-0.34916
-42.822,244.49,-243.29,-0.15857,0.34425,-0.47892
36.725,194.88,-280.43,0.0036313,0.25099,-0.54583
124.15,136.37,-281.02,0.18002,0.13542,-0.53974
208.49,68.997,-254.97,0.34628,0.0016,-0.48702
276.19,-8.0493,-219.44,0.48009,-0.15452,-0.41404
310.94,-104.51,-167.99,0.54497,-0.34916,-0.30658
296.74,-204.23,-93.447,0.50848,-0.55191,-0.1606
252.22,-276.79,-9.5355,0.41724,-0.69789,0.0056562
195.63,-308.45,78.952,0.29762,-0.76479,0.18002
119.15,-291.73,170.39,0.13339,-0.73641,0.35236
37.716,-247.23,236.39,-0.034894,-0.65328,0.47401
-43.27,-200.1,274.3,-0.19912,-0.5661,0.54092
-131.62,-140.39,279.45,-0.37754,-0.44851,0.54497
-212.23,-67.474,251.8,-0.53569,-0.30049,0.48821
-275.85,8.8651,215.33,-0.66139,-0.14641,0.41319
-309.44,102.92,163.88,-0.72019,0.04215,0.30776
-292.08,199.88,90.229,-0.68167,0.23679,0.15975
-248.04,271.57,9.4312,-0.59246,0.38277,-0.000425
-194.84,303.72,-79.623,-0.47689,0.45374,-0.17276
-121.59,286.9,-173.8,-0.31874,0.42333,-0.35119
-41.123,244.3,-243.69,-0.15654,0.34223,-0.48094
41.019,195.28,-281.44,0.013769,0.25099,-0.54785
128.68,134.79,-279.62,0.18813,0.13136,-0.53771
210.89,66.78,-252.19,0.35236,-0.0044813,-0.48094
276.59,-9.1816,-215.93,0.48212,-0.15857,-0.40998
307.69,-104.51,-163.68,0.53889,-0.35119,-0.30253
291.83,-203.94,-93.636,0.50239,-0.54785,-0.1606
247.79,-278.66,-13.452,0.40711,-0.70194,-0.0024563
190.87,-309.91,77.325,0.28748,-0.76885,0.17597
118.09,-290.88,172.35,0.13542,-0.70397,0.35844
41.656,-245.51,241.92,-0.018675,-0.65126,0.48415
-38.67,-194.74,278.24,-0.19101,-0.55596,0.547
-127.02,-137.49,276.99,-0.36741,-0.44039,0.54092
-211.71,-73.442,250.71,-0.53366,-0.31672,0.48821
-279.86,3.2505,214.76,-0.66951,-0.15857,0.41319
-312.72,101.88,163.05,-0.72628,0.040125,0.30776
-296.99,202.94,92.281,-0.69383,0.2449,0.16178
-250.98,277.14,10.634,-0.59651,0.39291,0.0016
-193.23,307.99,-80.283,-0.47284,0.45982,-0.17479
-119.94,289.36,-174.93,-0.31874,0.43143,-0.35119
-42.067,244.11,-244.21,-0.15249,0.34425,-0.48297
38.377,193.65,-280.78,0.0076813,0.24693,-0.5438
125.68,135.22,-280.71,0.18611,0.13542,-0.53771
209.45,68.643,-255.04,0.35033,-0.000425,-0.48702
277.09,-9.3468,-218.95,0.48212,-0.15452,-0.41404
310.87,-106.37,-166.77,0.547,-0.35727,-0.30455
296.5,-205.41,-92.645,0.51051,-0.55394,-0.15857
251.63,-277.76,-8.1673,0.41724,-0.70194,0.0076813
194.31,-308.78,80.84,0.29356,-0.76479,0.18002
117.97,-291.44,171.66,0.13136,-0.73641,0.35236
36.749,-246.81,237.36,-0.034894,-0.65328,0.47604
-45.11,-198.85,274.75,-0.20318,-0.56407,0.54294
-133.17,-139.17,279.21,-0.37957,-0.44445,0.547
-213.19,-67.025,251.71,-0.53771,-0.30049,0.48821
-276.86,10.28,214.76,-0.66342,-0.14235,0.41319
-309.44,104.83,162.65,-0.72424,0.050263,0.30573
-291.75,201.17,89.403,-0.68167,0.23882,0.15366
-247.37,272.61,7.9687,-0.5884,0.38683,-0.0044813
-193.61,303.98,-81.557,-0.47284,0.45171,-0.17479
-120.58,286.67,-175.14,-0.32078,0.42333,-0.35119
-39.92,243.68,-244.8,-0.15046,0.34425,-0.48297
42.953,193.86,-281.84,0.013769,0.25099,-0.54785
130.21,133.66,-279.39,0.18407,0.13136,-0.53771
212.07,66.237,-252.09,0.35439,-0.0024563,-0.48094
277.68,-10.857,-215.13,0.48415,-0.15857,-0.40796
307.76,-106.52,-162.54,0.53484,-0.35524,-0.29847
291.6,-205.45,-92.716,0.49834,-0.55394,-0.15654
247.01,-279.79,-11.729,0.40711,-0.70194,0.0036313
189.54,-310.22,79.353,0.28545,-0.76682,0.18002
117.17,-290.71,173.72,0.13339,-0.73641,0.35844
40.358,-244.76,243.19,-0.018675,-0.64923,0.48415
-40.675,-193.42,278.72,-0.19304,-0.55191,0.547
-128.62,-136.59,276.83,-0.37146,-0.44039,0.54092
-213.05,-72.758,250.64,-0.53771,-0.31266,0.48617
-281.06,5.2557,213.82,-0.67356,-0.15452,0.41116
-312.93,103.93,162.01,-0.7283,0.046206,0.3037
-296.66,204.67,91.149,-0.68978,0.24693,0.15975
-250.13,278.39,8.6292,-0.59246,0.39697,-0.0044813
-191.87,308.35,-82.524,-0.46878,0.45982,-0.17479
-119,289.24,-176.53,-0.31672,0.42535,-0.35321
-40.486,243.19,-245.65,-0.15046,0.34223,-0.48094
40.429,192.28,-281.35,0.0097125,0.2449,-0.54583
127.34,134.39,-280.73,0.18611,0.13339,-0.54177
211.06,67.77,-254.85,0.35439,-0.0024563,-0.48702
278.34,-11.541,-217.89,0.48617,-0.16263,-0.40998
311.22,-108.43,-165.85,0.547,-0.35727,-0.30455
296.2,-207.29,-91.253,0.50848,-0.55596,-0.15249
250.53,-279.2,-5.8082,0.41319,-0.69992,0.0097125
192.78,-309.11,83.199,0.28951,-0.76682,0.18611
116.81,-291.23,173.38,0.13136,-0.73438,0.36047
34.885,-245.75,238.82,-0.040975,-0.64923,0.47807
-47.28,-197.48,275.39,-0.20723,-0.56002,0.547
-134.8,-138.27,279.19,-0.38362,-0.44445,0.54092
-214.87,-65.822,251.3,-0.54177,-0.30049,0.48617
-278.25,12.616,213.61,-0.66545,-0.14033,0.41116
-309.77,107,161.71,-0.72019,0.048238,0.30167
-291.16,203.25,87.799,-0.67964,0.24287,0.15569
-246.03,274.07,5.3265,-0.58435,0.38886,-0.0065062
-191.96,304.41,-84.105,-0.47081,0.45171,-0.17884
-119.33,286.45,-177.08,-0.31672,0.42129,-0.35524
-37.773,242.5,-246.5,-0.14641,0.34019,-0.485
45.265,192.35,-282.45,0.017825,0.24896,-0.54785
131.96,132.88,-279.36,0.19624,0.12731,-0.53771
213.96,64.892,-251.6,0.36047,-0.0085375,-0.47892
279.14,-13.357,-213.9,0.48617,-0.16668,-0.40187
308.09,-108.85,-161.67,0.54294,-0.35929,-0.29644
290.94,-207.96,-90.875,0.49834,-0.55799,-0.15249
245.43,-281.42,-8.8042,0.40102,-0.70803,0.0076813
187.82,-310.57,82.208,0.28342,-0.76885,0.18611
115.8,-290.29,175.91,0.12731,-0.73236,0.36047
38.117,-243.27,245.01,-0.034894,-0.64518,0.49226
-43.105,-191.82,279.38,-0.20115,-0.54988,0.55106
-130.58,-135.82,276.78,-0.37551,-0.44243,0.54092
-215.22,-71.201,250.03,-0.53771,-0.30658,0.48617
-282.74,7.945,212.62,-0.67356,-0.14641,0.40913
-313.26,106.53,161.05,-0.73033,0.054319,0.3037
-295.78,207.31,89.025,-0.68978,0.25504,0.15772
-248.37,280.04,5.468,-0.59043,0.40102,-0.0085375
-190.05,308.65,-86.11,-0.46878,0.46184,-0.1829
-117.44,288.74,-178.82,-0.31266,0.42738,-0.35929
-37.891,241.58,-247.63,-0.14641,0.34019,-0.48702
43.095,190.54,-282.08,0.017825,0.24085,-0.54785
129.51,133.38,-280.61,0.19219,0.12934,-0.53974
213.28,65.93,-254.12,0.35642,-0.0044813,-0.48702
280.04,-14.254,-216.71,0.48821,-0.16668,-0.40998
311.62,-111.19,-164.62,0.54497,-0.36538,-0.29847
295.23,-210.2,-88.729,0.50645,-0.56407,-0.14843
248.73,-280.99,-2.5527,0.41116,-0.706,0.011738
190.91,-309.56,86.053,0.28748,-0.76885,0.19219
114.81,-290.64,175.84,0.12731,-0.73844,0.3625
31.866,-243.95,240.76,-0.045031,-0.64923,0.48212
-50.158,-195.69,276.31,-0.21331,-0.55596,0.54497
-137.16,-136.88,279.09,-0.38971,-0.44039,0.54903
-217.2,-63.699,250.31,-0.54988,-0.29644,0.48617
-279.98,15.282,212.45,-0.66748,-0.13424,0.40711
-310.1,109.97,160.32,-0.72628,0.056344,0.29964
-289.93,206.2,85.039,-0.67964,0.25301,0.14961
-244.26,275.91,1.953,-0.58232,0.39291,-0.016644
-190.22,304.95,-87.195,-0.46675,0.45374,-0.18696
-117.08,285.72,-179.95,-0.31266,0.42129,-0.36133
-34.494,240.62,-248.67,-0.14033,0.34019,-0.48906
48.19,190.39,-283.07,0.029988,0.24287,-0.54988
134.51,131.39,-279.01,0.20232,0.12731,-0.53771
216.58,62.604,-250.61,0.36656,-0.012594,-0.47892
280.96,-16.188,-212.67,0.49023,-0.16871,-0.40187
308.27,-112.13,-160.26,0.54092,-0.36538,-0.29036
289.61,-211.3,-87.95,0.49631,-0.56812,-0.14641
243.5,-283.33,-5.0769,0.39899,-0.71006,0.0097125
185.93,-310.98,85.416,0.27734,-0.76885,0.19016
113.42,-289.32,178.98,0.12528,-0.73236,0.36858
34.838,-241.15,247.27,-0.03895,-0.64112,0.49429
-46.054,-189.98,280.18,-0.20723,-0.54583,0.55106
-133.5,-134.28,276.38,-0.37957,-0.43431,0.54092
-218.1,-68.724,248.78,-0.54785,-0.30253,0.48212
-284.67,10.776,211.53,-0.67761,-0.14438,0.40507
-313.55,110.02,159.54,-0.73033,0.056344,0.29964
-294.32,210.92,85.699,-0.68775,0.25909,0.15164
-246.24,282.04,1.5756,-0.58637,0.40305,-0.014619
-188.21,309.1,-88.729,-0.4627,0.45982,-0.18898
-114.75,287.73,-182.1,-0.30861,0.42535,-0.36538
-34.541,239.44,-249.92,-0.14235,0.33614,-0.49108
46.091,188.74,-282.95,0.017825,0.23882,-0.54785
132.69,131.51,-280.21,0.19827,0.12528,-0.53771
216.32,63.1,-252.75,0.36452,-0.010563,-0.48094
282.11,-17.108,-215.76,0.49226,-0.17479,-0.40796
312,-114.84,-162.83,0.54497,-0.36943,-0.29847
293.67,-213.92,-85.001,0.50239,-0.57218,-0.14235
246.52,-282.93,1.434,0.40102,-0.71208,0.027962
188.88,-310.01,89.521,0.28342,-0.76885,0.19827
111.7,-289.53,179.16,0.1192,-0.73438,0.36858
28.28,-241.88,243,-0.051112,-0.64518,0.48617
-53.131,-194.11,277.39,-0.21737,-0.55596,0.54903
-140.46,-134.49,278.53,-0.39579,-0.43229,0.54497
-220.29,-60.562,248.73,-0.55191,-0.29036,0.48212
-282.08,17.947,211.65,-0.67559,-0.12816,0.40305
-310.43,113.87,158.33,-0.72628,0.066481,0.29964
-288.07,210.07,81.075,-0.67153,0.26113,0.13947
-242.09,278.01,-2.1988,-0.57624,0.39697,-0.018675
-188.14,305.42,-90.899,-0.46473,0.45374,-0.19304
-113.73,284.47,-183.56,-0.30455,0.41927,-0.36741
-30.791,238.52,-251.13,-0.13221,0.33614,-0.49311
51.092,188.72,-284.08,0.034044,0.23882,-0.55394
138.07,128.89,-278.3,0.20638,0.12325,-0.53771
219.88,59.467,-249.05,0.37061,-0.018675,-0.47284
283.22,-18.948,-211.78,0.49226,-0.17682,-0.39984
308.56,-116.35,-158.16,0.54092,-0.37349,-0.29036
287.73,-215.53,-83.893,0.49226,-0.57624,-0.13829
241.02,-285.47,-0.68909,0.39291,-0.71614,0.021875
183.6,-311.28,89.474,0.27329,-0.76885,0.2003
109.95,-287.81,182.8,0.11717,-0.73033,0.37466
31.252,-238.79,249.77,-0.049087,-0.63909,0.50037
-49.167,-188.28,281.22,-0.21331,-0.5438,0.55511
-137.44,-131.78,275.63,-0.38768,-0.43026,0.53889
-221.61,-65.469,247.15,-0.55596,-0.29644,0.48009
-287.03,13.866,210.59,-0.68167,-0.13627,0.40305
-313.92,114.55,157.32,-0.73033,0.068513,0.29559
-292.24,215.28,81.358,-0.68369,0.27126,0.14352
-243.62,284.21,-3.0481,-0.58029,0.41116,-0.047056
-185.61,309.27,-93.117,-0.45864,0.45982,-0.19507
-110.9,285.98,-186.2,-0.30049,0.42333,-0.37551
-30.791,237.01,-252.59,-0.13221,0.33006,-0.49716
49.37,186.97,-284.08,0.029988,0.23882,-0.55191
136.87,128.68,-279.34,0.20638,0.1192,-0.53771
219.98,59.632,-251.08,0.37061,-0.018675,-0.47892
284.66,-20.316,-214.68,0.49631,-0.17884,-0.4039
312.36,-119.51,-160.23,0.547,-0.37754,-0.29036
291.45,-218.29,-80.283,0.49834,-0.57826,-0.13019
243.83,-285.07,5.987,0.39697,-0.71411,0.0381
185.93,-310.17,94.027,0.27734,-0.76885,0.20841
107.31,-287.62,183.39,0.11109,-0.72628,0.37466
24.246,-239.52,245.52,-0.06125,-0.64112,0.49226
-56.693,-192.2,278.76,-0.22548,-0.54988,0.55106
-144.83,-131.1,277.49,-0.40187,-0.42823,0.54092
-223.76,-57,246.85,-0.56204,-0.28225,0.47807
-284.58,21.132,210.42,-0.67964,-0.12411,0.40305
-310.6,118.75,155.41,-0.72628,0.074594,0.29154
-285.64,214.38,76.334,-0.66951,0.26721,0.13136
-239.59,280.2,-6.6811,-0.57421,0.40102,-0.026781
-184.98,305.51,-95.829,-0.45661,0.45779,-0.20318
-109.18,282.44,-188.02,-0.29847,0.41724,-0.37551
-26.544,236.06,-253.86,-0.12208,0.33006,-0.49716
54.843,186.48,-284.98,0.04215,0.23476,-0.55394
142.62,125.45,-277.12,0.21854,0.11311,-0.53163
223.54,55.952,-247.23,0.37872,-0.024756,-0.47081
285.7,-22.345,-210.46,0.49834,-0.1829,-0.39782
308.58,-121.5,-155.18,0.53889,-0.38565,-0.28225
285.39,-220.17,-79.269,0.48821,-0.58232,-0.13221
238.35,-287.67,3.8875,0.38886,-0.72222,0.036069
180.13,-311,94.687,0.26517,-0.77088,0.20841
105.37,-285.52,187.28,0.10703,-0.72222,0.3848
27.289,-236.22,252.37,-0.057194,-0.63301,0.50443
-52.918,-186.04,282.14,-0.21939,-0.53771,0.55308
-142.23,-128.34,274.33,-0.39984,-0.42417,0.53281
-225.53,-62.048,245.24,-0.56204,-0.29239,0.47807
-289.58,17.57,209.15,-0.68775,-0.12816,0.40305
-314.02,119.88,154.21,-0.73236,0.076619,0.28951
-289.93,219.93,76.758,-0.67761,0.27937,0.13339
-241.01,286.34,-7.5775,-0.57421,0.41319,-0.034894
-182.03,308.98,-98.519,-0.45053,0.46184,-0.20723
-106.33,283.69,-190.64,-0.28833,0.41724,-0.3816
-26.851,234.63,-255.18,-0.12613,0.32803,-0.50325
53.286,184.66,-285.05,0.0381,0.23274,-0.55394
141.82,124.81,-278.02,0.21652,0.11109,-0.53569
223.84,56.211,-249.4,0.37872,-0.024756,-0.47486
287.23,-24.138,-213.26,0.50443,-0.18898,-0.39984
312.45,-124.89,-156.83,0.54497,-0.38971,-0.28631
289.26,-222.7,-75.589,0.49429,-0.59043,-0.12005
241.28,-287.27,10.422,0.39291,-0.71816,0.046206
182.09,-309.91,99.452,0.26721,-0.76682,0.21854
102.38,-285.31,187.7,0.10095,-0.72628,0.3848
20.377,-237.42,247.98,-0.069363,-0.63301,0.49631
-60.821,-189.88,280.01,-0.23562,-0.54583,0.55106
-149.78,-126.73,276.1,-0.41404,-0.42012,0.53686
-227.35,-53.697,245.17,-0.5661,-0.27211,0.4659
-287.27,24.883,208.86,-0.68369,-0.11397,0.40102
-310.55,124.18,151.89,-0.72628,0.084731,0.28342
-283.23,218.77,71.757,-0.66545,0.27531,0.12528
-237.16,282.37,-11.14,-0.56812,0.40507,-0.03895
-181.04,305.14,-101.51,-0.44648,0.45171,-0.21331
-104.25,280.27,-192.5,-0.28428,0.41116,-0.38362
-22.746,234.13,-256.5,-0.11599,0.326,-0.50325
59.089,183.86,-285.83,0.052288,0.23071,-0.55394
147.55,121.27,-275.64,0.22868,0.10501,-0.52961
227.24,52.932,-245.63,0.3848,-0.030838,-0.46675
288.34,-26.308,-208.69,0.50239,-0.19304,-0.39376
308.46,-127.11,-151.6,0.53889,-0.39579,-0.27617
283.13,-224.8,-74.74,0.48415,-0.59043,-0.12208
235.78,-289.86,8.6292,0.38277,-0.72222,0.04215
175.98,-310.39,100.63,0.25707,-0.76682,0.22057
100.68,-283,191.79,0.096894,-0.72019,0.39291
23.656,-234.07,254.87,-0.06125,-0.62895,0.50848
-57.377,-183.47,283.08,-0.22953,-0.53569,0.55714
-147.42,-124.42,272.98,-0.40796,-0.41606,0.53281
-229.52,-58.981,243.64,-0.57218,-0.28428,0.47401
-292.22,21.911,207.24,-0.69383,-0.12005,0.39697
-313.88,125.83,150.45,-0.73033,0.086756,0.28342
-287.67,224.53,72.229,-0.67356,0.28748,0.12528
-238.17,288.51,-12.296,-0.56812,0.41724,-0.040975
-177.62,308.18,-104.68,-0.44039,0.45982,-0.22143
-101.54,281,-195.22,-0.28022,0.41521,-0.38768
-23.218,232.48,-257.68,-0.11802,0.32398,-0.5073
57.768,181.92,-286.02,0.046206,0.22666,-0.55799
146.94,120.75,-276.67,0.22868,0.10501,-0.53163
227.86,52.956,-247.78,0.3848,-0.032869,-0.47284
289.95,-28.597,-211.12,0.50848,-0.19507,-0.39579
312.36,-130.72,-152.71,0.547,-0.39984,-0.27819
287.07,-227.11,-70.894,0.49226,-0.59854,-0.11397
238.4,-289.48,15.14,0.38683,-0.72628,0.054319
177.3,-309.11,105.54,0.25909,-0.76682,0.23071
97.235,-282.64,192.14,0.088788,-0.72424,0.39291
16.438,-235.32,250.38,-0.075444,-0.62895,0.50239
-65.563,-187.15,281.24,-0.24373,-0.54177,0.55308
-154.78,-122.25,274.73,-0.42417,-0.41404,0.53686
-231.22,-50.205,243.4,-0.57624,-0.26603,0.46996
-289.98,29.412,206.69,-0.68775,-0.10991,0.39494
-310.24,129.93,147.79,-0.72424,0.096894,0.27531
-281.06,222.97,67.393,-0.65734,0.28545,0.11514
-234.4,284.52,-15.905,-0.56002,0.41319,-0.049087
-176.27,304.31,-107.93,-0.43431,0.45374,-0.22953
-99.038,277.65,-197.17,-0.27211,0.40711,-0.39376
-18.712,232.01,-259.08,-0.10788,0.31992,-0.5073
63.902,180.79,-286.46,0.062425,0.2226,-0.55596
152.44,117.26,-274.29,0.23679,0.094869,-0.52961
231.23,49.606,-243.98,0.39291,-0.03895,-0.4627
290.91,-31.074,-206.23,0.51051,-0.20115,-0.38565
308.16,-132.94,-147.68,0.53889,-0.40593,-0.27008
281.19,-229.16,-70.729,0.47807,-0.60057,-0.11599
232.74,-291.91,13.489,0.37669,-0.7283,0.050263
171.1,-309.3,107,0.2449,-0.76885,0.23071
95.725,-280.21,196.27,0.086756,-0.69586,0.40305
19.717,-231.66,257.37,-0.073419,-0.62287,0.51253
-62.307,-180.31,283.65,-0.23967,-0.52758,0.55714
-152.4,-120.81,271.73,-0.41809,-0.40998,0.52876
-233.67,-55.631,241.96,-0.58029,-0.27819,0.46793
-294.84,26.983,204.62,-0.69789,-0.10991,0.39088
-313.57,131.7,146.56,-0.7283,0.10095,0.27329
-285.76,228.8,68.36,-0.66951,0.29762,0.1192
-235.16,290.68,-17.297,-0.56204,0.42129,-0.051112
-172.64,307.07,-110.9,-0.43229,0.45779,-0.23359
-96.702,278.24,-199.53,-0.27008,0.40711,-0.39782
-19.09,229.98,-260.21,-0.10991,0.31789,-0.51136
62.864,178.65,-286.65,0.058375,0.22057,-0.55596
151.73,117.24,-275.61,0.23679,0.096894,-0.52961
232.01,49.346,-246.12,0.39291,-0.040975,-0.46878
292.59,-33.787,-208.47,0.51051,-0.20723,-0.38971
312.1,-136.48,-148.72,0.547,-0.41201,-0.26806
285.42,-231.26,-66.931,0.48821,-0.60463,-0.10788
235.36,-291.63,20.047,0.38074,-0.7283,0.064456
172.21,-308.14,111.44,0.2449,-0.76682,0.24287
92.328,-280,196.17,0.076619,-0.71614,0.39899
12.144,-232.98,252.72,-0.085581,-0.62692,0.50443
-70.824,-183.82,282.09,-0.25994,-0.53366,0.55714
-159.31,-118.64,273.81,-0.43431,-0.40187,0.53484
-235.2,-46.525,241.58,-0.58435,-0.26198,0.46793
-292.69,34.579,203.82,-0.69586,-0.095719,0.38886
-309.7,135.5,143.76,-0.72628,0.10906,0.26923
-279.32,227.01,63.689,-0.65531,0.29356,0.10906
-231.59,286.78,-20.953,-0.55799,0.41521,-0.057194
-171.44,303.34,-114.02,-0.4262,0.45171,-0.23562
-94.438,275.3,-201.37,-0.264,0.40102,-0.40187
-14.159,229.41,-261.65,-0.095719,0.31789,-0.51136
69.209,177.21,-286.87,0.072563,0.21652,-0.55596
156.9,114.01,-273.4,0.2449,0.090812,-0.52353
235.36,45.902,-242.21,0.39899,-0.047056,-0.4627
293.48,-36.499,-203.14,0.51456,-0.21331,-0.37957
307.73,-138.74,-143.69,0.53686,-0.41809,-0.25792
279.49,-233.41,-67.002,0.47604,-0.61071,-0.10586
229.48,-294.13,18.679,0.37061,-0.73438,0.0604
166.21,-308.17,113.09,0.23476,-0.76479,0.24693
91.479,-277.67,200.4,0.076619,-0.70803,0.40913
15.093,-228.79,259.75,-0.081525,-0.62084,0.51659
-67.686,-176.84,283.93,-0.24778,-0.52149,0.55714
-157,-118.03,270.98,-0.42823,-0.40187,0.52876
-237.99,-51.857,240.22,-0.5884,-0.27008,0.46793
-297.43,32.857,201.36,-0.70397,-0.097744,0.3848
-312.98,137.76,142.5,-0.72628,0.11311,0.26721
-283.87,233.09,64.515,-0.66545,0.30573,0.11109
-231.9,292.87,-22.628,-0.55596,0.42941,-0.06125
-167.87,306.06,-116.94,-0.42012,0.45779,-0.2417
-92.362,275.67,-203.71,-0.25792,0.40305,-0.40593
-14.419,227.03,-262.54,-0.099775,0.31181,-0.51339
68.124,175.13,-286.96,0.070537,0.21246,-0.55596
156.28,114.36,-274.83,0.24693,0.090812,-0.52758
236.3,45.289,-244.33,0.40305,-0.049087,-0.4627
295.32,-39.731,-205.1,0.51659,-0.22143,-0.38362
311.67,-142.37,-144.47,0.54294,-0.42823,-0.25994
283.46,-235.49,-62.732,0.48415,-0.61273,-0.095719
231.94,-293.71,25.402,0.37264,-0.73236,0.072563
167.27,-307.11,117.15,0.23679,-0.76479,0.25099
87.728,-277.33,200.11,0.070537,-0.71006,0.40913
7.1194,-230.01,255.08,-0.097744,-0.62287,0.50848
-76.179,-180.35,282.8,-0.26603,-0.52758,0.55511
-163.82,-115.2,273.03,-0.44243,-0.39984,0.53078
-239.35,-42.326,239.65,-0.59043,-0.25386,0.46387
-295.17,40.335,200.49,-0.69992,-0.083556,0.38277
-309.11,141.14,139.7,-0.72019,0.12123,0.25707
-277.36,231.16,59.679,-0.65126,0.29964,0.10095
-228.34,288.95,-26.426,-0.54785,0.42333,-0.067331
-166.6,302.24,-119.94,-0.41606,0.45374,-0.24981
-89.72,272.68,-205.6,-0.25589,0.39899,-0.40998
-8.8985,226.3,-264.08,-0.085581,0.30978,-0.51744
74.47,173.64,-286.89,0.0827,0.21044,-0.55394
161.4,110.85,-272.43,0.25301,0.0827,-0.52555
239.65,41.632,-240.3,0.41116,-0.055169,-0.45661
295.8,-42.279,-199.77,0.51862,-0.22548,-0.37146
307.14,-144.4,-139.99,0.53686,-0.43026,-0.25386
277.42,-237.77,-62.944,0.47198,-0.61881,-0.099775
226.02,-296.18,24.175,0.36452,-0.73844,0.072563
161.59,-306.99,118.68,0.22666,-0.76074,0.25301
87.091,-274.93,204.52,0.068513,-0.70397,0.41521
9.7379,-225.32,261.92,-0.093694,-0.61476,0.51862
-72.899,-173.42,283.95,-0.25994,-0.51339,0.55714
-161.6,-115.22,270.03,-0.43634,-0.39782,0.52673
-242.37,-47.634,238.26,-0.59651,-0.26198,0.46184
-299.91,38.683,198.08,-0.70803,-0.085581,0.38074
-312.37,143.42,138.9,-0.7283,0.12528,0.25707
-281.56,237.43,60.127,-0.65937,0.31384,0.10095
-228.41,294.85,-27.983,-0.54988,0.43143,-0.071387
-163.37,305.04,-122.27,-0.40998,0.45779,-0.24981
-87.809,272.87,-207.72,-0.24981,0.39697,-0.41201
-9.0401,223.37,-264.57,-0.085581,0.30573,-0.51744
73.078,171.85,-287.08,0.07865,0.20435,-0.55394
160.93,111.34,-273.94,0.25504,0.084731,-0.52555
240.69,40.807,-242.3,0.41319,-0.057194,-0.45864
297.75,-45.417,-201.96,0.52267,-0.23156,-0.37754
311.18,-147.92,-140.82,0.54294,-0.44039,-0.25184
281.08,-239.59,-58.132,0.47604,-0.62287,-0.089638
228.59,-295.64,30.38,0.36656,-0.73438,0.0827
163.08,-306.33,121.91,0.23071,-0.76479,0.25909
82.986,-274.55,203.93,0.0604,-0.706,0.41319
1.4812,-226.45,257.2,-0.10991,-0.61273,0.51051
-81.133,-177.38,283.25,-0.27414,-0.54988,0.55714
-168.18,-111.8,271.97,-0.44851,-0.39174,0.53078
-243.29,-37.797,237.48,-0.59449,-0.24373,0.45779
-297.46,45.902,197.35,-0.70194,-0.071387,0.37669
-308.47,146.49,136.11,-0.71816,0.12934,0.25301
-275.09,235.29,55.291,-0.64923,0.30776,0.092837
-225.34,290.89,-31.38,-0.54583,0.42333,-0.077469
-162.83,301.5,-124.68,-0.40998,0.44766,-0.25589
-84.978,269.92,-209.65,-0.24576,0.39494,-0.41809
-3.2604,222.71,-266.18,-0.075444,0.30776,-0.52149
79.047,170.77,-286.91,0.092837,0.20232,-0.55596
165.91,107.69,-271.34,0.26721,0.0827,-0.51744
243.83,37.056,-238.15,0.41724,-0.063281,-0.44851
297.87,-47.823,-196.63,0.52267,-0.23764,-0.36538
306.46,-149.78,-136.62,0.53281,-0.44445,-0.24373
275.01,-242.07,-58.462,0.4659,-0.62692,-0.087606
222.88,-298.05,29.129,0.35642,-0.74452,0.0827
158.07,-306.26,123.47,0.22057,-0.76277,0.26315
82.538,-272.1,208.49,0.058375,-0.69992,0.42333
4.2178,-221.68,263.78,-0.1018,-0.60665,0.52673
-77.476,-170.71,284,-0.27008,-0.5073,0.55511
-166.27,-112.13,268.81,-0.44648,-0.38971,0.52267
-246.6,-43.034,236.04,-0.60463,-0.25184,0.45576
-302.08,44.274,195.04,-0.70803,-0.075444,0.37264
-311.54,149.09,135.29,-0.72424,0.13542,0.25099
-278.82,241.7,55.409,-0.65126,0.32195,0.090812
-225.18,296.57,-32.89,-0.54177,0.43549,-0.081525
-160.07,304.38,-126.78,-0.4039,0.45779,-0.26198
-83.209,270.03,-211.59,-0.2417,0.39291,-0.42012
-3.6851,219.74,-266.37,-0.075444,0.29762,-0.52149
77.56,169.14,-287.05,0.088788,0.20232,-0.55394
165.6,107.97,-272.66,0.26517,0.07865,-0.52149
244.86,36.065,-240.06,0.42129,-0.065306,-0.45459
299.92,-50.819,-199.01,0.52673,-0.2417,-0.37349
310.4,-153.41,-136.92,0.54092,-0.44851,-0.24373
278.24,-243.69,-53.06,0.47198,-0.63301,-0.0795
225.5,-297.27,35.098,0.36047,-0.74047,0.090812
159.66,-305.74,126.11,0.21854,-0.76074,0.26923
78.127,-271.79,207.66,0.048238,-0.70194,0.41927
-3.8502,-223.03,259.07,-0.12005,-0.60867,0.51456
-85.709,-174.5,283.46,-0.28631,-0.51541,0.55511
-172.69,-107.95,270.53,-0.45864,-0.3816,0.52673
-247.09,-33.268,235.45,-0.60463,-0.23359,0.45576
-299.65,50.998,194.71,-0.70803,-0.063281,0.36858
-307.51,151.92,132.17,-0.71614,0.1415,0.24287
-272.29,239.41,50.455,-0.63909,0.31789,0.0827
-222.42,292.47,-35.957,-0.53569,0.42738,-0.085581
-159.59,300.75,-129.02,-0.39984,0.44968,-0.26603
-80,267.13,-213.45,-0.23562,0.38886,-0.42215
1.9767,219.41,-267.92,-0.065306,0.29762,-0.52149
83.694,167.84,-286.75,0.10298,0.19827,-0.55394
170.51,104.03,-269.81,0.27531,0.070537,-0.51541
247.62,32.644,-236.08,0.42535,-0.071387,-0.44648
299.76,-52.564,-194.08,0.52673,-0.24576,-0.36133
305.44,-155.3,-132.87,0.53281,-0.45459,-0.23764
272.21,-246.22,-53.65,0.46184,-0.63706,-0.077469
219.95,-299.11,33.588,0.35033,-0.74452,0.088788
154.91,-305.45,127.83,0.21246,-0.76479,0.27126
77.891,-269.22,212.19,0.050263,-0.69789,0.42941
-0.6419,-218.48,265.36,-0.11194,-0.60057,0.52673
-82.1,-167.95,283.65,-0.27819,-0.50325,0.55511
-170.92,-108.64,267.3,-0.45661,-0.3816,0.52064
-250.47,-38.788,234.08,-0.61071,-0.24373,0.45374
-304.09,48.945,192.89,-0.71614,-0.067331,0.37061
-310.5,154.65,131.42,-0.72424,0.14758,0.24085
-275.85,245.71,50.549,-0.6472,0.33209,0.080675
-222.37,298.08,-37.113,-0.53569,0.43954,-0.089638
-156.79,303.58,-131.07,-0.39782,0.45374,-0.26806
-78.467,267.16,-215.2,-0.23156,0.38683,-0.42823
0.74996,216.84,-267.88,-0.067331,0.29154,-0.52353
82.043,166.28,-286.77,0.098925,0.19624,-0.55191
170.29,104.19,-271.08,0.27531,0.070537,-0.51744
248.61,31.889,-238.17,0.42738,-0.073419,-0.45256
302.02,-55.301,-197.06,0.53281,-0.25184,-0.36538
309.38,-158.93,-132.84,0.53889,-0.45864,-0.23764
275.46,-247.54,-48.177,0.46387,-0.63706,-0.075444
223.07,-298.78,38.99,0.35642,-0.74249,0.10095
156.26,-305.1,130.26,0.21246,-0.76074,0.27734
73.291,-269.03,211.01,0.040125,-0.69383,0.42941
-7.9785,-220.65,261.68,-0.12816,-0.60463,0.51862
-90.191,-171.67,283.53,-0.29644,-0.5073,0.55511
-177.08,-103.76,268.81,-0.47081,-0.37349,0.52064
-250.49,-29.092,233.61,-0.61273,-0.22548,0.45374
-301.77,55.315,192.8,-0.71208,-0.055169,0.36858
-306.26,157.25,128.02,-0.71411,0.15164,0.23476
-269.62,243.07,45.973,-0.63504,0.33006,0.072563
-220.53,293.96,-39.519,-0.53163,0.43143,-0.093694
-156.34,299.99,-133.31,-0.39376,0.4436,-0.27211
-75.235,264.51,-216.97,-0.22548,0.38277,-0.43026
5.9398,217.1,-269.48,-0.055169,0.29154,-0.52555
88.176,164.96,-286.37,0.10906,0.19421,-0.55394
175.13,99.948,-267.97,0.28545,0.062425,-0.51339
251.09,28.587,-234.16,0.43143,-0.0795,-0.44648
301.6,-56.905,-192.08,0.52673,-0.25589,-0.35929
304.19,-160.82,-128.88,0.52876,-0.46473,-0.22751
269.54,-250.02,-49.238,0.45374,-0.64314,-0.071387
217.83,-301.09,37.221,0.34628,-0.74857,0.094869
151.61,-304.63,132.13,0.20841,-0.76277,0.2814
73.456,-266.53,215.54,0.04215,-0.69181,0.43752
-4.2748,-216.26,266.87,-0.12005,-0.59449,0.52876
-86.724,-165.09,283.17,-0.29036,-0.49716,0.55106
-175.64,-104.49,265.32,-0.46675,-0.37754,0.51659
-253.98,-34.824,232.17,-0.61881,-0.23156,0.47604
-305.97,53.333,190.91,-0.71816,-0.059225,0.36656
-309.25,160.22,127.24,-0.71816,0.15772,0.23476
-272.9,249.42,46.02,-0.63909,0.34019,0.072563
-220.2,299.38,-40.722,-0.52961,0.44157,-0.091663
-153.44,302.75,-135.32,-0.38768,0.45374,-0.27819
-74.079,264.56,-218.38,-0.22345,0.38277,-0.43229
4.265,214.72,-269.41,-0.059225,0.28748,-0.52555
86.69,163.12,-286.35,0.10703,0.19016,-0.54988
174.85,99.995,-269.15,0.28342,0.0604,-0.51339
251.94,28.068,-236.36,0.43346,-0.083556,-0.44851
303.79,-59.594,-195,0.53281,-0.25994,-0.36335
308.18,-164.34,-128.38,0.53686,-0.47081,-0.22548
272.7,-251.06,-43.671,0.45982,-0.6472,-0.059225
220.97,-300.1,42.458,0.35033,-0.74655,0.10906
152.65,-304.23,134.32,0.20841,-0.76074,0.28545
68.95,-266.53,213.77,0.029988,-0.69181,0.43143
-11.446,-218.64,262.18,-0.13221,-0.60057,0.51862
-94.862,-168.32,283.27,-0.30455,-0.50122,0.55308
-181.27,-99.392,266.87,-0.47689,-0.36335,0.51659
-253.53,-25.601,232.08,-0.61881,-0.21737,0.44562
-303.54,59.585,190.7,-0.71411,-0.045031,0.36047
-304.68,162.51,123.61,-0.71208,0.16178,0.22666
-266.91,246.42,41.656,-0.62895,0.33209,0.062425
-218.69,295.3,-42.892,-0.52758,0.43346,-0.099775
-152.89,299.05,-137.58,-0.38768,0.44562,-0.28225
-71.154,262.34,-219.96,-0.21737,0.37669,-0.43634
9.3604,215.07,-270.97,-0.049087,0.29154,-0.52758
92.894,161.59,-285.64,0.1192,0.18407,-0.54988
179.33,96.032,-266.15,0.28951,0.056344,-0.50933
254.04,25.331,-232.77,0.43752,-0.087606,-0.44243
303.13,-61.222,-189.86,0.53281,-0.26198,-0.35321
302.92,-166.03,-124.78,0.5247,-0.47486,-0.21939
267.02,-253.44,-45.299,0.44766,-0.6472,-0.063281
215.75,-302.34,40.712,0.34223,-0.75263,0.10501
148,-303.52,136.32,0.19827,-0.75871,0.28748
69.917,-264.48,218.25,0.034044,-0.68775,0.43954
-7.5303,-214.35,268.27,-0.12613,-0.59449,0.53281
-91.465,-161.91,282.56,-0.29847,-0.49108,0.55308
-179.91,-100.71,263.5,-0.47284,-0.36538,0.51051
-256.98,-31.687,230.92,-0.6249,-0.22953,0.44766
-307.6,57.792,188.69,-0.72019,-0.047056,0.35844
-308.03,165.32,123.28,-0.72019,0.16989,0.22666
-270.38,252.72,42.316,-0.63301,0.34425,0.068513
-217.96,300.61,-44.237,-0.52758,0.4436,-0.10383
-149.73,301.62,-139.59,-0.38362,0.44968,-0.28631
-70.8,262.77,-221,-0.21737,0.37872,-0.43837
7.4732,212.85,-270.87,-0.053144,0.28545,-0.52961
91.337,159.75,-285.71,0.11514,0.18002,-0.55191
178.88,96.197,-267.36,0.29154,0.054319,-0.50933
254.84,24.954,-235.2,0.43954,-0.089638,-0.44851
305.47,-64.1,-192.67,0.53889,-0.26806,-0.35727
307.07,-169.27,-124.3,0.53484,-0.48297,-0.21939
270.41,-254.12,-40.156,0.45576,-0.65328,-0.053144
218.68,-301.26,45.996,0.34628,-0.75061,0.11311
148.76,-303.07,138.4,0.19624,-0.75466,0.28951
66.048,-264.9,216.08,0.025931,-0.68978,0.43549
-14.631,-216.92,263.69,-0.13627,-0.60057,0.52267
-99.627,-164.78,282.82,-0.31266,-0.49311,0.55308
-185.14,-95.452,265.01,-0.48297,-0.35524,0.51253
-256.24,-22.628,230.99,-0.62287,-0.21129,0.44562
-305.03,63.996,188.32,-0.71614,-0.03895,0.35844
-303.38,167.11,119.74,-0.70397,0.17191,0.22057
-265.04,249.3,38.683,-0.62692,0.34019,0.056344
-216.59,296.55,-46.596,-0.52353,0.43549,-0.10788
-149.24,297.99,-141.74,-0.37957,0.44562,-0.28833
-68.37,260.91,-222.42,-0.21129,0.37466,-0.44243
12.64,213.18,-272.43,-0.045031,0.28748,-0.53163
97.659,157.98,-284.86,0.12731,0.17799,-0.55191
183.2,92.375,-264.31,0.29964,0.044181,-0.50528
256.82,22.312,-231.52,0.4436,-0.093694,-0.43837
304.48,-65.799,-187.31,0.53686,-0.27414,-0.3451
301.79,-170.63,-121.21,0.5247,-0.485,-0.21331
265.08,-256.41,-42.303,0.4436,-0.65531,-0.059225
213.37,-303.45,44.439,0.33411,-0.75061,0.11109
144.49,-302.34,140.45,0.19016,-0.75466,0.29762
67.464,-263.06,220.71,0.029988,-0.68572,0.4436
-10.715,-212.44,269.68,-0.13221,-0.59043,0.53484
-96.278,-158.46,281.76,-0.30455,-0.485,0.55106
-183.82,-97.245,261.83,-0.48297,-0.36133,0.50848
-259.78,-28.549,229.62,-0.63098,-0.22143,0.4436
-308.97,62.533,186.1,-0.72424,-0.040975,0.35236
-306.94,169.92,119.72,-0.71614,0.17799,0.22057
-268.32,255.62,39.344,-0.63098,0.35033,0.058375
-215.43,301.67,-48.082,-0.51947,0.44562,-0.10991
-146.17,300.49,-143.6,-0.37349,0.44562,-0.29441
-68.299,261.38,-223.38,-0.21129,0.37669,-0.44243
10.729,210.94,-272.17,-0.047056,0.28342,-0.52961
95.843,156.33,-284.93,0.12325,0.17394,-0.54988
182.61,92.847,-265.73,0.29559,0.044181,-0.50933
257.7,21.698,-233.76,0.44766,-0.097744,-0.44039
306.88,-68.795,-189.86,0.53889,-0.28022,-0.35321
306.03,-173.73,-120.69,0.53281,-0.49108,-0.21331
268.52,-256.95,-37.066,0.45171,-0.65734,-0.049087
216.04,-302.25,49.818,0.33817,-0.75263,0.12325
145.22,-301.99,142.08,0.19016,-0.75466,0.29762
63.359,-263.53,218.25,0.017825,-0.68369,0.43752
-18.004,-215.06,265.18,-0.14641,-0.59449,0.5247
-104.06,-161.29,282.4,-0.32078,-0.48906,0.55308
-188.54,-92.055,263.48,-0.48906,-0.34916,0.50848
-258.82,-19.42,229.48,-0.63098,-0.20318,0.44157
-306.19,68.643,185.51,-0.71816,-0.026781,0.35236
-302.18,171.26,116.23,-0.70397,0.18407,0.21449
-263.23,252.13,35.687,-0.62084,0.34223,0.052288
-214.04,297.56,-50.536,-0.51744,0.43954,-0.11599
-145.98,296.98,-145.44,-0.37349,0.4436,-0.29644
-65.87,259.61,-224.7,-0.20723,0.37061,-0.44445
16.155,211.15,-273.75,-0.036919,0.2814,-0.52961
101.91,154.77,-284.11,0.13744,0.16989,-0.54785
186.52,89.45,-262.92,0.3037,0.040125,-0.50122
259.49,18.985,-229.89,0.44766,-0.1018,-0.43431
305.47,-70.375,-184.51,0.53686,-0.28225,-0.34105
300.82,-174.67,-118.12,0.52064,-0.48906,-0.20926
263.19,-259.26,-39.401,0.43954,-0.66139,-0.053144
210.49,-304.49,48.591,0.33006,-0.75466,0.1192
141.56,-301.37,144.04,0.18407,-0.75466,0.29964
65.128,-261.65,223.04,0.021875,-0.68369,0.44968
-14.088,-210.36,270.91,-0.14033,-0.58637,0.53686
-100.34,-155.56,281.19,-0.31469,-0.47892,0.54903
-187.12,-94.626,260.58,-0.48702,-0.35321,0.50443
-262.5,-24.987,227.9,-0.63504,-0.21331,0.43954
-310.06,67.134,183.36,-0.72628,-0.030838,0.34628
-306.16,173.9,116.93,-0.71411,0.18813,0.21449
-266.32,258.43,36.301,-0.62895,0.35844,0.054319
-212.37,302.59,-52.329,-0.51541,0.44766,-0.12005
-143.48,299.64,-146.97,-0.36741,0.44766,-0.30253
-65.87,260.13,-225.7,-0.20521,0.37466,-0.44851
14.267,208.82,-273.42,-0.040975,0.27734,-0.53366
99.783,153.33,-284.44,0.13339,0.16989,-0.54785
185.91,90.181,-264.57,0.3037,0.04215,-0.50528
260.36,18.018,-231.99,0.44968,-0.10586,-0.43634
308.04,-73.348,-187.2,0.53889,-0.28631,-0.34916
305.42,-177.41,-117.98,0.53078,-0.49919,-0.20723
266.54,-259.67,-33.834,0.44766,-0.66545,-0.040975
213.04,-303.19,53.899,0.33411,-0.75263,0.12934
142.65,-301.26,145.17,0.18813,-0.75466,0.3037
60.811,-262.19,220.4,0.013769,-0.68369,0.4436
-21.543,-212.98,266.54,-0.15654,-0.59246,0.52876
-108,-158.3,282.09,-0.33091,-0.48297,0.55511
-191.61,-89.248,262.13,-0.49716,-0.3451,0.51051
-261.29,-15.811,227.67,-0.63504,-0.19709,0.43549
-307.29,72.937,182.92,-0.72222,-0.022731,0.34425
-301.61,174.78,113.8,-0.70397,0.18611,0.20638
-261.18,254.94,32.479,-0.61679,0.34831,0.046206
-211.21,298.51,-54.617,-0.51339,0.44157,-0.12208
-143.84,296.27,-148.48,-0.36741,0.43954,-0.30253
-63.275,258.29,-227.09,-0.20115,0.37061,-0.44851
19.858,208.79,-275.02,-0.030838,0.27734,-0.53569
105.87,151.87,-283.56,0.14352,0.1638,-0.54583
189.85,86.808,-261.72,0.31181,0.0381,-0.49716
262.13,15.117,-227.91,0.45374,-0.11194,-0.43026
306.34,-74.74,-181.91,0.54092,-0.29036,-0.33699
300.4,-178.3,-115.83,0.52267,-0.49919,-0.20521
261.16,-262.31,-36.098,0.43549,-0.66748,-0.047056
207.57,-305.41,52.72,0.32195,-0.75871,0.12731
139.34,-300.62,147.27,0.18002,-0.75263,0.30978
62.463,-260.11,225.54,0.017825,-0.67964,0.45374
-17.863,-208.03,272.09,-0.14843,-0.58232,0.53889
-104.06,-152.97,280.84,-0.3228,-0.47081,0.54903
-190.62,-92.008,259.47,-0.49514,-0.34916,0.50443
-265.3,-20.788,225.78,-0.64112,-0.20521,0.43752
-311.05,71.757,180.82,-0.72628,-0.022731,0.34628
-305.74,177.56,114.53,-0.71208,0.19421,0.20841
-264.17,261.4,32.88,-0.62287,0.3625,0.044181
-209.39,303.49,-56.433,-0.50933,0.44766,-0.12613
-141.17,298.89,-150.37,-0.36335,0.4436,-0.30658
-62.968,258.4,-228.29,-0.19912,0.37264,-0.45256
17.924,206.58,-274.62,-0.032869,0.27329,-0.53366
103.44,150.95,-284.25,0.13947,0.1638,-0.53771
189.4,87.327,-263.35,0.30978,0.036069,-0.50122
263.12,13.678,-229.68,0.45576,-0.11397,-0.43026
308.98,-77.877,-184.48,0.54294,-0.29644,-0.34105
304.9,-181.09,-115.29,0.53281,-0.50325,-0.19912
264.33,-262.71,-30.083,0.44157,-0.66951,-0.034894
210.19,-304.23,57.91,0.32803,-0.75669,0.13744
140.08,-300.43,148.59,0.18205,-0.75263,0.30978
57.556,-260.42,222.9,0.0097125,-0.68167,0.45171
-25.2,-210.9,267.89,-0.1606,-0.5884,0.52876
-111.54,-155.89,282.07,-0.33902,-0.47892,0.55308
-194.96,-86.039,260.6,-0.50325,-0.33496,0.50848
-263.96,-11.446,225.33,-0.63504,-0.18898,0.43143
-308.24,77.419,180.32,-0.72019,-0.0085375,0.34223
-300.88,178.5,111.04,-0.70397,0.19421,0.20232
-258.82,257.93,28.657,-0.61273,0.35439,0.040125
-208.52,299.45,-58.533,-0.50528,0.44157,-0.13221
-141.38,295.39,-152.02,-0.36335,0.43752,-0.30861
-60.066,256.47,-229.82,-0.19304,0.36858,-0.45256
23.468,206.67,-276.23,-0.0207,0.27126,-0.53974
109.24,149.63,-283.35,0.15164,0.1638,-0.54785
193.41,83.623,-260.18,0.31789,0.027962,-0.49716
264.75,10.729,-225.51,0.45576,-0.12005,-0.42417
307.24,-79.127,-179.41,0.53889,-0.30253,-0.33091
299.69,-182.27,-113.07,0.52064,-0.5073,-0.19709
258.64,-265.37,-32.159,0.43143,-0.67559,-0.03895
204.88,-306.35,56.447,0.31992,-0.75871,0.13542
136.91,-299.68,150.9,0.17394,-0.75061,0.31789
59.183,-258.04,228.3,0.011738,-0.67356,0.46184
-21.472,-205.83,273.22,-0.15249,-0.57826,0.54092
-107.55,-151.13,280.7,-0.32888,-0.46878,0.54903
-194.39,-88.799,257.96,-0.49919,-0.3451,0.50037
-268.02,-16.188,223.42,-0.6472,-0.19709,0.42941
-311.9,76.121,178.46,-0.73033,-0.0207,0.33614
-304.94,181.64,111.63,-0.70803,0.20232,0.20435
-261.6,264.49,28.823,-0.61881,0.36858,0.0381
-206.92,304.55,-60.043,-0.52961,0.44968,-0.13424
-138.53,297.87,-154.12,-0.35727,0.4436,-0.31469
-59.406,256.19,-231.1,-0.19101,0.36452,-0.45661
21.486,204.45,-275.8,-0.024756,0.26923,-0.53771
106.77,149.06,-284.11,0.14556,0.15975,-0.54785
193.06,83.93,-261.81,0.31992,0.029988,-0.50122
265.74,9.2425,-227.37,0.45982,-0.11802,-0.42823
309.93,-81.958,-182.38,0.54092,-0.30455,-0.33902
304.12,-185.24,-112.01,0.52876,-0.51541,-0.19507
261.71,-265.75,-25.931,0.43549,-0.67761,-0.026781
207.9,-305.27,61.33,0.32398,-0.76074,0.14352
137.15,-299.39,152.29,0.17191,-0.75061,0.31586
53.852,-258.16,225.52,-0.000425,-0.67761,0.45374
-28.715,-208.88,269.14,-0.16871,-0.58232,0.53281
-114.87,-153.77,282.14,-0.34308,-0.47486,0.55308
-198.52,-82.288,258.92,-0.51136,-0.33091,0.50239
-266.44,-7.2,223.07,-0.64314,-0.18088,0.42738
-309.16,81.382,178.24,-0.72222,-0.000425,0.33817
-299.75,182.47,107.66,-0.69789,0.20435,0.19421
-256.36,260.91,24.624,-0.60867,0.36452,0.029988
-206.59,300.51,-62.001,-0.50325,0.44562,-0.13829
-138.48,294.36,-155.94,-0.35727,0.43549,-0.31672
-56.127,254.21,-232.75,-0.1829,0.36452,-0.45864
27.1,204.52,-277.45,-0.014619,0.27126,-0.55191
112.62,147.55,-283.16,0.15772,0.15772,-0.54583
197.21,79.967,-258.37,0.326,0.021875,-0.49108
267.32,6.3881,-223.19,0.46184,-0.12613,-0.42012
307.99,-83.256,-177.36,0.53686,-0.30861,-0.32686
298.74,-186.56,-109.75,0.51456,-0.51541,-0.19101
256.19,-268.42,-28.101,0.42738,-0.67964,-0.026781
202.75,-307.34,59.986,0.31384,-0.76479,0.1415
133.82,-298.47,154.94,0.16583,-0.75061,0.32195
55.338,-255.51,231.3,0.0036313,-0.66951,0.4659
-24.94,-203.78,274.4,-0.1606,-0.57218,0.54294
-111.07,-149.1,280.49,-0.33496,-0.46675,0.55106
-198.35,-85.167,256.21,-0.50933,-0.33699,0.49631
-270.64,-11.753,221.18,-0.65126,-0.18696,0.42738
-312.72,80.533,176.24,-0.73033,-0.0024563,0.33209
-303.9,186.03,108.02,-0.706,0.21246,0.19219
-259.15,267.46,24.765,-0.61476,0.37466,0.034044
-204.7,305.54,-63.558,-0.49716,0.45374,-0.14235
-135.2,296.53,-158.42,-0.35119,0.4436,-0.32078
-55.466,253.69,-234.02,-0.1829,0.35844,-0.4627
24.836,202.57,-277.03,-0.018675,0.26721,-0.53974
110.37,146.89,-283.94,0.15366,0.15772,-0.54785
196.88,80.037,-260,0.32398,0.021875,-0.49716
268.31,4.8311,-225.11,0.46387,-0.13019,-0.42823
310.87,-86.44,-179.95,0.54294,-0.31266,-0.33294
303.01,-189.77,-108.12,0.5247,-0.52555,-0.18493
259.37,-268.7,-21.85,0.43143,-0.68572,-0.018675
205.59,-306.26,64.916,0.31789,-0.76074,0.15164
133.52,-297.93,156.45,0.16583,-0.74857,0.32398
49.865,-255.63,228.21,-0.0085375,-0.66951,0.45982
-31.828,-207.32,270.55,-0.17682,-0.58029,0.53686
-118.55,-151.27,282.18,-0.35524,-0.47081,0.55308
-202.25,-78.113,257.01,-0.51744,-0.31874,0.49834
-268.94,-3.0009,220.85,-0.64518,-0.17074,0.42333
-309.82,85.911,175.67,-0.72424,0.0097125,0.33209
-298.26,186.83,103.56,-0.69586,0.21044,0.18611
-254.29,263.78,20.849,-0.60259,0.36656,0.025931
-204.42,301.65,-65.704,-0.49716,0.44562,-0.14235
-134.87,292.94,-160.35,-0.34713,0.43346,-0.32482
-52.281,251.78,-235.65,-0.17682,0.36047,-0.46675
30.073,202.87,-278.63,-0.0085375,0.26721,-0.53974
116.37,144.96,-282.71,0.16786,0.15366,-0.54583
201.01,76.098,-256.6,0.33209,0.013769,-0.48906
269.87,2.2361,-221.28,0.46793,-0.13627,-0.42012
308.58,-88.021,-174.72,0.54092,-0.31874,-0.3228
297.31,-191.28,-105.57,0.51051,-0.52353,-0.18088
254.13,-271.32,-24.515,0.42129,-0.68572,-0.0207
200.42,-308.4,63.807,0.30978,-0.76682,0.14758
130.1,-296.87,159.54,0.15975,-0.74857,0.33209
51.611,-253.04,234.22,-0.0024563,-0.66342,0.46996
-27.96,-202.27,275.67,-0.16871,-0.57016,0.54497
-115.03,-146.62,280.13,-0.3451,-0.46067,0.55106
-202.27,-81.557,254.61,-0.51744,-0.33091,0.49631
-273.21,-7.7426,219.53,-0.65734,-0.1829,0.42535
-313.31,85.676,173.38,-0.7283,0.0097125,0.326
-302.27,190.89,103.68,-0.706,0.22057,0.18407
-257.28,270.46,21.368,-0.61071,0.38277,0.023906
-202.36,306.62,-67.521,-0.49108,0.45576,-0.14843
-131.24,294.83,-163.13,-0.34308,0.43752,-0.33294
-51.55,251.07,-237.04,-0.17479,0.35642,-0.46878
27.926,201.01,-278.37,-0.012594,0.26315,-0.54177
114.39,144.2,-283.54,0.1638,0.15164,-0.54583
200.68,76.334,-258.49,0.33209,0.017825,-0.49514
270.86,1.0094,-223.67,0.46996,-0.13829,-0.42417
311.53,-91.654,-176.86,0.547,-0.32482,-0.3228
301.36,-194.65,-103.38,0.5247,-0.53569,-0.17682
257.56,-271.51,-18.406,0.43143,-0.68775,-0.012594
203.18,-307.41,68.879,0.30978,-0.76479,0.15975
129.06,-296.25,161.09,0.15569,-0.74655,0.33209
45.784,-253.04,231.09,-0.014619,-0.66545,0.4659
-35.013,-205.76,272.09,-0.18088,-0.57826,0.53686
-122.82,-148.15,281.83,-0.36133,-0.4627,0.55308
-205.88,-74.291,255.24,-0.52758,-0.31469,0.49429
-271.34,0.6792,219.36,-0.65126,-0.16466,0.42129
-310.24,91.196,172.42,-0.72424,0.01985,0.32398
-296.51,191.55,98.957,-0.69383,0.2226,0.17597
-252.75,266.66,17.428,-0.60057,0.37466,0.015794
-201.85,302.83,-70.045,-0.49108,0.44968,-0.15249
-130.39,291.1,-165.23,-0.33699,0.43143,-0.33294
-48.2,249.25,-238.67,-0.17682,0.35439,-0.47081
33.352,201.03,-279.91,-0.0024563,0.26517,-0.54583
120.73,141.7,-282.1,0.17394,0.14556,-0.54177
204.9,72.465,-254.99,0.34019,0.013769,-0.48702
272.44,-1.5383,-219.77,0.47604,-0.14438,-0.41404
308.89,-93.565,-171.37,0.54092,-0.33091,-0.31469
295.56,-196.14,-101.09,0.51051,-0.53366,-0.17074
252.37,-274.2,-20.906,0.42129,-0.69383,-0.014619
197.61,-309.39,68.313,0.30167,-0.76479,0.15772
125.73,-294.86,164.54,0.14758,-0.74452,0.34019
47.742,-250.35,237.29,-0.010563,-0.65937,0.47604
-31.498,-200.24,277.02,-0.17682,-0.57016,0.547
-119.66,-143.34,279.33,-0.35321,-0.45459,0.54497
-206.16,-78.066,253.03,-0.52555,-0.3228,0.49226
-275.94,-3.7558,218.09,-0.65937,-0.17276,0.41927
-313.62,91.715,169.85,-0.73033,0.021875,0.31789
-300.5,195.91,99.051,-0.70194,0.22868,0.17799
-255.37,273.24,17.546,-0.60463,0.38074,0.015794
-199.44,307.64,-72.168,-0.48906,0.45779,-0.15654
-126.76,292.92,-168.13,-0.33294,0.43549,-0.33699
-47.728,248.47,-240.11,-0.16871,0.35236,-0.47081
31.63,198.84,-279.69,-0.0044813,0.25909,-0.54177
119.13,140.66,-282.71,0.16989,0.14556,-0.5438
204.69,72.772,-256.95,0.33817,0.015794,-0.48906
273.74,-2.9537,-222.13,0.47401,-0.14843,-0.42012
311.74,-97.74,-173.04,0.547,-0.33902,-0.31672
299.5,-199.49,-98.66,0.51659,-0.54177,-0.16668
255.57,-274.32,-14.489,0.42333,-0.69586,-0.000425
200.02,-308.4,73.574,0.30573,-0.76479,0.16786
124.36,-294.44,165.91,0.14352,-0.74047,0.34223
41.962,-250.61,233.94,-0.018675,-0.66139,0.46996
-38.929,-203.47,273.57,-0.18898,-0.57421,0.54294
-127.49,-144.4,281.08,-0.36741,-0.45661,0.54903
-209.42,-70.658,253.64,-0.52961,-0.30861,0.49429
-273.94,4.6896,217.71,-0.65531,-0.15654,0.42129
-310.31,97.306,168.31,-0.72424,0.032012,0.31586
-294.56,196.17,94.451,-0.68775,0.23071,0.16786
-250.87,269.56,13.583,-0.59449,0.38074,0.0097125
-198.61,303.77,-75.046,-0.485,0.45171,-0.16263
-125.81,289.24,-170.05,-0.32888,0.42941,-0.34105
-44.591,246.99,-241.67,-0.1606,0.35033,-0.47892
37.386,198.37,-281.18,0.0076813,0.25909,-0.54785
125.33,138.09,-281.16,0.18205,0.13947,-0.54177
208.53,69.233,-253.72,0.34831,0.0016,-0.48297
275.13,-5.6903,-217.96,0.48009,-0.14843,-0.40998
308.65,-99.934,-167.17,0.53889,-0.34308,-0.30658
293.84,-200.88,-96.985,0.50443,-0.54583,-0.16466
250.31,-277.12,-16.896,0.41724,-0.70194,-0.0065062
194.22,-310.27,73.526,0.29356,-0.76479,0.16786
121.32,-292.95,169.4,0.1415,-0.73844,0.35236
44.345,-247.92,240.41,-0.018675,-0.65531,0.48009
-35.674,-197.48,278.27,-0.1829,-0.56002,0.54903
-124.33,-140.04,278.39,-0.36133,-0.44648,0.54497
-209.89,-75.282,251.96,-0.53163,-0.31672,0.49226
-278.77,0.51406,216.39,-0.66748,-0.16466,0.41724
-313.57,98.32,165.79,-0.73033,0.034044,0.31181
-298.78,200.68,94.899,-0.69789,0.23882,0.17191
-253.15,276.12,13.394,-0.59854,0.39291,0.0097125
-195.9,308.39,-77.5,-0.47892,0.45982,-0.16668
-122.42,290.96,-172.9,-0.32078,0.42941,-0.34916
-44.143,246.02,-243.25,-0.16263,0.34628,-0.47892
36.018,195.96,-280.94,0.0036313,0.25504,-0.5438
123.73,137.31,-281.89,0.17799,0.13744,-0.54177
208.28,70.082,-256.08,0.34628,0.0016,-0.49108
276.47,-7.3416,-220.32,0.48212,-0.15249,-0.41404
311.62,-104.09,-168.82,0.547,-0.35119,-0.30861
297.87,-204.04,-94.461,0.51253,-0.55191,-0.15857
253.38,-277.19,-10.125,0.41724,-0.70194,0.0056562
196.34,-309.23,78.905,0.29762,-0.76479,0.17799
119.69,-292.62,170.58,0.13744,-0.73844,0.35033
38.164,-248.2,236.94,-0.032869,-0.65531,0.47604
-43.435,-200.55,274.97,-0.20115,-0.5661,0.54294
-132.04,-140.7,280.16,-0.37754,-0.44851,0.54497
-212.74,-67.898,252.51,-0.53974,-0.30049,0.49023
-276.7,9.0066,215.89,-0.66342,-0.14843,0.41521
-310.2,103.56,164.07,-0.72222,0.044181,0.30776
-292.81,200.58,90.394,-0.68369,0.23882,0.15975
-248.58,272.49,9.0302,-0.59246,0.3848,0.0036313
-194.91,304.57,-80.519,-0.47689,0.45374,-0.17479
-120.53,287.49,-174.81,-0.32078,0.42129,-0.35119
-40.698,244.65,-244.76,-0.15249,0.34223,-0.48297
42.08,195.09,-282.27,0.013769,0.25099,-0.55191
129.91,134.46,-280.07,0.19219,0.13339,-0.53771
212.14,66.567,-252.66,0.35439,-0.0044813,-0.48094
277.91,-10.125,-216.02,0.48415,-0.15857,-0.40796
308.35,-106.21,-163.16,0.54092,-0.35524,-0.29644
292.16,-205.62,-92.928,0.50239,-0.55596,-0.15452
247.79,-280.12,-12.13,0.40711,-0.71006,0.0036313
190.3,-310.81,79.141,0.28545,-0.76885,0.17799
117.24,-291.14,174.12,0.13136,-0.73641,0.36047
40.571,-245.3,243.59,-0.022731,-0.65328,0.49023
-40.604,-194.06,279.26,-0.19304,-0.55394,0.55308
-129.09,-136.71,277.21,-0.36943,-0.44039,0.54294
-213.69,-72.64,250.83,-0.53771,-0.31469,0.48617
-281.75,5.1849,214.38,-0.67356,-0.15654,0.41319
-313.4,104.67,161.97,-0.73033,0.048238,0.30573
-296.84,205.49,90.63,-0.68978,0.24896,0.16178
-250.42,279.07,8.2989,-0.59449,0.40102,-0.0024563
-192.06,308.89,-83.091,-0.46878,0.45779,-0.17884
-118.43,289.33,-177.5,-0.31469,0.42738,-0.35524
-40.062,243.26,-246.45,-0.15046,0.34019,-0.48702
40.995,192.38,-282.01,0.0097125,0.2449,-0.54785
128.54,133.85,-280.83,0.19016,0.13947,-0.54177
212.12,67.157,-254.92,0.35439,-0.0024563,-0.48702
279.33,-12.107,-218.19,0.48617,-0.16466,-0.41201
311.51,-110.05,-165.07,0.54497,-0.35929,-0.30049
295.96,-208.78,-89.979,0.50848,-0.56204,-0.15249
250.45,-280.17,-4.9354,0.41319,-0.70397,0.011738
192.4,-309.72,84.402,0.29154,-0.76682,0.18813
115.64,-291.14,174.87,0.12934,-0.73641,0.3625
33.847,-245.46,239.96,-0.040975,-0.64923,0.48009
-48.507,-197.15,276.22,-0.21129,-0.55799,0.54903
-136.57,-137.11,279.14,-0.38565,-0.44243,0.54294
-216.33,-64.737,251.02,-0.54583,-0.29847,0.48415
-279.53,13.772,213.56,-0.66748,-0.13829,0.41116
-310.1,109.34,160.29,-0.72424,0.056344,0.30167
-290.57,205.21,85.935,-0.67761,0.25099,0.15366
-245.63,275.32,3.8167,-0.58435,0.39088,-0.0085375
-191.09,305,-86.087,-0.47081,0.45374,-0.18493
-117.58,285.98,-179.2,-0.31063,0.42333,-0.35727
-36.169,241.94,-248.01,-0.14235,0.34019,-0.48906
47.058,191.53,-283.23,0.01985,0.2449,-0.54785
134.25,131.28,-279.1,0.20232,0.12528,-0.53569
215.87,63.548,-251.22,0.36047,-0.010563,-0.47689
280.65,-15.032,-213.5,0.48821,-0.16668,-0.40187
308.23,-111.87,-160.04,0.54092,-0.36538,-0.29644
290.16,-210.5,-88.682,0.49429,-0.5661,-0.15046
244.65,-282.93,-6.5395,0.40102,-0.71208,0.0097125
186.36,-311.05,84.826,0.27937,-0.76885,0.19016
113.77,-289.58,178.43,0.12528,-0.73236,0.36656
36.23,-242.28,246.77,-0.036919,-0.64518,0.49429
-45.322,-190.66,280.23,-0.20521,-0.54583,0.55106
-133.5,-133.95,276.31,-0.3816,-0.43634,0.54092
-217.58,-69.55,249.39,-0.54583,-0.30861,0.48617
-284.53,10.21,211.93,-0.67964,-0.14641,0.40711
-313.5,110.09,159.07,-0.73033,0.056344,0.29964
-294.63,210.33,86.265,-0.68775,0.26315,0.15366
-247.14,281.78,2.6136,-0.5884,0.40507,-0.012594
-188.16,309.05,-88.658,-0.4627,0.45982,-0.18696
-114.91,287.82,-181.79,-0.30861,0.42738,-0.36335
-35.674,240.33,-249.71,-0.14438,0.33817,-0.48906
45.902,189.03,-283.02,0.017825,0.24085,-0.55191
132.83,131.13,-280.1,0.19827,0.12528,-0.53771
216.08,63.784,-253.37,0.3625,-0.010563,-0.48094
282.09,-17.037,-215.79,0.49226,-0.17276,-0.4039
311.81,-115.15,-162.19,0.54294,-0.37349,-0.29847
293.96,-213.52,-85.402,0.50443,-0.57016,-0.14033
247.06,-282.83,0.74996,0.40507,-0.71006,0.025931
188.39,-309.91,89.898,0.28342,-0.76682,0.2003
111.7,-289.53,179.07,0.1192,-0.73438,0.36452
29.106,-242.52,242.95,-0.051112,-0.6472,0.49023
-53.39,-193.92,277.47,-0.21939,-0.55191,0.54903
-140.82,-134.02,278.32,-0.39579,-0.43431,0.54497
-220.1,-61.222,249.25,-0.54988,-0.28631,0.48212
-282.29,18.372,211.29,-0.67153,-0.12816,0.40305
-310.2,114.39,157.53,-0.72222,0.064456,0.29559
-288.21,209.86,81.311,-0.67153,0.25909,0.14352
-242.37,277.94,-1.8686,-0.57624,0.39494,-0.016644
-187.29,305.21,-91.607,-0.46067,0.45374,-0.19709
-113.71,284.42,-183.63,-0.30455,0.42129,-0.36943
-31.215,238.94,-251.2,-0.13221,0.33411,-0.49311
51.87,188.11,-284.03,0.036069,0.23679,-0.55191
138.54,128.4,-278.09,0.20841,0.11717,-0.53366
219.79,60.056,-249.47,0.37061,-0.016644,-0.47486
283.34,-19.703,-211.19,0.49226,-0.18088,-0.39984
308.32,-117.01,-157.35,0.53686,-0.37551,-0.28833
287.82,-215.41,-84.105,0.49226,-0.57421,-0.14033
241.09,-285.57,-0.75985,0.39494,-0.71208,0.025931
182.61,-310.98,90.299,0.26923,-0.76885,0.2003
109.93,-287.79,182.82,0.11717,-0.73236,0.37466
31.465,-239.02,249.91,-0.045031,-0.63909,0.49834
-50.135,-187.38,281.12,-0.21331,-0.54177,0.55308
-138.03,-131.29,275.44,-0.38971,-0.43026,0.53686
-221.76,-65.893,247.41,-0.55799,-0.30049,0.47604
-287.29,14.881,209.74,-0.68369,-0.13627,0.40102
-313.69,115.26,156.47,-0.73236,0.068513,0.29356
-292.31,215.28,81.594,-0.68369,0.26923,0.14352
-243.55,284.28,-3.2133,-0.58029,0.41116,-0.0207
-184.6,308.96,-94.06,-0.45256,0.45982,-0.20115
-110.93,285.96,-186.28,-0.29644,0.42333,-0.37146
-30.814,237.1,-252.78,-0.13221,0.33209,-0.49514
50.526,185.96,-284.01,0.034044,0.23274,-0.54988
137.46,128.14,-279.15,0.20638,0.1192,-0.53366
220.19,59.891,-251.27,0.37264,-0.018675,-0.47689
284.85,-21.614,-213.66,0.49631,-0.18088,-0.4039
312.17,-120.25,-159.41,0.547,-0.3816,-0.29036
291.6,-218.36,-80.496,0.49834,-0.57826,-0.13221
243.57,-285.31,6.3881,0.39899,-0.71411,0.034044
184.85,-309.91,95.017,0.27329,-0.76885,0.21044
107.26,-287.6,183.43,0.10906,-0.7283,0.37466
24.152,-239.54,245.71,-0.059225,-0.64314,0.49023
-57.943,-191.11,278.72,-0.22953,-0.54785,0.55308
-145.35,-130.55,277.3,-0.40593,-0.42823,0.54092
-224.02,-57.047,246.92,-0.55799,-0.27819,0.47807
-284.81,22.43,209.36,-0.67761,-0.12005,0.40305
-310.36,119.48,154.68,-0.72424,0.072563,0.28748
-285.54,214.5,76.405,-0.66748,0.26721,0.13339
-239.09,280.37,-7.3652,-0.57218,0.40507,-0.032869
-183.94,305.21,-96.867,-0.45459,0.45374,-0.20521
-109.21,282.49,-188.14,-0.29644,0.41521,-0.37957
-26.285,236.04,-254.17,-0.12411,0.33209,-0.49919
56.046,185.32,-284.86,0.044181,0.23274,-0.55191
143.02,125.05,-276.86,0.21854,0.11109,-0.53163
223.84,55.834,-247.12,0.37872,-0.024756,-0.47081
285.91,-23.619,-209.39,0.49834,-0.14843,-0.39376
308.39,-122.11,-154.59,0.53889,-0.38362,-0.28428
285.3,-220.34,-79.245,0.48821,-0.58435,-0.13221
237.62,-287.86,4.7839,0.38074,-0.72222,0.036069
179.24,-310.67,95.631,0.26113,-0.77088,0.21044
105.49,-285.47,187.4,0.10298,-0.72628,0.38277
26.888,-236,252.7,-0.055169,-0.63301,0.50443
-54.169,-184.98,282.07,-0.22345,-0.53771,0.55714
-142.73,-128.1,274.21,-0.39984,-0.42417,0.53281
-226,-61.718,244.96,-0.56204,-0.29239,0.47604
-289.81,18.844,208.04,-0.68775,-0.12613,0.39697
-313.88,120.45,153.66,-0.73033,0.076619,0.28951
-289.72,220.14,76.664,-0.67761,0.27937,0.13339
-240.04,286.5,-8.7806,-0.57218,0.41521,-0.036919
-181.23,308.63,-99.344,-0.44851,0.46184,-0.20926
-106.4,283.65,-190.8,-0.29036,0.41521,-0.3816
-26.285,234.18,-255.49,-0.12208,0.326,-0.50528
54.418,183.65,-284.98,0.04215,0.23071,-0.55596
142.13,124.72,-278.02,0.21652,0.11311,-0.53163
224.34,55.621,-248.96,0.38277,-0.024756,-0.47486
287.49,-25.341,-212.18,0.50239,-0.19101,-0.39579
312.45,-125.34,-156.46,0.54497,-0.39174,-0.28428
289.1,-223.01,-75.4,0.49226,-0.58637,-0.12208
240.17,-287.48,11.602,0.39088,-0.72019,0.048238
181.29,-309.61,100.07,0.26517,-0.76682,0.21652
102.35,-285.19,187.82,0.10095,-0.72424,0.3848
19.528,-236.81,248.26,-0.069363,-0.63504,0.49631
-61.812,-189.01,279.97,-0.23562,-0.5438,0.55308
-149.99,-126.78,276.14,-0.41404,-0.42012,0.54092
-227.94,-52.848,244.51,-0.5661,-0.27211,0.47198
-287.43,25.992,207.85,-0.68572,-0.11397,0.39899
-310.41,124.46,151.66,-0.72222,0.088788,0.28342
-283.07,218.99,71.474,-0.66342,0.27937,0.12731
-236.08,282.56,-12.39,-0.56002,0.40507,-0.043006
-180.45,304.88,-102.13,-0.44445,0.45374,-0.21534
-104.16,280.11,-192.79,-0.28428,0.41116,-0.38565
-21.708,233.3,-256.88,-0.11599,0.326,-0.50122
59.938,183.13,-285.73,0.050263,0.22868,-0.55394
147.67,121.44,-275.73,0.23071,0.10703,-0.52758
227.88,51.894,-244.92,0.3848,-0.032869,-0.46473
288.51,-27.323,-207.84,0.50848,-0.19709,-0.38971
308.46,-127.28,-151.55,0.53889,-0.39376,-0.27414
282.94,-225.06,-74.574,0.48212,-0.59246,-0.12208
234.65,-289.93,9.6671,0.38074,-0.72424,0.044181
175.58,-310.2,101.13,0.25301,-0.76682,0.22057
100.54,-282.88,192.07,0.098925,-0.72019,0.39494
22.453,-233.15,255.2,-0.065306,-0.62895,0.51051
-58.085,-182.85,282.96,-0.22953,-0.53366,0.55511
-147.56,-124.61,273.08,-0.40998,-0.41404,0.53281
-230.11,-57.849,242.83,-0.57218,-0.28225,0.46996
-292.36,22.783,206.43,-0.69181,-0.11802,0.39494
-313.9,125.87,150.53,-0.73236,0.084731,0.28342
-287.43,224.74,72.04,-0.67153,0.28951,0.12528
-237.28,288.6,-13.357,-0.57624,0.41724,-0.045031
-177.38,308.06,-104.91,-0.44039,0.45779,-0.21939
-101.4,280.89,-195.4,-0.28022,0.41521,-0.39174
-22.062,231.51,-257.99,-0.11397,0.32195,-0.50528
58.311,181.5,-285.97,0.046206,0.22462,-0.55596
147.03,120.9,-276.75,0.22666,0.10501,-0.53163
228.4,51.752,-246.95,0.38886,-0.032869,-0.46878
290.13,-29.304,-210.46,0.50848,-0.19912,-0.39579
312.4,-130.7,-152.92,0.547,-0.4039,-0.27819
286.83,-227.39,-70.658,0.48821,-0.60057,-0.11194
237.55,-289.48,16.013,0.38277,-0.72424,0.056344
177.25,-308.97,105.59,0.25909,-0.76682,0.22868
97.141,-282.5,192.26,0.088788,-0.72019,0.39291
15.305,-234.52,250.6,-0.077469,-0.62895,0.50037
-66.035,-186.82,281.22,-0.24778,-0.53771,0.55308
-154.9,-122.39,274.8,-0.42417,-0.41201,0.53484
-231.62,-49.167,242.55,-0.57624,-0.26603,0.46996
-290.03,29.813,206.15,-0.68978,-0.10586,0.39494
-310.22,129.91,147.93,-0.72222,0.096894,0.27531
-280.71,223.3,66.968,-0.66139,0.28748,0.11514
-233.72,284.64,-16.707,-0.56002,0.40913,-0.049087
-176.37,304.29,-107.88,-0.43634,0.45374,-0.22751
-98.991,277.51,-197.29,-0.27414,0.40711,-0.39376
-17.698,231.16,-259.29,-0.10383,0.31992,-0.50933
64.114,180.6,-286.49,0.058375,0.2226,-0.55596
152.58,117.19,-274.27,0.23679,0.096894,-0.52758
231.68,48.568,-243.2,0.39291,-0.036919,-0.45864
290.91,-31.38,-205.93,0.50848,-0.20115,-0.38565
308.11,-132.94,-147.85,0.53686,-0.4039,-0.26806
280.74,-229.49,-70.21,0.47807,-0.60259,-0.11194
232.2,-292.01,14.079,0.37466,-0.73033,0.052288
171.36,-309.35,106.88,0.2449,-0.76682,0.23071
95.631,-280.1,196.43,0.086756,-0.71208,0.40305
18.797,-230.89,257.44,-0.075444,-0.6249,0.51051
-62.331,-180.35,283.6,-0.23764,-0.52961,0.55917
-152.59,-120.72,271.66,-0.41809,-0.40796,0.52673
-234.05,-54.735,241.28,-0.58029,-0.27414,0.46387
-294.86,27.148,204.38,-0.69586,-0.10788,0.38886
-313.5,131.65,146.66,-0.7283,0.10095,0.27329
-285.19,229.11,67.652,-0.66748,0.29762,0.11717
-234.75,290.58,-17.651,-0.56204,0.42333,-0.051112
-172.95,307.12,-110.79,-0.43026,0.45982,-0.23156
-96.419,278.01,-199.77,-0.26806,0.40507,-0.39984
-18.406,229.39,-260.21,-0.10586,0.31384,-0.50933
62.722,178.86,-286.68,0.058375,0.22057,-0.55596
151.99,116.96,-275.4,0.23679,0.096894,-0.53163
232.27,48.521,-245.46,0.39291,-0.03895,-0.46675
292.59,-33.81,-208.33,0.51253,-0.20723,-0.38971
312.03,-136.41,-148.81,0.54497,-0.41404,-0.27211
284.71,-231.47,-66.223,0.48617,-0.60463,-0.10586
235.05,-291.47,20.212,0.37872,-0.73033,0.062425
172.54,-308.12,111.22,0.24693,-0.76682,0.23882
91.903,-279.67,196.43,0.07865,-0.71411,0.40102
11.554,-232.47,252.74,-0.085581,-0.62895,0.50239
-70.517,-184.2,282.11,-0.25589,-0.53569,0.55511
-159.59,-118.1,273.48,-0.43431,-0.40187,0.53281
-235.27,-45.936,240.99,-0.58435,-0.25589,0.4659
-292.6,34.319,203.89,-0.69383,-0.095719,0.38886
-309.72,135.4,143.85,-0.72019,0.10906,0.26923
-278.73,227.19,63.005,-0.65126,0.29356,0.10703
-231.38,286.64,-20.977,-0.55596,0.41724,-0.057194
-171.67,303.25,-113.76,-0.42823,0.44968,-0.23967
-93.801,274.82,-201.61,-0.26198,0.40102,-0.4039
-13.853,229.11,-261.55,-0.097744,0.31586,-0.51136
68.761,177.65,-286.84,0.072563,0.22057,-0.55596
157.2,113.39,-272.99,0.24693,0.090812,-0.52353
235.4,45.477,-241.71,0.39899,-0.049087,-0.46067
293.29,-36.051,-203.4,0.51253,-0.21331,-0.37957
307.59,-138.5,-143.93,0.53686,-0.41809,-0.25994
278.98,-233.48,-66.507,0.47604,-0.61273,-0.10586
229.51,-293.94,18.49,0.37264,-0.73236,0.0604
166.54,-308.14,112.73,0.23679,-0.76682,0.24693
90.842,-277.22,200.09,0.080675,-0.71006,0.40913
14.951,-228.6,259.51,-0.083556,-0.62084,0.51456
-67.096,-177.26,283.91,-0.24778,-0.51947,0.55917
-157.19,-117.34,270.44,-0.42823,-0.39984,0.52876
-237.84,-51.621,239.84,-0.58637,-0.26806,0.46387
-297.2,32.149,201.67,-0.70194,-0.097744,0.38277
-312.86,137.34,142.74,-0.72628,0.11311,0.26517
-283.44,232.95,64.09,-0.66545,0.30776,0.11109
-232.06,292.56,-22.086,-0.55394,0.42738,-0.057194
-168.23,306.01,-116.38,-0.41809,0.45982,-0.2417
-91.843,275.2,-203.66,-0.25994,0.40102,-0.40593
-14.513,226.98,-262.26,-0.097744,0.31384,-0.51136
67.487,175.53,-286.94,0.066481,0.21246,-0.55799
156.31,113.75,-274.43,0.2449,0.088788,-0.52353
236.04,45.242,-244.03,0.40305,-0.045031,-0.46675
294.95,-38.835,-205.57,0.51659,-0.21737,-0.38362
311.46,-141.85,-144.76,0.54497,-0.42823,-0.25994
283.1,-235.08,-62.59,0.48415,-0.61273,-0.097744
232.34,-293.35,24.576,0.37466,-0.73438,0.070537
167.86,-307.11,116.44,0.23679,-0.76277,0.24896
87.445,-277.03,199.97,0.068513,-0.70803,0.40913
7.4732,-230.13,254.7,-0.097744,-0.62287,0.50645
-75.494,-180.8,282.56,-0.264,-0.52758,0.55511
-163.58,-114.8,272.56,-0.43634,-0.39782,0.53078
-238.81,-42.609,239.49,-0.5884,-0.24981,0.46387
-294.77,39.438,200.99,-0.69586,-0.085581,0.38277
-308.92,140.62,139.96,-0.72019,0.12123,0.25707
-277.12,230.62,59.75,-0.65126,0.30167,0.10095
-228.9,288.48,-25.318,-0.54988,0.41724,-0.065306
-167.29,302.26,-118.97,-0.41809,0.44968,-0.24373
-89.649,272.51,-205.22,-0.25184,0.39899,-0.40998
-9.6534,226.58,-263.58,-0.085581,0.30978,-0.51541
73.668,174.12,-286.82,0.07865,0.20841,-0.55394
161.02,110.63,-272.12,0.25301,0.084731,-0.51947
238.94,42.198,-240.3,0.40711,-0.055169,-0.45661
295.3,-41.17,-200.36,0.51659,-0.22143,-0.37349
306.86,-143.69,-140.23,0.53484,-0.43026,-0.24981
277.47,-237.07,-63.322,0.46996,-0.61881,-0.099775
226.79,-295.69,22.878,0.36452,-0.73641,0.070537
162.25,-307.01,117.76,0.22868,-0.76277,0.25099
87.233,-274.88,203.91,0.068513,-0.70397,0.41521
10.776,-225.91,261.33,-0.091663,-0.61273,0.51862
-71.932,-173.91,283.84,-0.25994,-0.51339,0.55511
-160.96,-115.1,269.7,-0.43634,-0.39579,0.52876
-241.38,-48.436,238.38,-0.59246,-0.26198,0.46184
-299.18,37.339,198.7,-0.70803,-0.089638,0.38074
-312.06,142.53,139.08,-0.72628,0.12123,0.25909
-281.68,236.42,60.835,-0.66139,0.31384,0.098925
-229.23,294.21,-26.591,-0.55191,0.43143,-0.067331
-164.05,305.04,-121.28,-0.41201,0.45779,-0.24981
-88.257,273.01,-206.94,-0.25184,0.39697,-0.40998
-10.385,224.25,-263.98,-0.089638,0.30776,-0.51541
72.135,172.3,-286.84,0.076619,0.20638,-0.55394
160.06,111.41,-273.68,0.25504,0.084731,-0.52555
239.53,41.915,-242.54,0.41116,-0.053144,-0.46067
296.95,-43.907,-202.65,0.52064,-0.22751,-0.37754
310.87,-146.81,-141.12,0.54294,-0.43431,-0.25184
281.43,-238.43,-59.146,0.47807,-0.61881,-0.089638
229.53,-295,28.846,0.37061,-0.73641,0.080675
163.71,-306.23,120.9,0.23274,-0.76074,0.25909
83.788,-274.86,202.97,0.0604,-0.706,0.41319
3.2033,-227.51,256.45,-0.10383,-0.61476,0.51051
-80.024,-177.74,282.87,-0.27617,-0.52353,0.55308
-167.14,-112.22,271.85,-0.45053,-0.38971,0.52876
-242.11,-39.165,237.95,-0.59449,-0.24373,0.45982
-296.66,44.227,198.18,-0.70397,-0.075444,0.37872
-308.19,145.17,136.58,-0.72019,0.12934,0.25099
-275.47,233.94,56.518,-0.6472,0.30978,0.090812
-226.17,290.11,-29.729,-0.5438,0.42333,-0.075444
-163.39,301.32,-123.57,-0.40998,0.44968,-0.25386
-86.039,270.46,-208.4,-0.24778,0.39291,-0.41404
-5.2185,223.87,-265.35,-0.0795,0.30573,-0.52149
77.962,171.14,-286.7,0.088788,0.20435,-0.55394
164.61,108.25,-271.27,0.25909,0.07865,-0.51947
242.27,38.731,-238.76,0.41319,-0.06125,-0.45459
297.05,-45.865,-197.58,0.52064,-0.23156,-0.36741
306.29,-148.22,-137.28,0.53281,-0.43837,-0.24576
275.7,-240.44,-59.996,0.4659,-0.62692,-0.093694
223.87,-297.22,27.289,0.35844,-0.74047,0.07865
158.66,-306.09,122.03,0.22057,-0.76074,0.26113
83.883,-272.76,207,0.0604,-0.69992,0.41927
6.3645,-222.98,262.93,-0.099775,-0.60867,0.52064
-76.179,-171.11,283.67,-0.26603,-0.50933,0.55714
-164.6,-112.89,268.86,-0.44039,-0.39174,0.52267
-244.8,-44.992,236.8,-0.60057,-0.25589,0.45982
-301,42.104,196.03,-0.70803,-0.0795,0.37466
-311.42,147.03,136.25,-0.72628,0.13136,0.25099
-279.69,239.79,57.296,-0.65734,0.31992,0.094869
-226.31,295.7,-30.838,-0.5438,0.43143,-0.075444
-160.8,304.24,-125.25,-0.4039,0.45576,-0.25994
-84.742,270.86,-209.96,-0.24576,0.39494,-0.41809
-6.0205,221.16,-265.52,-0.083556,0.30167,-0.51744
76.074,169.66,-286.77,0.086756,0.20435,-0.55394
163.64,109.12,-272.81,0.25909,0.080675,-0.52353
242.83,38.282,-240.89,0.41521,-0.06125,-0.45864
298.72,-48.483,-199.98,0.5247,-0.23562,-0.37349
310.35,-151.13,-138.2,0.54092,-0.44445,-0.24778
279.38,-241.62,-55.466,0.47401,-0.62895,-0.083556
226.72,-296.3,32.857,0.3625,-0.73844,0.086756
160.67,-305.57,124.39,0.22462,-0.76074,0.26517
80.179,-272.71,205.75,0.052288,-0.69992,0.41724
-1.2789,-224.49,257.96,-0.11397,-0.61071,0.51456
-83.704,-175.28,283.08,-0.28225,-0.51541,0.55511
-170.49,-109.58,270.95,-0.45459,-0.38362,0.5247
-245.13,-35.532,236.23,-0.60259,-0.23764,0.45576
-298.26,48.568,195.63,-0.70194,-0.065306,0.37466
-307.51,149.18,133.73,-0.71614,0.13744,0.24693
-273.56,236.98,53.074,-0.64518,0.31384,0.088788
-223.74,291.43,-33.598,-0.53974,0.42738,-0.0795
-160.73,300.8,-126.9,-0.40187,0.45171,-0.25994
-82.524,268.31,-211.3,-0.23764,0.38886,-0.42012
-0.78341,220.87,-266.77,-0.073419,0.29964,-0.52149
81.382,168.95,-286.51,0.094869,0.2003,-0.55191
167.89,105.89,-270.35,0.26721,0.076619,-0.51541
245.31,35.145,-237.02,0.41927,-0.071387,-0.44851
298.46,-50.064,-195.12,0.52267,-0.2417,-0.36538
305.66,-152.16,-134.71,0.53078,-0.44648,-0.2417
273.67,-243.58,-56.528,0.46387,-0.62692,-0.083556
221.37,-298.42,31.016,0.35033,-0.74249,0.084731
156.31,-305.48,125.24,0.21449,-0.76277,0.26721
80.556,-270.71,209.74,0.054319,-0.69586,0.42535
2.1417,-220.08,264.16,-0.10788,-0.60259,0.52267
-79.458,-169.22,283.48,-0.27617,-0.50528,0.55714
-167.99,-110.67,267.89,-0.44851,-0.38768,0.52267
-247.85,-41.477,235.05,-0.60665,-0.24778,0.45779
-302.48,46.162,193.84,-0.71208,-0.071387,0.36858
-310.83,151,133.71,-0.72424,0.1415,0.2449
-277.57,242.88,53.71,-0.65126,0.32398,0.088788
-223.83,296.83,-34.494,-0.53771,0.43549,-0.083556
-158.56,303.77,-128.29,-0.39984,0.45171,-0.264
-81.51,268.81,-212.58,-0.23967,0.38886,-0.42012
-2.0573,218.37,-266.67,-0.073419,0.29559,-0.51947
79.094,167.86,-286.65,0.094869,0.19827,-0.55191
166.97,106.72,-271.89,0.26517,0.07865,-0.51947
245.78,34.862,-239.28,0.42129,-0.067331,-0.45459
300.23,-52.281,-198.02,0.52673,-0.24373,-0.36741
309.81,-154.95,-135.6,0.54092,-0.45256,-0.24373
277.18,-244.57,-51.692,0.46996,-0.63301,-0.075444
224.41,-297.43,36.277,0.35642,-0.74249,0.094869
158.4,-305.22,127.17,0.21854,-0.76277,0.26923
76.782,-270.73,208.25,0.046206,-0.69789,0.42535
-5.0298,-222.09,259.32,-0.12208,-0.60665,0.51659
-86.818,-173.63,283.2,-0.28631,-0.51339,0.55308
-173.65,-106.87,269.89,-0.4627,-0.37957,0.5247
-247.68,-32.206,234.77,-0.60665,-0.22953,0.45779
-299.82,52.012,194,-0.71006,-0.06125,0.37061
-306.92,152.96,131.11,-0.71816,0.14352,0.24287
-271.46,240,49.488,-0.64112,0.31992,0.07865
-221.66,292.61,-36.853,-0.53366,0.42738,-0.085581
-158.67,300.35,-129.78,-0.39782,0.44968,-0.26603
-79.033,266.38,-213.97,-0.23359,0.3848,-0.4262
2.7787,218.61,-267.99,-0.063281,0.29559,-0.52353
84.449,167.16,-286.35,0.10095,0.19624,-0.55191
171.19,103.42,-269.29,0.27531,0.070537,-0.51339
248.02,31.937,-235.53,0.42738,-0.075444,-0.44648
299.83,-53.296,-193.54,0.52673,-0.24778,-0.35929
305.02,-156.06,-132.14,0.53078,-0.45661,-0.23764
271.57,-246.6,-52.942,0.45982,-0.63706,-0.077469
219.39,-299.58,34.13,0.35033,-0.74249,0.090812
154.28,-305.1,128.3,0.21246,-0.76074,0.27329
77.23,-268.65,212.47,0.048238,-0.69383,0.43346
-1.0901,-218.03,265.36,-0.11397,-0.59854,0.52673
-82.595,-167.54,283.36,-0.28022,-0.50122,0.55714
-171.34,-108.07,266.73,-0.45661,-0.3816,0.52064
-250.56,-38.41,233.66,-0.61071,-0.2417,0.45171
-304.02,49.299,192.59,-0.71614,-0.065306,0.36858
-310.13,155.06,130.99,-0.71816,0.14961,0.2449
-275.35,245.9,50.172,-0.64923,0.33006,0.0827
-222.02,297.94,-37.302,-0.53569,0.43954,-0.089638
-156.39,303.37,-131.24,-0.39579,0.45171,-0.27008
-78.042,266.73,-215.24,-0.23156,0.38683,-0.42823
0.91511,216.51,-267.78,-0.067331,0.29559,-0.52149
82.302,166.02,-286.51,0.096894,0.19421,-0.55191
170.41,103.86,-270.71,0.27329,0.070537,-0.51744
248.57,31.701,-237.87,0.42738,-0.075444,-0.45256
301.86,-55.325,-196.84,0.52876,-0.24981,-0.36741
309.08,-158.91,-132.63,0.53686,-0.45864,-0.23562
275.13,-247.4,-48.059,0.4659,-0.63706,-0.069363
222.9,-298.57,38.849,0.35642,-0.74249,0.10095
156.12,-304.91,130.1,0.21449,-0.75871,0.27531
73.173,-268.7,210.8,0.0381,-0.69383,0.42738
-7.8606,-220.55,260.46,-0.12816,-0.60463,0.51659
-90.05,-171.67,283.32,-0.29441,-0.50933,0.55511
-176.91,-103.69,268.52,-0.46878,-0.37349,0.52064
-250.21,-29.163,233.47,-0.61071,-0.22345,0.45171
-301.44,55.032,192.87,-0.71006,-0.055169,0.36656
-306.12,156.92,128.11,-0.71411,0.15366,0.23679
-269.43,242.72,46.138,-0.63504,0.32803,0.074594
-220.53,293.65,-39.189,-0.53366,0.43346,-0.091663
-156.43,299.88,-132.89,-0.39579,0.44968,-0.27008
-75.447,264.4,-216.64,-0.22345,0.38277,-0.43026
5.5388,217.24,-269.13,-0.057194,0.29559,-0.52758
87.728,165.18,-286.18,0.10906,0.18813,-0.55191
174.66,100.23,-267.92,0.2814,0.062425,-0.51136
250.57,28.917,-234.21,0.42941,-0.0795,-0.44445
301.27,-56.292,-192.27,0.52876,-0.25386,-0.35524
304.15,-160.21,-129.14,0.52876,-0.46067,-0.23156
269.63,-249.47,-49.639,0.45576,-0.64112,-0.073419
218.07,-300.74,36.584,0.34628,-0.74655,0.096894
151.92,-304.53,131.49,0.20638,-0.75871,0.27734
73.904,-266.65,215,0.040125,-0.69181,0.43346
-3.5671,-216.64,266.45,-0.12005,-0.59651,0.52876
-86.016,-165.52,283.13,-0.29036,-0.49514,0.55511
-174.95,-104.98,265.39,-0.46473,-0.37754,0.51456
-253.3,-35.603,232.41,-0.61476,-0.23562,0.44766
-305.57,52.507,191.29,-0.71614,-0.057194,0.36452
-309.23,159.32,127.74,-0.71816,0.15975,0.23274
-273.18,248.78,46.657,-0.63909,0.33614,0.074594
-220.62,299.05,-39.826,-0.53366,0.43954,-0.093694
-153.93,302.78,-134.52,-0.38971,0.45576,-0.27414
-74.716,264.84,-217.7,-0.22548,0.3848,-0.43229
3.4392,215.23,-268.94,-0.06125,0.28951,-0.52555
85.817,163.76,-286.3,0.10501,0.18611,-0.55191
173.97,100.66,-269.31,0.2814,0.0604,-0.51541
251.09,28.823,-236.71,0.43346,-0.0795,-0.45053
303.3,-58.604,-195.43,0.53281,-0.25589,-0.36335
308.18,-163.23,-129.16,0.53686,-0.46675,-0.23156
273.05,-250.18,-44.567,0.46793,-0.64314,-0.06125
221.49,-299.68,41.396,0.35033,-0.74655,0.10703
153.31,-304.28,133.45,0.21044,-0.76074,0.27937
69.846,-266.91,213.09,0.032012,-0.69181,0.43143
-10.456,-219.26,261.71,-0.13221,-0.60057,0.52064
-93.753,-169.15,283.15,-0.29847,-0.50122,0.55511
-180.31,-100.29,267.13,-0.47486,-0.36538,0.52064
-252.66,-26.615,232.55,-0.61476,-0.21939,0.44766
-303,58.381,191.2,-0.71208,-0.047056,0.36452
-304.84,161.28,124.43,-0.71411,0.15975,0.22666
-267.45,245.85,42.741,-0.62692,0.33006,0.068513
-219.23,294.88,-41.784,-0.52961,0.43143,-0.099775
-153.6,299.17,-136.5,-0.39174,0.4436,-0.28022
-72.215,262.79,-219.04,-0.21939,0.37872,-0.43431
8.2281,215.8,-270.45,-0.055169,0.29154,-0.52961
91.55,162.53,-285.8,0.11717,0.18813,-0.55191
178.13,96.999,-266.55,0.28748,0.056344,-0.50933
253.07,26.511,-233.31,0.43346,-0.083556,-0.44243
302.59,-59.854,-190.52,0.53281,-0.26198,-0.35524
303.08,-164.55,-125.77,0.52673,-0.47081,-0.22345
267.75,-252.26,-46.573,0.45171,-0.6472,-0.065306
216.51,-301.89,39.415,0.34223,-0.75061,0.10095
148.95,-303.71,135.14,0.19827,-0.75871,0.28342
71.097,-265.12,217.26,0.0381,-0.68978,0.44157
-6.2328,-215.17,267.7,-0.12411,-0.59246,0.52876
-90.026,-162.87,282.61,-0.29239,-0.49108,0.55308
-178.51,-101.77,264.02,-0.47081,-0.36943,0.51456
-255.91,-33.055,231.56,-0.6249,-0.22953,0.44766
-307.08,56.282,189.45,-0.71816,-0.049087,0.36047
-308.26,163.69,124.41,-0.71816,0.16583,0.22868
-271.3,251.45,43.779,-0.64112,0.34223,0.068513
-218.92,300.11,-42.798,-0.53163,0.44157,-0.099775
-150.72,301.91,-138.2,-0.38565,0.45171,-0.28428
-72.121,263.48,-219.96,-0.22751,0.38683,-0.43634
6.1522,213.7,-270.23,-0.055169,0.28545,-0.52758
89.851,160.79,-285.8,0.11514,0.18407,-0.55191
177.49,97.376,-267.88,0.28748,0.0604,-0.51136
253.71,26.393,-235.82,0.43549,-0.087606,-0.44648
304.83,-62.496,-193.47,0.53484,-0.264,-0.35929
307.31,-167.54,-125.65,0.53484,-0.47892,-0.22143
271.45,-252.78,-41.713,0.45982,-0.6472,-0.055169
219.65,-300.81,44.487,0.35033,-0.74655,0.11109
149.96,-303.4,136.96,0.2003,-0.75669,0.28748
67.369,-265.73,215.07,0.027962,-0.69181,0.43346
-13.192,-217.82,263.03,-0.13627,-0.60057,0.52064
-98,-165.89,282.82,-0.31063,-0.49716,0.55308
-183.68,-96.844,265.67,-0.48094,-0.35929,0.51659
-255.16,-24.091,231.68,-0.62084,-0.21331,0.44766
-304.46,62.368,189.14,-0.71816,-0.03895,0.36047
-303.76,165.39,121.06,-0.706,0.16989,0.2226
-265.96,247.95,40.335,-0.62692,0.33614,0.062425
-217.51,296.01,-44.968,-0.52555,0.43752,-0.10383
-150.42,298.3,-140.2,-0.3816,0.44562,-0.28631
-69.856,261.78,-221.19,-0.21737,0.37669,-0.43634
11.248,214.17,-271.84,-0.049087,0.28748,-0.52961
95.937,159.23,-285.1,0.12528,0.18002,-0.54988
181.59,93.791,-265.09,0.29559,0.050263,-0.50528
255.62,23.916,-232.25,0.44157,-0.091663,-0.43837
303.93,-64.029,-188.21,0.53281,-0.26603,-0.35119
302.14,-168.87,-122.56,0.5247,-0.47689,-0.21737
266.19,-255.09,-43.954,0.44766,-0.65531,-0.06125
214.41,-303,42.835,0.33614,-0.75263,0.10703
145.74,-302.74,138.87,0.19219,-0.75669,0.29154
68.926,-263.98,219.53,0.032012,-0.68775,0.44157
-9.2524,-213.4,269.04,-0.13221,-0.59043,0.53484
-94.485,-159.69,282,-0.30455,-0.485,0.55106
-182.15,-98.755,262.65,-0.47892,-0.36133,0.51253
-258.6,-30.224,230.45,-0.62692,-0.22345,0.4436
-308.43,60.74,187.02,-0.72424,-0.043006,0.35844
-307.34,168.05,121.08,-0.71614,0.17394,0.2226
-269.48,254.25,41.066,-0.63301,0.34628,0.062425
-216.54,301.24,-46.478,-0.52149,0.44562,-0.10788
-147.54,301.01,-142,-0.37349,0.44968,-0.29239
-69.786,262.42,-222.27,-0.21331,0.38074,-0.44039
9.2661,211.91,-271.65,-0.053144,0.28342,-0.53163
94.168,157.56,-285.24,0.12325,0.17799,-0.54785
180.98,94.475,-266.62,0.29356,0.052288,-0.51136
256.47,23.302,-234.54,0.44157,-0.091663,-0.44445
306.25,-67.096,-190.83,0.53686,-0.27819,-0.35524
306.43,-171.91,-122.16,0.53484,-0.48702,-0.21534
269.68,-255.73,-38.811,0.45374,-0.65531,-0.049087
217.12,-301.89,48.308,0.34425,-0.75061,0.1192
146.7,-302.48,140.55,0.19421,-0.75669,0.29559
64.916,-264.5,217.24,0.023906,-0.68978,0.43752
-16.589,-215.93,264.54,-0.14235,-0.59651,0.5247
-102.39,-162.68,282.61,-0.31874,-0.49311,0.55106
-186.98,-93.753,264.37,-0.48702,-0.35321,0.51253
-257.85,-20.859,230.26,-0.62287,-0.20723,0.4436
-305.71,66.992,186.41,-0.72019,-0.030838,0.35642
-302.69,169.52,117.81,-0.706,0.17799,0.21449
-264.19,250.88,37.292,-0.6249,0.34223,0.056344
-215.01,297.16,-49.002,-0.51744,0.43752,-0.10991
-147.47,297.49,-143.79,-0.37754,0.4436,-0.29441
-67.356,260.53,-223.67,-0.20926,0.37669,-0.44243
14.833,212.07,-273.28,-0.040975,0.28545,-0.53366
100.35,155.93,-284.46,0.13542,0.17191,-0.54988
185.04,91.031,-263.86,0.3037,0.046206,-0.50325
258.55,20.401,-230.72,0.44766,-0.097744,-0.43634
305.11,-68.771,-185.5,0.53281,-0.28022,-0.34308
301.41,-173.02,-119.59,0.5247,-0.48702,-0.21331
264.21,-258.16,-40.887,0.4436,-0.66139,-0.053144
211.55,-304.13,47.129,0.33209,-0.75466,0.11514
142.93,-301.94,142.41,0.18813,-0.75466,0.30167
66.449,-262.64,221.98,0.027962,-0.68572,0.44968
-13.027,-211.14,270.46,-0.13627,-0.58637,0.53281
-98.92,-156.6,281.45,-0.31063,-0.48094,0.55308
-185.71,-96.065,261.42,-0.485,-0.35929,0.50848
-261.55,-26.426,228.66,-0.63301,-0.21737,0.44157
-309.75,65.553,184.28,-0.72628,-0.032869,0.35033
-306.68,172.16,118.32,-0.71411,0.18205,0.21854
-267.31,257.41,37.716,-0.62692,0.35642,0.058375
-213.38,302.28,-50.937,-0.51744,0.44766,-0.11599
-144.83,300.21,-145.49,-0.37146,0.44766,-0.29644
-67.073,260.95,-224.75,-0.20723,0.37669,-0.44445
13.159,209.5,-273.02,-0.043006,0.2814,-0.52961
98.485,154.39,-284.67,0.12731,0.17191,-0.54785
184.54,91.573,-265.35,0.29964,0.046206,-0.50528
259.47,19.363,-232.63,0.44968,-0.099775,-0.44039
307.61,-71.862,-188.09,0.53889,-0.28428,-0.34916
305.92,-175.87,-119.37,0.53078,-0.49311,-0.21129
267.49,-258.77,-35.155,0.44562,-0.66342,-0.043006
213.98,-302.95,52.673,0.33411,-0.75263,0.12731
143.99,-301.75,143.87,0.19016,-0.75061,0.30167
61.967,-263.02,219.62,0.01985,-0.68572,0.4436
-20.552,-213.55,266.1,-0.15046,-0.5884,0.52876
-106.73,-159.31,282.33,-0.32888,-0.485,0.55106
-190.47,-90.569,262.91,-0.49108,-0.3451,0.50848
-260.56,-16.849,228.26,-0.63098,-0.20115,0.43752
-306.94,71.592,183.72,-0.72222,-0.024756,0.34831
-302.03,173.34,115.09,-0.706,0.18611,0.21044
-262,254.02,33.729,-0.61881,0.34831,0.052288
-212.04,298.25,-53.39,-0.51339,0.43954,-0.12005
-145.02,296.81,-147.21,-0.36943,0.43954,-0.29847
-64.336,258.99,-226.29,-0.20521,0.37466,-0.44648
18.915,209.5,-274.67,-0.032869,0.27937,-0.53771
104.52,152.74,-283.85,0.14352,0.16989,-0.54785
188.62,88.035,-262.4,0.30978,0.040125,-0.50122
261.33,16.178,-228.46,0.45171,-0.10586,-0.43229
306.15,-73.442,-182.69,0.53889,-0.29036,-0.33699
300.8,-176.98,-116.99,0.52064,-0.49716,-0.20723
261.9,-261.36,-37.207,0.43954,-0.66545,-0.049087
208.42,-305.08,51.422,0.32398,-0.75871,0.12325
140.55,-301.14,145.95,0.18002,-0.75466,0.3037
63.406,-260.85,224.76,0.01985,-0.67964,0.45374
-16.896,-208.62,271.8,-0.14641,-0.58232,0.53889
-102.93,-153.91,281.08,-0.3228,-0.47284,0.54903
-189.53,-93.093,260.01,-0.48906,-0.35321,0.50848
-264.53,-21.803,226.25,-0.63909,-0.20723,0.43752
-310.76,70.413,181.55,-0.7283,-0.024756,0.34223
-306.04,176.24,115.71,-0.71411,0.19016,0.21044
-264.88,260.6,33.871,-0.6249,0.3625,0.046206
-210.27,303.32,-55.23,-0.50933,0.45171,-0.12208
-142.28,299.43,-149.12,-0.36538,0.44562,-0.30253
-63.888,259.07,-227.51,-0.20318,0.37466,-0.45256
17.027,207.07,-274.32,-0.034894,0.27329,-0.53771
102.28,151.87,-284.39,0.13947,0.16786,-0.54988
188.32,88.318,-263.84,0.30776,0.0381,-0.50325
262.42,14.692,-230.22,0.45171,-0.11194,-0.43837
308.75,-75.565,-185.52,0.54092,-0.29239,-0.34308
305.26,-179.95,-116.45,0.53281,-0.50325,-0.20318
264.87,-261.93,-31.05,0.4436,-0.66951,-0.036919
211.01,-303.95,56.754,0.33006,-0.75466,0.13542
141.25,-300.93,147.36,0.18205,-0.75466,0.30978
58.499,-261.08,222.24,0.0097125,-0.67761,0.44766
-24.327,-211.4,267.49,-0.15857,-0.5884,0.53281
-110.43,-156.83,282.25,-0.33294,-0.47892,0.55308
-194.06,-86.959,261.16,-0.49919,-0.33902,0.50239
-263.25,-12.437,225.85,-0.63706,-0.18696,0.43549
-307.98,76.027,181.24,-0.72424,-0.022731,0.34223
-301.26,177.37,112.07,-0.70397,0.19219,0.20435
-259.48,257.2,29.53,-0.61476,0.35642,0.04215
-209.44,299.26,-57.33,-0.50933,0.44157,-0.12816
-142.4,295.87,-150.87,-0.36741,0.43954,-0.30861
-60.821,257.04,-229.14,-0.19507,0.36858,-0.45256
22.665,207.14,-276.01,-0.022731,0.27531,-0.53771
108.18,150.6,-283.61,0.14758,0.1638,-0.54583
192.56,84.472,-260.66,0.31789,0.029988,-0.49716
264.14,11.649,-226.05,0.45982,-0.11802,-0.42823
307.1,-77.806,-180.38,0.53889,-0.30049,-0.33294
300.02,-181.16,-113.97,0.52267,-0.50528,-0.19912
259.16,-264.64,-32.937,0.43143,-0.67153,-0.03895
205.85,-306.14,55.291,0.3037,-0.76074,0.13136
137.79,-300.19,149.77,0.17799,-0.75061,0.31384
59.844,-258.53,227.64,0.013769,-0.67356,0.45779
-20.694,-206.35,272.98,-0.15249,-0.58029,0.53889
-106.49,-151.95,280.93,-0.32686,-0.47081,0.55106
-193.52,-89.554,258.31,-0.50122,-0.3451,0.50239
-267.36,-17.179,223.94,-0.64518,-0.19912,0.43143
-311.85,74.777,179.35,-0.7283,-0.018675,0.34019
-305.2,180.6,112.5,-0.71208,0.2003,0.20638
-262.12,263.81,29.577,-0.62084,0.36858,0.040125
-207.74,304.31,-58.934,-0.50528,0.45374,-0.13424
-139.4,298.25,-153.04,-0.35929,0.4436,-0.31469
-60.066,256.64,-230.41,-0.19507,0.37061,-0.45459
20.778,204.85,-275.52,-0.026781,0.27126,-0.53771
105.75,149.79,-284.32,0.14352,0.1638,-0.54785
192.23,84.614,-262.07,0.31586,0.032012,-0.50122
265.08,10.21,-227.82,0.46184,-0.11802,-0.42823
309.78,-80.732,-183.23,0.547,-0.30455,-0.33902
304.36,-184.22,-112.96,0.52876,-0.51136,-0.19709
262.18,-265,-26.686,0.43954,-0.67559,-0.028813
208.77,-305.05,60.174,0.32398,-0.75669,0.14352
138.07,-299.79,151.26,0.17394,-0.75061,0.31789
54.418,-258.53,224.95,0.0016,-0.67761,0.45374
-27.936,-209.3,268.88,-0.16668,-0.58435,0.52876
-113.95,-154.52,282.25,-0.34105,-0.47486,0.55308
-197.81,-82.902,259.16,-0.50528,-0.33091,0.50037
-265.8,-8.0965,223.44,-0.63909,-0.18088,0.42941
-308.99,80.132,179.07,-0.72222,-0.0024563,0.34019
-300.12,181.48,108.58,-0.69992,0.2003,0.19827
-256.83,260.17,25.402,-0.60867,0.35844,0.036069
-207.39,300.35,-60.75,-0.50325,0.4436,-0.13424
-139.28,294.69,-154.9,-0.35929,0.43549,-0.31469
-56.834,254.58,-232.06,-0.18696,0.36452,-0.45661
26.18,205.02,-277.17,-0.018675,0.27329,-0.53974
111.7,148.26,-283.33,0.15772,0.16178,-0.54583
196.43,80.556,-258.67,0.32195,0.021875,-0.49514
266.66,7.2845,-223.67,0.46387,-0.12411,-0.42417
307.87,-81.982,-178.23,0.53889,-0.30455,-0.32888
298.96,-185.47,-110.55,0.51456,-0.51339,-0.19304
256.66,-267.64,-28.95,0.42738,-0.68167,-0.030838
203.6,-307.15,58.806,0.31789,-0.76074,0.13947
134.63,-298.87,153.95,0.16989,-0.74655,0.32195
56.07,-256.03,230.54,0.0056562,-0.67153,0.46387
-23.949,-204.46,274.12,-0.15857,-0.57421,0.54294
-110.15,-149.76,280.63,-0.33496,-0.46675,0.54903
-197.5,-85.756,256.49,-0.5073,-0.33699,0.49631
-269.93,-12.72,221.67,-0.65126,-0.19101,0.42738
-312.6,79.141,177.11,-0.73033,-0.0044813,0.33411
-304.06,185.01,108.77,-0.71006,0.20638,0.19624
-259.78,266.73,25.732,-0.61679,0.37466,0.036069
-205.55,305.35,-62.402,-0.49716,0.45374,-0.14033
-136.1,296.88,-157.28,-0.35119,0.43954,-0.31874
-56.245,254.21,-233.36,-0.18696,0.3625,-0.4627
23.821,203.25,-276.75,-0.0207,0.26721,-0.54177
109.53,147.48,-284.06,0.15366,0.15975,-0.54988
196.06,80.651,-260.23,0.32195,0.023906,-0.49716
267.63,5.9634,-225.74,0.46387,-0.12613,-0.42417
310.66,-85.143,-180.83,0.54497,-0.31063,-0.33294
303.2,-188.75,-108.88,0.52673,-0.51744,-0.18898
260.01,-267.88,-22.911,0.43346,-0.67964,-0.018675
206.53,-306.12,63.736,0.31992,-0.75669,0.14961
134.37,-298.4,155.41,0.16989,-0.74655,0.326
50.597,-256.17,227.57,-0.0065062,-0.67356,0.45576
-30.838,-207.96,270.25,-0.17479,-0.58232,0.53686
-117.65,-151.93,282.21,-0.34916,-0.47284,0.55308
-201.42,-78.844,257.27,-0.51541,-0.32482,0.50037
-268.21,-4.1805,221.58,-0.6472,-0.17276,0.42333
-309.7,84.59,176.52,-0.72222,0.0056562,0.33614
-298.59,185.84,104.41,-0.69586,0.21044,0.18407
-254.92,263,21.981,-0.60463,0.36656,0.027962
-205.22,301.39,-64.501,-0.49919,0.44766,-0.14235
-135.63,293.25,-159.26,-0.35321,0.43549,-0.32482
-53.036,252.32,-234.94,-0.17682,0.36047,-0.4627
29.058,203.58,-278.37,-0.010563,0.26721,-0.54177
115.49,145.57,-282.83,0.16178,0.15366,-0.5438
200.16,76.758,-256.88,0.33006,0.015794,-0.48702
269.09,3.4629,-221.94,0.46996,-0.13424,-0.42012
308.44,-86.676,-175.52,0.53889,-0.31672,-0.32078
297.49,-190.14,-106.45,0.51253,-0.52149,-0.1829
254.96,-270.45,-25.695,0.42535,-0.68572,-0.024756
201.27,-308.17,62.581,0.30776,-0.76479,0.14758
130.76,-297.15,158.52,0.15975,-0.74857,0.33411
52.413,-253.51,233.42,-0.0024563,-0.66545,0.46793
-26.874,-202.88,275.32,-0.16263,-0.57218,0.54294
-114.09,-147.16,280.16,-0.34105,-0.4627,0.54903
-201.28,-82.218,254.84,-0.51541,-0.33091,0.49631
-272.38,-9.0401,220.24,-0.65734,-0.1829,0.42333
-313.17,84.237,174.21,-0.73236,0.0076813,0.32803
-302.53,189.76,104.55,-0.706,0.21652,0.18813
-257.9,269.52,22.5,-0.61071,0.37872,0.025931
-203.12,306.34,-66.247,-0.49716,0.45374,-0.14641
-131.99,295.11,-161.93,-0.34308,0.43954,-0.33091
-52.447,251.59,-236.15,-0.17884,0.35642,-0.46675
26.865,201.62,-277.92,-0.016644,0.26721,-0.54177
113.39,144.6,-283.49,0.15772,0.15164,-0.54583
199.62,77.136,-258.7,0.326,0.01985,-0.49514
270.01,2.4013,-224.3,0.46793,-0.13829,-0.42417
311.29,-90.144,-177.78,0.54903,-0.3228,-0.32482
301.6,-193.31,-104.46,0.52064,-0.53163,-0.18088
258.24,-270.52,-19.727,0.42941,-0.68572,-0.016644
203.96,-307.08,67.582,0.31586,-0.76277,0.15772
129.93,-296.54,159.89,0.15772,-0.74452,0.33209
46.846,-253.65,230.19,-0.012594,-0.66545,0.46387
-33.881,-206.35,271.5,-0.18088,-0.57826,0.53686
-121.66,-148.77,281.66,-0.35524,-0.4627,0.55308
-204.75,-75.211,255.53,-0.51947,-0.31469,0.49226
-270.42,-0.80705,220,-0.65328,-0.16668,0.42129
-310.01,89.474,173.41,-0.72628,0.017825,0.326
-296.77,190.09,100.14,-0.69181,0.21854,0.17799
-253.41,265.6,18.915,-0.60259,0.37061,0.01985
-202.65,302.38,-68.488,-0.49514,0.44766,-0.14843
-131.45,291.43,-163.77,-0.34308,0.43346,-0.33091
-49.545,250.01,-237.56,-0.17074,0.35642,-0.46878
32.125,201.67,-279.41,-0.0065062,0.26315,-0.54583
119.46,142.36,-282.05,0.16989,0.14556,-0.54177
203.51,73.338,-255.32,0.33614,0.015794,-0.485
271.38,0.018616,-220.43,0.47198,-0.13829,-0.41809
308.65,-91.725,-172.36,0.53686,-0.32482,-0.31874
295.98,-194.44,-102.43,0.51051,-0.53366,-0.17479
253.17,-273.02,-22.605,0.42129,-0.69181,-0.018675
198.53,-308.99,66.662,0.30573,-0.76479,0.15569
126.91,-295.33,162.84,0.14961,-0.74452,0.33614
49.252,-251.27,235.99,-0.0085375,-0.65937,0.47401
-30.059,-200.97,276.43,-0.17276,-0.57016,0.547
-118.15,-144.07,279.31,-0.34916,-0.45661,0.54903
-204.68,-79.151,253.36,-0.52149,-0.32686,0.48821
-274.69,-5.5959,218.84,-0.65937,-0.17682,0.42129
-313.33,89.544,170.98,-0.73236,0.017825,0.31992
-301,193.88,100.66,-0.70194,0.23071,0.18407
-256.27,271.97,19.41,-0.60665,0.3848,0.01985
-200.41,307.14,-70.352,-0.48906,0.45982,-0.15249
-128.15,293.37,-166.2,-0.33496,0.43752,-0.33699
-49.403,249.56,-238.69,-0.17074,0.35439,-0.47081
30.073,199.64,-279.03,-0.0085375,0.26517,-0.5438
117.36,141.54,-282.71,0.16583,0.14758,-0.5438
202.8,74.163,-257.45,0.33614,0.011738,-0.49108
272.28,-1.0901,-222.89,0.46996,-0.14235,-0.42215
311.41,-95.381,-174.32,0.54497,-0.33091,-0.32078
300.16,-197.27,-100.67,0.51862,-0.53771,-0.17276
256.59,-272.92,-16.613,0.42941,-0.69181,-0.0065062
201.15,-307.86,71.639,0.30978,-0.76277,0.1638
125.99,-294.93,163.93,0.14961,-0.74047,0.33817
43.873,-251.79,232.46,-0.018675,-0.66342,0.4659
-37.184,-204.37,272.75,-0.18696,-0.57218,0.53889
-125.51,-145.51,281.1,-0.36538,-0.45661,0.55106
-207.62,-72.357,254.3,-0.52555,-0.31063,0.49226
-272.52,2.59,218.51,-0.65328,-0.1606,0.42129
-310.01,94.687,169.78,-0.72628,0.025931,0.31789
-295.41,193.74,96.692,-0.68978,0.22462,0.17191
-251.81,268.05,15.777,-0.60259,0.37669,0.011738
-199.79,303.16,-72.805,-0.48906,0.44968,-0.1606
-127.63,289.83,-167.76,-0.33496,0.43143,-0.34105
-46.69,248.21,-239.97,-0.16466,0.35236,-0.47284
35.452,199.5,-280.43,-0.000425,0.25909,-0.5438
123.18,139.34,-281.27,0.18002,0.1415,-0.53974
206.41,70.979,-254.38,0.34223,0.0097125,-0.485
273.55,-3.4492,-218.88,0.47604,-0.14641,-0.41201
308.51,-96.985,-168.79,0.53889,-0.33496,-0.30861
294.78,-198.14,-99.344,0.50645,-0.53974,-0.17074
251.45,-275.47,-19.349,0.41521,-0.69383,-0.010563
195.51,-309.63,71.002,0.29559,-0.76682,0.16178
123.26,-293.66,166.9,0.14352,-0.74047,0.34628
46.539,-249.38,238.49,-0.016644,-0.65937,0.47807
-33.527,-198.68,277.35,-0.18088,-0.56407,0.55106
-121.87,-141.38,278.55,-0.35727,-0.45053,0.54497
-207.48,-77.099,252.63,-0.52758,-0.31874,0.49023
-277.03,-1.9629,217.26,-0.66545,-0.16871,0.41927
-313.24,94.876,167.46,-0.73033,0.029988,0.31586
-299.72,197.59,97.565,-0.69789,0.23274,0.17597
-254.45,274.33,16.131,-0.60259,0.38886,0.013769
-197.43,307.76,-74.692,-0.48297,0.45779,-0.16263
-124.56,291.74,-170.09,-0.32686,0.43346,-0.34308
-46.62,247.55,-241.17,-0.16466,0.35033,-0.47892
33.564,197.21,-279.98,-0.000425,0.25504,-0.54583
121.01,138.87,-282.05,0.17394,0.13947,-0.54177
205.68,72.158,-256.79,0.34425,0.013769,-0.49108
274.54,-4.6523,-221.35,0.47604,-0.14843,-0.42012
311.32,-100.45,-170.82,0.54497,-0.34105,-0.31266
298.96,-200.76,-97.575,0.51456,-0.54583,-0.16466
254.75,-275.24,-13.145,0.42129,-0.69789,-0.0024563
198.06,-308.43,75.862,0.30167,-0.76682,0.17394
122.34,-294.08,167.46,0.1415,-0.74047,0.34628
40.924,-249.8,234.74,-0.0207,-0.65937,0.47401
-40.84,-201.94,273.79,-0.19507,-0.56812,0.54294
-129.07,-142.66,280.37,-0.37349,-0.45256,0.54903
-210.05,-70.281,253.43,-0.53366,-0.30658,0.49023
-274.65,6.105,216.93,-0.65734,-0.15249,0.41724
-309.91,99.594,166.31,-0.72424,0.0381,0.31384
-294.18,197.14,93.743,-0.68775,0.23476,0.16786
-250.04,270.34,12.333,-0.59449,0.38074,0.0076813
-196.82,303.72,-77.051,-0.48094,0.45374,-0.16871
-124.33,288.44,-171.37,-0.32686,0.42738,-0.3451
-43.765,246.33,-242.4,-0.1606,0.34831,-0.47892
39.155,196.86,-281.27,0.0097125,0.25504,-0.54583
126.68,136.58,-280.47,0.18611,0.13339,-0.53974
209.15,69.021,-253.53,0.34831,0.0016,-0.48297
275.65,-7.0349,-217.16,0.48009,-0.15249,-0.40998
308.23,-101.75,-165.63,0.53889,-0.34713,-0.30455
293.53,-201.63,-96.537,0.50443,-0.54583,-0.16466
249.46,-277.78,-15.716,0.41319,-0.69992,-0.0065062
192.59,-310.1,75.296,0.29154,-0.76885,0.17191
120.35,-292.36,170.37,0.1415,-0.73844,0.35236
43.661,-247.3,240.99,-0.018675,-0.65531,0.48212
-37.278,-195.95,278.2,-0.18696,-0.55799,0.54903
-125.39,-138.91,277.8,-0.36741,-0.4262,0.54294
-210.29,-75.235,251.92,-0.53163,-0.31672,0.49023
-279.2,1.7408,215.59,-0.66951,-0.16263,0.41521
-313.24,99.688,164.59,-0.7283,0.0381,0.30978
-298.5,201.2,94.569,-0.69383,0.24085,0.16583
-252.4,276.66,12.38,-0.60057,0.39291,0.0056562
-194.56,308.2,-78.844,-0.47486,0.45982,-0.16871
-121.83,290.61,-173.47,-0.3228,0.42738,-0.35119
-43.529,245.48,-243.67,-0.15857,0.34425,-0.47892
37.386,194.52,-280.85,0.0076813,0.24896,-0.54583
124.39,136.54,-281.53,0.18205,0.13744,-0.5438
208.58,70.035,-256.06,0.35033,0.0036313,-0.48702
276.73,-8.4739,-219.47,0.48212,-0.15654,-0.41404
311.37,-104.84,-168.11,0.54497,-0.35119,-0.30861
297.71,-204.3,-94.39,0.50848,-0.55191,-0.1606
252.65,-277.59,-9.2288,0.41724,-0.69789,0.0076813
195.23,-309.04,79.967,0.29559,-0.76682,0.18205
119.5,-292.46,170.74,0.13947,-0.73844,0.35236
37.622,-247.63,237.15,-0.032869,-0.65531,0.47401
-44.567,-199.37,274.8,-0.20318,-0.5661,0.54294
-132.25,-140.3,279.87,-0.37754,-0.44851,0.547
-212.77,-67.922,252.48,-0.53569,-0.30455,0.49226
-276.82,9.9266,215.05,-0.66342,-0.14438,0.41521
-310.06,103.84,163.78,-0.72628,0.044181,0.30776
-292.76,200.63,90.559,-0.68369,0.24085,0.16178
-247.87,272.63,8.2989,-0.59246,0.3848,-0.000425
-194.01,304.26,-81.203,-0.47486,0.45374,-0.17479
-121.66,287.54,-174.62,-0.3228,0.42333,-0.34916
-40.297,244.25,-244.9,-0.15452,0.34223,-0.48094
42.906,194.17,-282.08,0.017825,0.25099,-0.54583
129.72,134.53,-280.05,0.19421,0.13339,-0.53771
212.05,66.709,-252.54,0.35439,-0.0044813,-0.48094
277.82,-10.951,-215.17,0.48415,-0.1606,-0.40593
308.27,-105.95,-163.46,0.53686,-0.35524,-0.29847
292.26,-205.43,-93.4,0.50037,-0.55596,-0.15857
247.18,-280.19,-11.494,0.40711,-0.70397,0.0016
189.69,-310.53,79.542,0.28748,-0.77088,0.17597
117.78,-291.3,173.72,0.13339,-0.73641,0.35642
40.24,-244.95,243.54,-0.0207,-0.65126,0.48821
-40.934,-193.4,279.02,-0.19507,-0.55394,0.55106
-128.48,-137.23,277.32,-0.36943,-0.44039,0.54294
-213.38,-72.805,250.88,-0.53771,-0.31063,0.48617
-281.49,5.7511,213.65,-0.67356,-0.15452,0.41319
-313.36,103.91,162.53,-0.73033,0.044181,0.30573
-296.96,205.07,91.219,-0.68978,0.24896,0.16178
-249.9,278.98,7.8978,-0.59449,0.39494,-0.0024563
-191.7,308.63,-83.091,-0.47081,0.45982,-0.17884
-119.21,289.59,-176.86,-0.31469,0.42941,-0.35727
-39.92,242.98,-246.27,-0.15452,0.34223,-0.485
41.137,191.95,-281.7,0.011738,0.2449,-0.54988
127.62,134.74,-281.11,0.18611,0.13136,-0.54177
211.72,67.44,-254.97,0.35439,-0.000425,-0.48702
278.93,-12.39,-217.6,0.48617,-0.16263,-0.41201
311.6,-108.92,-165.96,0.54497,-0.35929,-0.30253
296.2,-208.21,-90.757,0.50848,-0.55596,-0.15046
250.03,-279.91,-4.6759,0.41521,-0.70397,0.011738
192.35,-309.47,84.095,0.28748,-0.76682,0.18813
116.51,-291.42,174.12,0.13136,-0.73844,0.36047
33.729,-245.16,239.65,-0.043006,-0.65126,0.48009
-48.342,-196.89,275.79,-0.21129,-0.55799,0.54294
-135.41,-138.2,279.45,-0.38362,-0.44445,0.54497
-215.76,-65.138,251.14,-0.54177,-0.29644,0.48617
-279.06,13.748,213.23,-0.66951,-0.14235,0.40913
-310.24,107.94,161.61,-0.72424,0.054319,0.3037
-290.95,204.48,86.855,-0.67761,0.25099,0.15366
-245.32,274.97,3.8403,-0.58435,0.39088,-0.010563
-191.44,304.76,-85.332,-0.46878,0.45576,-0.1829
-118.62,286.34,-178.28,-0.31672,0.42738,-0.35929
-36.169,241.66,-247.59,-0.14438,0.34019,-0.485
46.633,191.46,-282.86,0.017825,0.2449,-0.54988
132.93,132.48,-279.43,0.19827,0.12731,-0.53569
215.19,63.854,-251.27,0.3625,-0.0085375,-0.47892
279.99,-14.702,-213.38,0.48821,-0.16668,-0.40187
308.35,-110.22,-161.36,0.54092,-0.36335,-0.29441
290.46,-209.61,-89.625,0.50037,-0.56204,-0.15046
244.56,-282.45,-6.8698,0.40102,-0.70803,0.011738
187.09,-310.86,83.6,0.2814,-0.76885,0.18813
114.76,-289.98,177.37,0.12934,-0.73641,0.36452
36.324,-242.09,246.26,-0.036919,-0.64314,0.49429
-44.662,-190.85,279.9,-0.20115,-0.54785,0.54903
-131.97,-135.3,276.69,-0.37754,-0.43634,0.53889
-216.78,-69.88,249.35,-0.54583,-0.30658,0.48617
-283.8,9.5256,212.03,-0.67559,-0.14843,0.40711
-313.57,108.2,160.53,-0.73033,0.054319,0.30167
-295.1,209.29,87.28,-0.68978,0.25707,0.15569
-247.28,281.19,3.2741,-0.5884,0.40305,-0.012594
-189.25,309.05,-87.03,-0.46473,0.46184,-0.18696
-116.07,288.25,-180.64,-0.31063,0.42535,-0.36335
-35.91,240.31,-248.96,-0.14438,0.33817,-0.48906
44.723,189.59,-282.67,0.015794,0.24287,-0.54785
131.23,132.53,-280.5,0.19827,0.12934,-0.53771
215.09,64.185,-253.27,0.36047,-0.0085375,-0.48297
281.19,-15.811,-216.24,0.49023,-0.17074,-0.40796
311.91,-113.19,-163.79,0.547,-0.36741,-0.29847
294.36,-212.46,-86.44,0.50443,-0.5661,-0.14235
247.39,-282.24,-0.099336,0.40711,-0.70803,0.027962
189.85,-309.94,87.964,0.28545,-0.76885,0.19421
112.97,-289.96,177.87,0.12325,-0.73438,0.36452
29.601,-242.61,242.13,-0.051112,-0.64518,0.48415
-51.81,-194.79,276.95,-0.21534,-0.55394,0.54903
-139.05,-135.6,278.76,-0.39174,-0.44039,0.54294
-219.14,-61.623,249.3,-0.54988,-0.28833,0.48212
-281.32,16.815,212,-0.70194,-0.13019,0.40711
-310.36,112.24,159.21,-0.72424,0.0604,0.29762
-288.63,208.63,82.42,-0.67356,0.25504,0.14352
-242.87,277.18,-0.68909,-0.58029,0.39494,-0.016644
-189.13,305.23,-89.342,-0.46473,0.45374,-0.19101
-114.98,284.92,-182.24,-0.30861,0.42129,-0.36943
-32.017,239.2,-250.23,-0.13627,0.33614,-0.49108
49.865,189.5,-283.68,0.029988,0.24085,-0.55191
136.68,129.86,-278.49,0.20638,0.12325,-0.53569
218.63,60.434,-249.36,0.36858,-0.016644,-0.47284
282.3,-17.745,-212.25,0.49226,-0.17479,-0.39984
308.46,-114.7,-159.05,0.53889,-0.36741,-0.29239
288.27,-214.07,-85.119,0.49226,-0.56812,-0.14235
241.82,-284.65,-2.2225,0.39494,-0.71614,0.011738
184.52,-311.14,87.799,0.27531,-0.76885,0.19624
111.13,-288.28,181.41,0.1192,-0.73033,0.37061
32.408,-239.5,248.78,-0.045031,-0.63909,0.49429
-47.846,-189.04,280.79,-0.20723,-0.5438,0.55511
-136.03,-132.65,275.84,-0.38565,-0.43431,0.53889
-220.39,-66.412,247.55,-0.55191,-0.30253,0.48009
-286.04,12.569,211.01,-0.67761,-0.14033,0.40711
-313.71,112.88,158.12,-0.73033,0.062425,0.29559
-292.76,213.75,82.68,-0.68369,0.26923,0.14556
-244.43,283.34,-1.444,-0.58232,0.40507,-0.018675
-186.65,309.17,-91.324,-0.46067,0.46184,-0.19507
-112.18,286.45,-184.74,-0.30253,0.42333,-0.36741
-31.97,237.65,-251.55,-0.13424,0.33209,-0.49919
47.978,187.73,-283.59,0.029988,0.24085,-0.55191
135.26,129.62,-279.58,0.20638,0.12528,-0.53569
218.61,60.67,-251.46,0.36656,-0.016644,-0.47892
283.55,-18.901,-215.17,0.49226,-0.17682,-0.40187
312.14,-117.79,-161.13,0.54903,-0.37551,-0.29239
292.07,-216.73,-81.793,0.50037,-0.57624,-0.13627
244.6,-284.22,4.3829,0.40102,-0.71411,0.036069
187.02,-310.01,92.234,0.27329,-0.76682,0.20638
108.72,-288.07,181.83,0.11514,-0.7283,0.37466
25.614,-240.16,244.46,-0.057194,-0.64112,0.48821
-55.136,-193,278.15,-0.22345,-0.55394,0.547
-143.18,-132.28,277.75,-0.39984,-0.43026,0.54092
-222.44,-58.179,247.39,-0.55596,-0.28428,0.47604
-283.54,19.764,210.99,-0.67559,-0.12816,0.40507
-310.39,116.89,156.42,-0.72424,0.070537,0.29154
-286.23,212.73,77.844,-0.66951,0.26113,0.13744
-240.49,279.24,-4.9589,-0.57218,0.39697,-0.0207
-186.18,305.4,-93.871,-0.45864,0.45576,-0.19912
-110.6,282.96,-186.42,-0.29847,0.41724,-0.37551
-27.96,236.77,-252.73,-0.12613,0.33209,-0.49311
53.239,187.4,-284.48,0.036069,0.23476,-0.55191
140.85,126.58,-277.33,0.21449,0.11514,-0.53163
221.96,57.202,-247.71,0.37466,-0.022731,-0.47284
284.57,-20.741,-211.09,0.49631,-0.17884,-0.39579
308.44,-119.51,-156.27,0.53889,-0.37957,-0.28631
286.03,-218.38,-80.826,0.48821,-0.58029,-0.13424
239.41,-286.65,2.0002,0.39088,-0.71816,0.025931
181.48,-311.02,92.564,0.26721,-0.76885,0.21044
106.86,-286.13,185.56,0.11109,-0.7283,0.37669
28.799,-237.07,251.23,-0.055169,-0.63504,0.50037
-51.243,-187.05,281.71,-0.21737,-0.53974,0.55308
-140.42,-129.42,274.59,-0.39579,-0.4262,0.53686
-223.78,-63.369,245.93,-0.56002,-0.29239,0.47604
-288.35,15.801,209.78,-0.68369,-0.13221,0.40305
-313.78,117.73,155.29,-0.73033,0.074594,0.29154
-290.59,217.99,78.386,-0.67964,0.27531,0.13744
-242.11,285.27,-5.5016,-0.57826,0.41116,-0.0207
-183.47,308.96,-96.278,-0.45459,0.46184,-0.20723
-107.91,284.35,-188.82,-0.29441,0.42129,-0.37957
-28.597,235.52,-253.89,-0.12816,0.32803,-0.49919
51.469,185.7,-284.55,0.034044,0.23476,-0.54988
139.74,126.09,-278.23,0.21449,0.11311,-0.53366
221.98,57.768,-250.09,0.37466,-0.0207,-0.47689
286.01,-22.251,-213.97,0.49834,-0.1829,-0.39984
312.29,-122.72,-158.04,0.54497,-0.38565,-0.28631
289.95,-220.79,-77.405,0.49631,-0.58637,-0.12816
242.36,-286.13,8.2753,0.39291,-0.71614,0.04215
183.6,-309.8,97.07,0.27126,-0.76682,0.21652
104.19,-285.97,185.72,0.10501,-0.72628,0.37872
22.241,-238.34,246.66,-0.063281,-0.63909,0.49226
-58.863,-190.9,279.31,-0.23156,-0.54785,0.55106
-147.66,-128.29,276.38,-0.40998,-0.42012,0.53889
-225.48,-54.57,245.97,-0.56204,-0.27617,0.47604
-285.87,22.925,209.67,-0.67964,-0.11802,0.40305
-310.29,121.79,153.14,-0.72424,0.080675,0.28545
-284.01,216.74,73.574,-0.66748,0.27126,0.12731
-238.39,281.24,-8.8278,-0.57016,0.40305,-0.036919
-182.67,305.16,-98.943,-0.45053,0.45576,-0.20926
-106.23,280.98,-190.45,-0.28833,0.41319,-0.3816
-24.799,235.07,-254.99,-0.12005,0.33006,-0.49919
56.942,185.01,-285.21,0.048238,0.23476,-0.55191
145.27,122.85,-275.94,0.22462,0.10703,-0.52961
225.17,54.678,-246.53,0.37872,-0.026781,-0.47081
286.95,-24.185,-209.65,0.50037,-0.18493,-0.39579
308.27,-124.59,-152.97,0.53889,-0.39174,-0.28022
283.95,-222.44,-76.698,0.48212,-0.58637,-0.12613
237.08,-288.56,6.0342,0.3848,-0.72222,0.0381
177.77,-310.46,97.801,0.25909,-0.76885,0.21449
102.73,-283.96,189.5,0.098925,-0.72222,0.38886
25.803,-235.3,253.4,-0.059225,-0.63098,0.50443
-55.089,-184.67,282.47,-0.22345,-0.53569,0.55511
-144.9,-125.93,273.29,-0.40187,-0.41606,0.53484
-227.16,-60.892,244.56,-0.5661,-0.28833,0.47401
-290.69,19.481,208.25,-0.69181,-0.12613,0.40102
-313.69,122.97,151.96,-0.73236,0.080675,0.28342
-288.54,222,74.399,-0.69586,0.28342,0.12934
-239.78,287.14,-9.5355,-0.57421,0.41521,-0.034894
-179.58,308.3,-101.61,-0.44445,0.45982,-0.21534
-103.78,282.04,-192.69,-0.28631,0.41319,-0.38768
-25.577,233.73,-256.08,-0.12208,0.32398,-0.50325
55.291,183.22,-285.31,0.044181,0.23071,-0.55394
144.18,122.52,-276.98,0.2226,0.10906,-0.53163
225.4,55.15,-248.79,0.38074,-0.028813,-0.47486
288.34,-26.049,-212.23,0.50239,-0.19304,-0.39782
312.1,-127.7,-154.5,0.54497,-0.39579,-0.28022
288.01,-224.49,-73.418,0.49429,-0.59449,-0.11802
239.98,-287.93,12.309,0.39088,-0.72222,0.050263
179.47,-309.21,102.33,0.26315,-0.76682,0.2226
99.806,-283.75,189.54,0.092837,-0.72222,0.38886
19.08,-236.64,248.73,-0.071387,-0.63504,0.49834
-62.826,-188.45,280.34,-0.2417,-0.5438,0.55308
-151.88,-124.56,275.18,-0.41809,-0.41404,0.53686
-228.62,-52.753,244.58,-0.57016,-0.27414,0.47198
-288.16,26.676,207.87,-0.68369,-0.11194,0.39899
-310.08,126.65,149.72,-0.72424,0.088788,0.27937
-282.22,220.26,70.035,-0.66139,0.2814,0.12123
-236.03,283.08,-12.933,-0.5661,0.40913,-0.040975
-178.56,304.43,-104.42,-0.44243,0.45374,-0.22143
-101.92,278.88,-194.27,-0.27819,0.40102,-0.39174
-21.567,233.35,-257.19,-0.11194,0.32398,-0.50325
61.024,182.35,-285.85,0.054319,0.22666,-0.55799
149.32,119.48,-274.86,0.23274,0.10095,-0.52353
228.4,52.154,-245.2,0.38683,-0.028813,-0.46878
289.12,-28.078,-207.7,0.50443,-0.19507,-0.39174
308.04,-129.4,-149.69,0.53686,-0.39984,-0.27211
282.37,-226.07,-73.536,0.48415,-0.59651,-0.11802
234.51,-290.4,10.21,0.38074,-0.72628,0.046206
173.6,-309.61,103.2,0.25099,-0.76682,0.22462
98.792,-281.82,193.08,0.094869,-0.71816,0.39494
22.665,-233.39,255.5,-0.065306,-0.62895,0.51253
-59.241,-181.96,282.96,-0.23156,-0.52961,0.55511
-148.88,-123.12,272.37,-0.41404,-0.41201,0.53281
-230.55,-58.321,243.26,-0.57421,-0.28225,0.46996
-292.9,23.633,206.13,-0.69181,-0.12005,0.39494
-313.52,127.81,148.76,-0.73033,0.088788,0.27734
-287.1,225.54,71.333,-0.67153,0.28951,0.12325
-237.11,288.98,-13.876,-0.5661,0.41927,-0.045031
-175.47,307.5,-106.82,-0.43634,0.45779,-0.22345
-100.05,280.06,-196.16,-0.27617,0.40913,-0.39376
-22.369,231.84,-258.25,-0.11194,0.32195,-0.50528
59.537,180.41,-285.87,0.050263,0.22462,-0.55799
148.03,119.83,-276.25,0.22666,0.10298,-0.52961
228.78,52.366,-247.45,0.38886,-0.034894,-0.47081
290.51,-30.295,-210.03,0.50848,-0.19912,-0.39579
311.95,-132.44,-151.2,0.547,-0.40593,-0.27414
286.71,-227.84,-70.281,0.49023,-0.59854,-0.11599
237.34,-289.79,16.508,0.38683,-0.72424,0.058375
175.39,-308.47,107.28,0.25301,-0.76682,0.23274
96.173,-281.94,192.73,0.088788,-0.72019,0.39291
15.683,-234.75,250.78,-0.081525,-0.63301,0.49834
-67.214,-185.64,281.1,-0.24778,-0.53771,0.55308
-155.44,-121.68,274.49,-0.4262,-0.40998,0.53484
-231.81,-49.804,243.09,-0.57826,-0.26603,0.46793
-290.43,30.946,205.51,-0.69181,-0.1018,0.39494
-309.77,131.3,146.4,-0.72424,0.10095,0.27329
-280.78,223.51,67.063,-0.65937,0.28545,0.11514
-233.41,284.87,-17.226,-0.56002,0.41116,-0.049087
-174.6,303.65,-109.44,-0.43431,0.45374,-0.22751
-98.542,277.18,-197.53,-0.27414,0.40913,-0.39376
-17.957,231.39,-259.41,-0.10586,0.32195,-0.5073
65.293,179.38,-286.18,0.062425,0.2226,-0.55799
152.81,117.03,-274.17,0.23679,0.094869,-0.52353
231.77,49.252,-243.77,0.39494,-0.040975,-0.46473
291.22,-32.536,-205.1,0.50848,-0.20521,-0.38362
307.76,-134.02,-146.57,0.53484,-0.40998,-0.26603
281.03,-229.54,-70.588,0.47807,-0.60259,-0.11397
231.72,-292.15,14.739,0.37669,-0.7283,0.054319
169.66,-308.73,108.2,0.24085,-0.76479,0.23679
95.631,-279.95,196.41,0.086756,-0.71411,0.39899
19.056,-231.07,257.48,-0.073419,-0.6249,0.51253
-63.487,-179.1,283.27,-0.24373,-0.52555,0.55511
-152.47,-120.95,271.73,-0.41809,-0.40796,0.52876
-233.98,-55.372,241.73,-0.57624,-0.27617,0.4659
-294.98,28.28,203.49,-0.69992,-0.10788,0.39088
-313.15,132.43,145.69,-0.73033,0.10095,0.27126
-285.52,228.99,68.266,-0.66951,0.29559,0.11514
-234.09,290.65,-18.382,-0.56204,0.42333,-0.051112
-171.51,306.48,-111.78,-0.4262,0.45982,-0.23359
-96.797,278.06,-199.44,-0.27008,0.40711,-0.39782
-18.689,229.44,-260.21,-0.10383,0.31586,-0.51136
63.619,177.61,-286.2,0.0604,0.21652,-0.55394
151.52,117.62,-275.66,0.23679,0.096894,-0.52758
232.12,49.134,-245.87,0.39494,-0.040975,-0.46878
292.54,-34.801,-207.37,0.51253,-0.20723,-0.38971
311.77,-136.78,-148.11,0.54497,-0.41606,-0.26806
285.2,-231.19,-66.955,0.48617,-0.60665,-0.10586
234.37,-291.44,20.967,0.38277,-0.72628,0.064456
171.4,-307.53,111.86,0.24693,-0.76479,0.24085
92.776,-279.93,195.82,0.080675,-0.71411,0.39899
11.837,-232.49,252.6,-0.087606,-0.62692,0.50443
-71.272,-183.07,281.66,-0.25589,-0.53366,0.55714
-158.77,-119.16,273.9,-0.43229,-0.40593,0.53484
-235.04,-46.478,241.35,-0.58232,-0.25994,0.4659
-292.34,35.192,202.99,-0.69586,-0.093694,0.38886
-309.44,135.29,143.66,-0.72222,0.10906,0.26923
-279.15,226.65,63.854,-0.65531,0.29356,0.11109
-230.65,286.43,-21.614,-0.55596,0.41319,-0.06125
-170.87,302.78,-114.02,-0.43431,0.45171,-0.23967
-95.051,275.32,-200.67,-0.264,0.40305,-0.39984
-14.065,228.92,-261.27,-0.099775,0.31586,-0.51136
69.091,176.76,-286.35,0.068513,0.21449,-0.55596
156.05,114.79,-273.47,0.24287,0.092837,-0.52758
235,45.996,-242.07,0.39899,-0.047056,-0.45661
292.94,-36.712,-202.62,0.51253,-0.21534,-0.37754
307.5,-137.94,-144.17,0.53686,-0.41809,-0.26198
279.4,-232.8,-67.474,0.47604,-0.61071,-0.10788
228.8,-293.64,18.985,0.37061,-0.73033,0.0604
166.19,-307.79,112.4,0.23476,-0.76277,0.24287
92.399,-277.9,199.41,0.07865,-0.71208,0.40711
15.117,-228.43,259.21,-0.0795,-0.61881,0.51659
-67.025,-176.86,283.48,-0.24778,-0.52149,0.55511
-155.75,-118.95,271.1,-0.42417,-0.4039,0.5247
-237.16,-52.14,240.03,-0.58637,-0.26806,0.46184
-296.73,32.456,201.06,-0.70194,-0.1018,0.3848
-312.84,136.32,143.4,-0.73033,0.11311,0.26721
-283.85,232.12,65.105,-0.66545,0.3037,0.11109
-231.4,292.07,-22.416,-0.55394,0.42535,-0.059225
-168.39,305.75,-115.62,-0.42012,0.45576,-0.23967
-93.659,276.05,-202.46,-0.264,0.40305,-0.40187
-14.749,226.72,-261.81,-0.1018,0.31384,-0.51136
66.874,175.65,-286.58,0.066481,0.21449,-0.55596
154.72,115.52,-275.09,0.24287,0.094869,-0.52758
235.31,45.713,-244.14,0.40102,-0.045031,-0.46473
294.33,-38.835,-205.05,0.51862,-0.21939,-0.38362
311.6,-140.42,-145.84,0.54497,-0.42012,-0.26603
283.53,-234.19,-63.605,0.48415,-0.60867,-0.099775
231.77,-292.79,24.718,0.37264,-0.73236,0.072563
168.53,-306.92,115.23,0.24085,-0.76479,0.24896
89.403,-277.88,198.63,0.072563,-0.71208,0.40507
7.8271,-229.82,254.16,-0.093694,-0.62084,0.50443
-74.291,-181.34,282.3,-0.264,-0.52758,0.55511
-161.91,-116.82,273.29,-0.43837,-0.39782,0.53281
-238.01,-43.081,239.51,-0.5884,-0.25386,0.46387
-293.97,39.037,200.73,-0.69789,-0.087606,0.3848
-309.21,138.78,141.4,-0.72019,0.11514,0.26315
-277.52,229.58,60.693,-0.65126,0.29762,0.10095
-228.41,287.8,-25.294,-0.54988,0.41724,-0.063281
-168.32,302.26,-117.27,-0.42215,0.45171,-0.24576
-91.725,273.36,-203.66,-0.25792,0.39697,-0.40796
-10.102,226.42,-262.87,-0.089638,0.31181,-0.51339
71.946,175.15,-286.63,0.07865,0.21044,-0.55596
159.16,112.59,-272.83,0.25099,0.088788,-0.52353
238,42.623,-240.27,0.40711,-0.051112,-0.45459
294.45,-40.439,-200.38,0.51253,-0.22143,-0.37551
307.26,-141.45,-142.04,0.53484,-0.42417,-0.25792
277.8,-235.84,-64.242,0.47198,-0.61476,-0.099775
226.49,-294.91,22.571,0.3625,-0.73844,0.068513
163.83,-307.22,115.68,0.23071,-0.76277,0.25099
89.261,-275.92,202.31,0.072563,-0.70803,0.41116
11.342,-225.88,260.58,-0.087606,-0.61476,0.52064
-69.762,-175.35,283.72,-0.25589,-0.51744,0.55714
-158.89,-117.01,270.41,-0.43229,-0.40187,0.5247
-240.23,-48.837,238.28,-0.59043,-0.26198,0.45982
-298.31,36.419,198.98,-0.70397,-0.091663,0.38277
-312.53,139.96,141.16,-0.7283,0.1192,0.26113
-282.05,235.17,61.755,-0.66139,0.31181,0.10501
-229.14,293.34,-25.907,-0.54785,0.42941,-0.067331
-166.08,305.28,-118.78,-0.41809,0.45982,-0.24576
-90.333,274.02,-205.27,-0.25386,0.40102,-0.40998
-11.14,224.27,-263.09,-0.089638,0.30776,-0.51541
69.61,174.14,-286.82,0.070537,0.21246,-0.55394
157.89,113.35,-274.34,0.24896,0.090812,-0.52758
238.16,42.434,-242.49,0.40711,-0.051112,-0.46067
295.96,-42.35,-203.17,0.51659,-0.22345,-0.37957
311.32,-144.07,-143.48,0.54497,-0.43026,-0.25994
281.64,-237.04,-60.09,0.47807,-0.61679,-0.091663
229.55,-293.92,27.997,0.36858,-0.73236,0.07865
166.21,-306.52,118.16,0.23679,-0.76277,0.25301
85.911,-275.83,201.32,0.064456,-0.706,0.40913
4.3121,-227.7,255.43,-0.10383,-0.61679,0.51051
-77.028,-179.93,282.7,-0.26806,-0.52555,0.55511
-164.97,-114.3,272.54,-0.44445,-0.39376,0.53078
-240.6,-39.849,237.9,-0.59449,-0.24576,0.46184
-295.5,42.198,199.12,-0.69789,-0.077469,0.37872
-308.8,142.29,139.04,-0.72019,0.1192,0.25504
-275.75,232.43,57.367,-0.64923,0.30776,0.094869
-226.33,288.95,-28.455,-0.53569,0.41724,-0.071387
-166.08,301.72,-120.32,-0.41809,0.44968,-0.24981
-88.186,271.29,-206.45,-0.25184,0.39494,-0.41404
-6.7282,224.34,-264.15,-0.085581,0.30573,-0.51744
74.588,173.69,-286.79,0.086756,0.20841,-0.55596
162.25,110.23,-272,0.25707,0.084731,-0.52149
240.66,39.533,-238.81,0.41116,-0.059225,-0.45256
295.89,-43.388,-198.9,0.51862,-0.22751,-0.37551
306.81,-145.02,-139.71,0.53484,-0.43431,-0.24981
275.93,-238.67,-60.939,0.46184,-0.61881,-0.095719
224.58,-296.02,25.449,0.36047,-0.73641,0.072563
161.66,-306.71,118.7,0.22666,-0.76277,0.25301
85.794,-273.7,205.16,0.064456,-0.70397,0.41724
8.2753,-223.93,261.75,-0.095719,-0.61071,0.51862
-72.546,-173.94,283.93,-0.26198,-0.51541,0.55714
-162.07,-114.68,269.59,-0.44039,-0.39376,0.5247
-242.94,-45.936,236.94,-0.59854,-0.25589,0.45779
-299.79,39.084,197.66,-0.706,-0.085581,0.37669
-312.04,143.71,138.78,-0.7283,0.12731,0.25707
-280.28,237.93,58.476,-0.65937,0.31586,0.096894
-227.46,294.47,-28.549,-0.54583,0.43143,-0.071387
-163.86,304.81,-121.73,-0.41201,0.45576,-0.25386
-86.794,271.78,-207.98,-0.24981,0.39494,-0.41404
-8.4267,222.59,-264.22,-0.085581,0.3037,-0.51744
72.229,172.63,-287.03,0.076619,0.20841,-0.55394
161.14,110.85,-273.44,0.25707,0.084731,-0.52758
240.85,39.533,-241.15,0.41521,-0.059225,-0.46067
297.42,-45.157,-201.96,0.52267,-0.22751,-0.37551
310.78,-147.66,-140.84,0.54092,-0.44039,-0.25386
279.87,-239.66,-56.834,0.47604,-0.6249,-0.087606
228.21,-295.07,30.309,0.36452,-0.73641,0.080675
163.83,-306.12,121.04,0.22868,-0.76277,0.25707
82.255,-273.73,203.96,0.0604,-0.70397,0.41319
1.7171,-226.26,256.68,-0.10991,-0.61476,0.50848
-79.764,-178.37,283.15,-0.27414,-0.52149,0.55511
-168.06,-111.47,271.5,-0.45256,-0.38971,0.53078
-243.01,-37.066,236.61,-0.59651,-0.23967,0.45576
-297.06,44.982,197.97,-0.70194,-0.073419,0.37872
-308.21,145.9,136.3,-0.72019,0.12934,0.25099
-274.1,234.98,54.418,-0.64518,0.30978,0.086756
-225.34,290.11,-30.531,-0.54177,0.42129,-0.073419
-163.82,301.32,-123.41,-0.40998,0.44766,-0.25386
-84.577,269.28,-209.21,-0.24373,0.39088,-0.41606
-4.2512,223.02,-265.37,-0.0795,0.3037,-0.51744
77.419,172.04,-286.94,0.086756,0.20638,-0.55596
165.48,107.43,-270.92,0.26315,0.07865,-0.51744
243.12,36.796,-237.49,0.41724,-0.065306,-0.45256
297.23,-46.124,-197.62,0.52064,-0.23359,-0.36943
306.18,-148.81,-136.92,0.53078,-0.43837,-0.24778
274.35,-241.29,-58.037,0.46184,-0.62692,-0.089638
223.42,-297.17,27.69,0.35844,-0.74047,0.07865
159.28,-306.12,121.79,0.22057,-0.76277,0.25909
82.42,-271.67,207.64,0.056344,-0.69789,0.42129
5.9163,-222.56,262.82,-0.099775,-0.61071,0.5247
-75.4,-172.22,283.98,-0.26603,-0.51136,0.55511
-165.37,-112.06,268.41,-0.44648,-0.39174,0.52267
-245.42,-43.694,235.83,-0.60057,-0.25386,0.45779
-301.19,42.01,196.39,-0.70803,-0.081525,0.37466
-311.28,147.62,135.76,-0.72628,0.13339,0.24896
-278.42,240.52,55.527,-0.65328,0.32195,0.090812
-226.26,295.58,-30.743,-0.5438,0.43143,-0.075444
-161.46,304.24,-124.8,-0.40796,0.45576,-0.25792
-83.492,269.73,-210.41,-0.23967,0.39291,-0.41809
-6.1149,221.23,-265.3,-0.083556,0.30167,-0.51947
75.225,170.77,-287.08,0.084731,0.2003,-0.55191
164.33,108.16,-272.4,0.26315,0.080675,-0.51947
243.28,37.079,-240.13,0.41724,-0.06125,-0.45661
298.86,-48.059,-200.59,0.52673,-0.23562,-0.37551
310.09,-151.5,-137.7,0.54294,-0.44648,-0.24778
278.27,-242.07,-53.791,0.46996,-0.62895,-0.081525
227.03,-296.16,32.361,0.36656,-0.74047,0.086756
161.28,-305.69,124.01,0.2226,-0.76277,0.26517
79.047,-271.89,206.15,0.052288,-0.70194,0.41521
-0.5947,-225.01,257.81,-0.11194,-0.61476,0.51253
-82.831,-176.49,283.32,-0.27819,-0.51744,0.55714
-171.01,-108.66,270.48,-0.45459,-0.38362,0.5247
-245.2,-34.848,235.9,-0.60259,-0.23562,0.45779
-298.54,47.907,196.5,-0.706,-0.065306,0.37466
-307.32,149.72,133.05,-0.71614,0.13947,0.2449
-272.52,237.29,51.564,-0.64112,0.30978,0.0827
-224.33,291.12,-32.725,-0.54177,0.42333,-0.0795
-161.25,300.7,-126.54,-0.40593,0.44968,-0.26198
-81.486,267.58,-211.49,-0.23562,0.38886,-0.41809
-1.9158,221.79,-266.58,-0.073419,0.3037,-0.52149
80.556,170.01,-286.87,0.094869,0.20232,-0.55191
168.53,104.88,-269.9,0.26721,0.070537,-0.51744
245.31,34.838,-236.85,0.42333,-0.067331,-0.44851
298.51,-49.167,-196.04,0.52064,-0.23967,-0.36538
305.37,-152.66,-133.98,0.53281,-0.44851,-0.23967
272.94,-243.72,-55.537,0.45982,-0.62895,-0.085581
222.22,-298.24,29.979,0.35439,-0.74047,0.0827
156.59,-305.45,125.1,0.21652,-0.76074,0.26517
79.825,-270.16,209.78,0.056344,-0.69789,0.42333
3.6044,-221.24,264.02,-0.1018,-0.60665,0.52064
-78.726,-170.05,283.76,-0.27414,-0.50528,0.55308
-168.46,-109.68,267.42,-0.45053,-0.38362,0.51862
-247.73,-41.501,235.19,-0.60463,-0.24981,0.45374
-302.58,45.218,194.8,-0.71208,-0.073419,0.37264
-310.48,151.52,132.83,-0.72019,0.1415,0.2449
-277.05,242.81,53.192,-0.65126,0.32195,0.086756
-224.92,296.57,-33.079,-0.54177,0.43346,-0.081525
-158.67,303.6,-128.1,-0.39984,0.45576,-0.26603
-81.062,268.45,-212.46,-0.23764,0.39088,-0.42215
-3.7558,219.91,-266.51,-0.075444,0.29964,-0.52149
78.551,168.45,-286.87,0.092837,0.19827,-0.55191
167.35,105.61,-271.39,0.26721,0.072563,-0.52149
245.48,35.239,-239.54,0.41927,-0.065306,-0.45661
300.16,-51.243,-198.94,0.52673,-0.24373,-0.36943
309.38,-155.25,-134.64,0.53889,-0.45053,-0.23967
277.09,-244.24,-51.621,0.47198,-0.63301,-0.075444
225.71,-297.25,34.815,0.36452,-0.74047,0.092837
158.31,-305.05,127.17,0.21652,-0.76277,0.26721
76.688,-270.66,208.02,0.048238,-0.69586,0.42129
-3.1189,-223.64,258.97,-0.11802,-0.60867,0.51456
-86.417,-173.98,283.27,-0.28833,-0.51339,0.55511
-173.94,-105.93,269.42,-0.4627,-0.37754,0.5247
-247.4,-32.937,235.36,-0.60665,-0.23359,0.45374
-299.89,51.163,194.76,-0.71006,-0.06125,0.37061
-306.45,153.31,130.19,-0.71411,0.14352,0.24085
-271.51,239.41,49.865,-0.63909,0.31992,0.080675
-223.05,292.28,-35.249,-0.53771,0.42941,-0.085581
-158.44,300.09,-129.8,-0.39984,0.44766,-0.26603
-79.316,266.54,-213.48,-0.23562,0.38886,-0.42417
0.77352,220.33,-267.78,-0.067331,0.3037,-0.52353
84.213,167.32,-286.54,0.10095,0.19421,-0.55394
171.43,102.42,-268.87,0.27329,0.070537,-0.51339
247.53,32.951,-236.24,0.42738,-0.071387,-0.44851
299.69,-52.635,-194.08,0.52673,-0.24576,-0.36335
304.59,-156.34,-131.22,0.52876,-0.45459,-0.23764
271.95,-245.94,-53.65,0.46184,-0.63504,-0.081525
220.68,-299.32,32.621,0.34831,-0.74452,0.084731
153.8,-304.82,128.26,0.20841,-0.76074,0.27126
77.891,-269.03,211.77,0.048238,-0.69586,0.42941
0.93867,-219.63,265.15,-0.11194,-0.60057,0.5247
-82.383,-167.4,283.39,-0.28022,-0.50122,0.55511
-171.37,-107.29,266.45,-0.45661,-0.3816,0.51659
-250.06,-39.519,234.55,-0.61273,-0.24373,0.45374
-303.9,48.804,192.82,-0.71614,-0.065306,0.36858
-309.72,155.2,130.03,-0.72019,0.14961,0.23882
-275.9,244.98,51.139,-0.6472,0.33006,0.080675
-223.17,297.66,-35.886,-0.53569,0.43752,-0.085581
-155.94,302.94,-131.22,-0.39376,0.45374,-0.26806
-79.127,267.37,-214.44,-0.23359,0.38886,-0.42823
-0.97219,218.09,-267.64,-0.069363,0.29762,-0.52353
82.184,165.79,-286.46,0.096894,0.19421,-0.55394
170.2,103.42,-270.49,0.27329,0.070537,-0.51744
247.81,33.069,-238.76,0.42535,-0.071387,-0.45256
301.5,-54.994,-196.82,0.53281,-0.25184,-0.36741
308.68,-158.93,-131.78,0.53686,-0.4627,-0.23562
275.96,-246.45,-49.403,0.46793,-0.63301,-0.073419
223.77,-298.26,37.693,0.35439,-0.74047,0.096894
155.6,-304.46,130.05,0.21044,-0.76074,0.27734
74.659,-269.55,209.76,0.032012,-0.69586,0.42535
-6.0205,-221.87,260.22,-0.12411,-0.60867,0.51862
-89.955,-171.34,283.17,-0.29441,-0.50933,0.55714
-176.53,-103.73,268.71,-0.46675,-0.37551,0.52267
-249.66,-30.72,234.48,-0.60867,-0.22953,0.44968
-301.09,54.866,192.52,-0.71006,-0.055169,0.36858
-305.69,156.64,127.41,-0.70803,0.15366,0.23476
-270.35,241.54,47.719,-0.63504,0.31992,0.076619
-221.21,293.29,-38.221,-0.53366,0.42941,-0.091663
-155.99,299.52,-132.72,-0.39376,0.44562,-0.27211
-77.217,265.43,-215.48,-0.22953,0.3848,-0.42823
3.8403,218.44,-269.01,-0.06125,0.29762,-0.52555
87.704,164.73,-286.11,0.10703,0.19219,-0.54988
173.97,100.58,-268.16,0.2814,0.066481,-0.51339
249.77,30.568,-235.23,0.43143,-0.077469,-0.44445
300.8,-56.268,-191.87,0.52673,-0.25184,-0.35929
303.91,-159.69,-128.83,0.53078,-0.46067,-0.22953
270.67,-248.22,-51.456,0.45779,-0.64314,-0.075444
218.58,-300.26,35.735,0.34628,-0.74655,0.094869
151.71,-304.28,130.95,0.20435,-0.76074,0.27937
75.956,-267.9,213.75,0.046206,-0.69586,0.43346
-2.0809,-217.72,266.31,-0.11599,-0.59854,0.52876
-85.969,-165.04,282.96,-0.28833,-0.49514,0.55511
-173.98,-105.64,265.81,-0.46067,-0.37754,0.51659
-252.42,-37.089,233.4,-0.61273,-0.2417,0.45171
-305.03,52.389,190.75,-0.71816,-0.06125,0.36452
-309.02,158.4,127.88,-0.72019,0.15772,0.23274
-274.41,247.27,48.804,-0.64314,0.33411,0.07865
-220.98,298.51,-39.047,-0.53163,0.44157,-0.093694
-153.96,302.61,-133.74,-0.39174,0.45171,-0.264
-77.099,266.31,-216.4,-0.23156,0.3848,-0.43026
2.1182,216.11,-268.75,-0.065306,0.29356,-0.52353
85.534,163.29,-286.04,0.10703,0.18813,-0.55191
172.65,101.74,-269.86,0.27734,0.064456,-0.51541
250.12,30.498,-237.63,0.43143,-0.075444,-0.45053
302.73,-58.415,-194.86,0.53281,-0.25792,-0.36335
308.25,-161.91,-129.71,0.53686,-0.46473,-0.22953
274.45,-248.7,-46.926,0.46387,-0.64518,-0.065306
221.65,-299.09,40.736,0.35439,-0.74655,0.10298
153.73,-304.13,132.29,0.20841,-0.75871,0.27734
72.559,-268.44,211.6,0.040125,-0.69383,0.42535
-9.2524,-219.87,261.35,-0.12816,-0.60259,0.52064
-93.376,-168.79,283.01,-0.30253,-0.50325,0.55308
-178.92,-101.77,267.96,-0.47284,-0.36943,0.52064
-251.69,-28.078,233.23,-0.61273,-0.22345,0.44766
-302.15,58.122,190.65,-0.71208,-0.047056,0.3625
-304.98,159.51,125.54,-0.71208,0.15569,0.22868
-268.94,243.78,45.265,-0.63301,0.326,0.072563
-219.26,294.21,-41.217,-0.52961,0.43143,-0.095719
-154.5,299.26,-134.97,-0.39174,0.44766,-0.27819
-75.046,264.35,-217.44,-0.22548,0.38074,-0.43229
7.1666,216.25,-270.07,-0.053144,0.29154,-0.52758
90.983,162.34,-285.54,0.11717,0.18407,-0.55191
176.38,98.792,-267.36,0.28545,0.058375,-0.51136
252.04,27.832,-233.83,0.43143,-0.081525,-0.44445
301.79,-59.453,-189.98,0.52876,-0.264,-0.35321
303.39,-162.52,-127.09,0.5247,-0.46878,-0.22548
269.09,-250.51,-48.955,0.45374,-0.6472,-0.069363
216.48,-301.09,38.683,0.34019,-0.74655,0.096894
150.2,-303.9,133.21,0.20638,-0.75871,0.2814
73.857,-266.67,215.68,0.040125,-0.68978,0.43549
-5.3128,-215.48,267.25,-0.12411,-0.59651,0.52876
-89.177,-162.78,282.47,-0.29441,-0.49311,0.55106
-176.49,-103.87,265.01,-0.46675,-0.37349,0.51659
-254.64,-34.306,231.94,-0.61881,-0.23562,0.44562
-306.02,55.598,188.86,-0.72019,-0.055169,0.36047
-308.57,161.14,126.16,-0.71816,0.16178,0.23071
-272.76,249.53,46.232,-0.64314,0.33817,0.072563
-218.85,299.31,-41.996,-0.52961,0.4436,-0.099775
-152.45,302.26,-135.93,-0.38768,0.45171,-0.27819
-74.858,265.01,-218.29,-0.22345,0.3848,-0.43229
5.1849,213.96,-269.62,-0.06125,0.28951,-0.52758
88.459,161.28,-285.64,0.11311,0.18205,-0.54988
175.18,99.853,-268.98,0.28545,0.062425,-0.51541
252.34,27.596,-236.12,0.43346,-0.081525,-0.44648
303.7,-61.529,-193.05,0.52876,-0.264,-0.35929
307.73,-164.62,-127.89,0.53484,-0.47081,-0.22953
272.68,-250.8,-44.213,0.46184,-0.6472,-0.063281
219.72,-299.77,43.378,0.34628,-0.74452,0.11109
152.25,-303.8,134.27,0.20638,-0.76074,0.2814
70.224,-267.14,213.35,0.034044,-0.69383,0.42941
-12.201,-217.98,262.32,-0.13627,-0.59854,0.52064
-96.113,-166.88,282.82,-0.30658,-0.49919,0.55308
-181.25,-99.698,266.92,-0.47486,-0.36741,0.52064
-253.63,-25.247,231.7,-0.61881,-0.21331,0.44766
-303.05,61.024,188.93,-0.71208,-0.045031,0.3625
-304.49,162.08,123.7,-0.71006,0.15975,0.22666
-267.26,245.93,42.623,-0.63301,0.33411,0.066481
-217.6,294.95,-43.624,-0.52555,0.42941,-0.099775
-153.08,298.91,-137.02,-0.38971,0.44562,-0.28022
-72.758,263.12,-219.3,-0.22143,0.38277,-0.43634
9.9974,214.5,-270.94,-0.051112,0.28748,-0.52961
93.437,160.72,-285.33,0.12123,0.18407,-0.54988
178.74,96.81,-266.39,0.28951,0.056344,-0.51136
253.9,25.095,-232.47,0.43954,-0.089638,-0.44243
302.57,-62.071,-188.54,0.52876,-0.26603,-0.35119
302.92,-165.02,-125.48,0.52673,-0.47284,-0.22143
267.37,-252.68,-46.289,0.44968,-0.64923,-0.065306
214.95,-301.8,40.948,0.34019,-0.75061,0.10501
148.83,-303.57,135.31,0.19827,-0.76074,0.28545
71.686,-265.37,217.5,0.0381,-0.69181,0.43549
-7.9549,-213.78,268.05,-0.13019,-0.59246,0.53281
-91.442,-161.55,282.23,-0.29847,-0.48702,0.55308
-178.96,-101.82,264.04,-0.47284,-0.36943,0.51456
-256.58,-31.569,230.52,-0.62692,-0.23156,0.44562
-306.92,58.004,187.8,-0.72019,-0.049087,0.35844
-308.1,163.78,124.48,-0.71816,0.16786,0.22868
-270.8,251.71,43.401,-0.63504,0.34425,0.068513
-217.58,299.97,-44.048,-0.52555,0.44157,-0.099775
-151.13,302,-138.01,-0.38362,0.45374,-0.28428
-72.593,263.69,-220.1,-0.22345,0.38277,-0.43634
7.7327,212.33,-270.47,-0.055169,0.28342,-0.52758
90.677,159.96,-285.54,0.11514,0.18407,-0.54988
177.63,97.73,-268.06,0.28748,0.058375,-0.50933
254.3,24.977,-234.73,0.43752,-0.087606,-0.44243
304.71,-63.77,-192.13,0.53686,-0.26806,-0.35929
307.28,-167.29,-126.07,0.53484,-0.47689,-0.22548
270.86,-252.92,-41.312,0.45576,-0.65126,-0.057194
218.68,-300.55,45.289,0.34425,-0.74655,0.11311
150.83,-303.61,136.3,0.20232,-0.75871,0.28748
67.676,-265.89,215.19,0.027962,-0.68978,0.43346
-14.749,-216.52,263.22,-0.14033,-0.59651,0.52267
-98.33,-165.59,282.84,-0.31469,-0.49716,0.55106
-183.61,-97.292,265.86,-0.48094,-0.36133,0.51456
-255.37,-22.793,230.5,-0.62084,-0.21129,0.4436
-304.11,63.052,188.25,-0.71614,-0.03895,0.36047
-303.9,164.8,121.84,-0.71006,0.16786,0.22462
-265.49,248.05,39.886,-0.62692,0.33614,0.062425
-216.78,295.68,-45.393,-0.52353,0.43143,-0.1018
-151.67,298.63,-139.17,-0.38362,0.44157,-0.28428
-70.092,261.71,-221.26,-0.21534,0.37872,-0.43634
12.592,212.9,-271.77,-0.045031,0.28545,-0.53163
95.701,159.37,-285.1,0.12528,0.18002,-0.54988
181.36,94.38,-265.26,0.29762,0.052288,-0.50933
255.81,22.642,-231.17,0.43954,-0.093694,-0.43634
303.56,-64.147,-187.79,0.53281,-0.27008,-0.34713
302.38,-167.85,-123.6,0.5247,-0.47689,-0.21939
265.62,-254.9,-43.577,0.4436,-0.65531,-0.06125
214.08,-302.6,42.741,0.33817,-0.75061,0.10703
147.36,-303.21,137.55,0.19624,-0.75669,0.28951
69.091,-263.89,219.46,0.032012,-0.68775,0.44562
-10.385,-212.3,268.57,-0.13221,-0.5884,0.53281
-93.824,-160.23,282.14,-0.30455,-0.48702,0.55106
-181.65,-99.368,262.84,-0.47892,-0.36335,0.51456
-258.44,-29.092,229.32,-0.62895,-0.22143,0.4436
-307.93,60.104,187.02,-0.72222,-0.043006,0.35844
-307.65,166.59,122.57,-0.71614,0.16989,0.22462
-269.03,253.8,40.712,-0.63504,0.34425,0.062425
-216.64,300.75,-45.865,-0.52353,0.44562,-0.10788
-149.45,301.58,-140.34,-0.37957,0.44968,-0.29036
-70.021,262.27,-221.99,-0.21331,0.37872,-0.44243
9.9738,211.04,-271.32,-0.051112,0.2814,-0.52758
93.059,158.5,-285.43,0.1192,0.17799,-0.54988
180.32,95.041,-266.79,0.29356,0.052288,-0.5073
256.05,22.5,-233.5,0.43954,-0.093694,-0.44243
305.68,-65.846,-191.37,0.54092,-0.27008,-0.35524
306.77,-170.09,-123.83,0.53281,-0.48297,-0.21939
269.33,-254.95,-38.693,0.45171,-0.65734,-0.051112
217.73,-301.33,47.105,0.34019,-0.74857,0.11514
148.97,-303.21,138.73,0.19624,-0.75669,0.29154
65.128,-264.53,216.96,0.021875,-0.68775,0.43752
-16.801,-215.46,264.18,-0.14235,-0.59651,0.5247
-100.85,-163.94,282.7,-0.31672,-0.49514,0.55308
-186.2,-94.414,264.49,-0.485,-0.35727,0.51253
-257.14,-20.363,229.34,-0.6249,-0.20723,0.4436
-305.12,65.199,187.4,-0.71614,-0.032869,0.35642
-303.14,167.61,119.48,-0.70803,0.17394,0.21854
-263.98,249.96,37.48,-0.6249,0.34223,0.058375
-216,296.53,-47.209,-0.52149,0.43752,-0.10788
-149.85,298.18,-141.67,-0.3816,0.4436,-0.29036
-67.615,260.5,-223.12,-0.21129,0.37669,-0.44445
14.456,211.98,-272.71,-0.040975,0.28342,-0.53163
98.391,157.67,-284.84,0.12934,0.17597,-0.54988
183.98,91.668,-263.96,0.29964,0.046206,-0.50325
257.48,20.401,-230.11,0.44157,-0.097744,-0.43431
304.41,-66.365,-186.79,0.53484,-0.27414,-0.34916
301.67,-170.87,-121.24,0.52064,-0.485,-0.21737
264.23,-256.83,-41.406,0.4436,-0.65734,-0.055169
213.11,-303.43,44.675,0.33614,-0.75263,0.11109
145.43,-302.74,140.19,0.19016,-0.75669,0.29559
66.732,-262.64,221.32,0.025931,-0.68369,0.44766
-12.107,-211.52,269.85,-0.13424,-0.5884,0.53686
-96.537,-158.46,281.92,-0.30658,-0.48297,0.55106
-184.44,-96.679,261.52,-0.48297,-0.35929,0.50645
-260.18,-26.969,228.44,-0.62895,-0.21939,0.43954
-308.95,62.604,186.01,-0.72424,-0.036919,0.35439
-306.87,169.87,120,-0.71614,0.17799,0.22057
-267.69,255.81,38.707,-0.63098,0.35236,0.058375
-215.5,301.62,-47.941,-0.51947,0.44562,-0.10991
-147.26,300.96,-143.18,-0.37551,0.44766,-0.29239
-67.568,260.98,-223.93,-0.21331,0.37669,-0.44243
11.649,210.3,-272.29,-0.045031,0.28342,-0.53366
95.843,156.59,-285.21,0.12528,0.17394,-0.54988
183.03,92.304,-265.47,0.29762,0.048238,-0.5073
257.84,20.519,-232.77,0.44562,-0.095719,-0.43837
306.77,-68.441,-190.12,0.54092,-0.27617,-0.35321
306.08,-173.4,-121.09,0.53078,-0.48906,-0.21129
268.19,-256.93,-36.712,0.44766,-0.65937,-0.047056
216.58,-302.2,49.181,0.34223,-0.75263,0.12123
146.44,-302.51,141.56,0.19219,-0.75466,0.29762
62.581,-263.16,218.7,0.017825,-0.68572,0.44157
-18.571,-214.75,265.2,-0.14843,-0.59246,0.52673
-103.8,-161.81,282.66,-0.32078,-0.49108,0.55308
-188.78,-91.607,263.17,-0.49108,-0.34713,0.51051
-258.84,-18.618,228.78,-0.62895,-0.20318,0.44157
-306.16,67.912,186.08,-0.71614,-0.028813,0.35236
-302.25,170.84,116.72,-0.70397,0.18205,0.21246
-262.97,251.87,35.617,-0.62084,0.34223,0.054319
-214.91,297.47,-49.498,-0.51947,0.43954,-0.11397
-147.28,297.45,-144.8,-0.37551,0.44562,-0.29644
-65.091,259.23,-225.08,-0.20521,0.37872,-0.44243
16.39,211.08,-273.8,-0.036919,0.2814,-0.53366
101.58,155.31,-284.39,0.13744,0.17394,-0.54988
186.78,88.884,-262.64,0.30573,0.040125,-0.49919
259.32,18.561,-229.45,0.44968,-0.10383,-0.43431
305.42,-69.361,-185.31,0.53484,-0.27819,-0.34308
300.87,-174.22,-118.52,0.52064,-0.49108,-0.20926
263.17,-258.93,-39.59,0.43954,-0.66342,-0.053144
211.67,-304.35,47.318,0.33209,-0.75466,0.11717
142.65,-301.87,143.45,0.18611,-0.75263,0.30167
63.383,-261.32,223.28,0.021875,-0.68167,0.45171
-14.088,-210.46,270.91,-0.13829,-0.58435,0.53484
-99.911,-156.1,281.5,-0.31672,-0.47892,0.55106
-187.38,-93.919,260.17,-0.48702,-0.35524,0.50443
-262.19,-24.94,227.67,-0.63301,-0.21129,0.43954
-309.94,65.86,184.38,-0.72424,-0.030838,0.35033
-306.16,173.22,117.24,-0.71208,0.18205,0.21449
-266.48,257.91,36.749,-0.62692,0.35439,0.054319
-213.78,302.54,-50.795,-0.51541,0.44766,-0.11397
-144.43,300.11,-146.43,-0.36943,0.44562,-0.29847
-65.115,259.7,-225.81,-0.20521,0.37264,-0.44648
13.913,209.2,-273.4,-0.043006,0.27937,-0.53366
99.24,153.97,-284.67,0.12934,0.17191,-0.54785
185.93,89.426,-264.03,0.30776,0.040125,-0.50325
259.89,18.301,-231.95,0.44766,-0.10383,-0.43837
307.8,-71.932,-188.23,0.54092,-0.28428,-0.34916
305.33,-176.77,-118.29,0.53078,-0.49514,-0.20926
266.94,-259.1,-34.541,0.44766,-0.66342,-0.043006
214.67,-303.19,52.201,0.33817,-0.75263,0.12731
143.47,-301.61,144.68,0.18611,-0.75466,0.30167
60.269,-261.98,220.47,0.015794,-0.68369,0.44562
-20.906,-213.55,266.4,-0.15452,-0.59043,0.52673
-107.46,-158.86,282.3,-0.32888,-0.48297,0.55106
-191.68,-88.658,261.59,-0.49716,-0.34308,0.50848
-260.75,-16.306,227.83,-0.63098,-0.19912,0.43954
-307.01,71.568,183.95,-0.71816,-0.024756,0.34628
-301.4,174.07,114.03,-0.70194,0.18813,0.20841
-261.74,254.16,33.423,-0.61881,0.34831,0.048238
-213,298.46,-52.73,-0.51744,0.44157,-0.11802
-144.45,296.64,-148.06,-0.36943,0.44157,-0.30253
-62.944,258.24,-226.99,-0.19709,0.37264,-0.44851
19.033,209.64,-274.86,-0.032869,0.27937,-0.53569
105.18,152.41,-283.78,0.1415,0.16786,-0.54785
189.62,86.171,-261.34,0.30978,0.034044,-0.49919
261.38,15.989,-228.31,0.45171,-0.10586,-0.42823
306.13,-73.277,-183.04,0.53686,-0.29036,-0.34105
300.18,-177.52,-116.14,0.51862,-0.49514,-0.20318
261.8,-261.32,-37.254,0.43954,-0.66748,-0.049087
209.43,-305.34,50.667,0.32398,-0.75871,0.12528
139.84,-300.9,146.82,0.18002,-0.75263,0.30776
62.25,-260.16,225.21,0.017825,-0.67964,0.45374
-16.801,-208.9,271.92,-0.14438,-0.58029,0.53686
-103.45,-153.41,280.93,-0.31672,-0.47081,0.547
-190.17,-91.536,259.02,-0.49311,-0.34713,0.50239
-264.38,-22.086,226.39,-0.63909,-0.20723,0.43752
-310.69,70.011,181.95,-0.73033,-0.024756,0.34223
-305.57,176.55,114.97,-0.71411,0.19219,0.23274
-265.02,260.36,34.296,-0.6249,0.36047,0.050263
-211.33,303.49,-54.357,-0.51136,0.45171,-0.12005
-141.5,299.03,-149.85,-0.36133,0.44562,-0.30658
-63.086,258.59,-227.87,-0.20521,0.37264,-0.45053
16.744,207.57,-274.43,-0.034894,0.27734,-0.53163
102.78,151.3,-284.2,0.13744,0.16583,-0.54583
188.69,87.115,-263.09,0.30978,0.036069,-0.50122
262.11,15.352,-230.53,0.45171,-0.10788,-0.43837
308.61,-76.108,-185.66,0.53889,-0.29441,-0.3451
304.83,-179.98,-116,0.53078,-0.50122,-0.20115
265.43,-261.46,-31.946,0.44562,-0.66951,-0.03895
212.07,-304.02,55.857,0.33411,-0.75466,0.13542
140.36,-300.57,148.03,0.18002,-0.75263,0.30978
58.028,-260.82,222.31,0.0097125,-0.68167,0.44766
-23.902,-211.85,267.6,-0.15654,-0.58637,0.52876
-110.9,-156.13,281.97,-0.33699,-0.47892,0.54903
-194.18,-86.134,260.58,-0.50325,-0.33902,0.50443
-262.78,-13.357,226.3,-0.63504,-0.19304,0.43549
-307.74,75.626,181.41,-0.72222,-0.018675,0.34223
-300.97,177.11,111.86,-0.70194,0.19624,0.20232
-260.18,256.61,30.733,-0.61679,0.35439,0.044181
-210.31,299.31,-56.551,-0.50933,0.4436,-0.13019
-141.48,295.49,-151.46,-0.36538,0.43752,-0.31063
-60.727,256.99,-229.02,-0.19507,0.37061,-0.45256
22.123,207.61,-275.9,-0.024756,0.27734,-0.53771
108.61,149.77,-283.16,0.14961,0.16178,-0.54785
192.3,84.024,-260.28,0.31384,0.029988,-0.49716
263.55,12.875,-226.69,0.45576,-0.11397,-0.43026
306.69,-77.335,-180.38,0.53484,-0.29441,-0.33294
299.76,-180.57,-114.06,0.51659,-0.50528,-0.20115
260.08,-263.86,-34.518,0.43752,-0.67153,-0.043006
206.6,-306.12,54.56,0.31789,-0.76074,0.13136
137.01,-299.75,150.22,0.17597,-0.75466,0.31384
60.127,-258.72,227.29,0.011738,-0.67964,0.45779
-20.01,-206.87,272.84,-0.15249,-0.58029,0.53686
-106.87,-150.96,280.34,-0.32686,-0.46878,0.547
-193.02,-89.46,258.05,-0.49919,-0.34308,0.49834
-266.55,-18.689,224.65,-0.64518,-0.20115,0.43143
-311.35,74.234,179.28,-0.72628,-0.0207,0.33817
-305.05,179.71,112.88,-0.71208,0.19624,0.20638
-263.27,262.84,31.394,-0.62084,0.36656,0.046206
-208.5,304.15,-58.179,-0.50528,0.45171,-0.13019
-138.72,297.94,-153.15,-0.35929,0.4436,-0.31063
-60.68,257.15,-229.87,-0.19507,0.36858,-0.45256
20,205.37,-275.31,-0.030838,0.27329,-0.53771
105.96,148.8,-283.66,0.1415,0.16178,-0.54583
191.41,84.968,-262.1,0.31181,0.032012,-0.49919
264.26,11.814,-228.69,0.45779,-0.11599,-0.43229
309.17,-80.047,-183.14,0.54497,-0.30253,-0.33902
304.26,-183.02,-113.69,0.52673,-0.5073,-0.19709
263.55,-263.89,-28.927,0.44157,-0.67153,-0.030838
209.31,-304.75,59.467,0.326,-0.75669,0.1415
137.69,-299.58,151,0.17394,-0.75061,0.31586
55.527,-259.24,224.17,0.0016,-0.67559,0.45171
-27.158,-209.72,268.5,-0.16668,-0.58435,0.53281
-114.04,-153.65,281.69,-0.34308,-0.47284,0.55106
-196.58,-83.728,259.35,-0.50528,-0.33294,0.50443
-264.69,-9.9601,224.39,-0.64112,-0.1829,0.43346
-308.33,79.212,179.09,-0.72222,-0.0065062,0.33614
-300.29,179.99,109.62,-0.69992,0.2003,0.19827
-258.42,258.95,27.832,-0.61273,0.35844,0.0381
-207.79,299.99,-60.019,-0.50528,0.4436,-0.13424
-139.21,294.59,-154.26,-0.35727,0.43549,-0.31266
-58.203,255.39,-231.05,-0.19101,0.36656,-0.45661
25.308,205.47,-276.72,-0.018675,0.27126,-0.54177
111.46,147.58,-282.67,0.15569,0.15772,-0.5438
194.88,81.83,-259.1,0.32195,0.025931,-0.49514
265.48,9.3841,-224.68,0.46184,-0.12208,-0.4262
307.14,-80.708,-178.33,0.53889,-0.30253,-0.32888
299.19,-183.56,-112.01,0.51659,-0.51136,-0.19507
258.31,-266.22,-31.593,0.43143,-0.67559,-0.036919
204.03,-306.71,57.98,0.31384,-0.76074,0.13542
134.86,-298.9,152.88,0.17191,-0.75263,0.31789
57.627,-257.02,229.36,0.0056562,-0.67153,0.46387
-23.006,-204.75,273.53,-0.15857,-0.57421,0.54092
-109.44,-149.24,280.06,-0.33091,-0.46473,0.54903
-195.52,-87.384,257.04,-0.50325,-0.34105,0.49631
-268.49,-15.079,222.69,-0.64518,-0.19304,0.42738
-311.85,77.466,177.51,-0.73236,-0.0065062,0.33614
-304.49,182.61,110.73,-0.70803,0.20232,0.20232
-261.36,265.08,28.398,-0.61881,0.36858,0.0381
-205.95,304.69,-61.458,-0.49919,0.45171,-0.13627
-136.74,297.09,-155.77,-0.35321,0.4436,-0.31874
-58.132,255.41,-231.9,-0.19101,0.36656,-0.45864
22.783,203.46,-276.01,-0.022731,0.26721,-0.53771
108.32,147.51,-283.49,0.14961,0.15772,-0.54785
193.84,82.774,-261.01,0.31789,0.027962,-0.49919
266.02,8.3461,-226.69,0.45982,-0.12005,-0.42823
309.76,-82.996,-181.51,0.54294,-0.30658,-0.33496
303.7,-185.83,-111.47,0.52876,-0.51339,-0.19304
261.64,-266.06,-25.742,0.43549,-0.67761,-0.024756
206.93,-305.34,62.557,0.31992,-0.75466,0.14556
135.59,-298.73,153.55,0.16989,-0.74857,0.32195
52.956,-257.5,225.97,-0.000425,-0.67153,0.45576
-29.729,-208,269.21,-0.17074,-0.58232,0.53281
-116.09,-152.26,281.5,-0.34308,-0.47081,0.55106
-198.85,-81.486,258.19,-0.50933,-0.32888,0.49834
-266.39,-6.6574,222.43,-0.64314,-0.17479,0.42535
-308.88,81.948,177.58,-0.72222,-0.000425,0.33209
-299.53,182.61,107.43,-0.69992,0.20435,0.19219
-256.39,260.98,24.789,-0.60665,0.36452,0.032012
-205.6,300.44,-63.039,-0.50122,0.44562,-0.13829
-137.35,293.74,-156.74,-0.35321,0.43346,-0.31672
-55.584,253.71,-232.91,-0.18493,0.36047,-0.45864
27.903,203.7,-277.33,-0.014619,0.26923,-0.53974
113.44,146.26,-282.45,0.15975,0.15772,-0.54583
197.09,79.613,-257.97,0.32398,0.023906,-0.49108
267.02,6.1757,-222.75,0.46184,-0.12816,-0.42012
307.52,-83.35,-176.91,0.53889,-0.30658,-0.32686
298.56,-186.25,-109.87,0.51659,-0.51541,-0.19101
256.4,-268.23,-28.573,0.42941,-0.68369,-0.032869
201.88,-307.13,60.764,0.28545,-0.76074,0.14352
133.07,-298,155.31,0.16786,-0.74857,0.32195
55.126,-255.18,231.11,0.0076813,-0.66748,0.4659
-25.459,-203.05,274.05,-0.16466,-0.57016,0.54294
-111.35,-148.15,279.8,-0.33496,-0.46473,0.547
-197.76,-85.379,256,-0.5073,-0.33699,0.49834
-270,-11.989,220.99,-0.6472,-0.18898,0.42535
-312.2,80.108,176.12,-0.73033,-0.0024563,0.33209
-303.73,185.16,108.7,-0.706,0.21044,0.19624
-259.59,266.92,25.614,-0.61679,0.37264,0.032012
-204.06,305.11,-63.959,-0.49919,0.45374,-0.13829
-134.87,296.2,-158.16,-0.34916,0.43954,-0.31874
-55.56,253.52,-233.6,-0.18696,0.36452,-0.4627
25.143,201.79,-276.49,-0.016644,0.26721,-0.53974
110.14,146.33,-283.3,0.15366,0.15569,-0.5438
195.89,80.722,-259.95,0.32398,0.023906,-0.50325
267.35,5.6095,-225.13,0.46387,-0.13019,-0.4262
310.14,-85.355,-180.26,0.54294,-0.31063,-0.33294
303.08,-188.3,-109.28,0.5247,-0.51744,-0.19304
259.99,-267.85,-23.1,0.43346,-0.67964,-0.0207
205.26,-305.83,64.751,0.31789,-0.75871,0.15164
133.66,-297.86,155.76,0.16583,-0.74857,0.32398
50.266,-255.66,227.52,-0.0065062,-0.67153,0.45576
-31.899,-206.52,269.7,-0.17682,-0.57826,0.53078
-117.75,-151.13,281.45,-0.34713,-0.46878,0.55106
-200.71,-79.269,257.11,-0.51541,-0.3228,0.49834
-267.64,-4.2041,221.11,-0.64518,-0.17479,0.42333
-309.21,84.142,176.4,-0.72222,0.0056562,0.33209
-298.71,184.83,105.37,-0.69383,0.20841,0.19219
-254.95,262.56,22.382,-0.60463,0.36452,0.025931
-204.3,300.96,-65.02,-0.49716,0.44562,-0.14438
-135.53,292.99,-158.89,-0.34916,0.43549,-0.3228
-53.06,252.08,-234.49,-0.17884,0.35844,-0.4627
29.861,202.35,-277.78,-0.010563,0.26721,-0.53974
115.02,145.27,-282.29,0.16178,0.15164,-0.5438
199.07,77.608,-256.83,0.32803,0.015794,-0.49108
268.24,3.9582,-221.57,0.46387,-0.13424,-0.41809
307.9,-85.497,-175.85,0.53686,-0.31266,-0.32686
297.92,-188.56,-107.98,0.51456,-0.52149,-0.18493
254.96,-269.72,-26.285,0.42535,-0.68369,-0.026781
200.75,-307.63,62.51,0.30776,-0.76074,0.14556
131.3,-297.2,157.53,0.15975,-0.74655,0.33006
52.861,-253.58,232.62,0.0016,-0.66545,0.46793
-27.063,-202.01,274.56,-0.16668,-0.56812,0.54294
-113.05,-147.3,279.68,-0.34105,-0.4627,0.54497
-199.77,-83.35,254.96,-0.51136,-0.33294,0.49429
-271.22,-10.031,220.14,-0.65328,-0.18493,0.42535
-312.58,82.302,175.11,-0.7283,0.0016,0.32803
-303.03,187.59,106.58,-0.706,0.21449,0.19219
-258.2,268.48,23.373,-0.61273,0.37669,0.027962
-203.02,305.63,-65.563,-0.49514,0.45374,-0.14438
-133.08,295.39,-160.3,-0.34713,0.43954,-0.32686
-53.367,251.99,-235.01,-0.18088,0.35844,-0.46473
26.605,201.1,-277.03,-0.016644,0.26315,-0.53974
111.74,145.41,-283.19,0.15569,0.15569,-0.54785
197.78,78.598,-258.89,0.32803,0.021875,-0.49311
268.5,3.8875,-224.44,0.4659,-0.12005,-0.42417
310.56,-87.502,-179.15,0.54294,-0.31672,-0.33091
302.33,-190.71,-107.03,0.5247,-0.52149,-0.1829
258.66,-269.27,-20.906,0.42941,-0.68167,-0.014619
204.31,-306.3,66.331,0.31586,-0.76074,0.15569
131.75,-297.01,157.79,0.16178,-0.74655,0.32803
48.19,-254.26,228.75,-0.012594,-0.66951,0.45779
-33.079,-206.07,270.32,-0.17682,-0.57826,0.53484
-119.4,-150.06,281.41,-0.35119,-0.46878,0.55106
-202.55,-77.099,256.05,-0.51541,-0.31874,0.49631
-268.75,-2.7886,220.52,-0.64518,-0.17276,0.42535
-309.51,86.242,175.3,-0.72424,0.0097125,0.33006
-297.81,187.16,103.09,-0.69586,0.21246,0.18611
-253.79,263.97,20.283,-0.60259,0.36656,0.023906
-203.47,301.48,-66.624,-0.49716,0.44562,-0.14438
-133.65,292.19,-161.08,-0.34713,0.43549,-0.32888
-51.126,250.76,-235.84,-0.17479,0.35642,-0.46878
30.828,201.88,-278.25,-0.0085375,0.26721,-0.54177
116.63,144.18,-281.96,0.16583,0.15164,-0.54177
200.87,75.532,-255.8,0.33006,0.015794,-0.48702
269.33,2.6136,-221.14,0.4659,-0.13627,-0.41809
308.18,-87.667,-174.76,0.54092,-0.31672,-0.3228
297.07,-190.95,-105.69,0.51253,-0.52353,-0.1829
253.83,-271.13,-24.327,0.42333,-0.68978,-0.022731
199.85,-308.07,64.114,0.30573,-0.76479,0.14758
129.41,-296.28,159.68,0.15569,-0.74655,0.33411
50.927,-252.21,233.97,-0.0065062,-0.66545,0.46996
-28.148,-201.59,275.04,-0.17074,-0.56812,0.54092
-114.75,-146.2,279.45,-0.3451,-0.45864,0.54497
-201.59,-81.463,254.06,-0.51744,-0.33091,0.49429
-272.29,-8.7098,219.79,-0.65126,-0.1829,0.41927
-312.89,84.543,173.88,-0.73033,0.0056562,0.326
-302.22,189.9,104.41,-0.706,0.21854,0.19016
-257.09,269.8,21.51,-0.61071,0.37872,0.025931
-202.2,306.15,-67.214,-0.49311,0.45576,-0.15046
-131.05,294.47,-162.57,-0.34308,0.43752,-0.32888
-51.432,250.64,-236.36,-0.17682,0.35642,-0.46675
27.619,200.63,-277.55,-0.014619,0.26517,-0.54177
113.56,144.16,-282.95,0.15975,0.15569,-0.5438
199.45,76.829,-258.13,0.33209,0.015794,-0.49514
269.68,2.5664,-224.11,0.4659,-0.13221,-0.42215
310.96,-89.814,-177.9,0.54497,-0.3228,-0.32686
301.58,-193,-104.72,0.5247,-0.52758,-0.18088
257.7,-270.54,-19.137,0.42941,-0.68572,-0.012594
203.37,-306.78,67.983,0.31586,-0.76074,0.15366
129.44,-296.16,160.03,0.15569,-0.74249,0.33411
46.185,-252.99,230,-0.014619,-0.66342,0.46184
-34.188,-205.6,271.07,-0.18088,-0.57624,0.53686
-121.26,-148.72,281.26,-0.35524,-0.46473,0.55106
-204.16,-75.377,255.17,-0.52149,-0.31469,0.49631
-269.83,-1.4911,220.09,-0.6472,-0.16871,0.42333
-309.77,88.624,173.93,-0.72424,0.015794,0.32803
-297.06,189.4,100.94,-0.69181,0.21652,0.18205
-253.11,265.34,18.726,-0.59854,0.36858,0.01985
-202.46,302.09,-68.488,-0.49311,0.44968,-0.14843
-131.29,291.22,-163.44,-0.34308,0.43346,-0.33496
-49.12,249.51,-237.18,-0.17074,0.35236,-0.45459
31.96,201.34,-278.84,-0.0044813,0.26315,-0.5438
118.54,142.69,-281.72,0.16786,0.14758,-0.5438
202.52,73.975,-255.25,0.33817,0.013769,-0.48702
270.51,1.2453,-220.79,0.46793,-0.13627,-0.41606
308.46,-90.144,-173.28,0.54092,-0.3228,-0.31874
296.31,-193.26,-103.64,0.51253,-0.52961,-0.17884
253.14,-272.43,-22.817,0.42129,-0.68978,-0.018675
198.7,-308.64,66.19,0.30573,-0.76479,0.15366
127.1,-295.36,162.08,0.15366,-0.74249,0.33817
49.299,-251.1,235.31,-0.0085375,-0.65937,0.47198
-29.422,-201,275.74,-0.16871,-0.5661,0.547
-116.85,-144.69,279.14,-0.34713,-0.45661,0.54497
-203.24,-80.213,253.64,-0.51947,-0.32888,0.49429
-273.61,-7.1764,219.43,-0.65328,-0.18088,0.42333
-313.15,87.421,172.23,-0.7283,0.011738,0.32398
-301.49,192.38,102.17,-0.70397,0.2226,0.18407
-256.53,271.19,20.071,-0.60867,0.38277,0.021875
-200.88,306.74,-69.361,-0.48906,0.46184,-0.15249
-128.76,293.55,-165,-0.33699,0.43549,-0.33496
-49.899,249.68,-237.68,-0.17479,0.35439,-0.46878
29.011,199.97,-278.25,-0.012594,0.26517,-0.54177
115.78,142.39,-282.6,0.1638,0.14961,-0.54583
201.13,75.626,-257.83,0.33411,0.015794,-0.48702
271.14,0.93867,-223.67,0.46996,-0.14033,-0.42215
311.27,-92.833,-175.99,0.547,-0.32686,-0.3228
300.8,-195.52,-102.41,0.52064,-0.53569,-0.17276
257.08,-271.89,-17.627,0.42738,-0.68775,-0.010563
201.95,-307.41,70.224,0.31181,-0.76277,0.15975
127.08,-295.24,162.39,0.15366,-0.74452,0.33411
44.723,-252.19,231.35,-0.016644,-0.66342,0.46387
-35.768,-204.86,271.8,-0.1829,-0.57421,0.53686
-123.64,-146.71,280.89,-0.36133,-0.4627,0.547
-205.67,-74.15,254.87,-0.52353,-0.31672,0.49429
-271.15,0.23096,219.55,-0.64923,-0.16263,0.42535
-310.01,91.691,171.85,-0.72424,0.01985,0.32195
-296.18,191.83,98.532,-0.69181,0.2226,0.17394
-252.49,266.83,17.145,-0.60057,0.37466,0.015794
-200.9,302.64,-70.918,-0.48906,0.44968,-0.15654
-128.95,290.32,-165.89,-0.33496,0.42941,-0.33496
-47.846,248.8,-238.48,-0.16871,0.35236,-0.47081
33.682,200.33,-279.55,-0.000425,0.26315,-0.54583
121.01,140.71,-281.32,0.17394,0.14352,-0.54177
204.22,72.937,-255.02,0.34019,0.013769,-0.48702
272.02,-0.73629,-220.13,0.47198,-0.14235,-0.41404
308.51,-93.47,-171.15,0.53889,-0.32686,-0.31672
295.47,-195.85,-101.35,0.51051,-0.53569,-0.17276
252.46,-274.06,-21.142,0.41724,-0.69181,-0.018675
196.95,-309.18,68.808,0.30167,-0.76682,0.15975
124.76,-294.34,164.68,0.14758,-0.74047,0.34019
47.931,-250.3,236.82,-0.010563,-0.65937,0.47401
-31.357,-199.84,276.43,-0.17276,-0.56812,0.54497
-119.33,-142.87,278.69,-0.35321,-0.45459,0.54294
-205.01,-79.222,253.38,-0.52149,-0.3228,0.49226
-275.21,-5.1241,218.68,-0.65937,-0.17479,0.41927
-313.33,91.007,170.03,-0.73236,0.01985,0.31992
-300.62,195.11,99.759,-0.66951,0.23071,0.17799
-255.73,272.82,18.183,-0.60665,0.3848,0.015794
-199.04,307.31,-72.215,-0.48702,0.45779,-0.15654
-126.31,292.52,-167.66,-0.33091,0.43346,-0.33902
-48.365,248.78,-239.24,-0.16871,0.35236,-0.47081
31.087,198.72,-279.03,-0.0085375,0.25909,-0.5438
118.25,140.52,-282.24,0.16989,0.14758,-0.5438
203.06,74.517,-257.64,0.33614,0.011738,-0.49108
272.75,-1.3496,-222.89,0.47401,-0.14235,-0.42012
311.39,-96.396,-173.68,0.547,-0.33294,-0.32078
299.92,-198.14,-99.981,0.51862,-0.53771,-0.17074
256.19,-273.63,-15.575,0.42535,-0.68978,-0.0065062
199.88,-307.96,73.22,0.30776,-0.76479,0.16786
124.41,-294.27,165.08,0.14758,-0.74249,0.34223
43.071,-251.15,232.9,-0.018675,-0.66139,0.46793
-38.08,-203.54,272.72,-0.18696,-0.57016,0.54092
-126.05,-144.78,280.6,-0.36335,-0.45459,0.54903
-207.51,-72.947,254.56,-0.52555,-0.31266,0.49429
-272.88,2.6372,218.65,-0.65328,-0.1606,0.42129
-310.2,95.371,169.47,-0.72424,0.027962,0.31992
-295.41,194.4,96.291,-0.68775,0.22666,0.17191
-251.5,268.62,14.881,-0.59854,0.37872,0.011738
-198.61,303.18,-74.221,-0.485,0.45374,-0.16263
-126.36,289.36,-168.68,-0.33091,0.42738,-0.34105
-46.124,247.79,-240.25,-0.16263,0.35033,-0.47284
36.159,198.74,-280.33,0.0016,0.26113,-0.54583
123.47,138.87,-280.94,0.18002,0.1415,-0.53974
206.27,71.71,-254.69,0.34425,0.011738,-0.485
273.76,-3.3548,-219.07,0.47198,-0.14438,-0.41201
308.61,-97.363,-168.77,0.54092,-0.33902,-0.31063
294.83,-198.68,-99.109,0.50848,-0.53974,-0.17074
251.16,-275.99,-18.5,0.41521,-0.69586,-0.010563
194.52,-309.7,72.229,0.29762,-0.76682,0.16583
122.34,-293.28,167.46,0.14352,-0.74249,0.34831
46.091,-249.03,238.66,-0.014619,-0.65734,0.47807
-34.093,-198,277.21,-0.17884,-0.56002,0.547
-121.9,-141.24,278.34,-0.36133,-0.45053,0.54497
-207.25,-77.948,253.05,-0.52555,-0.3228,0.49226
-277.12,-2.1281,217.5,-0.66342,-0.16668,0.42129
-313.45,95.065,167.63,-0.73033,0.027962,0.31586
-299.91,198.04,97.518,-0.69789,0.23274,0.17394
-254.22,274.8,15.376,-0.59854,0.39088,0.013769
-196.58,307.85,-75.589,-0.47892,0.45779,-0.16466
-123.97,291.55,-170.42,-0.32888,0.43143,-0.34308
-46.313,247.34,-241.24,-0.16466,0.35033,-0.47689
34.083,196.64,-279.81,0.0016,0.25504,-0.54177
120.85,139.04,-282.05,0.17191,0.14352,-0.54177
205.44,72.984,-257.21,0.34223,0.013769,-0.48906
274.63,-4.4871,-221.47,0.47604,-0.14843,-0.41606
311.48,-100.43,-171.08,0.547,-0.34308,-0.31266
299.17,-201.02,-97.504,0.51659,-0.54583,-0.16466
254.61,-275.68,-12.508,0.42333,-0.69789,-0.000425
197.4,-308.5,76.64,0.30167,-0.76479,0.17597
122,-293.35,167.7,0.1415,-0.74047,0.35033
40.712,-249.55,234.79,-0.018675,-0.65937,0.46996
-41.17,-201.4,273.57,-0.19507,-0.57016,0.53889
-128.55,-143.15,280.49,-0.36741,-0.45459,0.547
-209.77,-71.107,253.88,-0.53366,-0.30861,0.49429
-274.74,5.9634,217.07,-0.65734,-0.15452,0.41521
-310.24,99.452,166.71,-0.72628,0.0381,0.31384
-294.39,197.31,93.767,-0.68775,0.23274,0.16786
-249.85,270.58,11.79,-0.59246,0.38074,0.0056562
-196.25,303.75,-77.665,-0.47892,0.45576,-0.16668
-124.23,288.51,-171.32,-0.32686,0.42738,-0.3451
-43.577,246.14,-242.3,-0.1606,0.34831,-0.47892
39.344,196.43,-281.02,0.0097125,0.25504,-0.54785
125.94,137.43,-280.68,0.18611,0.13744,-0.53771
208.7,69.917,-253.91,0.34831,0.0016,-0.48702
275.65,-6.799,-217.37,0.47807,-0.15249,-0.40998
308.49,-101.49,-166.13,0.53889,-0.34713,-0.30658
293.86,-201.75,-96.655,0.50443,-0.5438,-0.16263
249.35,-278,-15.244,0.41116,-0.70194,-0.0044813
192.02,-310.06,75.72,0.29356,-0.76885,0.17191
120.28,-292.36,170.13,0.13947,-0.73844,0.35236
43.567,-247.12,240.74,-0.018675,-0.65531,0.48415
-37.254,-195.71,277.89,-0.18898,-0.55799,0.547
-124.4,-139.94,278.08,-0.36133,-0.44851,0.54092
-209.75,-76.179,252.32,-0.52961,-0.31672,0.49023
-279.13,1.3397,215.82,-0.66748,-0.16263,0.41724
-313.4,99.216,165.13,-0.73033,0.036069,0.30978
-298.78,201.06,94.852,-0.69586,0.24085,0.16989
-252.09,276.76,11.885,-0.59854,0.39494,0.0036313
-194.08,308.11,-79.08,-0.47486,0.45779,-0.17074
-121.92,290.63,-173.09,-0.3228,0.43143,-0.34916
-43.6,245.38,-243.29,-0.1606,0.34831,-0.47689
37.15,194.4,-280.47,0.0056562,0.24896,-0.54583
123.33,137.69,-281.79,0.18002,0.13744,-0.54177
207.9,71.073,-256.41,0.34628,0.0076813,-0.49108
276.43,-7.8842,-219.82,0.48009,-0.15452,-0.41404
311.51,-104.25,-168.68,0.547,-0.34916,-0.31063
298.08,-204.09,-94.697,0.51456,-0.55191,-0.1606
252.39,-277.59,-8.8278,0.41724,-0.69992,0.0097125
194.83,-308.78,80.037,0.29762,-0.76479,0.18205
119.74,-292.46,170.25,0.13744,-0.73641,0.35236
37.928,-247.68,236.58,-0.034894,-0.65531,0.47198
-44.072,-199.37,274.3,-0.20115,-0.56204,0.54092
-130.96,-141.64,280.25,-0.37349,-0.45256,0.547
-212.13,-69.007,252.98,-0.53771,-0.30455,0.49023
-276.49,9.1717,215.47,-0.66342,-0.14843,0.41521
-310.1,103.04,164.42,-0.72222,0.04215,0.30776
-293,200.25,91.007,-0.68369,0.24085,0.15975
-247.71,272.46,8.1809,-0.5884,0.3848,-0.000425
-193.82,304.1,-81.038,-0.47486,0.45171,-0.17479
-122.09,287.61,-173.91,-0.32482,0.42738,-0.35119
-40.722,244.25,-244.31,-0.15046,0.34223,-0.47892
42.128,194.38,-281.58,0.013769,0.25099,-0.54785
128.28,135.97,-280.33,0.19016,0.13136,-0.53974
211.15,67.794,-253.01,0.35236,-0.0024563,-0.485
277.42,-9.9601,-215.79,0.48415,-0.1606,-0.40796
308.46,-105.05,-164.12,0.54294,-0.35321,-0.30049
292.66,-204.82,-93.848,0.50239,-0.55394,-0.1606
247.06,-279.88,-11.564,0.40711,-0.70397,-0.000425
189.66,-310.81,79.023,0.28342,-0.77088,0.18002
118.28,-291.42,172.77,0.13542,-0.73641,0.35844
40.712,-245.02,242.81,-0.0085375,-0.64923,0.48821
-39.967,-193.87,278.48,-0.19101,-0.55596,0.55106
-126.9,-138.67,277.73,-0.37146,-0.44445,0.54294
-212.3,-74.032,251.33,-0.53569,-0.31469,0.48821
-280.83,4.5009,214.38,-0.66951,-0.15654,0.41319
-313.5,102.68,163.38,-0.73033,0.044181,0.30978
-297.46,204.26,91.903,-0.69383,0.24693,0.1638
-250.02,278.55,8.3225,-0.59246,0.39494,-0.000425
-192.03,308.42,-82.1,-0.47284,0.45982,-0.17479
-119.92,289.76,-175.78,-0.32078,0.43143,-0.35524
-40.604,243.17,-245.39,-0.15249,0.34223,-0.485
39.745,192.71,-281.13,0.011738,0.2449,-0.54785
125.78,136.35,-281.46,0.18407,0.13744,-0.54177
210.45,68.714,-255.4,0.35236,-0.000425,-0.485
278.2,-10.927,-218.41,0.48212,-0.1606,-0.41404
311.74,-107.55,-166.91,0.547,-0.35727,-0.30658
296.74,-207.25,-91.607,0.51051,-0.55799,-0.15452
250.24,-279.32,-5.3836,0.41319,-0.70194,0.0097125
192.92,-309.13,82.845,0.29154,-0.76682,0.18611
117.45,-291.54,172.82,0.13136,-0.73641,0.35642
34.697,-245.51,238.54,-0.040975,-0.65328,0.48212
-46.502,-197.98,275.18,-0.20521,-0.56204,0.54092
-133.43,-140.04,279.9,-0.3816,-0.44648,0.547
-214.61,-66.507,251.71,-0.54177,-0.29847,0.48821
-278.18,12.073,214.1,-0.66545,-0.13829,0.41116
-310.24,106.2,162.67,-0.72628,0.048238,0.30573
-291.56,203.2,87.917,-0.68167,0.24693,0.15366
-245.77,274.21,4.7839,-0.58637,0.38886,-0.010563
-192.24,304.48,-83.728,-0.47284,0.45576,-0.17884
-119.66,286.6,-176.65,-0.31672,0.42129,-0.35524
-37.443,242.15,-246.29,-0.14438,0.34019,-0.485
44.345,193.04,-282.24,0.017825,0.24693,-0.54785
130.76,134.44,-279.88,0.19421,0.13136,-0.53366
213.72,65.364,-251.83,0.35844,-0.0065062,-0.48297
279.12,-12.933,-214.4,0.48415,-0.16466,-0.40187
308.53,-108.24,-162.52,0.53889,-0.35929,-0.29644
291.15,-207.96,-90.781,0.50037,-0.56002,-0.15046
245.08,-281.56,-8.1673,0.40305,-0.71006,0.011738
188.11,-310.6,81.665,0.2814,-0.76885,0.18407
116.01,-290.29,175.53,0.13136,-0.73641,0.3625
37.693,-242.82,244.72,-0.034894,-0.6472,0.49023
-42.02,-192.67,279.24,-0.19912,-0.54988,0.55308
-129.54,-137.18,277.25,-0.37349,-0.44445,0.54294
-214.96,-71.413,250.08,-0.53974,-0.31266,0.48415
-282.62,7.4497,213.04,-0.67356,-0.15249,0.40913
-313.64,105.89,161.75,-0.73033,0.050263,0.30167
-295.81,207.54,88.577,-0.68775,0.25301,0.15772
-247.92,280.13,4.8783,-0.59246,0.40102,-0.0065062
-190.43,308.72,-84.813,-0.46878,0.46387,-0.17884
-117.49,288.62,-178.54,-0.31266,0.42738,-0.35929
-37.608,241.04,-247.26,-0.15046,0.34019,-0.485
41.845,191.55,-281.89,0.011738,0.24085,-0.54785
128.47,134.67,-281.04,0.18813,0.13339,-0.53974
213.04,66.025,-254.1,0.35439,-0.0044813,-0.485
279.92,-13.664,-217.25,0.49023,-0.16466,-0.40998
311.91,-110.74,-165.19,0.547,-0.36335,-0.30253
295.02,-210.48,-88.092,0.50645,-0.56407,-0.14641
248.17,-280.9,-2.0338,0.40913,-0.70803,0.015794
191.27,-309.44,85.392,0.28748,-0.76682,0.19016
114.86,-290.47,175.48,0.12528,-0.73438,0.36452
31.701,-243.55,240.29,-0.049087,-0.64923,0.48009
-48.649,-196.87,276.07,-0.21129,-0.55799,0.54497
-136.12,-138.06,279.33,-0.38971,-0.44243,0.54497
-216.97,-63.794,250.31,-0.54583,-0.29441,0.48617
-279.76,14.574,213.04,-0.66951,-0.13829,0.41116
-310.31,109.48,160.83,-0.72424,0.056344,0.30167
-289.67,206.36,84.331,-0.67761,0.25099,0.14961
-243.79,275.77,1.5284,-0.58232,0.39088,-0.010563
-190.66,304.78,-86.417,-0.46878,0.45171,-0.18493
-117.04,285.42,-179.48,-0.31063,0.42333,-0.35929
-34.518,240.33,-248.08,-0.14033,0.33614,-0.48906
46.397,191.79,-282.88,0.017825,0.2449,-0.54988
133.49,132.43,-279.22,0.2003,0.12731,-0.53569
216.22,62.793,-250.61,0.36047,-0.010563,-0.47892
280.67,-15.315,-213.4,0.48821,-0.16871,-0.4039
308.44,-111.61,-160.63,0.53889,-0.36538,-0.29441
289.33,-211.38,-87.266,0.49631,-0.5661,-0.14438
242.93,-283.04,-4.8882,0.39697,-0.73844,0.015794
186.45,-310.81,84.449,0.27937,-0.76885,0.19016
113.35,-288.99,178.46,0.12325,-0.73236,0.36858
35.05,-241.01,246.52,-0.036919,-0.64314,0.49226
-44.19,-191.51,279.92,-0.20318,-0.54785,0.55308
-132.51,-135.23,276.55,-0.37754,-0.43837,0.53686
-217.51,-69.078,248.92,-0.54988,-0.30253,0.48617
-284.29,9.7379,212.24,-0.67761,-0.14438,0.40507
-313.69,109.38,159.91,-0.73236,0.054319,0.30167
-294.01,210.78,85.157,-0.68572,0.25909,0.14961
-246.03,281.66,1.7643,-0.5884,0.40305,-0.014619
-188.73,308.86,-87.667,-0.46473,0.46387,-0.18696
-114.65,287.28,-181.46,-0.30861,0.42535,-0.36538
-35.155,239.46,-248.98,-0.14033,0.33614,-0.48702
44.062,190.35,-282.67,0.015794,0.24287,-0.54988
131.49,132.46,-280.31,0.19624,0.12731,-0.53974
215.64,63.548,-252.94,0.36452,-0.010563,-0.48297
281.66,-15.905,-216.52,0.49023,-0.17074,-0.40796
311.93,-114.11,-163.16,0.54497,-0.36741,-0.29847
293.27,-213.52,-84.624,0.50443,-0.57016,-0.14033
246.56,-282.27,0.82072,0.40507,-0.70803,0.027962
189.47,-309.63,88.318,0.28342,-0.76682,0.19624
111.7,-289.04,178.41,0.12123,-0.73033,0.36656
29.342,-242.19,241.92,-0.049087,-0.64518,0.48415
-50.96,-195.66,276.95,-0.21534,-0.55799,0.547
-139.21,-135.49,278.53,-0.39174,-0.43837,0.547
-219.23,-61.364,249.02,-0.54988,-0.29036,0.48415
-281.49,16.603,212.4,-0.67153,-0.13424,0.40711
-310.36,112.92,158.62,-0.72628,0.062425,0.29964
-287.81,209.43,80.934,-0.66951,0.25707,0.1415
-242.33,277.09,-1.0901,-0.57826,0.39291,-0.018675
-188.71,304.92,-89.46,-0.46473,0.45171,-0.19304
-113.85,283.95,-182.52,-0.30658,0.41724,-0.36741
-32.277,239.06,-249.71,-0.13627,0.33614,-0.49108
48.804,190.39,-283.56,0.029988,0.24085,-0.55191
136.63,129.84,-278.35,0.20638,0.12325,-0.53366
218.58,60.363,-249.36,0.36858,-0.014619,-0.47486
282.33,-17.391,-212.63,0.49226,-0.17276,-0.40187
308.32,-115.17,-158.44,0.54092,-0.37146,-0.29036
287.61,-214.47,-83.987,0.49226,-0.57218,-0.14033
241.61,-284.32,-2.3168,0.39697,-0.71411,0.013769
184.31,-310.76,87.634,0.27329,-0.77088,0.19624
110.26,-287.46,181.36,0.11717,-0.73033,0.37264
33.163,-239.78,248.12,-0.040975,-0.64112,0.49631
-46.549,-190.1,280.58,-0.20723,-0.54583,0.55106
-135.74,-132.7,275.58,-0.38565,-0.43229,0.53484
-220.01,-66.742,247.67,-0.55394,-0.29847,0.47807
-285.95,11.955,211.46,-0.68167,-0.14033,0.40507
-313.5,113.02,157.6,-0.73033,0.062425,0.29559
-292.22,213.82,81.877,-0.67964,0.26517,0.14556
-244.54,282.82,-0.75985,-0.58232,0.40507,-0.016644
-186.58,308.72,-90.828,-0.45864,0.46184,-0.19709
-111.71,285.75,-184.25,-0.30253,0.42129,-0.37146
-33.268,238.33,-250.61,-0.14033,0.33209,-0.49311
46.515,188.91,-283.35,0.01985,0.23679,-0.54988
134.74,129.77,-279.34,0.2003,0.12123,-0.53771
217.92,61.212,-251.79,0.37466,-0.016644,-0.47892
283.22,-18.122,-215.67,0.49226,-0.17479,-0.40593
311.79,-117.75,-160.66,0.54497,-0.37349,-0.29441
291.62,-216.38,-81.345,0.49834,-0.57624,-0.13221
245.05,-283.54,3.3213,0.40305,-0.71411,0.032012
187.16,-309.63,91.432,0.27734,-0.76682,0.20232
108.61,-287.6,181.05,0.11311,-0.7283,0.37264
27.478,-241.15,243.33,-0.053144,-0.64518,0.49023
-53.461,-194.15,277.65,-0.22143,-0.55394,0.547
-142.33,-132.7,277.63,-0.39984,-0.43229,0.54092
-221.43,-59.217,247.95,-0.55394,-0.28833,0.48009
-283.11,18.797,211.48,-0.67761,-0.12816,0.40913
-310.06,116.58,155.98,-0.72222,0.070537,0.29356
-286.02,212.07,77.82,-0.66951,0.26517,0.13542
-241.05,278.32,-3.5199,-0.57624,0.39697,-0.0207
-186.49,304.85,-92.716,-0.45864,0.45374,-0.19912
-111.02,282.7,-185.12,-0.30049,0.41319,-0.37146
-30.413,238.07,-251.27,-0.13424,0.33411,-0.49514
51.328,188.72,-284.06,0.032012,0.24085,-0.55191
139.63,127.22,-277.43,0.21246,0.11514,-0.53366
220.68,58.57,-248.48,0.37264,-0.0207,-0.47486
283.84,-19.609,-211.56,0.49631,-0.17682,-0.39782
307.99,-118.78,-155.94,0.53686,-0.37754,-0.28225
285.93,-217.16,-81.156,0.48821,-0.57826,-0.13627
240.24,-285.59,0.13657,0.39088,-0.71411,0.025931
181.92,-310.48,91.007,0.26923,-0.76682,0.20232
107.71,-286.11,183.76,0.11311,-0.7283,0.37466
31.465,-238.69,249.61,-0.047056,-0.63706,0.49834
-49.215,-188.37,281.12,-0.21129,-0.54177,0.55511
-138.69,-130.41,274.8,-0.39174,-0.42823,0.53281
-222.13,-65.067,246.89,-0.55394,-0.29644,0.48009
-287.48,14.314,210.45,-0.68369,-0.13627,0.40507
-313.33,116.6,155.22,-0.73033,0.070537,0.29154
-290.81,216.39,79.283,-0.67761,0.26923,0.13947
-243.13,284.02,-3.3312,-0.58029,0.40913,-0.018675
-184.13,308.46,-94.32,-0.45661,0.45982,-0.19912
-109.28,284.61,-186.65,-0.29644,0.41927,-0.37349
-31.498,237.31,-252.14,-0.13424,0.33006,-0.49716
49.181,187.14,-283.89,0.029988,0.23679,-0.54988
137.62,127.43,-278.56,0.20841,0.1192,-0.53366
220.02,59.773,-251.13,0.36858,-0.018675,-0.47892
284.73,-20.599,-214.54,0.49631,-0.17884,-0.4039
311.62,-121.07,-158.27,0.54497,-0.38362,-0.28833
290.51,-218.76,-78.891,0.49834,-0.58029,-0.12816
243.59,-284.81,5.8219,0.39899,-0.71411,0.036069
184.47,-309.32,94.899,0.27329,-0.76479,0.21246
106.27,-286.58,183.25,0.10703,-0.72628,0.37669
25.567,-240.18,244.77,-0.06125,-0.64112,0.49023
-56.268,-192.43,278.36,-0.22751,-0.55191,0.54903
-145.09,-130.22,276.88,-0.4039,-0.42823,0.53889
-223.41,-57.707,247.32,-0.55799,-0.28225,0.48009
-284.6,21.226,210.33,-0.67964,-0.12208,0.40507
-309.77,119.81,153.69,-0.72424,0.076619,0.28748
-284.86,214.22,75.697,-0.66545,0.26721,0.13136
-239.57,279.59,-6.0913,-0.57421,0.39899,-0.022731
-183.8,304.59,-96.207,-0.45459,0.45374,-0.20521
-109.04,281.88,-187.27,-0.29644,0.41319,-0.37551
-28.455,237.03,-252.82,-0.12816,0.33209,-0.49919
54.135,186.71,-284.51,0.040125,0.23476,-0.55394
142.39,124.93,-276.58,0.21652,0.11311,-0.53163
222.67,57.131,-247.82,0.37466,-0.022731,-0.47284
285.34,-22.156,-210.31,0.49631,-0.1829,-0.39174
307.8,-122.09,-153.77,0.53889,-0.38768,-0.27819
284.99,-219.44,-79.269,0.48415,-0.58232,-0.13221
238.57,-286.77,2.8495,0.38886,-0.71816,0.029988
179.28,-310.08,94.475,0.26113,-0.76885,0.21044
105.92,-285.28,185.86,0.10906,-0.72424,0.38074
29.601,-237.56,251.09,-0.049087,-0.63706,0.50443
-52.14,-186.28,281.55,-0.21939,-0.53974,0.55511
-141.52,-128.22,273.97,-0.39782,-0.42215,0.53484
-224.21,-63.605,246.07,-0.56002,-0.29239,0.47401
-288.87,17.075,208.94,-0.68572,-0.12816,0.40305
-313.19,119.86,153.03,-0.73033,0.076619,0.28545
-289.77,218.51,77.466,-0.67761,0.27734,0.13744
-241.38,285.16,-6.0205,-0.57624,0.40913,-0.022731
-181.46,307.97,-97.764,-0.45053,0.46184,-0.20723
-107.53,283.76,-188.66,-0.29239,0.41521,-0.37957
-29.54,236.11,-253.65,-0.12816,0.33006,-0.49716
52.13,184.94,-284.25,0.036069,0.23274,-0.5661
140.38,125.19,-277.74,0.21652,0.11514,-0.52353
222.08,58.169,-250.3,0.37669,-0.022731,-0.47689
286.12,-23.407,-212.96,0.50037,-0.18696,-0.39984
311.55,-124.19,-156.06,0.54294,-0.38768,-0.28225
289.52,-220.86,-77.004,0.49429,-0.58637,-0.12613
241.82,-285.87,8.5584,0.39088,-0.71816,0.044181
181.85,-308.85,98.061,0.26721,-0.76479,0.21652
104.55,-285.76,185.11,0.10298,-0.72628,0.37872
23.468,-239,246.11,-0.063281,-0.63909,0.49226
-59.17,-190.4,279.02,-0.23156,-0.54988,0.55106
-147.7,-128.01,276.22,-0.40998,-0.42417,0.53889
-225.36,-56.009,246.33,-0.56407,-0.27819,0.47604
-285.92,23.939,208.63,-0.67964,-0.11599,0.40305
-309.47,122.78,151.56,-0.72424,0.080675,0.2814
-283.87,216.22,73.88,-0.66545,0.27126,0.12528
-237.96,280.72,-8.875,-0.57016,0.40305,-0.032869
-181.32,304.24,-99.392,-0.44851,0.45576,-0.20926
-107.18,281.08,-189.27,-0.29036,0.41319,-0.37957
-26.238,235.78,-254.33,-0.12208,0.33006,-0.49716
56.942,184.66,-284.84,0.044181,0.23274,-0.55394
144.75,123.11,-276.01,0.22057,0.11311,-0.53163
224.69,55.503,-246.97,0.38074,-0.026781,-0.46878
286.67,-25.034,-208.66,0.50037,-0.18898,-0.39376
307.52,-124.99,-151.72,0.53686,-0.38971,-0.27414
284.05,-221.5,-77.547,0.48617,-0.58637,-0.12613
236.68,-287.88,5.7275,0.38277,-0.72222,0.0381
176.92,-309.63,97.542,0.25909,-0.76885,0.21449
104.26,-284.41,187.82,0.10501,-0.72424,0.3848
27.454,-236.15,252.51,-0.053144,-0.63504,0.50645
-54.806,-184.44,281.95,-0.22143,-0.53569,0.55714
-143.81,-126.76,273.57,-0.40187,-0.42012,0.53281
-226.33,-61.883,245.12,-0.56407,-0.29239,0.47401
-290.22,20.023,207.28,-0.68572,-0.12411,0.39494
-312.86,122.69,151.21,-0.73236,0.084731,0.28545
-288.87,220.61,75.697,-0.67559,0.2814,0.13136
-239.45,286.29,-9.1344,-0.57016,0.41521,-0.036919
-179.27,307.57,-100.69,-0.44445,0.45779,-0.21331
-105.83,282.87,-190.71,-0.29036,0.41724,-0.3816
-27.299,234.72,-255.18,-0.12613,0.32803,-0.50122
54.654,183.2,-284.72,0.04215,0.22868,-0.55394
142.53,123.89,-277.41,0.21652,0.11109,-0.53366
224.25,56.258,-249.31,0.38074,-0.026781,-0.47486
287.56,-26.261,-211.38,0.50239,-0.19304,-0.39984
311.62,-126.85,-154.36,0.547,-0.39579,-0.28225
288.48,-222.91,-75.023,0.49429,-0.5884,-0.12208
239.72,-286.96,11.649,0.38886,-0.71816,0.046206
179.8,-308.59,100.7,0.25909,-0.76479,0.22057
102.59,-284.88,187.07,0.098925,-0.72424,0.3848
21.038,-237.56,247.6,-0.067331,-0.63706,0.49429
-61.836,-188.68,279.66,-0.23764,-0.5438,0.55308
-149.85,-126.52,275.89,-0.41404,-0.41809,0.53889
-227.44,-53.98,245.17,-0.5661,-0.27414,0.47401
-287.13,26.605,207.07,-0.68167,-0.11194,0.39697
-309.54,125.14,150.12,-0.72222,0.086756,0.27937
-282.83,218.32,71.852,-0.66139,0.27531,0.12528
-235.93,281.9,-12.036,-0.56407,0.40507,-0.040975
-179.48,304.03,-102.1,-0.44039,0.45374,-0.21534
-105.27,280.18,-191.3,-0.28631,0.41116,-0.38362
-23.666,234.25,-255.84,-0.12005,0.32803,-0.50325
59.561,182.84,-285.17,0.052288,0.22868,-0.55394
146.87,121.79,-275.57,0.22462,0.10501,-0.52758
226.89,53.427,-245.77,0.38277,-0.028813,-0.46473
287.92,-27.724,-207.04,0.50239,-0.19507,-0.38768
307.61,-127.25,-150.49,0.53686,-0.39376,-0.27617
282.99,-223.67,-75.494,0.48212,-0.59043,-0.12208
234.58,-288.99,8.9594,0.37669,-0.72222,0.046206
175.27,-309.39,100.07,0.25301,-0.76682,0.21854
102.42,-283.4,189.95,0.098925,-0.72019,0.38886
24.741,-234.35,254.04,-0.06125,-0.63098,0.50443
-57.33,-182.71,282.33,-0.22751,-0.53366,0.55714
-146.05,-125.53,273.22,-0.4039,-0.42215,0.53078
-228.6,-59.712,243.76,-0.57016,-0.28428,0.46996
-291.47,22.736,205.77,-0.69181,-0.11802,0.39494
-313.07,125,150.05,-0.73033,0.086756,0.2814
-287.79,222.83,73.574,-0.67356,0.2814,0.12528
-237.35,287.33,-12.201,-0.56812,0.41521,-0.040975
-177.74,307.4,-103.1,-0.43837,0.45779,-0.21331
-103.99,281.85,-192.76,-0.28631,0.41319,-0.38565
-24.61,232.83,-256.53,-0.12005,0.32195,-0.50325
57.131,181.5,-285.07,0.048238,0.22666,-0.55596
144.82,122.55,-277.05,0.22462,0.10906,-0.53163
226.49,53.899,-247.99,0.3848,-0.028813,-0.47081
288.86,-28.856,-209.89,0.50645,-0.19709,-0.39376
311.6,-129.04,-153.18,0.54497,-0.39984,-0.28022
287.4,-224.99,-72.876,0.49023,-0.59246,-0.11802
237.76,-287.93,14.503,0.38886,-0.72222,0.052288
178.36,-308.45,102.92,0.26113,-0.76479,0.2226
100.49,-283.85,189.1,0.094869,-0.72424,0.38683
18.207,-235.86,248.94,-0.075444,-0.63098,0.49631
-64.195,-187.15,280.2,-0.2417,-0.54177,0.55308
-152.07,-124.89,275.39,-0.42012,-0.41404,0.53686
-229.47,-51.503,243.64,-0.56812,-0.27211,0.47198
-288.33,29.058,205.61,-0.68572,-0.10991,0.39291
-309.65,127.29,148.95,-0.72222,0.090812,0.27734
-281.72,220.4,69.728,-0.65937,0.27937,0.12123
-234.09,282.89,-14.796,-0.56002,0.40711,-0.045031
-178.09,303.86,-104.35,-0.44243,0.45171,-0.21939
-103.07,279.12,-193.54,-0.28428,0.40711,-0.38565
-20.953,232.69,-257.26,-0.11397,0.326,-0.50528
61.778,181.45,-285.57,0.058375,0.22462,-0.55394
149.06,120.26,-275.16,0.23274,0.10298,-0.52758
229.06,50.903,-244.31,0.39088,-0.036919,-0.4627
289.05,-30.154,-205.64,0.50645,-0.20115,-0.38565
307.66,-129.47,-149.4,0.53686,-0.40187,-0.27008
281.83,-225.95,-73.301,0.48415,-0.59246,-0.11802
232.79,-290.03,11.578,0.37872,-0.72424,0.048238
173.79,-309.16,102.47,0.25099,-0.76277,0.22462
100.21,-282.31,192.23,0.096894,-0.72019,0.39494
22.17,-232.75,255.41,-0.065306,-0.62895,0.50848
-59.429,-181.6,282.75,-0.23156,-0.53163,0.55714
-148.34,-124.11,272.75,-0.41404,-0.41404,0.53281
-230.93,-57.188,242.36,-0.57421,-0.28225,0.46793
-292.67,25.26,204.43,-0.69383,-0.11397,0.39088
-313.15,127.36,148.92,-0.7283,0.092837,0.27734
-286.61,225.19,71.12,-0.67153,0.28748,0.12325
-235.67,288.32,-14.82,-0.56204,0.41724,-0.045031
-176.18,307.17,-105.55,-0.43634,0.45576,-0.22143
-101.7,280.63,-195.05,-0.28022,0.41319,-0.38971
-22.086,231.25,-257.87,-0.11194,0.32195,-0.5073
59.089,180.58,-285.64,0.052288,0.22057,-0.55394
147.22,120.87,-276.7,0.22666,0.10298,-0.53163
228.82,51.281,-246.57,0.38683,-0.034894,-0.46878
290.09,-31.215,-208.73,0.51051,-0.20318,-0.39376
311.74,-131.43,-151.79,0.547,-0.40593,-0.27617
286.12,-227.32,-70.187,0.49023,-0.59651,-0.11397
236.28,-288.99,16.839,0.3848,-0.72424,0.056344
176.69,-308.29,105.37,0.25909,-0.76682,0.23071
97.919,-282.57,191.5,0.090812,-0.72019,0.39088
15.636,-234.4,250.34,-0.077469,-0.63098,0.49834
-66.176,-186.37,280.91,-0.24576,-0.53974,0.55511
-154.5,-122.91,274.87,-0.42417,-0.41201,0.53686
-231.62,-48.837,242.27,-0.57624,-0.264,0.46793
-289.67,31.182,204.74,-0.68775,-0.1018,0.39291
-309.72,129.84,147.46,-0.72424,0.096894,0.27531
-280.28,222.76,66.992,-0.65531,0.28545,0.11514
-232.82,283.93,-17.037,-0.55596,0.40913,-0.051112
-176.44,303.65,-106.89,-0.43837,0.45171,-0.22345
-100.34,277.8,-196.04,-0.27617,0.40711,-0.39174
-18.24,231.13,-258.7,-0.10788,0.31992,-0.5073
63.76,180.51,-286.06,0.056344,0.2226,-0.55394
151.63,118.28,-274.6,0.23679,0.098925,-0.52961
231.35,48.473,-242.99,0.39494,-0.043006,-0.46067
290.32,-32.135,-204.82,0.50645,-0.20521,-0.3816
307.71,-132.09,-147.89,0.53686,-0.4039,-0.26603
280.51,-228.46,-70.564,0.47807,-0.59854,-0.11397
231.7,-291.02,13.725,0.37466,-0.72628,0.050263
172.06,-308.97,105.14,0.24896,-0.76885,0.22868
97.424,-280.64,194.88,0.088788,-0.71614,0.39494
19.622,-231.07,256.75,-0.071387,-0.6249,0.51253
-61.387,-180.68,283.22,-0.23967,-0.52758,0.55917
-151.05,-122.18,272.13,-0.41809,-0.41201,0.53078
-233.27,-54.806,241.07,-0.58029,-0.27819,0.46793
-294.01,27.289,203.67,-0.69586,-0.11194,0.38886
-313.15,130.17,147.32,-0.73033,0.096894,0.27531
-285.17,227.71,68.431,-0.66748,0.29762,0.11717
-234.57,289.45,-16.707,-0.56407,0.42129,-0.049087
-174.34,306.91,-108.33,-0.43431,0.45779,-0.22751
-98.731,278.93,-197.72,-0.27211,0.40913,-0.39782
-19.514,229.67,-259.26,-0.11194,0.31992,-0.50933
61.165,179.64,-286.3,0.056344,0.2226,-0.55394
150.05,118.73,-275.97,0.23274,0.098925,-0.52961
231.16,48.804,-245.28,0.39291,-0.043006,-0.46675
291.48,-33.173,-208.03,0.51051,-0.20521,-0.38971
311.7,-134.26,-149.99,0.547,-0.40998,-0.27211
284.85,-229.73,-67.356,0.48821,-0.60057,-0.10788
235.31,-290.12,18.773,0.38074,-0.72628,0.0604
174.71,-308.07,108.23,0.25504,-0.76682,0.23476
94.758,-280.87,194.12,0.084731,-0.71816,0.39494
13.041,-232.89,251.54,-0.085581,-0.62692,0.50037
-68.464,-185.33,281.64,-0.25184,-0.53569,0.55308
-157.4,-120.39,274.16,-0.42823,-0.40593,0.53484
-233.95,-46.313,240.88,-0.57826,-0.25792,0.46793
-291.18,33.21,203.93,-0.68978,-0.099775,0.39088
-309.56,132.79,145.5,-0.72424,0.10095,0.26923
-278.94,225.14,64.35,-0.65328,0.28951,0.11109
-231.9,285.11,-19.019,-0.55596,0.41116,-0.053144
-174.39,303.46,-110.05,-0.43431,0.45374,-0.22953
-97.174,276.29,-198.87,-0.26806,0.40305,-0.39782
-15.693,229.79,-260.21,-0.1018,0.31789,-0.51136
66.119,179.35,-286.63,0.064456,0.22057,-0.55799
154.61,115.66,-273.8,0.24085,0.092837,-0.52555
233.75,45.926,-241.64,0.39899,-0.047056,-0.45864
291.79,-34.235,-203.94,0.51051,-0.20723,-0.38362
307.57,-135.32,-145.84,0.53686,-0.41201,-0.26603
279.33,-231,-67.993,0.47604,-0.60463,-0.10788
230.54,-292.29,15.919,0.37264,-0.73033,0.056344
169.73,-308.57,108.51,0.24287,-0.76682,0.23882
94.333,-278.94,197.66,0.086756,-0.71208,0.40305
17.122,-229.75,258.15,-0.077469,-0.62287,0.51253
-64.029,-179.32,283.72,-0.2417,-0.52555,0.55917
-154.31,-119.56,271.29,-0.42215,-0.40593,0.52673
-235.82,-52.211,239.82,-0.58435,-0.27008,0.45982
-295.52,29.743,202.66,-0.69992,-0.10586,0.38683
-312.93,133.71,144.98,-0.72628,0.10501,0.26923
-283.96,230.33,65.836,-0.66545,0.29964,0.11514
-233.36,290.75,-19.113,-0.56002,0.42333,-0.053144
-171.93,306.51,-111.85,-0.42823,0.45779,-0.23359
-95.546,277.16,-200.62,-0.26603,0.40507,-0.40187
-17.155,228.44,-260.73,-0.10586,0.31586,-0.50933
63.972,178.06,-286.77,0.0604,0.21854,-0.55596
153.31,115.99,-275.09,0.23882,0.094869,-0.53163
233.73,46.327,-244.14,0.39899,-0.045031,-0.46473
293.11,-35.91,-206.87,0.51456,-0.20926,-0.38565
311.53,-137.94,-147.33,0.54497,-0.41809,-0.264
283.72,-232.3,-64.784,0.48415,-0.60867,-0.1018
234.06,-291.51,21.132,0.37669,-0.7283,0.064456
171.9,-307.67,111.79,0.2449,-0.76682,0.24085
91.337,-279.03,196.93,0.076619,-0.71411,0.40102
10.587,-231.76,253.12,-0.089638,-0.6249,0.50443
-71.484,-183.61,282.37,-0.25386,-0.53366,0.55714
-160.68,-117.32,273.31,-0.43431,-0.40187,0.53078
-236.43,-43.93,239.79,-0.58435,-0.25792,0.46387
-292.93,36.018,202.64,-0.69383,-0.095719,0.38683
-309.16,136.54,142.62,-0.72019,0.10906,0.26721
-277.85,227.62,61.967,-0.65328,0.29356,0.10501
-230.7,286.52,-21.519,-0.55596,0.41319,-0.057194
-171.44,302.9,-113.97,-0.42823,0.45171,-0.23967
-93.518,274.38,-201.94,-0.26198,0.40102,-0.4039
-13.145,228.52,-261.81,-0.097744,0.31789,-0.51136
69.351,177.35,-286.91,0.074594,0.21652,-0.55394
157.96,112.88,-272.85,0.24896,0.088788,-0.52353
236.3,43.708,-240.77,0.40507,-0.049087,-0.45661
293.41,-37.325,-202.39,0.51253,-0.21534,-0.37754
307.1,-139.33,-142.96,0.53686,-0.42215,-0.25589
278.39,-233.72,-65.775,0.47604,-0.61273,-0.10586
229.03,-293.73,18.679,0.37061,-0.73236,0.0604
166.61,-307.88,112.66,0.23679,-0.76479,0.24287
90.889,-276.98,200.68,0.074594,-0.70803,0.40913
14.503,-228.24,259.7,-0.081525,-0.62084,0.51862
-67.356,-177.31,284.05,-0.24981,-0.52353,0.55917
-157.73,-116.99,270.39,-0.43026,-0.40187,0.5247
-238.41,-50.229,238.99,-0.5884,-0.27008,0.46184
-297.25,33.069,200.99,-0.70194,-0.097744,0.3848
-312.39,137.9,142.03,-0.72628,0.11311,0.26113
-282.88,232.97,63.666,-0.66545,0.30573,0.10703
-231.78,292.26,-21.968,-0.55799,0.42535,-0.059225
-168.56,305.87,-116.05,-0.42215,0.45576,-0.23967
-92.008,275.13,-203.69,-0.25994,0.40305,-0.40593
-14.419,226.91,-262.31,-0.1018,0.30978,-0.51339
67.487,175.79,-287.05,0.070537,0.21246,-0.55394
156.78,113.37,-274.2,0.24693,0.090812,-0.52555
236.42,44.156,-243.34,0.40305,-0.049087,-0.46473
294.9,-39.377,-205.1,0.51659,-0.21939,-0.38362
311.06,-142.14,-144.14,0.54497,-0.42417,-0.25792
282.7,-234.92,-62.402,0.48009,-0.61273,-0.097744
232.38,-293.05,24.081,0.37466,-0.73033,0.070537
168.36,-307.08,115.89,0.24085,-0.76479,0.24896
87.634,-277,199.9,0.070537,-0.706,0.40507
7.6384,-230.27,254.75,-0.097744,-0.62084,0.50645
-75.306,-181.2,282.82,-0.264,-0.52961,0.55511
-164.05,-114.35,272.39,-0.44243,-0.39579,0.53078
-239.02,-41.666,238.92,-0.5884,-0.25184,0.46387
-294.63,39.603,200.75,-0.69789,-0.087606,0.3848
-308.57,140.64,139.49,-0.72019,0.1192,0.25909
-276.86,230.33,59.75,-0.65328,0.30167,0.10095
-229.09,288.13,-24.704,-0.55191,0.41927,-0.065306
-167.99,302.28,-118.24,-0.42012,0.44766,-0.24778
-89.955,272.54,-205.03,-0.25386,0.39899,-0.40796
-10.007,226.89,-263.53,-0.089638,0.31181,-0.51744
73.338,174.61,-286.98,0.07865,0.21246,-0.55596
161.54,109.95,-271.81,0.25504,0.0827,-0.52149
239.04,41.396,-239.85,0.41116,-0.053144,-0.45661
295.09,-41.123,-200.26,0.51456,-0.22345,-0.37551
306.58,-143.53,-140.01,0.53078,-0.42823,-0.25386
277.23,-236.62,-63.511,0.47198,-0.61679,-0.1018
227.22,-295.31,22.029,0.36452,-0.73641,0.066481
163.12,-307.18,116.91,0.22868,-0.76277,0.25099
87.563,-275.07,203.67,0.068513,-0.70397,0.41319
11.2,-226.36,261.38,-0.087606,-0.61679,0.51862
-71.555,-174.43,284.09,-0.25792,-0.51339,0.55714
-161.46,-114.25,269.47,-0.43431,-0.39579,0.52267
-241.45,-47.823,238.05,-0.59449,-0.25994,0.46184
-299.13,37.197,198.72,-0.706,-0.091663,0.37872
-311.9,142.29,138.99,-0.72424,0.12325,0.25707
-281.63,235.99,61.142,-0.66342,0.30978,0.10298
-229.82,293.91,-25.483,-0.54988,0.42941,-0.067331
-165.07,305.23,-120.36,-0.41404,0.45576,-0.24981
-88.705,273.27,-206.7,-0.25386,0.39697,-0.41201
-10.904,224.79,-264.03,-0.093694,0.30776,-0.51744
71.734,172.82,-287.2,0.074594,0.20841,-0.55394
160.53,110.63,-273.42,0.25099,0.0827,-0.52758
239.53,41.443,-242.37,0.40913,-0.055169,-0.46067
296.83,-43.718,-202.65,0.52064,-0.22953,-0.37754
310.7,-146.5,-141.12,0.54497,-0.43431,-0.25184
281.43,-237.92,-59.594,0.47807,-0.61881,-0.091663
230.31,-294.74,27.785,0.37264,-0.73641,0.080675
164.8,-306.54,120.12,0.23071,-0.76479,0.25707
84.26,-275.26,202.8,0.062425,-0.706,0.41319
3.746,-228.1,256.59,-0.10383,-0.61881,0.51051
-79.694,-178.25,283.2,-0.27414,-0.52353,0.55714
-167.64,-111.45,271.62,-0.45053,-0.39174,0.52876
-242.04,-38.835,237.81,-0.59651,-0.24576,0.45779
-296.56,44.109,198.23,-0.69992,-0.077469,0.37872
-308.17,144.89,136.61,-0.72019,0.12934,0.25504
-275.64,233.45,57.013,-0.6472,0.30776,0.094869
-226.97,289.83,-28.62,-0.54583,0.42333,-0.071387
-164.36,301.6,-122.77,-0.41201,0.44968,-0.25184
-86.535,270.79,-208.24,-0.24778,0.39291,-0.41606
-5.8318,224.58,-265.47,-0.0795,0.30573,-0.51744
77.796,171.59,-287.03,0.086756,0.20638,-0.55596
165.06,107.47,-271.13,0.26315,0.076619,-0.51947
242.34,38.377,-238.65,0.41521,-0.059225,-0.45256
296.88,-45.841,-197.48,0.52064,-0.23359,-0.36741
306.29,-147.92,-137.37,0.53281,-0.43837,-0.24576
275.91,-239.99,-60.585,0.46793,-0.6249,-0.095719
224.69,-297.1,26.346,0.3625,-0.74047,0.076619
159.54,-306.47,121.58,0.2226,-0.76277,0.25909
84.189,-273.18,207,0.0604,-0.70194,0.41927
6.9542,-223.74,263.15,-0.099775,-0.61071,0.52267
-76.131,-171.41,284,-0.26806,-0.5073,0.55714
-165.16,-112.13,268.74,-0.44243,-0.38971,0.52267
-244.95,-44.732,236.8,-0.60057,-0.25386,0.45982
-301.02,42.246,195.94,-0.71006,-0.0795,0.37466
-311.42,146.89,136.23,-0.72424,0.13339,0.25099
-279.95,239.49,57.98,-0.65328,0.31789,0.098925
-227.11,295.65,-30.012,-0.54583,0.43346,-0.075444
-161.43,304.52,-125.01,-0.40593,0.45576,-0.25994
-85.143,271.29,-209.98,-0.24576,0.39494,-0.42012
-6.4452,221.91,-265.82,-0.081525,0.30167,-0.51947
76.31,169.66,-287.08,0.0827,0.2003,-0.55596
164.33,108.28,-272.73,0.26113,0.07865,-0.52353
243.12,38.023,-240.93,0.41521,-0.063281,-0.45661
298.77,-48.766,-199.84,0.5247,-0.23764,-0.37349
310.3,-151.08,-138.17,0.54092,-0.44445,-0.24778
279.75,-241.43,-55.985,0.47401,-0.6249,-0.085581
227.55,-296.51,32.243,0.36858,-0.73844,0.088788
161,-305.95,124.6,0.23882,-0.76277,0.26517
80.439,-273.18,206.08,0.056344,-0.70194,0.42129
-1.0193,-225.15,258.5,-0.11194,-0.61273,0.51456
-84.53,-175.02,283.34,-0.28428,-0.51136,0.55714
-171.25,-108.69,270.88,-0.45661,-0.38362,0.52876
-245.46,-35.202,236.37,-0.60057,-0.23764,0.45779
-298.57,49.087,195.44,-0.706,-0.065306,0.37264
-307.65,149.51,133.61,-0.71614,0.13744,0.24693
-273.84,237.15,53.475,-0.6472,0.31181,0.086756
-224.4,291.69,-33.15,-0.5438,0.42535,-0.0795
-160.94,301.1,-127.25,-0.4039,0.45171,-0.25994
-82.548,268.74,-211.78,-0.2417,0.38886,-0.42012
-0.73629,221.41,-267.43,-0.067331,0.29964,-0.52353
82.68,168.17,-286.84,0.098925,0.19827,-0.55394
169.02,104.83,-270.21,0.27126,0.072563,-0.51947
245.95,34.579,-237,0.41927,-0.069363,-0.45053
298.77,-50.819,-194.72,0.5247,-0.24373,-0.36538
305.7,-152.8,-134.42,0.53281,-0.44648,-0.23967
273.97,-244,-56.764,0.46387,-0.63098,-0.087606
221.98,-299.04,30.993,0.35439,-0.74452,0.086756
156.21,-305.88,126.13,0.21652,-0.76479,0.26721
80.344,-270.94,210.63,0.054319,-0.69992,0.42535
1.7171,-220.32,265.01,-0.11194,-0.60463,0.52876
-81.203,-168.06,283.69,-0.28022,-0.50528,0.56119
-169.41,-109.42,267.79,-0.45459,-0.38565,0.52064
-248.96,-40.628,235.03,-0.61071,-0.24576,0.45374
-303.19,47.365,193.34,-0.71411,-0.069363,0.36858
-310.79,152.15,133.09,-0.72424,0.14352,0.24896
-277.69,243.57,53.781,-0.65126,0.32398,0.088788
-224.21,297.52,-34.706,-0.54177,0.43549,-0.085581
-158.13,304.05,-129.42,-0.39984,0.45576,-0.26603
-80.967,268.9,-213.71,-0.23764,0.39088,-0.42417
-1.1137,218.3,-267.66,-0.073419,0.29356,-0.52555
81.382,166.31,-286.84,0.094869,0.19624,-0.54988
168.81,105.23,-271.63,0.27126,0.070537,-0.52149
247.15,33.635,-238.98,0.42129,-0.069363,-0.45459
300.99,-53.815,-197.34,0.53078,-0.24778,-0.36943
309.69,-156.41,-134.66,0.53889,-0.45459,-0.23764
277.32,-245.61,-51.338,0.46793,-0.63301,-0.073419
224.6,-298.38,36.961,0.35844,-0.74249,0.094869
157.63,-305.62,128.8,0.21652,-0.76277,0.27126
75.815,-270.68,209.71,0.04215,-0.69586,0.42535
-6.4687,-221.76,260.46,-0.12613,-0.60665,0.51456
-89.554,-171.74,283.43,-0.29441,-0.51136,0.55511
-175.64,-105.05,269.52,-0.46473,-0.37551,0.5247
-249.36,-30.625,234.32,-0.60867,-0.22953,0.45374
-300.85,53.97,193.08,-0.70803,-0.057194,0.36858
-306.75,154.91,129.91,-0.71411,0.14961,0.24287
-271.3,241.28,48.874,-0.63909,0.32195,0.07865
-221.68,293.55,-37.938,-0.53366,0.42941,-0.091663
-157.68,300.56,-131.83,-0.39984,0.44968,-0.27008
-77.759,266.24,-215.74,-0.22953,0.38683,-0.42823
4.8783,217.97,-269.43,-0.06125,0.29559,-0.52353
87.704,164.92,-286.49,0.10906,0.19219,-0.55191
173.67,101.34,-268.7,0.27937,0.066481,-0.51339
249.89,29.955,-234.78,0.42738,-0.0795,-0.44648
300.84,-55.631,-192.41,0.52673,-0.25184,-0.36133
304.88,-158.51,-130.86,0.52876,-0.46067,-0.23562
271.21,-248.48,-51.81,0.45982,-0.64112,-0.075444
218.82,-300.81,35.923,0.34831,-0.75061,0.094869
152.86,-305.24,130.73,0.20638,-0.76074,0.27734
75.72,-268.25,214.5,0.046206,-0.69181,0.43549
-3.6143,-216.83,266.85,-0.11802,-0.59854,0.52876
-86.299,-165,283.29,-0.28833,-0.49716,0.55308
-174.34,-105.83,266.14,-0.4627,-0.37754,0.51659
-253.11,-35.933,232.71,-0.61679,-0.23764,0.44968
-305.34,52.224,191.24,-0.72019,-0.059225,0.36858
-309.82,158.03,129.32,-0.72222,0.15366,0.23679
-274.48,248.12,48.45,-0.64518,0.33614,0.080675
-220.98,299.24,-39.731,-0.53163,0.43954,-0.093694
-154.71,303.46,-134.14,-0.39174,0.45171,-0.27617
-76.108,266.14,-217.6,-0.22751,0.38683,-0.43431
4.1234,214.86,-269.5,-0.06125,0.28951,-0.52555
86.383,163.15,-286.44,0.10906,0.18611,-0.55191
173.72,101.29,-269.95,0.2814,0.062425,-0.51541
251.16,28.823,-236.69,0.43143,-0.081525,-0.45053
303.3,-58.674,-195.29,0.53281,-0.25589,-0.36335
308.89,-162.38,-130.48,0.53889,-0.46878,-0.23359
274.16,-250.11,-45.77,0.46184,-0.64314,-0.065306
221.46,-300.05,41.892,0.35236,-0.74857,0.10501
153.92,-304.91,133.33,0.20841,-0.75871,0.27937
70.672,-267.88,213.37,0.036069,-0.69383,0.43143
-11.777,-218.45,262.27,-0.13829,-0.60057,0.52064
-94.65,-168.35,283.36,-0.30455,-0.50325,0.55308
-180.47,-100.57,267.6,-0.47486,-0.36741,0.52064
-253.11,-25.931,232.22,-0.61679,-0.21737,0.44766
-303.07,58.806,190.98,-0.71208,-0.045031,0.36452
-305.41,160.81,125.71,-0.71411,0.15569,0.23071
-268.18,245.64,43.567,-0.63098,0.33209,0.066481
-219,295.37,-42.657,-0.52758,0.43143,-0.099775
-154.15,299.88,-136.69,-0.39174,0.44766,-0.28225
-72.428,263.43,-219.77,-0.21939,0.38074,-0.43634
10.257,214.55,-271.25,-0.049087,0.28951,-0.52758
92.823,161.57,-285.8,0.1192,0.18611,-0.55191
178.67,96.952,-266.67,0.28951,0.054319,-0.5073
253.83,25.308,-232.58,0.43954,-0.091663,-0.44243
302.99,-60.632,-190.19,0.53281,-0.25994,-0.35119
303.72,-164.69,-126.62,0.52876,-0.47081,-0.22548
268.05,-253.04,-46.643,0.45171,-0.64923,-0.065306
215.97,-302.51,40.618,0.34019,-0.75263,0.10095
149.2,-304.3,135.71,0.20232,-0.75871,0.28748
70.696,-265.26,218.44,0.036069,-0.68775,0.44157
-8.7335,-213.52,269.04,-0.13019,-0.59246,0.53281
-91.654,-161.74,282.75,-0.29644,-0.49108,0.55714
-179.67,-101.3,263.95,-0.47081,-0.36741,0.51253
-256.98,-31.333,230.54,-0.62692,-0.22548,0.44562
-307.51,57.32,189.03,-0.72222,-0.049087,0.35844
-308.69,164.18,124.98,-0.72019,0.16583,0.22666
-271.11,252.63,43.142,-0.63504,0.34628,0.068513
-218.08,300.91,-44.355,-0.52961,0.44766,-0.10383
-150.77,302.5,-139.24,-0.38362,0.45374,-0.28631
-70.965,263.29,-221.5,-0.21939,0.38074,-0.43634
8.9594,211.91,-271.2,-0.051112,0.28342,-0.52758
91.691,159.58,-285.87,0.12123,0.18002,-0.55191
179,96.409,-267.57,0.29154,0.052288,-0.50933
255.05,24.27,-234.71,0.43954,-0.089638,-0.44445
305.59,-63.911,-193,0.53889,-0.26806,-0.35727
307.76,-168.7,-125.67,0.53484,-0.47892,-0.22345
270.88,-254.43,-40.321,0.45374,-0.65531,-0.053144
218.7,-301.66,46.303,0.34223,-0.75061,0.11311
149.72,-303.85,138.28,0.2003,-0.76074,0.29356
65.553,-265.07,216.84,0.025931,-0.68978,0.43752
-16.33,-215.86,264.16,-0.14235,-0.59854,0.5247
-100.15,-164.5,283.1,-0.31469,-0.49514,0.55511
-185.59,-95.263,265.03,-0.48094,-0.35524,0.51659
-256.67,-21.685,230.12,-0.62084,-0.20926,0.44562
-305.22,64.02,188.55,-0.71816,-0.036919,0.35844
-303.92,166.97,120.68,-0.70803,0.17191,0.22057
-265,249.96,38.306,-0.62692,0.33817,0.056344
-216.54,297.07,-47.162,-0.52353,0.43549,-0.10586
-149.99,298.74,-141.95,-0.3816,0.4436,-0.29239
-67.426,260.72,-223.52,-0.20926,0.37466,-0.44243
14.645,212.03,-273.02,-0.03895,0.28545,-0.53366
98.391,157.65,-285.03,0.12934,0.17597,-0.54988
183.95,91.809,-264.12,0.30167,0.04215,-0.50325
257.46,21.179,-230.86,0.4436,-0.095719,-0.43634
304.85,-65.964,-187.62,0.53484,-0.27211,-0.34713
302.28,-171.01,-121.83,0.5247,-0.485,-0.21534
264.75,-257.42,-41.43,0.4436,-0.65937,-0.053144
213.09,-304.13,45.312,0.33411,-0.75466,0.11311
144.93,-303,141.09,0.19016,-0.75669,0.29762
65.978,-262.52,222.1,0.023906,-0.68369,0.44766
-12.815,-211.14,270.29,-0.13829,-0.5884,0.53484
-97.245,-158.11,282,-0.30658,-0.48297,0.55106
-185.05,-96.207,261.35,-0.485,-0.36133,0.50443
-260.63,-27.158,228.82,-0.63504,-0.22143,0.44157
-309.47,62.911,186.43,-0.72424,-0.034894,0.35236
-307.37,170.67,120.02,-0.71614,0.18205,0.21854
-267.71,256.97,37.928,-0.63098,0.35439,0.056344
-215.06,302.5,-49.238,-0.52149,0.44562,-0.11194
-146.27,301.06,-144.71,-0.37349,0.44766,-0.29847
-66.247,260.48,-225.08,-0.20723,0.37669,-0.44445
12.923,209.62,-272.9,-0.043006,0.2814,-0.53163
97.117,155.74,-285.14,0.12934,0.17394,-0.54988
184.21,91.314,-265.07,0.29964,0.04215,-0.50528
258.76,20.023,-232.94,0.44562,-0.099775,-0.44039
307.64,-69.573,-190.12,0.53889,-0.27819,-0.35524
306.39,-175,-120.53,0.53281,-0.49514,-0.21129
267.53,-258.58,-35.155,0.45171,-0.66342,-0.045031
215.59,-303.17,51.163,0.34019,-0.75263,0.12528
144.82,-302.41,143.61,0.18813,-0.75466,0.30167
60.67,-262.33,220.12,0.015794,-0.68167,0.44157
-20.316,-213.81,266.02,-0.14843,-0.59449,0.52876
-105.78,-160.37,282.73,-0.32482,-0.48702,0.55714
-190.5,-89.979,262.42,-0.49311,-0.3451,0.50848
-260,-17.58,228.56,-0.63098,-0.19912,0.43954
-307.08,69.634,185.68,-0.72222,-0.026781,0.35033
-302.44,172.94,115.73,-0.71006,0.18407,0.21246
-262.1,254.06,33.564,-0.61881,0.34831,0.046206
-213.62,298.63,-52.093,-0.51541,0.43954,-0.12005
-145.2,297.07,-147.52,-0.37349,0.44157,-0.30049
-62.685,258.07,-227.02,-0.20115,0.37061,-0.44851
18.655,209.74,-274.69,-0.032869,0.2814,-0.53569
104.03,153.55,-284.01,0.1415,0.17191,-0.54785
188.98,86.997,-261.72,0.30978,0.036069,-0.49919
261.02,16.909,-228.95,0.45171,-0.10586,-0.43229
306.46,-71.814,-184.51,0.53889,-0.28631,-0.34105
300.91,-177,-117.16,0.52267,-0.49514,-0.20723
261.87,-261.55,-36.995,0.43954,-0.66748,-0.049087
209.83,-305.6,50.431,0.33006,-0.75669,0.12528
140.12,-301.26,146.73,0.18002,-0.75466,0.30776
61.637,-259.81,225.5,0.013769,-0.67761,0.45576
-16.778,-208.92,271.92,-0.14235,-0.58435,0.53889
-102.88,-154.15,281.22,-0.3228,-0.47486,0.55106
-190.05,-91.819,259.16,-0.49311,-0.34713,0.50443
-264.22,-22.628,226.84,-0.63909,-0.20723,0.43549
-311.14,69.068,183.13,-0.73033,-0.024756,0.34628
-306.12,176.76,115.35,-0.71411,0.19421,0.21044
-264.93,261,33.588,-0.62692,0.3625,0.046206
-211.47,303.89,-54.593,-0.51136,0.45171,-0.12208
-141.43,299.33,-150.32,-0.36741,0.44562,-0.30658
-61.977,258.07,-228.38,-0.19709,0.37061,-0.45256
16.98,207.43,-274.57,-0.034894,0.27734,-0.53974
102.66,151.61,-284.39,0.13744,0.16583,-0.54583
189.03,86.997,-263.04,0.30776,0.036069,-0.50122
262.42,15.423,-230.86,0.45576,-0.11194,-0.43837
309.22,-75.848,-186.58,0.54497,-0.29036,-0.34308
305.09,-180.85,-115.6,0.53078,-0.50528,-0.20115
264.99,-262.4,-30.838,0.44562,-0.66951,-0.034894
212.03,-304.58,56.423,0.33209,-0.75871,0.13542
139.79,-300.64,148.97,0.17799,-0.75466,0.31384
56.565,-260.02,223.11,0.0056562,-0.67964,0.44968
-24.421,-211.61,267.96,-0.1606,-0.59043,0.53078
-111.38,-156.03,282.04,-0.33699,-0.47689,0.54903
-194.82,-85.568,260.27,-0.50528,-0.33699,0.50443
-263.32,-13.074,226.44,-0.63706,-0.19304,0.43752
-308.45,75.886,181.97,-0.72628,-0.0207,0.34628
-300.9,178.6,110.85,-0.70194,0.19827,0.20232
-259.62,257.93,29.342,-0.61476,0.35844,0.040125
-210.03,300.02,-57.613,-0.51136,0.44157,-0.12816
-140.49,295.35,-152.94,-0.35929,0.43954,-0.31063
-58.958,256.02,-230.18,-0.19101,0.36858,-0.45256
22.901,207.26,-276.34,-0.024756,0.27329,-0.53771
109.53,149.32,-283.16,0.14961,0.15975,-0.54583
193.46,83.104,-259.9,0.31992,0.027962,-0.49514
264.44,12.168,-226.69,0.45576,-0.11599,-0.42823
307.54,-78.231,-180.59,0.53889,-0.29644,-0.33294
299.57,-182.74,-112.48,0.51659,-0.5073,-0.19709
259.35,-265.47,-32.749,0.43143,-0.67559,-0.045031
205.85,-306.94,56.164,0.31789,-0.76074,0.13542
135.45,-299.39,152.22,0.16786,-0.75061,0.31586
58.146,-257.59,228.68,0.011738,-0.67153,0.45982
-21.071,-206.4,273.41,-0.15452,-0.57826,0.53889
-108.24,-150.3,280.37,-0.33091,-0.46675,0.54903
-194.51,-88.304,257.6,-0.50528,-0.3451,0.49834
-267.76,-17.556,224.55,-0.64518,-0.19912,0.43143
-312.25,75.815,179.16,-0.73033,-0.022731,0.33817
-304.77,182.49,110.8,-0.71208,0.20435,0.20232
-262.33,264.82,29.342,-0.61881,0.37061,0.0381
-207.34,305.09,-60.302,-0.50325,0.45171,-0.13424
-136.64,297.28,-155.82,-0.35321,0.4436,-0.31469
-58.391,255.79,-231.57,-0.19101,0.36858,-0.45661
21.297,204.88,-276.06,-0.024756,0.26923,-0.53569
107.83,147.81,-283.66,0.14758,0.15772,-0.54785
193.37,83.387,-261.51,0.31992,0.027962,-0.49919
265.86,10.257,-228.43,0.45982,-0.12005,-0.43229
310.26,-82.383,-182.5,0.54903,-0.30658,-0.33699
303.84,-186.32,-111,0.52673,-0.51744,-0.19304
262.42,-266.15,-26.308,0.43954,-0.67761,-0.026781
207.8,-305.79,62.179,0.32195,-0.76074,0.14352
134.79,-298.64,154.21,0.16786,-0.74857,0.31992
52.885,-257.75,226.09,0.0016,-0.67559,0.45576
-28.832,-209.06,269.52,-0.16871,-0.58232,0.53281
-116.33,-152.16,281.59,-0.34713,-0.47486,0.55106
-198.87,-81.722,258.55,-0.50933,-0.33091,0.49834
-266.58,-7.9785,223.94,-0.64314,-0.1829,0.42941
-309.47,82.184,177.96,-0.72628,0.0016,0.33411
-299.56,183.69,106.48,-0.70194,0.20638,0.19219
-257.05,261.57,24.859,-0.61071,0.3625,0.034044
-205.86,301.08,-63.369,-0.49919,0.44562,-0.14033
-135.89,293.39,-158.13,-0.35119,0.43549,-0.32078
-55.348,253.78,-233.34,-0.1829,0.36452,-0.4627
27.454,204.38,-277.74,-0.014619,0.26721,-0.53974
114.27,145.69,-282.5,0.1638,0.15164,-0.5438
197.68,79.566,-258.25,0.32803,0.021875,-0.49108
267.65,6.9778,-224.04,0.4659,-0.12411,-0.42215
308.18,-84.53,-176.65,0.54092,-0.31063,-0.32686
298.46,-187.9,-108.54,0.51456,-0.51947,-0.18898
256.73,-269.29,-28.172,0.42738,-0.68167,-0.030838
201.69,-307.88,61.896,0.30978,-0.76277,0.14352
131.13,-297.43,157.23,0.16178,-0.74655,0.33006
54.56,-255.07,231.96,-0.0024563,-0.66748,0.4659
-25.648,-203.4,274.71,-0.16466,-0.57218,0.54092
-112.79,-147.3,279.82,-0.33699,-0.4627,0.55106
-198.78,-85.025,256.21,-0.51136,-0.33699,0.49834
-271.13,-12.107,221.96,-0.65126,-0.18696,0.42535
-313,82.373,175.15,-0.73236,0.0016,0.33209
-303.59,187.54,106.86,-0.70803,0.21044,0.19219
-259.59,268.45,24.718,-0.61273,0.37466,0.032012
-203.28,306.03,-65.822,-0.49311,0.45374,-0.14438
-132.49,295.44,-160.68,-0.34308,0.43954,-0.32686
-54.64,253.17,-234.8,-0.1829,0.36047,-0.46675
25.992,201.79,-277.33,-0.018675,0.26517,-0.53974
112.07,144.98,-283.35,0.15772,0.15366,-0.5438
197.42,79.99,-260.16,0.32803,0.023906,-0.50122
268.97,4.7839,-225.7,0.46793,-0.12816,-0.4262
310.94,-88.634,-178.44,0.54497,-0.32078,-0.32888
302.73,-191.21,-106.89,0.52267,-0.52149,-0.18493
259.7,-269.72,-21.543,0.43346,-0.68572,-0.016644
203.79,-306.8,67.464,0.31384,-0.76479,0.15569
130.71,-296.94,158.74,0.15975,-0.74655,0.33006
48.922,-255.09,229.01,-0.0085375,-0.66748,0.45982
-33.362,-206.14,270.86,-0.17884,-0.57826,0.53484
-120.27,-149.38,281.41,-0.35727,-0.46675,0.55106
-202.62,-78.137,257.01,-0.51744,-0.3228,0.49834
-269.57,-2.7178,221.11,-0.6472,-0.17074,0.42333
-309.94,88.294,173.9,-0.72628,0.013769,0.32398
-298.14,188.27,102.57,-0.69586,0.21449,0.18407
-254.33,264.96,20.236,-0.60665,0.37061,0.021875
-202.25,301.98,-68.606,-0.49311,0.44766,-0.14843
-132.21,291.83,-162.47,-0.3451,0.43143,-0.32888
-51.385,251.16,-236.45,-0.17479,0.35844,-0.46675
31.889,201.36,-278.84,-0.0065062,0.26315,-0.54177
117.97,143.24,-282.08,0.16786,0.15164,-0.53974
201.58,76.239,-256.76,0.33411,0.015794,-0.49108
270.55,1.5284,-221.12,0.46996,-0.13424,-0.41809
308.49,-90.592,-172.73,0.54092,-0.3228,-0.31266
297.14,-192.67,-104.79,0.50848,-0.52758,-0.18088
253.92,-272.57,-23.454,0.42333,-0.68978,-0.0207
197.9,-308.64,66.898,0.30167,-0.76682,0.15366
127.71,-295.76,161.57,0.15164,-0.74452,0.33817
50.832,-252.28,235.03,-0.0044813,-0.66139,0.47401
-29.988,-200.38,275.72,-0.17276,-0.5661,0.547
-116.47,-145.18,279.47,-0.34713,-0.45864,0.54497
-202.69,-81.887,254.84,-0.51744,-0.33294,0.49631
-274.08,-6.7754,219.32,-0.65531,-0.17884,0.42333
-313.29,88.388,171.45,-0.73033,0.013769,0.32195
-302.22,192.26,103.04,-0.70194,0.2226,0.18407
-256.74,271.64,19.905,-0.60867,0.38277,0.021875
-199.7,306.79,-70.753,-0.48906,0.45576,-0.15452
-129.02,293.84,-165,-0.33699,0.43549,-0.33496
-50.748,250.29,-237.89,-0.17479,0.35642,-0.47081
30.144,199.03,-278.37,-0.0085375,0.25909,-0.54177
115.75,142.88,-283.02,0.1638,0.14961,-0.54583
201.2,76.711,-258.79,0.33006,0.015794,-0.49514
271.69,-0.26448,-223.15,0.47198,-0.14033,-0.42215
311.34,-94.202,-174.98,0.54497,-0.33091,-0.32078
301.32,-195.83,-102.84,0.52064,-0.53569,-0.17276
256.8,-272.78,-16.66,0.42738,-0.69181,-0.0065062
200.3,-307.53,72.111,0.30573,-0.76479,0.16178
127.1,-295.41,162.72,0.15366,-0.74452,0.33817
44.864,-252.19,231.79,-0.018675,-0.66139,0.46793
-37.302,-203.57,272.06,-0.18696,-0.57016,0.53889
-123.78,-147.09,281.31,-0.36335,-0.46067,0.55106
-206.16,-74.716,255.5,-0.52555,-0.31672,0.49429
-272.17,2.0946,218.65,-0.65328,-0.16263,0.42129
-310.22,93.508,170.67,-0.72424,0.023906,0.32195
-296.47,192.61,98.58,-0.69181,0.2226,0.17597
-251.6,267.86,15.47,-0.59651,0.37264,0.011738
-199.06,303.77,-73.135,-0.48702,0.44766,-0.1606
-128.88,290.35,-166.55,-0.33699,0.43143,-0.33699
-47.28,248.43,-239.42,-0.16871,0.35439,-0.47284
35.617,198.84,-279.81,0.0036313,0.25707,-0.5438
121.34,141,-281.68,0.17597,0.14556,-0.53974
205.18,72.96,-255.35,0.34223,0.015794,-0.48906
273.13,-3.1189,-218.81,0.47198,-0.14438,-0.41201
308.68,-95.641,-169.83,0.53686,-0.33294,-0.31266
295.68,-197.17,-100.88,0.51051,-0.53771,-0.17276
251.12,-275.45,-18.759,0.41521,-0.69586,-0.012594
194.88,-309.32,71.191,0.29762,-0.76479,0.1638
124.46,-294.2,165.6,0.14556,-0.74249,0.34223
46.775,-249.31,237.95,-0.014619,-0.65937,0.47604
-33.527,-198.14,276.76,-0.18088,-0.56407,0.54497
-120.01,-143.15,279.05,-0.35321,-0.45661,0.54497
-206.45,-78.75,253.43,-0.52555,-0.32482,0.49429
-276.65,-2.1988,217.17,-0.66342,-0.16871,0.41927
-313.48,93.413,168.74,-0.73033,0.027962,0.31586
-300.52,196.76,98.933,-0.69789,0.23274,0.17597
-253.98,274.33,15.282,-0.60057,0.38886,0.013769
-196.96,307.43,-74.669,-0.48297,0.45779,-0.1606
-125.84,292.28,-168.94,-0.33294,0.43346,-0.34105
-46.502,247.22,-240.75,-0.16871,0.35033,-0.47486
33.423,196.9,-279.36,-0.0024563,0.26315,-0.54583
119.17,140.85,-282.62,0.17191,0.14556,-0.5438
204.78,73.314,-257.24,0.34019,0.011738,-0.49108
274.12,-4.5815,-220.98,0.47401,-0.14641,-0.42012
311.62,-98.991,-172.22,0.547,-0.33902,-0.31672
299.66,-200.19,-98.519,0.51862,-0.54177,-0.16668
254.11,-275.28,-12.178,0.42129,-0.69383,0.0016
197.8,-308.17,75.673,0.3037,-0.76277,0.17191
123.59,-293.87,166.47,0.14352,-0.74249,0.34425
40.618,-249.26,234.37,-0.0207,-0.65734,0.47198
-40.368,-201.82,273.17,-0.19304,-0.56812,0.53889
-127.11,-144.71,280.96,-0.36741,-0.45864,0.547
-209.44,-71.177,253.8,-0.52961,-0.30861,0.49226
-274.32,6.1286,216.56,-0.65937,-0.15249,0.41521
-310.24,97.99,167.86,-0.72222,0.034044,0.31586
-294.58,196.62,94.38,-0.68572,0.23071,0.16583
-249.17,270.22,11.318,-0.59043,0.37872,0.0056562
-196.77,303.42,-76.627,-0.48297,0.45171,-0.16668
-125.44,288.84,-170.26,-0.32888,0.42535,-0.34308
-43.246,245.67,-241.95,-0.15857,0.34831,-0.47892
38.377,197,-280.66,0.0076813,0.25707,-0.5438
124.62,138.8,-281.11,0.18002,0.13947,-0.54177
208.49,69.61,-253.65,0.34831,0.0016,-0.48297
275.27,-7.0113,-216.85,0.48009,-0.15249,-0.40998
308.61,-100.1,-167.21,0.53889,-0.34308,-0.30658
293.81,-201.3,-96.867,0.50443,-0.54583,-0.16466
248.61,-277.64,-14.702,0.41116,-0.69992,-0.0044813
192.71,-309.8,74.564,0.29154,-0.76682,0.16989
121.37,-292.6,169.26,0.1415,-0.73844,0.34831
43.118,-246.53,240.41,-0.0207,-0.65328,0.48009
-36.098,-196.54,277.61,-0.1829,-0.55799,0.55106
-123.27,-141.12,278.46,-0.36133,-0.45053,0.54092
-209.65,-75.66,251.85,-0.52961,-0.32078,0.48821
-278.8,1.6228,215.47,-0.66545,-0.16263,0.41521
-313.57,97.895,166.26,-0.73236,0.032012,0.31586
-298.66,200.8,94.758,-0.69383,0.23882,0.16786
-251.53,276.43,11.366,-0.59854,0.39088,0.0056562
-194.93,307.94,-77.924,-0.47892,0.45779,-0.16668
-122.72,290.77,-172.43,-0.32482,0.43143,-0.3451
-42.987,244.63,-242.99,-0.15857,0.34425,-0.47486
35.923,195.42,-280.26,-0.000425,0.25099,-0.54583
122.38,138.64,-282.03,0.17799,0.13947,-0.54177
207.83,70.318,-255.87,0.34628,0.0016,-0.48702
276.14,-7.8842,-219.59,0.48009,-0.15249,-0.41404
311.72,-103.1,-169.74,0.54497,-0.34713,-0.31266
297.78,-204.04,-94.367,0.51456,-0.55191,-0.15857
251.78,-277.26,-8.4267,0.41521,-0.69992,0.0056562
195.87,-308.66,78.74,0.29356,-0.76682,0.17799
120.24,-292.46,169.78,0.13744,-0.74047,0.35236
37.244,-246.93,236.42,-0.032869,-0.65328,0.47198
-42.798,-200.45,274.23,-0.19912,-0.5661,0.54092
-130.3,-142.35,280.39,-0.37349,-0.45256,0.547
-212.18,-68.181,252.32,-0.53366,-0.30253,0.49023
-276.18,9.0538,215.4,-0.66139,-0.14438,0.41319
-310.31,102.05,165.39,-0.72424,0.04215,0.30978
-292.62,200.3,90.346,-0.68369,0.23679,0.16178
-247.12,272.16,7.7563,-0.5884,0.38074,-0.000425
-194.98,303.98,-79.717,-0.47689,0.45374,-0.17074
-122.23,287.4,-173.73,-0.3228,0.42333,-0.34916
-40.038,243.61,-244.1,-0.15249,0.34628,-0.48094
40.736,195.56,-281.56,0.011738,0.25301,-0.54583
127.78,136.49,-280.47,0.18611,0.13339,-0.53974
211.32,66.874,-252.4,0.35236,-0.0024563,-0.48094
277.14,-9.7242,-215.86,0.48212,-0.15857,-0.40593
308.58,-104.23,-164.86,0.54092,-0.35321,-0.30049
292.04,-205.08,-92.999,0.50037,-0.55596,-0.15654
246.66,-279.55,-11.376,0.40711,-0.70194,0.0076813
190.79,-310.29,77.726,0.28748,-0.76682,0.17597
118.11,-291.06,172.77,0.13136,-0.73641,0.36047
40.264,-244.54,242.53,-0.0207,-0.65126,0.48617
-38.575,-195.07,278.5,-0.19304,-0.55596,0.54903
-126.54,-138.86,277.73,-0.36741,-0.44648,0.54092
-212.53,-72.994,250.67,-0.53569,-0.31266,0.48415
-280.66,4.1706,214.62,-0.66951,-0.15452,0.41319
-313.57,102.12,163.9,-0.73236,0.04215,0.30978
-296.84,204.62,90.889,-0.69181,0.24896,0.15772
-249.76,278.24,8.2046,-0.59449,0.39697,-0.0024563
-193,308.37,-81.109,-0.47284,0.46387,-0.17479
-119.44,289.28,-175.87,-0.31874,0.42941,-0.35524
-40.392,242.86,-245.04,-0.15249,0.34019,-0.48297
38.471,193.93,-281.23,0.011738,0.25099,-0.54785
125.78,136.16,-281.35,0.18407,0.13542,-0.54177
210.68,67.629,-254.66,0.35236,-0.000425,-0.48702
278.08,-10.456,-218.81,0.48617,-0.1606,-0.41606
311.72,-107.25,-167.21,0.547,-0.35321,-0.30658
295.96,-207.58,-90.474,0.51051,-0.55799,-0.15249
250.12,-279.03,-5.4779,0.41319,-0.70194,0.011738
193.79,-309.18,81.901,0.29154,-0.76682,0.18407
116.74,-290.97,173.1,0.13136,-0.73641,0.35642
34.697,-245.42,238.35,-0.040975,-0.65126,0.47604
-45.369,-198.97,275.25,-0.20318,-0.56407,0.54092
-133.65,-139.59,279.66,-0.37957,-0.44445,0.54497
-214.77,-65.516,251,-0.53974,-0.29644,0.48617
-278.07,11.46,214.62,-0.66545,-0.14438,0.41116
-310.31,106.27,162.72,-0.72628,0.050263,0.3037
-290.76,203.7,86.666,-0.67964,0.24693,0.15366
-245.75,273.9,5.0906,-0.58435,0.38683,-0.0085375
-192.88,304.41,-83.067,-0.47081,0.45374,-0.17479
-118.78,285.91,-177.05,-0.31672,0.42129,-0.35524
-37.75,242.25,-245.96,-0.14641,0.34223,-0.485
43.354,193.93,-282.36,0.015794,0.25099,-0.54785
131.23,133.73,-279.55,0.19421,0.13136,-0.53974
213.98,64.35,-251.27,0.35642,-0.0085375,-0.47892
279.02,-12.225,-214.96,0.48415,-0.16263,-0.40593
308.39,-108.47,-162.21,0.53889,-0.35727,-0.29644
290.3,-208.54,-89.46,0.49631,-0.56002,-0.15046
245.26,-281.25,-8.5919,0.40305,-0.706,0.0097125
188.6,-310.55,81.241,0.2814,-0.76885,0.18611
114.95,-289.58,176,0.12731,-0.73236,0.3625
38.212,-243.13,244.46,-0.036919,-0.6472,0.49023
-41.217,-193.47,279.33,-0.19507,-0.54988,0.55106
-130.18,-136.31,276.88,-0.37349,-0.44243,0.53686
-215.32,-70.658,249.58,-0.5438,-0.30658,0.48415
-282.62,6.6947,213.8,-0.67356,-0.15452,0.41319
-313.55,106.44,161.21,-0.7283,0.048238,0.30167
-295.1,208.09,87.327,-0.68978,0.25301,0.15569
-248.27,279.92,5.4208,-0.5884,0.39899,-0.0065062
-190.78,308.63,-84.624,-0.46675,0.45779,-0.18088
-116.31,287.87,-179.08,-0.31063,0.42535,-0.35929
-38.316,241.61,-247.07,-0.14843,0.34019,-0.48702
41.326,192.21,-282.12,0.013769,0.2449,-0.54988
129.27,133.54,-280.57,0.19016,0.13136,-0.53974
213.35,65.435,-253.82,0.35642,-0.0044813,-0.48297
279.99,-13.098,-217.86,0.48821,-0.16668,-0.41201
311.7,-111.49,-164.31,0.54497,-0.36538,-0.30049
294.33,-211,-86.865,0.50645,-0.56407,-0.14438
248.69,-280.76,-2.6706,0.40913,-0.70803,0.011738
191.29,-309.44,85.581,0.28748,-0.76479,0.19421
113.56,-289.72,176.12,0.12528,-0.73236,0.3625
32.503,-244.14,240.17,-0.045031,-0.64518,0.48212
-48.365,-197.25,276.26,-0.20926,-0.55799,0.547
-137.14,-136.78,278.9,-0.38768,-0.44243,0.54294
-217.32,-63.322,250.15,-0.54785,-0.29239,0.48617
-280.1,14.173,213.65,-0.66951,-0.13627,0.40913
-310.1,110.59,159.68,-0.72424,0.058375,0.30167
-288.87,206.93,83.104,-0.67356,0.24693,0.14758
-244.4,275.6,2.2361,-0.58232,0.39088,-0.012594
-190.38,304.74,-86.936,-0.46675,0.45374,-0.18696
-115.72,284.78,-180.26,-0.30861,0.41724,-0.36335
-35.343,241.02,-248.06,-0.14033,0.34019,-0.48702
46.492,191.95,-283.16,0.01985,0.2449,-0.54988
134.65,130.99,-278.75,0.20232,0.12325,-0.53366
216.48,62.486,-250.51,0.3625,-0.012594,-0.47486
280.98,-15.079,-213.76,0.49023,-0.17074,-0.4039
308.18,-112.96,-159.31,0.53686,-0.36741,-0.29239
288.69,-211.99,-86.181,0.49631,-0.57016,-0.14235
243.64,-283.02,-5.4779,0.39899,-0.70803,0.0097125
185.79,-310.64,85.275,0.27531,-0.76885,0.19219
112.19,-288.38,179.05,0.12123,-0.73033,0.36858
35.971,-241.69,246.61,-0.03895,-0.64314,0.49226
-44.544,-191.28,280.2,-0.20318,-0.54988,0.55106
-133.79,-133.74,276.03,-0.37957,-0.43634,0.54092
-217.93,-68.866,248.87,-0.54583,-0.30658,0.48415
-284.72,9.8323,212.45,-0.67964,-0.14641,0.40913
-313.45,110.94,158.4,-0.73236,0.0604,0.29964
-293.47,211.46,84.166,-0.68369,0.26315,0.14961
-246.48,281.69,2.1417,-0.58637,0.40305,-0.012594
-187.81,308.68,-88.847,-0.46067,0.45982,-0.18898
-113.71,286.81,-182.1,-0.30455,0.42333,-0.36538
-35.886,240.12,-249.29,-0.14235,0.33817,-0.49108
44.841,189.83,-282.93,0.017825,0.24085,-0.54988
132.88,130.85,-279.72,0.19624,0.12325,-0.53569
216.04,63.548,-253.08,0.3625,-0.010563,-0.48094
282.11,-16.282,-216.52,0.49429,-0.17276,-0.40998
311.72,-115.81,-161.48,0.547,-0.37551,-0.29644
292.99,-214.23,-83.798,0.50037,-0.57218,-0.13829
246.77,-282.6,0.79716,0.40305,-0.71006,0.025931
188.18,-309.49,89.78,0.2814,-0.76479,0.19827
110.85,-288.71,178.98,0.1192,-0.73033,0.36656
29.884,-242.7,242.22,-0.049087,-0.64518,0.48415
-52.093,-194.86,277.25,-0.21737,-0.55596,0.547
-140.77,-133.83,278.06,-0.39579,-0.43229,0.54294
-219.89,-61.317,249.28,-0.54988,-0.29036,0.48212
-282.1,17.358,212.17,-0.67356,-0.13019,0.40711
-309.94,114.83,156.85,-0.72424,0.066481,0.29559
-287.46,210.02,80.25,-0.67356,0.25909,0.13947
-242.47,277.49,-1.3024,-0.57826,0.39494,-0.018675
-187.24,304.74,-91.229,-0.45864,0.45374,-0.19507
-113.29,283.84,-183.16,-0.30658,0.41724,-0.36943
-32.513,239.46,-250.3,-0.13424,0.33614,-0.49108
50.29,189.24,-283.8,0.034044,0.24085,-0.55394
138.24,128.26,-277.76,0.20841,0.12123,-0.53366
219.24,60.457,-249.64,0.36858,-0.014619,-0.47284
283.1,-18.476,-212.15,0.49429,-0.17884,-0.39984
307.97,-117.3,-156.6,0.53686,-0.37551,-0.28631
287.33,-215.2,-83.444,0.49226,-0.57624,-0.13829
241.44,-284.84,-1.7742,0.39291,-0.71208,0.015794
182.59,-310.46,89.662,0.26721,-0.76885,0.19624
109.9,-287.34,182.02,0.11514,-0.73033,0.37264
33.281,-239.92,248.83,-0.040975,-0.64112,0.49631
-48.389,-188.71,280.89,-0.21129,-0.5438,0.55511
-137.44,-131.22,274.94,-0.38971,-0.42823,0.53484
-220.79,-66.79,247.98,-0.55191,-0.30049,0.48212
-286.82,13.489,210.66,-0.68167,-0.13829,0.40507
-313.29,115.35,155.72,-0.7283,0.066481,0.29154
-292.01,214.62,81.429,-0.68369,0.26923,0.14352
-244.21,283.43,-1.7979,-0.58029,0.40711,-0.018675
-184.67,308.44,-93.187,-0.45459,0.45982,-0.19912
-111.33,285.79,-185.05,-0.29847,0.42129,-0.36943
-32.984,238.28,-251.55,-0.13627,0.33411,-0.49514
48.544,187.23,-283.63,0.027962,0.23679,-0.54785
136.42,128.37,-278.89,0.20232,0.11717,-0.53569
218.89,61.283,-252.05,0.37061,-0.012594,-0.48094
284.24,-20.08,-214.54,0.49631,-0.17884,-0.4039
311.72,-120.13,-158.65,0.54294,-0.3816,-0.28833
291.53,-217.34,-80.85,0.50239,-0.57624,-0.13424
244.3,-284.29,4.6896,0.40102,-0.71411,0.0381
184.97,-309.3,93.885,0.27329,-0.76682,0.20638
108.25,-287.64,181.85,0.11311,-0.73033,0.37466
26.794,-240.93,244.32,-0.059225,-0.64518,0.49023
-55.891,-192.41,278.24,-0.22751,-0.55191,0.547
-144.17,-131.17,277.32,-0.4039,-0.42823,0.53889
-222.68,-58.887,248.02,-0.55799,-0.28428,0.48009
-284.08,21.014,210.12,-0.67761,-0.12411,0.40305
-309.72,119.03,153.99,-0.72424,0.074594,0.28748
-285.9,213.06,77.301,-0.66951,0.26517,0.13339
-240.13,279.28,-5.36,-0.57218,0.39697,-0.018675
-184.25,304.64,-95.405,-0.45459,0.45576,-0.20115
-110.64,282.75,-186.23,-0.29847,0.41521,-0.37551
-29.328,237.62,-252.56,-0.13019,0.33411,-0.49716
53.946,186.69,-284.39,0.040125,0.23476,-0.55191
141.47,125.92,-277.08,0.21449,0.11514,-0.53569
222.15,58.004,-248.44,0.37264,-0.0207,-0.47284
285.11,-22.251,-210.08,0.49834,-0.1829,-0.39579
307.85,-121.33,-154.15,0.53484,-0.38362,-0.28022
285.79,-218.5,-80.566,0.48821,-0.57826,-0.13424
238.82,-286.61,2.472,0.38886,-0.71816,0.029988
179.66,-310.22,93.696,0.26315,-0.76885,0.20638
107.36,-286.11,185.06,0.10906,-0.7283,0.38074
30.073,-237.92,251.04,-0.051112,-0.63909,0.50239
-52.045,-186.28,281.59,-0.21737,-0.53974,0.55714
-140.7,-129.23,274.56,-0.39782,-0.4262,0.53686
-223.86,-64.195,246.52,-0.56204,-0.29644,0.47401
-288.78,17.287,208.7,-0.68572,-0.13019,0.39899
-313.29,119.29,153.47,-0.72628,0.076619,0.28951
-290.5,217.97,78.457,-0.67964,0.27329,0.13744
-241.43,285.18,-6.1621,-0.57624,0.41319,-0.0207
-181.96,308.23,-97.127,-0.44851,0.46184,-0.20723
-108.69,284.5,-188.16,-0.29441,0.41927,-0.37551
-29.635,236.18,-253.77,-0.13019,0.33006,-0.49716
52.154,184.8,-284.34,0.036069,0.23274,-0.55191
139.74,126.25,-278.35,0.21246,0.11717,-0.53366
222.1,58.381,-250.61,0.37669,-0.022731,-0.47689
286.26,-23.761,-212.67,0.49834,-0.18696,-0.39984
311.79,-123.78,-156.57,0.54497,-0.38971,-0.28631
289.9,-220.55,-77.665,0.49226,-0.58435,-0.12816
241.54,-285.99,9.0538,0.39291,-0.72019,0.04215
182.47,-309.09,97.636,0.27126,-0.76682,0.21246
105.33,-286.32,184.9,0.10501,-0.7283,0.38074
23.114,-238.81,246.49,-0.063281,-0.63909,0.49023
-59.547,-190.1,279.14,-0.23156,-0.54785,0.55106
-147.42,-128.79,276.64,-0.40796,-0.42417,0.54294
-225.53,-55.962,246.35,-0.5661,-0.27617,0.48009
-285.99,24.435,208.28,-0.67964,-0.11599,0.40102
-309.94,122.41,152.11,-0.72424,0.0827,0.28545
-284.22,216.34,74.14,-0.66951,0.26923,0.12731
-237.4,281.03,-9.6534,-0.5661,0.40102,-0.034894
-181.82,304.55,-99.109,-0.45053,0.45171,-0.21129
-107.67,281.41,-189.39,-0.29239,0.41319,-0.37957
-25.553,235.4,-254.78,-0.12411,0.33209,-0.50122
57.556,184.28,-284.98,0.048238,0.23071,-0.55394
144.72,123.68,-276.37,0.2226,0.10703,-0.52961
225.26,55.102,-246.83,0.38277,-0.026781,-0.47081
286.97,-25.742,-208.14,0.50239,-0.19101,-0.38971
307.94,-124.8,-152.28,0.53686,-0.38971,-0.27819
284.14,-221.9,-77.429,0.48617,-0.58637,-0.12816
236.04,-288.28,6.8363,0.38277,-0.72019,0.040125
177.35,-309.98,97.542,0.25707,-0.76682,0.21246
104.45,-284.65,188.39,0.10298,-0.7283,0.3848
26.464,-235.56,253.21,-0.055169,-0.63301,0.50645
-55.608,-183.96,282.18,-0.22345,-0.53569,0.55308
-144.07,-127.13,273.93,-0.40187,-0.42012,0.53484
-227.16,-61.081,244.68,-0.5661,-0.28833,0.47401
-290.73,21.038,206.77,-0.68978,-0.12411,0.39697
-313.43,122.88,151.66,-0.73033,0.0827,0.28545
-288.85,221.39,75.201,-0.67559,0.2814,0.12934
-238.65,286.83,-10.408,-0.57016,0.41521,-0.036919
-179.58,307.92,-100.95,-0.44445,0.45982,-0.21129
-105.71,282.92,-191.42,-0.29036,0.41521,-0.38362
-26.025,233.85,-255.87,-0.12208,0.32398,-0.50325
55.598,182.73,-285.05,0.044181,0.22666,-0.55191
143.24,123.96,-277.76,0.21854,0.11311,-0.53366
225.43,55.032,-248.72,0.38277,-0.028813,-0.47284
288.25,-27.464,-210.72,0.50443,-0.19507,-0.39579
312,-127.3,-154.55,0.54294,-0.39782,-0.28428
288.22,-223.88,-74.126,0.49429,-0.59246,-0.12208
238.87,-287.55,13.088,0.38886,-0.71816,0.048238
179.9,-308.95,101.36,0.26113,-0.76682,0.2226
102,-284.72,188.18,0.094869,-0.72222,0.3848
19.386,-236.71,248.52,-0.069363,-0.63706,0.49631
-62.944,-188.28,280.11,-0.2417,-0.5438,0.54903
-150.87,-126.12,275.91,-0.41606,-0.41809,0.53686
-228.64,-52.352,244.25,-0.56812,-0.27211,0.47198
-287.95,27.997,206.34,-0.68572,-0.10586,0.39494
-310.06,126.04,150.03,-0.72222,0.084731,0.27937
-282.36,219.67,70.601,-0.66342,0.27937,0.12123
-234.92,282.66,-13.64,-0.56407,0.40507,-0.045031
-179.34,304.26,-102.98,-0.44445,0.45171,-0.21737
-104.23,279.78,-192.76,-0.28428,0.41116,-0.38362
-21.732,233.26,-256.95,-0.11599,0.32398,-0.50528
60.74,182.4,-285.62,0.052288,0.22666,-0.55394
148.24,121.08,-275.61,0.23071,0.10703,-0.52758
228.54,51.564,-244.78,0.38886,-0.032869,-0.46675
288.84,-30.106,-206.35,0.50443,-0.19912,-0.38768
307.97,-128.46,-150.25,0.53686,-0.39782,-0.27414
282.35,-225.41,-73.961,0.48212,-0.59043,-0.12208
233.49,-289.81,10.634,0.38074,-0.72424,0.046206
174.82,-309.58,101.53,0.25504,-0.76682,0.2226
101.01,-282.83,191.81,0.094869,-0.72222,0.38886
22.76,-233.22,255.22,-0.065306,-0.62895,0.50848
-58.604,-182.34,282.87,-0.23156,-0.53163,0.55917
-147.8,-124.61,273.15,-0.40998,-0.41809,0.53281
-230.55,-57.636,242.74,-0.57016,-0.28022,0.46996
-292.57,24.458,205.14,-0.69383,-0.11397,0.39494
-313.52,126.68,149.56,-0.73236,0.088788,0.27937
-286.94,224.93,71.545,-0.67153,0.28951,0.12325
-236.38,288.36,-14.018,-0.56204,0.41927,-0.043006
-176.93,307.54,-104.94,-0.43837,0.46184,-0.21737
-102.13,280.98,-194.96,-0.28225,0.41319,-0.38971
-22.463,231.61,-257.85,-0.11599,0.31992,-0.5073
58.547,181.17,-285.85,0.052288,0.22462,-0.55191
146.99,121.25,-276.93,0.22462,0.10703,-0.53163
228.73,51.587,-246.86,0.38886,-0.034894,-0.46878
290.13,-30.649,-209.23,0.50848,-0.20318,-0.39174
311.98,-131.12,-152.21,0.54497,-0.40187,-0.27617
286.38,-227.3,-70.257,0.48821,-0.59854,-0.11397
236.84,-289.81,16.367,0.3848,-0.72222,0.056344
177.23,-308.64,105.18,0.25909,-0.76682,0.22666
98.037,-282.71,191.62,0.092837,-0.72019,0.39088
15.73,-234.61,250.43,-0.0795,-0.63301,0.49631
-65.94,-186.77,281.12,-0.24778,-0.53974,0.55511
-154.57,-123.03,275.06,-0.42417,-0.41201,0.53484
-231.78,-48.908,242.43,-0.57421,-0.26603,0.46793
-289.93,30.922,205.16,-0.68775,-0.1018,0.39291
-310.01,129.93,147.6,-0.72222,0.098925,0.27734
-280.35,223.07,66.85,-0.65937,0.28545,0.11514
-233.17,284.17,-16.754,-0.55799,0.40913,-0.047056
-176.72,303.89,-107.08,-0.43837,0.45374,-0.22548
-100.1,277.84,-196.49,-0.27617,0.40507,-0.39174
-18.075,231.25,-259.05,-0.10586,0.32398,-0.5073
63.831,180.77,-286.37,0.058375,0.22666,-0.55394
152.04,118.09,-274.69,0.23679,0.096894,-0.52555
231.75,48.214,-242.96,0.39494,-0.040975,-0.46473
290.68,-32.135,-204.98,0.50645,-0.20318,-0.38362
307.9,-132.51,-147.82,0.53686,-0.40796,-0.27008
280.49,-229.02,-70.21,0.47604,-0.60057,-0.11397
231.82,-291.42,13.89,0.37466,-0.72628,0.050263
171.99,-309.11,105.75,0.2449,-0.76682,0.23274
96.975,-280.61,195.47,0.086756,-0.71614,0.39899
19.151,-231.03,257.15,-0.071387,-0.62287,0.51456
-61.765,-180.71,283.58,-0.23967,-0.52555,0.55714
-151.83,-121.68,272.16,-0.41404,-0.40998,0.53078
-234,-54.31,240.9,-0.58029,-0.27211,0.4659
-294.53,27.69,203.7,-0.69789,-0.10991,0.39088
-313.29,130.97,146.96,-0.73033,0.098925,0.27531
-285.05,228.44,67.865,-0.66951,0.29559,0.1192
-234.52,289.97,-17.226,-0.56002,0.42129,-0.049087
-173.98,306.98,-109.28,-0.43431,0.45576,-0.22953
-97.976,278.62,-198.64,-0.27211,0.40507,-0.39579
-18.83,229.46,-259.78,-0.10586,0.31789,-0.5073
61.92,179.42,-286.68,0.056344,0.22057,-0.55799
151.09,117.99,-275.87,0.23274,0.098925,-0.52758
232.03,48.072,-244.99,0.39291,-0.043006,-0.46473
292.09,-33.928,-207.84,0.51253,-0.20723,-0.38971
311.88,-135.41,-149.29,0.547,-0.41201,-0.27211
284.59,-230.7,-66.53,0.48617,-0.60463,-0.10383
235.07,-290.76,19.551,0.38074,-0.7283,0.062425
173.97,-308.1,109.45,0.25301,-0.76682,0.23476
93.673,-280.38,195.18,0.080675,-0.71614,0.39899
12.144,-232.65,252.27,-0.087606,-0.62692,0.50443
-69.479,-184.88,282,-0.25184,-0.53569,0.55308
-158.65,-119.3,273.93,-0.43026,-0.40187,0.53281
-234.97,-45.393,240.5,-0.58232,-0.25792,0.4659
-291.96,34.201,203.6,-0.69383,-0.095719,0.38886
-309.61,134.22,144.56,-0.72019,0.10501,0.26721
-278.56,226.25,63.383,-0.65126,0.29356,0.10906
-231.5,285.7,-19.939,-0.55394,0.41319,-0.053144
-173.42,303.27,-111.61,-0.43229,0.45171,-0.23359
-95.759,275.63,-200.19,-0.264,0.40305,-0.39984
-14.607,229.34,-260.94,-0.099775,0.31992,-0.51136
67.464,178.57,-286.84,0.068513,0.2226,-0.55394
156.14,114.55,-273.42,0.2449,0.092837,-0.52555
234.91,44.935,-241.15,0.39697,-0.047056,-0.45864
292.59,-35.485,-203.33,0.51253,-0.21129,-0.37957
307.47,-137.02,-144.71,0.53686,-0.41404,-0.26198
278.81,-232.39,-66.931,0.47807,-0.60665,-0.10788
229.95,-293,17.216,0.37264,-0.73236,0.058375
168.6,-308.38,110.4,0.24085,-0.76479,0.23679
92.729,-278.14,199.1,0.07865,-0.71208,0.40711
15.895,-229.07,258.92,-0.0795,-0.62287,0.51456
-65.539,-178.47,283.98,-0.24373,-0.52555,0.55714
-156.01,-118.43,270.93,-0.4262,-0.40187,0.52876
-237.16,-51.22,239.37,-0.5884,-0.27008,0.46387
-296.49,31.323,201.86,-0.69992,-0.1018,0.38683
-312.79,135.69,143.66,-0.73033,0.10906,0.26721
-283.4,231.72,64.68,-0.66545,0.30167,0.11311
-232.68,291.48,-20.529,-0.55799,0.42535,-0.057194
-170.38,306.27,-113.88,-0.42417,0.45779,-0.23764
-93.848,276.19,-202.18,-0.264,0.40507,-0.4039
-15.693,227.64,-261.6,-0.099775,0.31384,-0.51339
65.694,177.02,-286.98,0.062425,0.21652,-0.55799
155.13,114.74,-274.72,0.24287,0.090812,-0.52555
235.17,45.1,-243.62,0.40102,-0.047056,-0.4627
294.07,-37.655,-206,0.51456,-0.21534,-0.38565
311.34,-140.16,-145.72,0.54497,-0.42215,-0.264
283.1,-233.76,-63.487,0.47807,-0.61071,-0.1018
233.19,-292.34,22.783,0.37872,-0.73033,0.066481
170.13,-307.37,114.01,0.24085,-0.76479,0.2449
89.332,-277.95,198.6,0.072563,-0.71208,0.40305
8.9358,-230.89,253.95,-0.093694,-0.6249,0.50443
-73.395,-182.5,282.63,-0.26198,-0.53366,0.55511
-162.52,-115.79,272.87,-0.43837,-0.39984,0.53078
-237.92,-42.586,239.23,-0.58637,-0.25184,0.46184
-293.82,37.881,201.62,-0.69383,-0.085581,0.3848
-308.8,138.73,140.97,-0.72222,0.11514,0.26315
-277.19,229.11,60.646,-0.65328,0.29762,0.10298
-229.82,287.3,-23.312,-0.55394,0.41521,-0.059225
-169.55,302.5,-116.38,-0.42215,0.45171,-0.24373
-91.465,273.29,-203.69,-0.25994,0.39697,-0.40796
-11.281,227.52,-262.71,-0.091663,0.31384,-0.51541
71.38,176,-287.01,0.076619,0.21449,-0.55596
159.96,111.29,-272.22,0.25301,0.086756,-0.52149
237.81,42.34,-240.04,0.40507,-0.053144,-0.45661
294.33,-39.33,-201.23,0.51456,-0.21939,-0.37754
306.79,-141.67,-141.24,0.53484,-0.4262,-0.25589
277.54,-235.3,-64.36,0.47198,-0.61476,-0.1018
228,-294.53,20.542,0.36656,-0.73641,0.064456
164.66,-307.41,115,0.23274,-0.76479,0.25099
88.86,-275.73,202.35,0.072563,-0.706,0.41319
12.663,-227.09,260.5,-0.083556,-0.61476,0.51659
-69.597,-175.78,284.05,-0.25386,-0.51947,0.55714
-159.81,-115.48,269.73,-0.43229,-0.39984,0.52673
-240.13,-48.719,238.26,-0.59246,-0.26198,0.46184
-298.12,35.263,199.66,-0.70397,-0.091663,0.38277
-312.01,140.33,140.22,-0.72222,0.1192,0.25909
-281.98,234.55,62.085,-0.66139,0.30573,0.10703
-230.67,293.01,-23.902,-0.55394,0.42738,-0.063281
-166.58,305.35,-118.43,-0.41809,0.45576,-0.24576
-90.168,273.81,-205.34,-0.25589,0.40102,-0.40796
-12.484,225.61,-263.16,-0.093694,0.30978,-0.51541
69.752,174.14,-287.05,0.076619,0.21246,-0.55394
158.88,111.72,-273.56,0.25099,0.086756,-0.52353
238.02,42.576,-242.56,0.40711,-0.053144,-0.46473
295.77,-41.571,-203.8,0.51862,-0.22345,-0.37957
310.7,-144.52,-142.35,0.54294,-0.43229,-0.25589
281.76,-236.43,-60.68,0.47807,-0.61679,-0.095719
231.2,-293.73,26.039,0.37466,-0.73236,0.076619
166.35,-306.54,118.11,0.23274,-0.76479,0.25504
85.558,-275.8,201.41,0.062425,-0.71006,0.40913
5.6095,-228.95,255.55,-0.099775,-0.62084,0.50645
-77.523,-179.6,282.87,-0.27008,-0.52353,0.55511
-165.96,-112.58,271.73,-0.44851,-0.38971,0.53078
-240.49,-40.085,238.12,-0.59043,-0.24576,0.45982
-295.43,41.75,199.41,-0.69992,-0.0795,0.38277
-308.05,142.81,137.76,-0.71816,0.12325,0.25301
-276.01,231.77,58.24,-0.6472,0.30167,0.096894
-227.98,288.77,-26.639,-0.54785,0.42129,-0.069363
-166.06,301.76,-120.46,-0.41404,0.44766,-0.24981
-88.021,271.38,-206.54,-0.24981,0.39494,-0.41201
-7.9078,225.57,-264.31,-0.083556,0.30978,-0.51744
75.461,173.05,-286.82,0.0827,0.20841,-0.55596
163.31,108.42,-271.08,0.25909,0.07865,-0.51947
240.48,39.934,-239.05,0.41116,-0.059225,-0.45661
295.75,-43.199,-198.92,0.51862,-0.22751,-0.36943
306.06,-145.65,-138.41,0.53281,-0.43229,-0.24778
276.38,-237.99,-61.977,0.47401,-0.61881,-0.097744
225.92,-295.9,23.987,0.36452,-0.73641,0.072563
161.33,-306.56,119.03,0.22462,-0.76479,0.25504
85.794,-273.87,205.09,0.062425,-0.70397,0.41927
9.2661,-224.94,261.94,-0.091663,-0.61273,0.52064
-73.584,-172.97,283.86,-0.26198,-0.51136,0.55714
-163.06,-113.07,268.81,-0.44039,-0.39174,0.52267
-242.77,-46.384,237.24,-0.59449,-0.25994,0.46184
-299.63,39.273,197.33,-0.70803,-0.083556,0.37466
-311.28,144.2,137.5,-0.72424,0.12528,0.25301
-280.64,237.2,59.655,-0.65734,0.31384,0.10095
-228.6,294.38,-27.346,-0.54785,0.43143,-0.071387
-163.37,304.62,-122.18,-0.40998,0.45576,-0.25386
-87.03,272.06,-207.88,-0.24778,0.39494,-0.41809
-9.1816,223.4,-264.41,-0.087606,0.30573,-0.51744
73.479,171.45,-286.82,0.080675,0.20435,-0.55394
161.87,109.48,-272.81,0.25707,0.0827,-0.52353
240.69,40.099,-241.55,0.41116,-0.055169,-0.46067
297.26,-45.653,-201.26,0.52064,-0.22953,-0.37551
310.11,-148.13,-139.75,0.53889,-0.44039,-0.25184
280.46,-238.88,-58.132,0.47604,-0.62084,-0.089638
228.99,-294.98,29.365,0.36656,-0.73844,0.0827
163.19,-305.93,121.58,0.22868,-0.76277,0.25909
82.703,-274.15,203.7,0.0604,-0.70397,0.41319
2.1889,-226.87,256.87,-0.10788,-0.61679,0.51253
-81.18,-177.03,282.87,-0.27617,-0.51744,0.55714
-168.61,-110.29,271,-0.45256,-0.38768,0.52673
-242.85,-37.608,236.98,-0.59854,-0.24373,0.45779
-296.77,45.619,196.98,-0.70194,-0.071387,0.37669
-307.53,146.11,135.43,-0.71816,0.13136,0.24693
-274.76,234.15,55.857,-0.64518,0.30776,0.092837
-225.88,289.97,-29.941,-0.54177,0.42333,-0.073419
-163.09,301.01,-123.93,-0.40998,0.44766,-0.25792
-85.237,269.78,-208.95,-0.24373,0.39291,-0.41404
-4.5815,223.44,-265.56,-0.077469,0.3037,-0.52149
78.881,170.48,-286.56,0.092837,0.2003,-0.55394
165.79,106.65,-270.45,0.26315,0.074594,-0.51744
242.74,37.504,-237.84,0.41724,-0.063281,-0.45256
296.83,-46.95,-196.47,0.51862,-0.23359,-0.36741
305.59,-148.65,-136.48,0.53281,-0.43837,-0.24576
275.11,-240.39,-59.712,0.46387,-0.62287,-0.093694
223.77,-297.03,27.242,0.35642,-0.73844,0.076619
158.48,-305.83,122.22,0.22057,-0.76074,0.26315
83.387,-272.36,207.26,0.058375,-0.69992,0.42129
6.0106,-222.77,263.1,-0.099775,-0.60867,0.52267
-76.886,-170.54,283.5,-0.26603,-0.5073,0.55308
-165.49,-111.54,268.12,-0.44445,-0.38768,0.52267
-245.06,-44.025,236.06,-0.60259,-0.25589,0.45576
-300.78,42.859,195.18,-0.71006,-0.077469,0.37264
-310.83,147.18,135.66,-0.72222,0.13339,0.25301
-279.32,239.41,57.32,-0.65328,0.31992,0.096894
-226.43,295.35,-30.484,-0.5438,0.43346,-0.073419
-160.7,303.93,-125.18,-0.40593,0.45779,-0.25994
-84.695,270.58,-209.91,-0.24373,0.39494,-0.41606
-5.9734,221.16,-265.49,-0.083556,0.30167,-0.51947
76.57,169.07,-286.51,0.086756,0.20232,-0.55394
164.21,107.97,-272.17,0.26113,0.07865,-0.51947
242.79,37.763,-240.34,0.41521,-0.059225,-0.45459
298.25,-48.884,-199.32,0.5247,-0.23967,-0.37349
309.76,-150.8,-137.91,0.54092,-0.44445,-0.24576
279.19,-241.03,-55.773,0.47198,-0.6249,-0.085581
227.01,-295.95,32.267,0.36452,-0.73844,0.088788
160.76,-305.36,124.13,0.2226,-0.76074,0.26315
80.391,-272.69,205.61,0.054319,-0.70397,0.41724
-0.94856,-224.68,257.91,-0.11397,-0.61071,0.51253
-84.152,-174.79,282.7,-0.28225,-0.51744,0.55714
-170.66,-108.73,270.39,-0.45661,-0.38565,0.52673
-244.73,-35.391,235.97,-0.60259,-0.23562,0.45576
-297.76,48.591,195.23,-0.70397,-0.069363,0.37061
-307.15,148.61,133.73,-0.71614,0.13542,0.24693
-273.54,236.16,53.687,-0.64518,0.31181,0.088788
-224.16,290.87,-32.678,-0.53974,0.42129,-0.0795
-161.03,300.56,-126.36,-0.40593,0.44562,-0.25994
-82.973,268.45,-210.83,-0.2417,0.39088,-0.41809
-1.3732,221.3,-266.55,-0.071387,0.29964,-0.52149
81.689,168.34,-286.23,0.096894,0.19827,-0.55394
167.79,105.28,-269.83,0.26721,0.074594,-0.51744
244.65,35.263,-236.74,0.42129,-0.067331,-0.44851
297.68,-49.71,-194.84,0.52064,-0.2417,-0.36538
305.26,-151.17,-134.97,0.53281,-0.44445,-0.2417
273.86,-242.44,-57.519,0.46184,-0.62895,-0.089638
221.98,-297.88,29.861,0.35033,-0.74249,0.084731
156.75,-305.43,124.48,0.21246,-0.76277,0.26517
81.311,-271.01,209.12,0.056344,-0.69789,0.42333
3.0146,-220.62,263.85,-0.10586,-0.60463,0.5247
-79.552,-168.65,283.76,-0.27414,-0.5073,0.55511
-167.54,-110.29,267.56,-0.45053,-0.38768,0.51862
-247,-41.807,234.89,-0.60463,-0.24981,0.45576
-301.63,45.477,193.74,-0.71006,-0.071387,0.37264
-310.43,149.65,134.15,-0.72424,0.13744,0.24896
-278.02,241.42,55.126,-0.65126,0.326,0.090812
-224.68,296.13,-32.914,-0.53974,0.43143,-0.081525
-159.22,303.6,-127.13,-0.40187,0.45374,-0.26198
-82.595,269.33,-211.68,-0.23967,0.38886,-0.41809
-3.1896,219.17,-266.22,-0.075444,0.29762,-0.52149
78.858,167.44,-286.3,0.090812,0.19624,-0.55191
166.14,106.67,-271.6,0.26517,0.074594,-0.52149
244.6,35.428,-239.09,0.41927,-0.069363,-0.45661
299.1,-51.102,-198.09,0.5247,-0.2417,-0.37146
309.48,-153.08,-136.41,0.53889,-0.44648,-0.24576
277.91,-242.85,-53.532,0.46996,-0.63098,-0.083556
225.45,-296.66,34.508,0.36047,-0.74249,0.090812
159.35,-305.15,125.85,0.22057,-0.76074,0.26721
78.268,-271.41,207.12,0.046206,-0.69992,0.41927
-3.5907,-222.94,258.59,-0.12005,-0.60867,0.51051
-86.157,-173.4,282.73,-0.28833,-0.51339,0.55106
-172.47,-107.27,269.82,-0.45864,-0.3816,0.52267
-246.41,-33.102,234.74,-0.60665,-0.22953,0.45171
-298.61,50.526,194.24,-0.706,-0.06125,0.37061
-306.71,150.71,132.34,-0.71411,0.13947,0.24287
-272.29,237.93,51.611,-0.64112,0.31586,0.084731
-222.82,291.57,-34.754,-0.53771,0.42333,-0.083556
-159.88,300.32,-128.01,-0.4039,0.44562,-0.26198
-80.92,267.27,-212.41,-0.23562,0.39088,-0.42012
1.1274,219.62,-267.24,-0.069363,0.29964,-0.52353
83.411,167.23,-286.09,0.10298,0.19827,-0.54988
169.52,103.96,-269.17,0.27126,0.072563,-0.51541
246.21,33.14,-235.53,0.42129,-0.073419,-0.44648
298.37,-51.291,-194.11,0.52267,-0.2417,-0.36133
305,-153.25,-133.76,0.53078,-0.45053,-0.23967
272.68,-244.26,-55.395,0.45982,-0.63301,-0.083556
220.66,-298.5,31.842,0.35033,-0.74452,0.088788
155.72,-305.2,126.09,0.21449,-0.76074,0.26721
79.377,-269.83,210.66,0.052288,-0.69789,0.42738
0.72633,-219.04,264.51,-0.10991,-0.60057,0.52673
-81.109,-167.8,283.06,-0.27819,-0.50325,0.55308
-169.27,-109.06,266.94,-0.45256,-0.38565,0.51862
-248.55,-39.802,233.85,-0.61071,-0.24373,0.45171
-302.41,46.893,193.18,-0.71208,-0.067331,0.36858
-310.2,151.61,133,-0.72222,0.1415,0.2449
-276.7,243.17,53.026,-0.65328,0.326,0.086756
-223.36,296.72,-34.848,-0.53771,0.43549,-0.085581
-158.23,303.49,-128.67,-0.39984,0.45374,-0.26603
-80.59,268.05,-213.19,-0.23764,0.39088,-0.42215
-1.043,217.64,-266.84,-0.071387,0.29356,-0.52149
80.297,166.69,-286.25,0.094869,0.19421,-0.55191
167.84,105.35,-271.01,0.26923,0.072563,-0.51947
246,33.541,-238.13,0.42129,-0.071387,-0.45459
300.02,-52.447,-197.72,0.5247,-0.24778,-0.36741
309.34,-155.07,-135.18,0.53889,-0.45459,-0.24373
276.69,-244.57,-51.361,0.46793,-0.63504,-0.073419
224.2,-297.27,36.277,0.37669,-0.74047,0.094869
158.33,-305.01,127.27,0.21854,-0.76277,0.26923
76.145,-270.21,208.53,0.046206,-0.69586,0.42535
-5.6431,-221.57,259.21,-0.12411,-0.60665,0.51659
-87.573,-172.71,282.84,-0.28833,-0.51136,0.55308
-174.03,-105.9,269.23,-0.4627,-0.37349,0.52064
-247.66,-31.333,233.85,-0.60867,-0.22751,0.45171
-299.44,51.752,193.86,-0.70397,-0.06125,0.37061
-306.42,152.63,131.04,-0.71411,0.14352,0.24287
-271.11,239.53,49.606,-0.63909,0.32195,0.080675
-221.87,292.21,-36.381,-0.53569,0.42738,-0.085581
-158.91,300.21,-129.56,-0.39984,0.44766,-0.264
-78.774,266.14,-213.95,-0.23359,0.38683,-0.42417
3.1326,218.3,-267.85,-0.063281,0.29762,-0.52149
84.708,166.52,-286.02,0.10298,0.19421,-0.55191
171.17,102.61,-268.63,0.27329,0.068513,-0.51744
247.58,31.418,-234.75,0.42535,-0.075444,-0.44851
299.24,-52.612,-193.71,0.5247,-0.24576,-0.36133
304.69,-155.28,-132.42,0.52876,-0.45459,-0.23764
271.54,-245.84,-53.437,0.45779,-0.63301,-0.0795
219.76,-299.13,33.281,0.35033,-0.74249,0.088788
154.7,-304.96,127.62,0.21044,-0.76277,0.27126
77.348,-268.58,212.1,0.046206,-0.69181,0.42941
-1.1373,-217.77,265.06,-0.11599,-0.60057,0.52267
-82.477,-167.14,283.03,-0.28022,-0.49919,0.55511
-171.04,-107.6,266.28,-0.45661,-0.37957,0.52064
-249.83,-38.269,233.09,-0.61071,-0.23967,0.44968
-303.24,48.143,192.8,-0.71411,-0.067331,0.37061
-309.82,153.71,131.54,-0.72019,0.14556,0.24085
-275.54,244.7,51.068,-0.6472,0.32803,0.0827
-222.65,297.33,-36.051,-0.53569,0.43752,-0.085581
-157.09,303.3,-130.25,-0.39984,0.45576,-0.26806
-78.538,266.87,-214.61,-0.23156,0.3848,-0.42823
0.65557,216.48,-267.21,-0.069363,0.29356,-0.52149
81.712,165.91,-286.2,0.094869,0.19219,-0.55394
169.52,103.72,-270.23,0.27126,0.068513,-0.51744
247.34,32.054,-237.47,0.42535,-0.073419,-0.44851
300.87,-53.815,-197.25,0.52673,-0.24778,-0.36943
308.96,-157.16,-133.6,0.53889,-0.45459,-0.23764
275.55,-245.96,-49.451,0.46793,-0.63504,-0.071387
223.63,-297.76,37.315,0.35642,-0.74047,0.096894
157.08,-304.75,128.8,0.21652,-0.76277,0.27126
74.093,-269.05,209.81,0.04215,-0.69383,0.42535
-7.2708,-220.6,259.82,-0.12613,-0.60259,0.51862
-89.059,-171.79,282.89,-0.29239,-0.50933,0.55308
-175.75,-104.04,268.36,-0.46675,-0.37146,0.52267
-248.74,-30.154,233.3,-0.60867,-0.22953,0.45171
-300.19,53.097,193.37,-0.71006,-0.059225,0.36858
-305.9,154.65,129.44,-0.71208,0.14758,0.23882
-270.09,240.9,47.836,-0.63706,0.31992,0.076619
-221.45,292.8,-37.396,-0.53366,0.42941,-0.089638
-157.57,299.88,-131.14,-0.39984,0.44968,-0.27211
-76.745,264.96,-215.24,-0.22548,0.38277,-0.42823
4.5009,217.45,-268.35,-0.06125,0.29559,-0.52353
86.195,165.6,-285.85,0.10501,0.19421,-0.55191
172.89,100.89,-267.73,0.27734,0.064456,-0.51541
248.64,30.474,-234.42,0.42738,-0.0795,-0.44445
299.9,-53.838,-193.21,0.5247,-0.24778,-0.36133
304.17,-157.33,-130.84,0.53078,-0.45864,-0.23359
270.51,-247.21,-51.786,0.45576,-0.63909,-0.075444
219.29,-299.68,34.296,0.35033,-0.74452,0.092837
153.43,-304.68,129.27,0.20841,-0.75669,0.27531
75.555,-267.45,213.35,0.044181,-0.68978,0.43346
-2.2225,-217.13,265.51,-0.11802,-0.59854,0.52673
-84.011,-166.2,282.8,-0.28225,-0.50122,0.55511
-172.62,-106,265.46,-0.46067,-0.37754,0.51659
-250.72,-37.514,232.88,-0.61071,-0.2417,0.45171
-303.85,49.393,192.4,-0.71411,-0.065306,0.36656
-309.3,155.76,129.93,-0.72019,0.14961,0.24085
-274.48,246.04,49.393,-0.64314,0.33209,0.080675
-222.11,297.82,-37.113,-0.53366,0.43752,-0.089638
-155.8,302.97,-131.88,-0.39376,0.45171,-0.27008
-76.863,265.88,-215.72,-0.23156,0.38683,-0.42823
1.5756,215.99,-267.71,-0.067331,0.29154,-0.52555
83.104,164.99,-285.97,0.10095,0.19219,-0.55191
171.07,102.19,-269.53,0.27531,0.066481,-0.51541
248.33,31.488,-237.42,0.42738,-0.075444,-0.45053
301.55,-55.041,-196.77,0.52876,-0.24981,-0.36741
308.39,-159.22,-131.85,0.53686,-0.4627,-0.23562
274.56,-247.16,-47.799,0.46387,-0.63504,-0.069363
223.18,-298.24,38.33,0.35642,-0.74452,0.098925
155.72,-304.51,130.31,0.21246,-0.76074,0.27531
72.489,-268.18,210.82,0.0381,-0.69181,0.42535
-8.0729,-220.25,260.24,-0.12816,-0.60259,0.51659
-90.451,-170.82,282.8,-0.29847,-0.50933,0.55511
-177.17,-102.46,267.56,-0.46675,-0.37146,0.52267
-249.55,-29.611,233.3,-0.61273,-0.22345,0.45171
-300.83,54.371,192.89,-0.70803,-0.055169,0.36858
-305.43,156.59,127.76,-0.71411,0.15366,0.23476
-269.29,242.03,46.445,-0.65328,0.32398,0.072563
-221.1,293.29,-38.292,-0.53366,0.42738,-0.091663
-156.27,299.55,-132.7,-0.39579,0.44562,-0.27211
-75.211,264.09,-216.31,-0.22548,0.38277,-0.42823
5.2557,217.15,-268.72,-0.059225,0.29559,-0.52555
87.634,164.59,-285.71,0.11109,0.19016,-0.55191
174.3,99.429,-267.14,0.27937,0.0604,-0.51136
249.49,29.908,-234.35,0.42738,-0.077469,-0.44243
300.49,-55.159,-192.6,0.52673,-0.25386,-0.35929
303.65,-159.17,-129.26,0.52673,-0.46067,-0.22953
269.78,-248.29,-50.559,0.45171,-0.63909,-0.073419
218.84,-300.17,35.286,0.34831,-0.74452,0.092837
152.04,-304.28,130.92,0.20435,-0.76074,0.27734
74.093,-266.6,214.31,0.04215,-0.69383,0.43549
-3.0009,-216.8,265.88,-0.11802,-0.59854,0.52876
-85.426,-165.21,282.58,-0.28428,-0.49716,0.55308
-174.03,-104.58,264.75,-0.4627,-0.37551,0.51456
-251.74,-36.948,232.76,-0.61273,-0.2417,0.44968
-304.46,50.809,191.74,-0.71614,-0.06125,0.36452
-308.92,157.65,128.49,-0.72019,0.15366,0.23679
-273.87,247.06,48.355,-0.64314,0.33411,0.07865
-221.66,298.3,-38.104,-0.53366,0.44157,-0.093694
-154.33,302.57,-133.48,-0.39376,0.45171,-0.27008
-75.471,265.03,-216.66,-0.22345,0.3848,-0.43026
2.3305,215.61,-268.16,-0.065306,0.28951,-0.52353
84.638,163.81,-285.8,0.10095,0.19016,-0.54988
172.39,100.91,-268.91,0.27734,0.062425,-0.51541
249.25,30.875,-237.3,0.42941,-0.077469,-0.45053
302.05,-56.433,-196.11,0.52876,-0.25386,-0.36538
307.92,-160.8,-130.44,0.53686,-0.46675,-0.23156
274.09,-248.01,-46.926,0.46387,-0.64112,-0.069363
222.64,-298.71,39.344,0.35236,-0.74452,0.10095
154.13,-304.06,131.84,0.20841,-0.76277,0.27734
71.073,-267.43,211.65,0.036069,-0.69789,0.42941
-8.875,-219.84,260.69,-0.13221,-0.60259,0.51862
-92.031,-169.55,282.61,-0.29847,-0.50325,0.55714
-178.21,-101.26,267.02,-0.47081,-0.37146,0.51862
-250.37,-29.045,233.23,-0.61071,-0.22143,0.45171
-301.44,55.692,192.23,-0.71208,-0.053144,0.36656
-304.96,158.19,126.37,-0.71208,0.15772,0.23274
-268.96,242.86,45.737,-0.63301,0.326,0.072563
-220.48,293.65,-39.401,-0.53163,0.43143,-0.091663
-154.81,299.1,-134.23,-0.39174,0.44562,-0.27617
-74.055,263.52,-217.08,-0.22345,0.38277,-0.42823
6.0814,216.7,-269.17,-0.057194,0.29356,-0.52555
89.214,163.34,-285.38,0.11109,0.18813,-0.55191
175.32,98.532,-266.79,0.28342,0.062425,-0.50933
250.36,29.436,-234.23,0.42941,-0.077469,-0.44243
300.96,-56.575,-191.8,0.52876,-0.25386,-0.35727
303.27,-160.75,-128.03,0.5247,-0.46675,-0.22751
269.47,-249.22,-49.899,0.45171,-0.64314,-0.073419
218.14,-300.57,36.513,0.34628,-0.74857,0.094869
150.62,-303.87,132.38,0.20435,-0.75871,0.27937
73.196,-266.18,215.02,0.04215,-0.69181,0.43549
-3.803,-216.31,266.35,-0.11802,-0.59651,0.52876
-87.101,-163.89,282.3,-0.28833,-0.49514,0.55106
-175,-103.99,264.61,-0.46473,-0.37551,0.51659
-252.61,-36.476,232.71,-0.61476,-0.23764,0.44766
-305.01,52.389,190.89,-0.71816,-0.059225,0.36452
-308.59,159.23,127.22,-0.71816,0.15772,0.23274
-273.49,247.98,47.695,-0.64112,0.33614,0.076619
-220.93,298.74,-39.354,-0.53163,0.44157,-0.093694
-153.04,302.21,-134.87,-0.38971,0.45374,-0.27414
-74.858,264.8,-217.32,-0.22548,0.3848,-0.43229
3.227,215.14,-268.63,-0.06125,0.28951,-0.52555
86.313,162.37,-285.5,0.10501,0.18611,-0.55191
174.16,100.44,-268.89,0.27937,0.064456,-0.51541
250.17,30.238,-237.23,0.42941,-0.077469,-0.45053
302.57,-58.155,-195.15,0.53078,-0.25792,-0.36335
307.66,-162.43,-129.09,0.53484,-0.46675,-0.22953
273.83,-248.93,-46.219,0.46184,-0.64314,-0.065306
221.91,-299.23,40.641,0.35439,-0.74249,0.10095
152.86,-303.83,133.23,0.20841,-0.75871,0.2814
70.601,-267.21,212.29,0.034044,-0.69383,0.42738
-9.8421,-219.3,261.19,-0.13019,-0.60057,0.51659
-93.777,-168.16,282.44,-0.30253,-0.50122,0.55511
-179.13,-100.83,267.02,-0.47284,-0.36741,0.51862
-251.39,-28.361,233.14,-0.61273,-0.21939,0.45171
-302.03,57.461,191.22,-0.71208,-0.049087,0.36452
-304.63,159.84,125.1,-0.71006,0.15772,0.22666
-268.63,243.83,45.1,-0.63504,0.32803,0.072563
-219.77,294.24,-40.746,-0.53163,0.42941,-0.095719
-153.53,298.89,-135.74,-0.38971,0.44562,-0.27819
-73.584,263.38,-217.82,-0.22143,0.38277,-0.43026
7.2609,216.11,-269.79,-0.055169,0.29154,-0.52961
91.054,161.85,-285.17,0.11514,0.18407,-0.54988
176.29,98.131,-266.62,0.28545,0.056344,-0.51136
251.4,28.587,-234.05,0.43143,-0.081525,-0.44648
301.53,-58.486,-190.69,0.52673,-0.25589,-0.35524
303.01,-162.47,-126.8,0.52673,-0.46675,-0.22345
269.14,-250.25,-49.144,0.45171,-0.64518,-0.071387
217.17,-301.14,38.117,0.34425,-0.74655,0.098925
149.3,-303.5,133.85,0.2003,-0.76074,0.2814
72.701,-265.92,215.85,0.040125,-0.69181,0.43549
-5.0769,-215.5,266.9,-0.12208,-0.59246,0.52673
-88.965,-162.5,282.02,-0.29644,-0.49108,0.55308
-176.16,-103.5,264.49,-0.46675,-0.37551,0.51456
-253.82,-35.461,232.41,-0.62084,-0.23967,0.44968
-305.69,54.371,189.83,-0.71614,-0.053144,0.35844
-308.29,160.95,126.04,-0.71816,0.15975,0.23071
-272.99,249.11,46.799,-0.64518,0.33614,0.076619
-219.73,299.26,-41.1,-0.52961,0.43954,-0.095719
-151.6,301.88,-136.43,-0.38362,0.45171,-0.28022
-74.15,264.51,-218.15,-0.22345,0.38277,-0.43229
4.6188,214.29,-269.24,-0.06125,0.28748,-0.52555
88.153,160.98,-285.24,0.11109,0.18205,-0.54988
174.52,99.83,-268.7,0.28342,0.0604,-0.51339
251.3,29.153,-236.81,0.43143,-0.083556,-0.44851
303.2,-59.996,-194.06,0.53281,-0.25994,-0.36133
307.54,-164.05,-127.96,0.53484,-0.47081,-0.22953
273.31,-250.16,-45.134,0.45982,-0.64518,-0.065306
220.54,-299.75,42.481,0.35033,-0.74655,0.10906
151.4,-303.45,134.7,0.20232,-0.75871,0.28342
69.823,-266.84,213.04,0.034044,-0.69181,0.42941
-11.352,-218.41,261.71,-0.13221,-0.59854,0.52064
-95.476,-166.79,282.33,-0.30658,-0.50122,0.55308
-180.24,-100.15,266.8,-0.47486,-0.36538,0.51659
-252.54,-27.11,232.71,-0.61476,-0.21939,0.45171
-302.6,59.372,190.09,-0.71411,-0.047056,0.3625
-304.37,161.28,124.06,-0.70803,0.16178,0.22666
-268.04,245.01,43.897,-0.63301,0.32803,0.068513
-218.48,294.69,-42.586,-0.52758,0.43143,-0.099775
-152.23,298.53,-137.21,-0.38971,0.44968,-0.27819
-72.758,263.05,-218.69,-0.21939,0.37872,-0.43634
8.9123,215,-270.35,-0.051112,0.28748,-0.52961
92.705,160.62,-284.91,0.12123,0.18205,-0.54988
177.44,97.518,-266.48,0.28748,0.056344,-0.5073
252.6,27.313,-233.48,0.43549,-0.081525,-0.43837
302.09,-60.326,-189.65,0.52876,-0.26198,-0.35321
302.9,-163.96,-126.03,0.52673,-0.47081,-0.22345
268.38,-251.6,-47.87,0.45374,-0.6472,-0.067331
215.82,-301.59,39.91,0.34019,-0.75061,0.10501
148.19,-303.21,135.19,0.19827,-0.75871,0.28545
71.922,-265.49,216.65,0.040125,-0.69181,0.43549
-6.7282,-214.37,267.39,-0.12411,-0.59246,0.52876
-90.404,-161.58,281.9,-0.29441,-0.49108,0.55106
-177.31,-102.95,264.26,-0.46675,-0.37349,0.51456
-255.07,-34.046,231.79,-0.62084,-0.23359,0.44968
-306.28,56.187,188.81,-0.71816,-0.051112,0.36047
-308.24,162.34,125.33,-0.72019,0.16178,0.23071
-272.15,250.41,45.407,-0.63909,0.34223,0.074594
-218.45,299.71,-42.892,-0.52961,0.4436,-0.099775
-150.75,301.69,-137.66,-0.38565,0.45171,-0.28022
-73.348,264.11,-219.09,-0.21939,0.38074,-0.43431
6.3645,213.02,-269.76,-0.055169,0.28545,-0.52961
89.403,160.29,-285.24,0.11311,0.18407,-0.55191
175.7,99.24,-268.46,0.28342,0.0604,-0.51541
252.51,27.619,-236.08,0.43752,-0.083556,-0.44851
303.84,-61.836,-193.09,0.53281,-0.26198,-0.35727
307.57,-165.47,-127.28,0.53484,-0.47486,-0.22751
272.51,-251.39,-43.624,0.45779,-0.6472,-0.057194
219.36,-300.22,44.18,0.34425,-0.74655,0.11109
150.67,-303.38,135.71,0.20232,-0.75871,0.28748
68.926,-266.39,213.96,0.029988,-0.69181,0.43346
-13.192,-217.2,262.34,-0.13627,-0.59651,0.52267
-96.49,-166.11,282.49,-0.30861,-0.49919,0.55511
-181.46,-99.321,266.57,-0.47486,-0.36133,0.51862
-253.77,-25.459,231.87,-0.61881,-0.21737,0.44766
-303.28,61.189,189.1,-0.71411,-0.043006,0.36047
-304.3,162.67,123.4,-0.70803,0.1638,0.22462
-267.21,246.35,42.387,-0.62895,0.33006,0.066481
-217.41,295.3,-44.308,-0.52555,0.43346,-0.099775
-151.74,298.56,-138.25,-0.38768,0.4436,-0.28631
-71.649,262.51,-219.8,-0.21737,0.37872,-0.43229
10.776,213.75,-270.97,-0.045031,0.28748,-0.53163
93.909,160.13,-284.88,0.12123,0.18407,-0.55191
178.81,96.716,-266.18,0.28951,0.054319,-0.50933
253.9,25.496,-232.61,0.43549,-0.089638,-0.44039
302.68,-62.189,-188.59,0.53078,-0.26806,-0.34916
302.9,-165.49,-125.32,0.5247,-0.47486,-0.22345
267.46,-253.04,-46.195,0.44968,-0.64923,-0.063281
214.62,-302.13,41.703,0.33817,-0.74857,0.10501
147.58,-303.17,136.3,0.19827,-0.75669,0.28748
70.814,-264.9,217.83,0.032012,-0.68775,0.43954
-8.5447,-213.1,268.01,-0.13019,-0.59043,0.53281
-91.725,-161.06,281.95,-0.29847,-0.48906,0.55308
-178.84,-101.99,263.92,-0.47081,-0.36943,0.51051
-256.43,-32.112,230.83,-0.62287,-0.22953,0.4436
-306.94,58.146,187.82,-0.72019,-0.045031,0.35642
-308.17,163.97,124.48,-0.71614,0.16786,0.22868
-271.01,251.87,43.519,-0.63706,0.34628,0.068513
-217.16,300.25,-44.732,-0.52353,0.4436,-0.10383
-150.02,301.67,-138.83,-0.38362,0.44968,-0.28428
-72.027,263.38,-220.22,-0.21939,0.37872,-0.43431
8.1337,211.77,-270.3,-0.053144,0.28342,-0.52555
90.748,159.7,-285.21,0.11311,0.18205,-0.55191
177.21,98.037,-268.02,0.28748,0.058375,-0.51339
253.95,25.638,-235.11,0.43752,-0.089638,-0.44648
304.62,-63.676,-192.2,0.53484,-0.27008,-0.35727
307.43,-167.21,-126.26,0.53484,-0.47486,-0.22345
271.17,-252.99,-41.548,0.45576,-0.64923,-0.057194
218.09,-300.64,45.973,0.34425,-0.74655,0.11109
149.87,-303.28,136.89,0.2003,-0.75466,0.28748
67.487,-265.66,215.02,0.029988,-0.68978,0.43346
-14.961,-216.07,262.98,-0.13829,-0.59449,0.52064
-98.071,-165.47,282.49,-0.31266,-0.49716,0.55308
-183.04,-97.953,265.98,-0.47689,-0.36133,0.51862
-254.99,-23.572,230.95,-0.62287,-0.21331,0.44562
-303.9,62.793,188.34,-0.71411,-0.03895,0.36047
-304.06,164.47,122.15,-0.70803,0.16583,0.2226
-265.87,247.93,40.24,-0.62692,0.33411,0.062425
-216.24,295.75,-46.101,-0.52555,0.43143,-0.10586
-150.98,298.41,-139.45,-0.38362,0.44562,-0.28428
-70.092,261.66,-220.98,-0.21534,0.37872,-0.43837
12.522,212.64,-271.46,-0.045031,0.28545,-0.52961
95.3,159.42,-284.79,0.12325,0.18205,-0.54988
180.49,95.3,-265.56,0.29356,0.050263,-0.5073
255.22,23.609,-231.69,0.43954,-0.093694,-0.43837
303.37,-63.746,-187.95,0.53078,-0.26806,-0.34713
302.61,-167.31,-124.11,0.52673,-0.47689,-0.21939
266.1,-254.57,-44.119,0.44562,-0.65531,-0.063281
213.39,-302.58,44.156,0.33411,-0.75263,0.11109
146.85,-303.03,137.57,0.19421,-0.75669,0.29154
69.233,-263.91,219.06,0.029988,-0.68572,0.44157
-10.125,-212.13,268.5,-0.13019,-0.59043,0.53078
-93.093,-160.44,281.92,-0.30049,-0.48702,0.55106
-180.57,-100.55,263.24,-0.47284,-0.36538,0.51253
-257.75,-30.248,229.93,-0.6249,-0.22345,0.44562
-307.67,59.561,187.35,-0.72222,-0.047056,0.35844
-307.88,165.88,123.23,-0.71614,0.16786,0.22666
-269.67,253.5,41.467,-0.63504,0.34831,0.064456
-216.12,300.66,-46.289,-0.52149,0.4436,-0.10788
-149.14,301.46,-140.18,-0.37754,0.44766,-0.28631
-70.257,262.3,-221.5,-0.21534,0.37872,-0.43837
9.502,211.04,-270.82,-0.051112,0.2814,-0.52758
92.186,158.95,-285.24,0.11717,0.17799,-0.55191
179.05,96.433,-267.33,0.28951,0.054319,-0.51136
255.29,23.821,-234.26,0.44157,-0.091663,-0.44445
305.42,-65.091,-191.75,0.53889,-0.27211,-0.35727
307.1,-169.2,-124.78,0.53281,-0.47892,-0.22345
269.89,-254.5,-39.519,0.45374,-0.65126,-0.051112
217.26,-301.11,47.318,0.34628,-0.74857,0.11717
148.9,-303.05,138.26,0.2003,-0.75669,0.29154
65.529,-264.5,216.37,0.023906,-0.68775,0.43549
-16.164,-215.5,263.57,-0.14235,-0.59449,0.5247
-99.604,-164.64,282.61,-0.31063,-0.49716,0.55308
-184.84,-96.042,265.15,-0.48297,-0.35929,0.51253
-256.27,-21.755,230.14,-0.62287,-0.20926,0.44562
-304.75,64.208,187.87,-0.71614,-0.036919,0.35844
-303.69,166.5,120.68,-0.70803,0.17394,0.22057
-264.67,249.35,38.377,-0.6249,0.33817,0.0604
-215.6,296.31,-47.233,-0.52353,0.43549,-0.10788
-149.92,298.15,-141.01,-0.38362,0.4436,-0.28631
-68.158,260.62,-222.37,-0.20926,0.37466,-0.44039
13.678,212.14,-272.07,-0.043006,0.28545,-0.52961
96.905,158.59,-284.7,0.12528,0.17597,-0.54785
182.4,93.366,-264.64,0.29559,0.048238,-0.50325
256.56,21.769,-230.79,0.44157,-0.095719,-0.43837
304.1,-65.233,-187.45,0.53484,-0.26806,-0.34713
302.16,-169.46,-122.53,0.52267,-0.47892,-0.21737
264.87,-256.17,-42.185,0.4436,-0.65734,-0.057194
212.85,-303.14,44.51,0.33614,-0.75263,0.11109
145.69,-302.69,139.27,0.19219,-0.75669,0.29154
67.299,-262.76,220.45,0.027962,-0.68572,0.44562
-11.116,-211.71,269.14,-0.13221,-0.58637,0.53078
-94.815,-159.59,281.85,-0.30455,-0.48702,0.55106
-182.67,-98.472,262.3,-0.48094,-0.36133,0.51051
-259.22,-28.337,229.03,-0.62895,-0.22345,0.44157
-308.45,61.118,186.78,-0.72628,-0.043006,0.35439
-307.46,168.22,121.49,-0.71614,0.17394,0.2226
-268.32,255.05,39.438,-0.63098,0.35033,0.0604
-215.43,301.22,-47.54,-0.52149,0.44562,-0.10991
-147.85,301.08,-141.97,-0.37754,0.44766,-0.28833
-68.276,261.16,-222.89,-0.21129,0.37669,-0.44445
10.54,210.63,-271.46,-0.047056,0.27937,-0.52758
93.909,157.93,-285.12,0.1192,0.17799,-0.55191
181.1,94.31,-266.25,0.29154,0.048238,-0.50933
256.68,21.887,-233.34,0.4436,-0.089638,-0.44243
306.22,-66.742,-191.11,0.53686,-0.27211,-0.35524
306.58,-171.58,-122.79,0.53281,-0.485,-0.21939
268.62,-255.99,-37.443,0.45171,-0.65937,-0.049087
216.56,-301.73,48.615,0.34223,-0.74857,0.1192
147.36,-302.62,140.05,0.19421,-0.75669,0.29356
63.548,-263.37,217.57,0.01985,-0.68572,0.43954
-17.25,-215.1,264.23,-0.14235,-0.59449,0.5247
-101.54,-163.49,282.51,-0.31874,-0.49311,0.55308
-186.84,-93.824,264.11,-0.48702,-0.35119,0.51253
-257.54,-20.08,229.36,-0.6249,-0.20521,0.4436
-305.6,65.978,187.16,-0.72019,-0.032869,0.35439
-302.93,168.86,118.58,-0.70803,0.17799,0.21652
-263.35,250.88,36.254,-0.6249,0.34223,0.054319
-214.99,296.88,-48.649,-0.52149,0.43752,-0.10991
-148.41,297.66,-142.99,-0.37957,0.44157,-0.29036
-66.247,259.49,-223.71,-0.20926,0.37264,-0.44445
14.786,211.62,-272.73,-0.040975,0.28545,-0.53163
98.886,157.23,-284.48,0.13136,0.17394,-0.54785
184.4,91.314,-263.63,0.30167,0.044181,-0.50325
257.89,20.165,-230.15,0.4436,-0.099775,-0.43837
304.76,-67.096,-186.63,0.53281,-0.27819,-0.3451
301.48,-171.96,-120.43,0.52267,-0.48702,-0.21331
263.48,-257.71,-40.18,0.44157,-0.65734,-0.055169
212.05,-303.69,45.996,0.33209,-0.75466,0.11717
143.99,-302.1,141.35,0.18813,-0.75466,0.29762
65.6,-261.72,221.7,0.023906,-0.68167,0.44562
-12.296,-211.26,269.78,-0.13829,-0.5884,0.53281
-96.867,-158.23,281.62,-0.30861,-0.48094,0.55308
-184.72,-96.49,261.28,-0.485,-0.35727,0.50848
-260.51,-26.874,228.42,-0.63098,-0.21939,0.43954
-309.18,63.217,185.86,-0.72424,-0.036919,0.35236
-306.71,170.77,119.34,-0.71411,0.18205,0.21652
-266.98,256.54,37.598,-0.62895,0.35236,0.058375
-214.54,301.72,-49.073,-0.51947,0.44766,-0.11397
-146.03,300.37,-144.05,-0.37551,0.44766,-0.29441
-66.648,260.17,-224.07,-0.20723,0.37669,-0.44445
11.767,210.12,-272.1,-0.047056,0.27937,-0.53163
95.985,156.47,-284.91,0.12325,0.17597,-0.54988
183.1,92.281,-265.28,0.29964,0.046206,-0.5073
257.96,20.542,-232.87,0.44562,-0.097744,-0.44243
306.88,-68.866,-189.98,0.54092,-0.27819,-0.35321
306.01,-173.98,-120.62,0.52876,-0.48906,-0.21331
267.53,-257.45,-35.721,0.44968,-0.65937,-0.043006
215.61,-302.29,50.148,0.34019,-0.75466,0.12325
145.38,-301.96,142.17,0.19219,-0.75263,0.29762
62.132,-262.64,218.58,0.021875,-0.68369,0.44157
-18.453,-214.61,264.92,-0.14843,-0.59449,0.52673
-103.64,-161.72,282.37,-0.3228,-0.49108,0.55308
-188.71,-91.701,263.1,-0.49108,-0.34916,0.51051
-258.84,-18.83,228.96,-0.6249,-0.20115,0.44157
-306.16,68.077,186.08,-0.72019,-0.026781,0.35439
-302.22,171.12,116.51,-0.70803,0.18002,0.21449
-262.43,252.2,34.885,-0.62287,0.34425,0.050263
-214.11,297.4,-50.229,-0.51744,0.43752,-0.11397
-146.43,296.98,-145.16,-0.37551,0.44157,-0.29644
-64.997,258.97,-224.75,-0.20723,0.36452,-0.44243
16.06,211.06,-273.37,-0.03895,0.2814,-0.53366
101.17,155.46,-284.13,0.13744,0.17394,-0.54785
186.34,89.356,-262.64,0.30573,0.04215,-0.49919
259.09,18.962,-229.71,0.44766,-0.1018,-0.43229
305.37,-69.267,-185.38,0.53484,-0.28022,-0.34308
300.89,-174.22,-118.55,0.52267,-0.49108,-0.21129
262.77,-259.05,-39.024,0.43954,-0.66139,-0.053144
211.01,-304.2,47.671,0.33006,-0.75263,0.1192
142.08,-301.37,143.45,0.18611,-0.75466,0.29964
64.609,-261.2,222.71,0.021875,-0.67964,0.44968
-13.569,-210.64,270.41,-0.13829,-0.58637,0.53686
-99.203,-156.43,281.29,-0.31266,-0.47689,0.54903
-186.65,-94.556,260.39,-0.48702,-0.35321,0.50443
-261.81,-25.577,227.95,-0.63301,-0.21129,0.43954
-309.8,65.553,184.59,-0.72628,-0.032869,0.35236
-306.23,172.98,117.5,-0.71411,0.18611,0.21449
-266.27,257.81,36.442,-0.62692,0.35642,0.054319
-213.36,302.24,-50.842,-0.51744,0.44766,-0.11397
-144.05,299.66,-146.12,-0.36943,0.44562,-0.30049
-65.728,259.8,-225.03,-0.20521,0.37466,-0.44243
13.064,209.48,-272.73,-0.045031,0.27734,-0.53163
98.296,154.56,-284.48,0.12934,0.17191,-0.55394
184.92,90.37,-264.38,0.3037,0.04215,-0.50528
259.23,19.221,-232.39,0.44562,-0.099775,-0.43837
307.54,-71.295,-188.56,0.53889,-0.28428,-0.34713
305.4,-176.25,-118.67,0.53078,-0.49514,-0.20926
266.78,-258.67,-34.518,0.44968,-0.66139,-0.043006
214.38,-302.74,51.941,0.33614,-0.75061,0.12731
143.31,-301.16,144.11,0.18813,-0.75466,0.30167
61.071,-262.14,219.48,0.017825,-0.68369,0.44157
-19.821,-213.97,265.62,-0.14843,-0.59246,0.52876
-106.02,-159.81,282.11,-0.32686,-0.485,0.55308
-190.43,-89.885,262.18,-0.49716,-0.3451,0.50848
-260,-17.462,228.37,-0.63301,-0.19709,0.44157
-306.66,70.507,184.52,-0.72222,-0.024756,0.34831
-301.49,173.2,114.62,-0.70397,0.18407,0.21044
-261.79,253.45,33.753,-0.61881,0.34831,0.050263
-212.91,297.9,-52.069,-0.51744,0.43752,-0.11802
-144.57,296.24,-147.04,-0.36943,0.44157,-0.29847
-64.053,258.5,-225.74,-0.20115,0.36858,-0.44851
17.523,210.23,-273.99,-0.034894,0.2814,-0.53163
103.32,153.62,-283.68,0.13947,0.16786,-0.54785
188.01,87.728,-261.93,0.30776,0.036069,-0.50122
260.34,17.499,-229.05,0.44766,-0.10383,-0.43431
305.7,-71.814,-183.73,0.53686,-0.28428,-0.34105
300.23,-176.3,-116.71,0.51862,-0.49514,-0.20318
261.97,-260.21,-37.915,0.43752,-0.66342,-0.051112
209.64,-304.58,49.629,0.326,-0.75466,0.1192
140.29,-300.62,145.24,0.18002,-0.75466,0.3037
63.76,-260.7,223.68,0.021875,-0.68167,0.44968
-15.008,-209.82,271,-0.14235,-0.58435,0.53281
-101.3,-154.85,280.91,-0.31672,-0.47689,0.55106
-188.23,-93.352,259.8,-0.48906,-0.35321,0.50443
-263.02,-23.973,227.24,-0.63504,-0.21534,0.43752
-310.13,68.101,182.89,-0.72628,-0.022731,0.34628
-305.6,174.99,115.82,-0.71208,0.19219,0.21246
-265.42,258.95,35.31,-0.62895,0.35844,0.054319
-211.92,302.57,-52.824,-0.51339,0.44968,-0.11802
-142.47,299.03,-147.85,-0.36741,0.4436,-0.29847
-64.855,259.35,-226,-0.20318,0.37264,-0.44648
14.574,208.58,-273.32,-0.03895,0.27734,-0.53366
100.16,152.96,-284.18,0.13136,0.16786,-0.54988
186.34,89.308,-263.94,0.3037,0.040125,-0.50528
260.46,17.57,-231.59,0.44968,-0.10586,-0.43837
307.97,-73.678,-186.94,0.54092,-0.28833,-0.3451
304.95,-178,-117.13,0.53078,-0.49716,-0.20723
266.02,-259.81,-33.362,0.4436,-0.66545,-0.03895
212.95,-303.07,53.946,0.33411,-0.75466,0.12934
141.92,-300.71,145.62,0.18407,-0.75466,0.3037
60.245,-261.72,220.33,0.013769,-0.68167,0.4436
-21.378,-213.03,266.28,-0.15452,-0.59043,0.52876
-107.95,-158.2,281.97,-0.32888,-0.48094,0.55308
-191.61,-88.752,261.68,-0.49514,-0.34308,0.50645
-261.03,-15.881,227.5,-0.63098,-0.19709,0.43954
-306.94,72.724,182.96,-0.72019,-0.0207,0.34628
-301.14,174.78,113.32,-0.70194,0.18813,0.20638
-261.06,254.61,32.503,-0.61679,0.35033,0.044181
-211.38,298.25,-54.121,-0.51136,0.44157,-0.12005
-143.46,295.84,-148.41,-0.36943,0.43752,-0.30455
-63.251,258.03,-226.62,-0.19912,0.37061,-0.44851
19.198,209.1,-274.55,-0.032869,0.27937,-0.53569
105.21,152.08,-283.35,0.14556,0.16786,-0.54583
189.31,86.831,-261.48,0.31181,0.036069,-0.50122
261.47,15.777,-228.13,0.45171,-0.10788,-0.43229
305.99,-73.937,-182.31,0.53686,-0.28833,-0.33699
299.95,-177.74,-115.76,0.51659,-0.49716,-0.20115
261.19,-261.39,-36.712,0.43549,-0.66545,-0.047056
208.04,-304.91,51.682,0.32195,-0.75466,0.12528
139.49,-300.36,146.54,0.18002,-0.74857,0.30776
62.864,-260.14,224.62,0.017825,-0.67964,0.45374
-16.825,-208.52,271.5,-0.14438,-0.58232,0.53686
-103.07,-153.41,280.63,-0.32078,-0.47486,0.55106
-189.48,-92.432,259.32,-0.49108,-0.35321,0.50239
-264.12,-22.274,226.3,-0.63706,-0.20926,0.43549
-310.43,70.177,181.5,-0.72628,-0.024756,0.34223
-305.45,176.26,115,-0.71208,0.19219,0.20841
-264.6,260.08,34.06,-0.6249,0.36047,0.050263
-210.27,302.83,-54.9,-0.50933,0.44766,-0.12208
-141.62,298.67,-148.98,-0.36538,0.4436,-0.30253
-63.935,258.69,-226.9,-0.19912,0.37264,-0.44851
16.296,207.28,-273.75,-0.034894,0.27531,-0.53366
101.83,151.61,-283.89,0.13947,0.16583,-0.54583
187.59,88.388,-263.51,0.30776,0.0381,-0.50325
261.57,15.824,-230.6,0.45171,-0.10788,-0.43431
308.2,-75.66,-185.61,0.54092,-0.29239,-0.34308
304.67,-179.15,-116.35,0.52876,-0.50122,-0.20521
265.01,-260.8,-31.994,0.4436,-0.66545,-0.036919
211.37,-303.21,55.81,0.33006,-0.75263,0.13339
141.14,-300.45,146.59,0.18205,-0.75263,0.30776
59.183,-261.1,221.13,0.013769,-0.67964,0.44562
-23.076,-211.82,266.71,-0.15452,-0.5884,0.52876
-109.49,-156.91,281.69,-0.33294,-0.48094,0.55106
-192.72,-87.856,261.19,-0.49919,-0.34105,0.50645
-261.93,-14.136,226.49,-0.63504,-0.19101,0.43752
-307.22,74.517,181.71,-0.71816,-0.0207,0.34223
-300.97,175.81,112.62,-0.70397,0.19219,0.20435
-260.14,255.62,31.229,-0.61679,0.35236,0.044181
-209.98,298.39,-55.844,-0.50933,0.43954,-0.12208
-142.85,295.61,-149.31,-0.36538,0.43752,-0.30455
-62.331,257.41,-227.46,-0.20115,0.36858,-0.45053
20.825,207.94,-274.95,-0.026781,0.27531,-0.53569
106.55,151,-283.11,0.14556,0.1638,-0.5438
190.37,85.982,-261.06,0.30978,0.034044,-0.49919
262.37,14.079,-226.97,0.45374,-0.11194,-0.43026
306.06,-75.66,-181.06,0.53484,-0.29441,-0.33496
299.78,-178.7,-115.2,0.51659,-0.50122,-0.20115
260.29,-262.33,-35.414,0.43549,-0.66951,-0.045031
206.79,-304.98,53.215,0.32195,-0.75669,0.12731
138.87,-300.1,147.41,0.17597,-0.75263,0.30978
61.944,-259.55,225.45,0.015794,-0.67761,0.45374
-18.24,-207.44,271.76,-0.15046,-0.57826,0.53686
-104.25,-152.66,280.41,-0.3228,-0.47486,0.547
-190.55,-91.654,258.95,-0.49311,-0.34916,0.50037
-265,-20.363,225.19,-0.63909,-0.20723,0.43549
-310.55,71.804,180.37,-0.72424,-0.022731,0.34223
-305.22,177.25,114.43,-0.71006,0.19219,0.20841
-263.72,260.98,32.691,-0.62287,0.3625,0.044181
-209.13,302.94,-56.221,-0.5073,0.44766,-0.12613
-141.17,298.56,-149.85,-0.36741,0.4436,-0.30455
-63.015,258.19,-227.7,-0.19912,0.37061,-0.45256
17.664,206.32,-274.08,-0.036919,0.27531,-0.53366
102.8,151.07,-283.87,0.13744,0.1638,-0.54988
188.67,87.516,-263.13,0.30978,0.0381,-0.50122
262.32,14.079,-229.45,0.45576,-0.11194,-0.43229
308.25,-77.075,-184.65,0.54497,-0.29239,-0.34308
304.5,-180.07,-115.79,0.52876,-0.50122,-0.20318
264.18,-261.69,-30.673,0.44157,-0.66951,-0.036919
210.45,-303.47,56.895,0.33209,-0.75466,0.13744
140.71,-300.29,147.32,0.18002,-0.75061,0.30978
58.24,-260.47,221.89,0.0097125,-0.67761,0.44968
-24.35,-210.95,267.11,-0.1606,-0.58637,0.53078
-110.2,-156.53,281.71,-0.33496,-0.47892,0.55106
-193.61,-86.889,260.72,-0.50122,-0.33902,0.50645
-262.61,-12.602,225.54,-0.63504,-0.19101,0.43549
-307.41,75.697,180.98,-0.72019,-0.0207,0.34223
-300.76,176.73,112.05,-0.70397,0.19016,0.20435
-259.17,256.38,29.837,-0.61071,0.35236,0.040125
-209.3,298.51,-56.74,-0.50933,0.44157,-0.12613
-142.52,295.42,-149.99,-0.36538,0.43549,-0.30455
-61.269,256.82,-228.29,-0.19709,0.37061,-0.45256
22.052,207.14,-275.24,-0.026781,0.27329,-0.53569
107.24,150.74,-283.16,0.14758,0.16583,-0.54583
191.38,85.015,-260.54,0.31789,0.034044,-0.49716
262.98,12.592,-226.1,0.45171,-0.11397,-0.4262
306.27,-76.509,-180.57,0.53686,-0.29441,-0.33496
299.69,-179.65,-114.63,0.51862,-0.50122,-0.20115
259.35,-263.23,-33.975,0.43143,-0.66951,-0.040975
206.29,-305.22,53.994,0.32398,-0.75669,0.12934
138.54,-299.98,148.17,0.17597,-0.75263,0.31181
60.835,-258.82,226.27,0.013769,-0.67356,0.45576
-19.326,-206.68,272.02,-0.15046,-0.57624,0.53686
-104.82,-152.54,280.49,-0.32482,-0.47284,0.54903
-191.56,-90.757,258.45,-0.49716,-0.34713,0.50239
-265.68,-19.019,224.39,-0.63909,-0.19912,0.43143
-310.81,72.512,180.13,-0.7283,-0.022731,0.34223
-305.1,178.13,113.87,-0.70803,0.19421,0.21044
-262.76,261.75,31.323,-0.62287,0.36656,0.044181
-208.71,303.16,-56.716,-0.5073,0.44968,-0.12816
-140.86,298.32,-150.54,-0.36335,0.4436,-0.30658
-61.859,257.34,-228.46,-0.19709,0.37264,-0.45053
18.726,205.59,-274.32,-0.030838,0.27329,-0.53163
103.37,150.95,-283.96,0.13947,0.1638,-0.54988
189.57,86.643,-262.64,0.30776,0.036069,-0.50122
262.84,12.781,-228.67,0.45576,-0.11397,-0.43229
308.44,-77.594,-184.51,0.54092,-0.29644,-0.33902
304.34,-180.94,-115.1,0.5247,-0.50528,-0.20115
263.26,-262.4,-29.281,0.43954,-0.66951,-0.030838
210.21,-303.71,57.296,0.32803,-0.75466,0.13542
140.29,-300.15,148.03,0.18002,-0.75061,0.31181
56.99,-259.67,222.62,0.0056562,-0.67559,0.44766
-25.294,-210.34,267.27,-0.1606,-0.58637,0.52876
-110.72,-156.34,281.81,-0.33496,-0.48094,0.55106
-194.48,-85.756,260.13,-0.50325,-0.33496,0.50443
-263.18,-11.423,224.76,-0.63504,-0.18898,0.43143
-307.65,76.145,180.89,-0.72222,-0.018675,0.34223
-300.45,177.51,111.39,-0.69992,0.19219,0.20232
-258.32,256.97,28.705,-0.61273,0.35439,0.040125
-209.28,298.74,-57.047,-0.5073,0.4436,-0.12613
-142.18,295.28,-150.7,-0.36335,0.43752,-0.30658
-60.09,256.09,-229,-0.19507,0.36858,-0.45459
22.901,206.51,-275.45,-0.022731,0.27531,-0.53771
107.69,150.57,-283.16,0.14758,0.1638,-0.5438
192.21,83.93,-259.93,0.31586,0.029988,-0.49514
263.43,11.484,-225.36,0.45576,-0.11802,-0.42417
306.48,-76.91,-180.52,0.53686,-0.29441,-0.33091
299.45,-180.43,-114.04,0.51659,-0.50325,-0.20115
258.59,-263.79,-32.984,0.42941,-0.67153,-0.03895
206.22,-305.45,54.206,0.31992,-0.75871,0.13136
138.14,-299.82,148.83,0.17394,-0.75061,0.31181
59.75,-258.06,226.89,0.011738,-0.67356,0.45779
-20.057,-206.23,272.18,-0.15046,-0.57624,0.53686
-105.31,-152.35,280.51,-0.32482,-0.47284,0.54903
-192.48,-89.578,257.84,-0.49919,-0.3451,0.50443
-266.11,-17.957,223.73,-0.64112,-0.20115,0.42738
-310.95,72.89,180.13,-0.7283,-0.022731,0.34223
-304.84,178.88,113.21,-0.71006,0.19421,0.20638
-262.1,262.27,30.474,-0.61881,0.36452,0.04215
-208.73,303.39,-57,-0.50528,0.44968,-0.12613
-140.34,298.18,-151.29,-0.36133,0.4436,-0.30861
-60.821,256.66,-229.07,-0.19507,0.36858,-0.45053
19.292,205.3,-274.5,-0.028813,0.26923,-0.53366
103.86,150.71,-283.99,0.1415,0.1638,-0.54785
190.42,85.322,-261.91,0.31181,0.029988,-0.50122
263.26,11.885,-228.13,0.45576,-0.11599,-0.43229
308.75,-77.901,-184.53,0.54092,-0.29847,-0.33902
304.15,-181.75,-114.4,0.52673,-0.50933,-0.20115
262.77,-262.92,-28.479,0.43954,-0.66748,-0.030838
210.23,-303.92,57.509,0.33006,-0.75466,0.13947
139.67,-299.89,148.8,0.17597,-0.75263,0.31181
56.046,-259.05,223.14,0.0056562,-0.67964,0.45171
-25.648,-210.2,267.49,-0.16263,-0.58637,0.53078
-111.3,-155.96,281.83,-0.33699,-0.48094,0.55308
-195.36,-84.577,259.54,-0.50528,-0.33496,0.50443
-263.63,-10.597,224.32,-0.64112,-0.18696,0.43346
-307.86,76.522,180.91,-0.72222,-0.018675,0.34223
-300.08,178.29,110.54,-0.70194,0.19624,0.2003
-257.83,257.46,28.044,-0.61273,0.35439,0.0381
-209.3,299.03,-57.306,-0.50528,0.43954,-0.12816
-141.5,295.11,-151.5,-0.36335,0.43752,-0.30658
-59.075,255.53,-229.56,-0.19101,0.36858,-0.45256
23.137,206.62,-275.68,-0.022731,0.27126,-0.53569
108.35,150.27,-283.07,0.14961,0.1638,-0.54785
193.08,82.868,-259.34,0.31586,0.025931,-0.49514
263.88,10.87,-225.11,0.45779,-0.11802,-0.42215
306.69,-77.405,-180.5,0.53686,-0.29644,-0.33294
299.05,-181.42,-112.96,0.52064,-0.50528,-0.19912
258.26,-264.22,-32.465,0.43143,-0.67153,-0.040975
206.13,-305.67,54.536,0.31992,-0.75871,0.13136
137.46,-299.53,149.75,0.17799,-0.75061,0.31384
58.924,-257.52,227.41,0.0097125,-0.67356,0.45779
-20.222,-206.37,272.46,-0.15046,-0.57826,0.54092
-106,-151.95,280.46,-0.32686,-0.47284,0.55106
-193.35,-88.564,257.34,-0.50122,-0.3451,0.50037
-266.51,-17.485,223.61,-0.64518,-0.20115,0.43143
-311.19,73.479,179.94,-0.7283,-0.0207,0.34223
-304.42,179.99,112.05,-0.70803,0.19827,0.20232
-261.88,262.7,30.096,-0.61881,0.36452,0.04215
-208.59,303.6,-57.283,-0.50528,0.45171,-0.12816
-139.59,297.94,-152.21,-0.35929,0.4436,-0.30658
-59.925,256.16,-229.63,-0.19304,0.36656,-0.45256
19.457,205.51,-274.74,-0.030838,0.27531,-0.53366
104.57,150.24,-283.89,0.14352,0.16786,-0.54785
191.2,84.378,-261.46,0.31181,0.029988,-0.49919
263.67,11.602,-228.15,0.45576,-0.11599,-0.43026
309.01,-78.585,-184.25,0.54497,-0.29847,-0.33902
303.77,-182.83,-113.19,0.52876,-0.50933,-0.19709
262.58,-263.32,-28.266,0.43752,-0.66748,-0.030838
210.12,-304.2,57.91,0.32803,-0.75466,0.13542
138.8,-299.56,149.79,0.17597,-0.75061,0.31384
55.15,-258.53,223.59,0.0036313,-0.67356,0.44968
-25.813,-210.41,267.82,-0.16263,-0.58435,0.53078
-112.15,-155.42,281.85,-0.33699,-0.47689,0.55106
-196.11,-83.61,259.02,-0.50528,-0.33294,0.50443
-263.96,-10.479,224.39,-0.64112,-0.18898,0.43143
-308,77.23,180.49,-0.72424,-0.012594,0.34019
-299.65,179.28,109.48,-0.70397,0.19624,0.2003
-257.99,257.89,27.95,-0.61476,0.35642,0.040125
-209.21,299.33,-57.778,-0.50528,0.44562,-0.12816
-140.49,294.71,-152.68,-0.36133,0.43752,-0.31063
-58.25,255.03,-230.18,-0.19101,0.36452,-0.45459
23.302,206.6,-275.99,-0.022731,0.27531,-0.53771
109.29,149.44,-282.97,0.15164,0.16178,-0.54583
193.91,81.877,-258.84,0.31992,0.025931,-0.49311
264.3,10.634,-225.15,0.45576,-0.11802,-0.42417
306.88,-78.231,-180.09,0.53686,-0.29847,-0.33294
298.7,-182.48,-111.94,0.51659,-0.50933,-0.19709
258.31,-264.71,-32.395,0.42941,-0.67153,-0.040975
205.94,-305.97,55.102,0.31789,-0.76074,0.13339
136.3,-299.13,150.93,0.17191,-0.74857,0.31586
58.075,-256.98,228.09,0.0097125,-0.67153,0.46184
-20.576,-206.33,272.77,-0.15249,-0.57826,0.54092
-107.13,-151.03,280.34,-0.32686,-0.46878,0.54903
-194.23,-87.644,256.82,-0.50122,-0.33902,0.49631
-266.93,-17.202,223.66,-0.64314,-0.20115,0.42941
-311.4,74.447,179.45,-0.7283,-0.0207,0.33817
-304.11,181.03,111.01,-0.70803,0.2003,0.2003
-261.84,263.24,29.955,-0.61881,0.36656,0.040125
-208.33,303.93,-58.061,-0.50933,0.45171,-0.13019
-138.43,297.47,-153.44,-0.35727,0.4436,-0.31063
-59.146,255.72,-230.25,-0.19101,0.36858,-0.45661
19.882,205.42,-275.16,-0.030838,0.27126,-0.53569
105.77,149.2,-283.61,0.14556,0.16583,-0.54785
192.07,83.364,-260.92,0.31384,0.029988,-0.49514
264.26,11.224,-228.17,0.45576,-0.11802,-0.43229
309.31,-79.764,-183.63,0.54092,-0.30049,-0.33902
303.42,-183.99,-112.11,0.52673,-0.50933,-0.19507
262.6,-263.89,-28.03,0.44157,-0.67356,-0.028813
209.62,-304.51,58.806,0.32803,-0.75466,0.1415
137.55,-299.18,151.04,0.17191,-0.75061,0.31586
54.418,-258.25,224.2,0.0036313,-0.67559,0.45374
-26.426,-210.2,268.27,-0.1606,-0.58637,0.53281
-113.48,-154.19,281.71,-0.34105,-0.47689,0.55106
-197.03,-82.477,258.48,-0.50528,-0.32888,0.49834
-264.48,-10.007,224.34,-0.63909,-0.1829,0.43346
-308.26,78.504,179.73,-0.72424,-0.0085375,0.34019
-299.37,180.44,108.37,-0.69992,0.19827,0.19624
-257.85,258.59,27.619,-0.61273,0.35844,0.0381
-208.57,299.71,-58.887,-0.50528,0.4436,-0.13221
-139.31,294.29,-153.96,-0.35524,0.43752,-0.31063
-57.66,254.77,-230.77,-0.18898,0.36452,-0.45661
24.034,206.32,-276.34,-0.0207,0.27329,-0.53771
110.68,148.24,-282.71,0.15164,0.15975,-0.54583
194.88,80.816,-258.42,0.31789,0.021875,-0.49108
264.92,10.115,-224.99,0.45576,-0.12005,-0.4262
307.07,-79.694,-179.06,0.53889,-0.30049,-0.33091
298.41,-183.63,-111.02,0.51659,-0.50933,-0.19507
258.15,-265.47,-31.899,0.43346,-0.67153,-0.036919
205.18,-306.4,56.305,0.31789,-0.75871,0.13744
135.14,-298.76,152.25,0.16989,-0.74655,0.31789
57.65,-256.83,228.7,0.0076813,-0.67153,0.46184
-21.401,-205.95,273.22,-0.15249,-0.57624,0.54294
-108.52,-149.92,280.08,-0.33294,-0.46675,0.54903
-195.15,-86.841,256.59,-0.50325,-0.34105,0.49631
-267.69,-16.424,223.44,-0.64518,-0.19709,0.43346
-311.61,76.192,178.29,-0.7283,-0.018675,0.33817
-303.9,182.18,110.21,-0.71208,0.20232,0.2003
-261.65,264.09,29.389,-0.61881,0.36858,0.040125
-207.55,304.36,-59.382,-0.50325,0.45171,-0.13221
-137.21,297.07,-154.85,-0.35524,0.4436,-0.31672
-58.651,255.57,-230.93,-0.19304,0.36656,-0.45661
20.873,204.93,-275.61,-0.028813,0.26923,-0.53569
107.21,147.95,-283.49,0.14758,0.15772,-0.54583
193.08,82.632,-260.77,0.31586,0.027962,-0.49716
265.1,10.233,-227.79,0.45779,-0.12005,-0.43229
309.5,-81.581,-182.31,0.54092,-0.30253,-0.33699
303.34,-185.07,-111.35,0.52673,-0.51136,-0.19304
262.34,-264.81,-27.323,0.43954,-0.67356,-0.026781
208.68,-304.91,60.292,0.326,-0.75669,0.14352
136.23,-298.78,152.46,0.17191,-0.75061,0.31992
53.876,-258.04,224.88,-0.000425,-0.67356,0.45374
-27.535,-209.63,268.81,-0.16871,-0.58435,0.53281
-114.96,-152.99,281.55,-0.34308,-0.47081,0.55308
-197.91,-81.817,258.24,-0.5073,-0.32888,0.50037
-265.35,-8.9457,223.92,-0.64112,-0.1829,0.42738
-308.52,80.439,178.41,-0.72222,-0.0024563,0.33817
-297.95,181.52,107.73,-0.69992,0.2003,0.19624
-257.59,259.58,26.865,-0.61071,0.36047,0.034044
-207.41,300.16,-60.609,-0.50325,0.4436,-0.13424
-137.89,293.84,-155.54,-0.35524,0.43346,-0.31469
-57.047,254.58,-231.64,-0.18898,0.3625,-0.46067
25.355,205.54,-276.89,-0.018675,0.27126,-0.53974
112.26,146.99,-282.5,0.15569,0.15569,-0.5438
195.89,80.297,-258.25,0.32195,0.025931,-0.49311
265.88,8.8414,-224.47,0.45982,-0.12005,-0.42417
307.28,-81.746,-177.76,0.53889,-0.30455,-0.32686
298.41,-184.79,-110.46,0.51456,-0.51339,-0.19304
257.79,-266.58,-31.026,0.42941,-0.67559,-0.034894
203.86,-306.75,58.287,0.31384,-0.76074,0.13947
133.71,-298.17,153.95,0.16583,-0.74857,0.32398
56.895,-256.48,229.72,0.0056562,-0.67559,0.46184
-22.888,-205.05,273.74,-0.15654,-0.57624,0.54092
-110.13,-148.67,279.87,-0.33496,-0.46675,0.54497
-196.28,-86.252,256.4,-0.50528,-0.33699,0.49631
-268.8,-14.985,222.81,-0.64314,-0.19507,0.42941
-311.9,78.386,176.88,-0.73033,-0.0044813,0.33209
-303.9,183.53,109.53,-0.71006,0.20435,0.2003
-261.15,265.32,28.233,-0.61881,0.36858,0.036069
-205.97,304.81,-61.529,-0.50325,0.45576,-0.13627
-135.65,296.46,-156.67,-0.35321,0.44157,-0.34308
-57.731,255.13,-232.02,-0.18898,0.36452,-0.45864
22.5,203.86,-276.13,-0.024756,0.26923,-0.53974
108.91,146.54,-283.26,0.15164,0.15569,-0.5438
194.33,81.925,-260.63,0.31992,0.027962,-0.49919
266.21,8.6292,-227.11,0.45982,-0.12208,-0.43026
309.74,-83.822,-180.87,0.54294,-0.31063,-0.33294
303.25,-186.51,-110.48,0.5247,-0.51541,-0.19304
261.68,-266.08,-25.954,0.43752,-0.67761,-0.026781
207.12,-305.38,62.439,0.32195,-0.75871,0.14758
134.6,-298.24,154.21,0.16786,-0.74655,0.32195
52.885,-257.42,225.97,-0.000425,-0.67356,0.45374
-29.328,-208.54,269.42,-0.17074,-0.58232,0.53484
-116.71,-151.6,281.38,-0.3451,-0.47081,0.54903
-199.16,-80.944,258,-0.51136,-0.32888,0.49834
-266.48,-7.1764,223.07,-0.64314,-0.17884,0.43143
-308.78,82.703,176.9,-0.72424,0.0036313,0.33411
-299.13,183.06,106.74,-0.69789,0.20232,0.19624
-256.74,260.93,25.19,-0.60665,0.36452,0.032012
-205.93,300.54,-62.85,-0.50122,0.44562,-0.13829
-136.55,293.41,-157.28,-0.35321,0.43752,-0.31874
-55.82,253.9,-232.87,-0.18493,0.36656,-0.46067
27.336,204.22,-277.43,-0.014619,0.26923,-0.53974
114.03,145.5,-282.27,0.15975,0.15366,-0.54583
197.28,79.33,-257.9,0.32398,0.021875,-0.49108
267.09,6.8363,-223.38,0.46184,-0.12411,-0.42215
307.47,-84.058,-176.27,0.53686,-0.30861,-0.32078
298.23,-186.56,-109.46,0.51659,-0.51339,-0.19304
256.89,-268.06,-29.328,0.42738,-0.67964,-0.030838
202.31,-307.27,60.457,0.31181,-0.76074,0.1415
132.48,-297.76,155.62,0.1638,-0.74857,0.326
55.645,-255.7,230.99,0.0036313,-0.66748,0.4659
-24.987,-203.57,274.19,-0.1606,-0.57218,0.54497
-111.97,-147.42,279.61,-0.33091,-0.4627,0.547
-197.76,-85.261,256.09,-0.50933,-0.33699,0.49834
-270.05,-12.72,221.65,-0.64923,-0.18898,0.42738
-312.11,80.792,175.41,-0.73033,0.0016,0.33006
-303.59,185.3,108.42,-0.706,0.20841,0.19624
-260.18,266.73,26.487,-0.61476,0.37466,0.036069
-204.44,305.23,-63.676,-0.50122,0.45374,-0.13829
-134.38,296.01,-158.42,-0.34916,0.4436,-0.32078
-56.245,254.09,-233.41,-0.1829,0.36047,-0.4627
24.647,202.38,-276.67,-0.0207,0.26721,-0.53771
110.73,145.57,-283.11,0.15164,0.15164,-0.5438
195.91,80.816,-260.21,0.32195,0.023906,-0.49716
267.46,6.2701,-225.81,0.46184,-0.12816,-0.42417
310.11,-86.039,-179.53,0.54497,-0.31469,-0.32888
302.99,-188.33,-109.23,0.5247,-0.51744,-0.18898
260.67,-267.66,-23.973,0.43549,-0.68167,-0.0207
205.47,-305.86,64.633,0.31789,-0.76074,0.14961
133.3,-297.76,155.86,0.16583,-0.74452,0.32398
51.116,-256.32,227.29,-0.0044813,-0.67153,0.45982
-31.38,-207.15,269.94,-0.17682,-0.58029,0.53484
-118.31,-150.47,281.36,-0.34916,-0.46878,0.55106
-200.67,-79.623,257.46,-0.51136,-0.32686,0.50037
-267.78,-4.7938,221.67,-0.6472,-0.17479,0.42738
-309.09,84.756,175.7,-0.72424,0.0076813,0.33006
-298.78,184.8,105.44,-0.69586,0.20638,0.18813
-255.63,262.49,23.208,-0.60665,0.36656,0.027962
-204.32,301.03,-65.138,-0.49716,0.4436,-0.14235
-135.25,292.94,-159.03,-0.35119,0.43346,-0.32482
-54.051,252.79,-234.31,-0.18088,0.35844,-0.46473
29.365,202.87,-278,-0.010563,0.26721,-0.54177
115.52,144.6,-282.15,0.1638,0.15164,-0.54177
198.93,78.056,-257.33,0.32803,0.017825,-0.49108
268.31,4.3357,-222.02,0.46184,-0.13221,-0.42012
307.8,-86.11,-175.21,0.53889,-0.31266,-0.3228
297.94,-188.47,-108.14,0.51456,-0.51947,-0.18898
255.46,-269.67,-26.992,0.42535,-0.68775,-0.026781
200.63,-307.63,62.793,0.30776,-0.76479,0.14758
131.18,-297.25,157.51,0.16178,-0.74655,0.33006
53.852,-254.4,232.48,-0.000425,-0.66748,0.46996
-26.969,-202.29,274.78,-0.16668,-0.57218,0.54092
-113.5,-146.74,279.61,-0.34105,-0.4627,0.547
-199.58,-83.893,255.5,-0.50933,-0.33496,0.49631
-271.39,-10.125,220.28,-0.65126,-0.18493,0.42333
-312.51,82.963,174.47,-0.73033,0.0016,0.33006
-303.24,187.4,106.91,-0.706,0.21246,0.19624
-258.79,268.43,24.034,-0.61476,0.37872,0.027962
-202.77,305.68,-66.082,-0.49311,0.45576,-0.14641
-133.08,295.49,-160.35,-0.3451,0.43752,-0.32686
-54.31,252.79,-234.94,-0.18088,0.36047,-0.46473
26.629,201.06,-277.26,-0.014619,0.26721,-0.54177
112.21,144.89,-283.19,0.15772,0.15366,-0.54583
197.61,79.259,-259.59,0.32803,0.01985,-0.49716
268.86,3.6516,-224.4,0.46793,-0.13019,-0.42417
310.59,-88.21,-178.51,0.54497,-0.31672,-0.32888
302.59,-190.62,-107.41,0.52673,-0.52353,-0.18493
259.18,-269.29,-21.449,0.43143,-0.68572,-0.018675
203.79,-306.33,66.968,0.31384,-0.76277,0.13947
131.79,-297.17,157.82,0.1638,-0.74655,0.33006
48.969,-254.92,228.78,-0.010563,-0.67153,0.45982
-33.48,-205.86,270.62,-0.17884,-0.57624,0.53686
-119.94,-149.59,281.45,-0.35321,-0.46473,0.55106
-202.51,-77.806,256.61,-0.51744,-0.3228,0.49631
-269.05,-2.2225,220.21,-0.6472,-0.16871,0.42535
-309.44,86.973,174.64,-0.72424,0.0097125,0.33006
-298.19,187.04,103.63,-0.69789,0.21246,0.18611
-254.24,264.16,20.637,-0.60259,0.36858,0.021875
-202.74,301.53,-67.474,-0.49514,0.44562,-0.14641
-133.72,292.33,-161.15,-0.34713,0.42941,-0.32888
-51.668,251.26,-235.98,-0.17479,0.36047,-0.46473
31.488,201.34,-278.51,-0.0044813,0.26315,-0.53974
117.07,143.71,-282.03,0.16583,0.14961,-0.5438
200.84,76.239,-256.5,0.33209,0.017825,-0.48906
269.7,1.7879,-220.69,0.4659,-0.13829,-0.41809
308.11,-88.446,-174.06,0.53686,-0.31874,-0.32078
297.33,-190.83,-106.23,0.51456,-0.52353,-0.18493
254.11,-271.37,-24.492,0.42535,-0.68775,-0.022731
199.07,-308.14,65.034,0.30573,-0.76277,0.15164
129.58,-296.49,159.8,0.16178,-0.74655,0.33209
51.399,-252.66,234.22,-0.0044813,-0.66545,0.47198
-29.116,-200.83,275.32,-0.17276,-0.57016,0.54294
-115.22,-145.84,279.47,-0.34105,-0.45864,0.547
-201.59,-82.123,254.61,-0.51541,-0.33294,0.49429
-272.78,-7.5775,219.01,-0.65328,-0.17884,0.42129
-312.79,85.416,173.24,-0.73033,0.0076813,0.32803
-302.53,189.95,104.9,-0.70397,0.21652,0.18813
-257.31,270.11,21.58,-0.61071,0.38074,0.025931
-201.33,306.25,-68.134,-0.48906,0.45779,-0.14843
-131.24,294.69,-162.68,-0.34105,0.43954,-0.32888
-51.786,250.95,-236.57,-0.17479,0.35844,-0.46878
28.752,199.64,-277.76,-0.012594,0.26113,-0.54177
113.96,143.87,-283.02,0.15975,0.15164,-0.54583
199.66,77.301,-258.63,0.33411,0.015794,-0.49514
270.15,1.2453,-223.19,0.46793,-0.13829,-0.42215
310.92,-90.663,-177.19,0.54497,-0.32078,-0.32482
301.76,-193.07,-105.17,0.52267,-0.52961,-0.17884
257.67,-270.82,-18.901,0.42941,-0.68775,-0.012594
202.5,-306.82,68.95,0.31181,-0.76074,0.15772
129.79,-296.42,160.06,0.15772,-0.74249,0.33411
46.421,-253.2,230.28,-0.014619,-0.66748,0.46387
-35.391,-204.63,271.21,-0.1829,-0.57218,0.53686
-121.64,-148.46,281.33,-0.35524,-0.46473,0.54903
-204.39,-75.66,255.43,-0.52353,-0.31874,0.49631
-270.19,-0.1229,219.13,-0.64923,-0.16466,0.42129
-309.7,89.379,173.27,-0.72424,0.015794,0.326
-297.29,189.4,101.32,-0.69586,0.21652,0.18205
-252.85,265.67,18.207,-0.59854,0.37061,0.017825
-201.56,302.05,-69.361,-0.49108,0.44968,-0.15046
-131.71,291.41,-163.42,-0.34105,0.43143,-0.33091
-49.333,249.61,-237.47,-0.17276,0.35642,-0.47081
33.187,200.3,-278.94,-0.0044813,0.26113,-0.5438
118.89,142.55,-281.79,0.16583,0.14758,-0.5438
202.85,74.14,-255.4,0.33411,0.013769,-0.48702
270.88,-0.26448,-219.77,0.46793,-0.14033,-0.41404
308.32,-90.852,-172.78,0.54092,-0.32482,-0.31672
296.48,-193.33,-103.97,0.51253,-0.52961,-0.17884
252.7,-272.85,-22.18,0.41927,-0.68978,-0.018675
197.94,-308.62,66.921,0.30167,-0.76479,0.15569
127.6,-295.57,162.06,0.15366,-0.74452,0.33614
49.181,-251.03,235.71,-0.010563,-0.66342,0.47401
-30.625,-199.96,275.79,-0.17276,-0.5661,0.54497
-116.94,-144.8,279.26,-0.34916,-0.45864,0.547
-203.61,-80.118,253.55,-0.51744,-0.32482,0.49226
-273.99,-5.7375,218.89,-0.65734,-0.17479,0.41927
-313.05,87.917,172.02,-0.73236,0.011738,0.32398
-301.61,192.4,102.47,-0.70194,0.2226,0.18407
-255.91,271.5,19.245,-0.60463,0.38074,0.01985
-200.26,306.67,-69.998,-0.49108,0.45779,-0.15249
-129.26,293.77,-164.95,-0.33699,0.43549,-0.33294
-49.592,249.39,-238.08,-0.17074,0.35236,-0.47081
30.096,198.96,-278.25,-0.0065062,0.26113,-0.53974
115.75,142.69,-282.76,0.16178,0.14758,-0.54583
201.6,75.225,-257.64,0.33614,0.015794,-0.49108
271.4,-0.38243,-222.65,0.46996,-0.13829,-0.42012
311.15,-93.069,-175.94,0.54497,-0.32686,-0.32078
300.8,-195.52,-102.69,0.52064,-0.53366,-0.17682
256.31,-272.22,-16.636,0.42535,-0.68775,-0.0085375
201.46,-307.32,70.648,0.31181,-0.76277,0.16178
127.6,-295.48,162.27,0.15366,-0.74452,0.33817
44.251,-251.69,231.75,-0.014619,-0.66139,0.4659
-36.665,-203.99,271.85,-0.18696,-0.57218,0.53889
-123.48,-147.19,281.08,-0.36133,-0.46067,0.54903
-206.09,-73.584,254.42,-0.52149,-0.31469,0.49429
-271.27,1.434,218.63,-0.65126,-0.16263,0.41927
-309.91,91.715,171.95,-0.72222,0.021875,0.32195
-296.25,191.81,98.792,-0.69181,0.22057,0.17597
-251.6,267.02,16.107,-0.60057,0.37466,0.015794
-200.59,302.54,-71.107,-0.48702,0.44766,-0.15654
-129.56,290.42,-165.66,-0.34105,0.43143,-0.33294
-47.233,248.19,-238.81,-0.16668,0.35439,-0.47081
34.39,199.64,-279.43,-0.000425,0.25909,-0.5438
120.71,141.33,-281.51,0.17191,0.14758,-0.5438
204.67,72.205,-254.43,0.33817,0.013769,-0.48702
271.97,-1.6799,-219.23,0.47198,-0.14235,-0.40998
308.35,-93.235,-171.39,0.53686,-0.32686,-0.31469
295.49,-195.76,-101.56,0.50848,-0.53366,-0.17479
251.59,-274.15,-20.198,0.41724,-0.69383,-0.014619
196.86,-308.99,68.714,0.29964,-0.76682,0.15772
125.4,-294.46,164.42,0.14961,-0.74249,0.34019
47.2,-249.5,237.06,-0.012594,-0.65937,0.47401
-31.805,-199.23,276.26,-0.17276,-0.56407,0.54497
-118.78,-143.55,278.86,-0.34916,-0.45459,0.547
-205.34,-78.396,252.67,-0.52353,-0.32482,0.49226
-275,-4.2984,217.88,-0.65734,-0.17479,0.42129
-313.12,90.441,170.53,-0.73236,0.017825,0.32195
-300.6,194.69,100.18,-0.70194,0.22666,0.17799
-254.78,272.77,17.334,-0.60665,0.3848,0.015794
-199.23,307.1,-71.673,-0.485,0.45982,-0.15654
-127.06,292.63,-167.17,-0.33496,0.43143,-0.33902
-47.563,247.91,-239.31,-0.16871,0.35236,-0.47486
31.347,198.3,-278.75,-0.0065062,0.25909,-0.54177
117.55,141.37,-282.43,0.16989,0.14758,-0.5438
203.23,73.55,-256.74,0.33614,0.013769,-0.49108
272.32,-1.7979,-222.18,0.47198,-0.14438,-0.42012
311.11,-95.428,-174.36,0.54497,-0.33496,-0.31874
299.78,-197.6,-100.41,0.51659,-0.53974,-0.17074
255.41,-273.28,-14.961,0.42738,-0.68775,-0.0024563
200.37,-307.72,72.347,0.30978,-0.76277,0.16786
125.24,-294.39,164.42,0.14961,-0.74047,0.34019
42.316,-250.25,232.83,-0.018675,-0.65937,0.4659
-37.844,-203.36,272.35,-0.18493,-0.57016,0.53889
-125.2,-145.65,280.7,-0.36335,-0.45864,0.54903
-207.41,-72.003,253.69,-0.52758,-0.31063,0.49226
-272.22,2.7079,218.21,-0.65126,-0.16263,0.41927
-309.98,94.027,170.41,-0.72222,0.025931,0.31789
-295.19,193.74,96.692,-0.68775,0.22666,0.17394
-250.82,267.98,14.715,-0.59651,0.37466,0.013769
-199.46,302.8,-72.805,-0.48702,0.44968,-0.1606
-127.39,289.43,-167.66,-0.33091,0.42738,-0.33699
-46.03,247.06,-239.85,-0.1606,0.35033,-0.47081
35.546,198.93,-279.81,0.0016,0.25707,-0.5438
122.41,139.84,-280.97,0.17597,0.14352,-0.53974
205.92,70.908,-253.74,0.34223,0.011738,-0.485
272.75,-2.9065,-218.74,0.47401,-0.14641,-0.40998
308.3,-95.499,-169.93,0.53889,-0.33496,-0.31266
294.69,-197.6,-99.651,0.50443,-0.53974,-0.17276
250.86,-275.14,-18.807,0.41521,-0.69789,-0.012594
195.75,-309.21,70.436,0.29762,-0.76479,0.16178
123.47,-293.45,166.19,0.14556,-0.74047,0.34425
45.831,-248.46,237.9,-0.016644,-0.65937,0.47807
-32.89,-198.59,276.62,-0.18088,-0.56407,0.54497
-120.53,-142.16,278.34,-0.35524,-0.45053,0.53889
-206.52,-77.335,252.25,-0.52758,-0.32078,0.49023
-275.9,-3.1189,217.52,-0.66139,-0.17074,0.41927
-313.12,92.588,169.14,-0.73033,0.023906,0.31789
-299.82,196.5,98.249,-0.69992,0.23274,0.17597
-254.19,273.6,16.225,-0.60259,0.38886,0.015794
-198.05,307.28,-73.395,-0.485,0.45779,-0.1606
-125.27,291.74,-168.87,-0.32888,0.43346,-0.34105
-46.478,247.06,-240.18,-0.16466,0.34831,-0.47689
32.385,197.64,-279.1,-0.0044813,0.25707,-0.53974
119.34,139.93,-281.89,0.17191,0.1415,-0.54177
204.22,72.748,-256.5,0.34019,0.013769,-0.49108
273.03,-2.883,-221.8,0.47401,-0.14235,-0.41606
311.03,-97.528,-172.88,0.547,-0.33902,-0.31672
299.12,-199.25,-98.542,0.51659,-0.53974,-0.16668
254.84,-274.15,-13.923,0.42129,-0.69181,-0.0024563
199.22,-307.88,73.904,0.30573,-0.75871,0.16786
123.54,-293.61,165.91,0.14556,-0.74047,0.34223
41.349,-249.62,233.47,-0.0207,-0.65734,0.46793
-38.858,-202.72,272.63,-0.18898,-0.57016,0.53889
-126.71,-144.17,280.23,-0.36943,-0.45459,0.547
-208.4,-71.46,253.45,-0.52758,-0.31063,0.48821
-272.99,3.7223,217.83,-0.65531,-0.1606,0.41927
-309.8,96.055,168.83,-0.72222,0.029988,0.31586
-294.32,195.14,95.017,-0.68572,0.23071,0.16786
-250.32,268.71,13.748,-0.59651,0.37669,0.011738
-198.38,302.99,-74.409,-0.485,0.44766,-0.16466
-125.88,288.72,-169.1,-0.33091,0.42535,-0.34105
-44.732,246.52,-240.56,-0.16263,0.34831,-0.47486
36.49,198.23,-280.1,0.0036313,0.25909,-0.5438
123.82,138.4,-280.47,0.18002,0.1415,-0.53974
206.67,70.413,-253.6,0.34223,0.0016,-0.48297
273.5,-3.8974,-218.41,0.47401,-0.14438,-0.41201
308.16,-97.481,-168.42,0.53686,-0.33902,-0.30861
293.98,-199.06,-98.118,0.50443,-0.54177,-0.16668
250.38,-275.78,-17.887,0.41521,-0.69789,-0.0044813
194.64,-309.32,71.946,0.29356,-0.76885,0.1638
122,-292.74,167.51,0.13947,-0.73641,0.34628
45.265,-248.01,238.54,-0.014619,-0.65531,0.48009
-33.904,-197.83,276.83,-0.18088,-0.56204,0.547
-121.94,-140.89,277.87,-0.35727,-0.44648,0.54092
-207.22,-76.981,252.15,-0.52555,-0.32078,0.49023
-276.53,-2.1517,217.17,-0.66139,-0.16871,0.41927
-312.93,94.498,167.75,-0.73033,0.027962,0.31789
-299.09,197.82,96.881,-0.69789,0.23679,0.17191
-253.72,274.19,15.47,-0.60259,0.38886,0.013769
-197.01,307.33,-74.787,-0.48297,0.45779,-0.16466
-123.93,291.05,-170.12,-0.32482,0.43346,-0.3451
-45.888,246.63,-240.75,-0.16466,0.35236,-0.47486
33.423,196.9,-279.29,-0.000425,0.25707,-0.5438
120.5,138.78,-281.44,0.17191,0.1415,-0.54177
204.88,72.465,-256.36,0.33817,0.013769,-0.48906
273.6,-3.7794,-221.45,0.47604,-0.14641,-0.41809
310.94,-99.227,-171.58,0.54294,-0.33902,-0.31469
298.6,-200.38,-97.363,0.51659,-0.5438,-0.16466
254.47,-274.72,-13.168,0.42333,-0.69383,-0.0024563
198.04,-307.88,75.319,0.30167,-0.76277,0.16989
122.24,-292.88,166.94,0.1415,-0.73844,0.34628
40.901,-249.24,233.87,-0.018675,-0.65937,0.4659
-39.708,-202.08,272.84,-0.19304,-0.56812,0.53889
-127.77,-143.13,279.94,-0.37146,-0.45256,0.54497
-208.83,-71.036,253.4,-0.52961,-0.31063,0.49023
-273.54,4.548,217.43,-0.65937,-0.15857,0.41521
-309.63,97.542,167.63,-0.72424,0.032012,0.31181
-293.87,196.03,94.097,-0.68775,0.23071,0.16786
-250.04,269.23,13.064,-0.59449,0.37872,0.0097125
-197.27,303.01,-75.778,-0.48297,0.45171,-0.1606
-124.63,288.15,-170.19,-0.32686,0.42738,-0.34308
-44.402,246.23,-241.01,-0.16263,0.35033,-0.47486
37.362,197.52,-280.24,0.0076813,0.25707,-0.54583
124.74,137.55,-280.1,0.18205,0.13744,-0.53771
207.12,70.342,-253.58,0.34425,0.0036313,-0.485
274.07,-4.723,-218.05,0.47604,-0.14843,-0.41404
308.11,-98.92,-167.38,0.53889,-0.33902,-0.30658
293.72,-199.86,-97.457,0.50645,-0.53974,-0.16668
250.01,-276.32,-17.179,0.41521,-0.69789,-0.0065062
193.46,-309.3,73.267,0.29154,-0.76277,0.16786
121.06,-292.2,168.45,0.14352,-0.73844,0.35033
44.982,-247.78,238.99,-0.018675,-0.65328,0.48009
-34.801,-197.2,277.02,-0.1829,-0.55799,0.54497
-122.77,-140.23,277.65,-0.36133,-0.45053,0.54092
-207.77,-76.933,252.22,-0.52758,-0.32482,0.49226
-277.1,-1.3496,216.89,-0.66342,-0.16871,0.41724
-312.91,95.914,166.78,-0.7283,0.029988,0.31384
-298.97,198.56,96.386,-0.69789,0.23679,0.17191
-253.37,274.75,14.645,-0.60057,0.39088,0.0097125
-195.9,307.43,-76.131,-0.47892,0.45982,-0.16466
-123.08,290.7,-170.87,-0.32482,0.42941,-0.34308
-45.605,246.44,-241.26,-0.16263,0.34831,-0.47689
34.343,196.22,-279.53,-0.000425,0.25099,-0.5438
121.25,138.24,-281.37,0.17394,0.1415,-0.5438
205.33,72.371,-256.53,0.34223,0.013769,-0.48906
274.28,-4.6759,-221.07,0.47604,-0.15046,-0.41809
311.11,-100.52,-170.68,0.54294,-0.34308,-0.31469
298.58,-201.11,-96.844,0.51456,-0.54583,-0.16466
254.06,-275.33,-12.343,0.41927,-0.69383,0.0036313
197.07,-308.03,76.57,0.29964,-0.76479,0.17191
121.53,-292.72,167.65,0.1415,-0.73844,0.34831
40.571,-249.05,234.37,-0.018675,-0.65734,0.46793
-40.911,-201.3,273.17,-0.19304,-0.5661,0.53889
-128.5,-142.7,279.97,-0.36741,-0.45256,0.54903
-209.44,-70.871,253.43,-0.52961,-0.31063,0.49226
-274.15,5.586,216.96,-0.65734,-0.15452,0.41724
-309.63,98.91,166.71,-0.72424,0.036069,0.31384
-293.9,196.79,93.696,-0.68572,0.23071,0.16583
-249.69,269.94,12.144,-0.59651,0.37872,0.0036313
-196.33,303.23,-77.051,-0.48094,0.45171,-0.16466
-124.09,288.03,-170.85,-0.32888,0.42738,-0.3451
-43.86,245.97,-241.62,-0.1606,0.34425,-0.47689
38.66,196.62,-280.5,0.0076813,0.25301,-0.54785
125.4,137.27,-280.19,0.18407,0.13744,-0.53974
207.87,70.082,-253.72,0.34425,0.0036313,-0.48297
274.8,-5.9734,-217.49,0.47604,-0.14843,-0.40998
308.16,-100.41,-166.48,0.53889,-0.34105,-0.30658
293.65,-200.71,-97.009,0.50443,-0.54583,-0.16668
249.51,-277.05,-16.141,0.41319,-0.69992,-0.0044813
192.47,-309.51,74.564,0.29154,-0.76479,0.16989
120.64,-292.15,169.19,0.13947,-0.73844,0.35033
44.322,-247.35,239.77,-0.018675,-0.65531,0.48212
-36.24,-196.21,277.28,-0.18493,-0.55799,0.547
-123.55,-140.11,277.8,-0.36133,-0.44851,0.54092
-208.59,-76.65,252.22,-0.52961,-0.3228,0.49023
-277.97,0.04225,216.2,-0.66748,-0.16668,0.41521
-313.03,97.542,165.79,-0.73033,0.032012,0.31181
-298.85,199.57,95.749,-0.69181,0.23679,0.17394
-252.82,275.74,13.371,-0.60057,0.39088,0.0097125
-194.93,307.61,-77.547,-0.47689,0.45982,-0.16668
-122.63,290.65,-171.74,-0.3228,0.42941,-0.3451
-44.756,245.9,-242.11,-0.1606,0.34831,-0.47689
35.758,195.14,-279.76,0.0036313,0.25301,-0.54177
121.93,138.19,-281.51,0.17597,0.1415,-0.53974
206.32,71.922,-256.53,0.34223,0.013769,-0.48702
275.15,-6.1856,-220.34,0.47807,-0.15249,-0.41606
311.25,-102.25,-169.64,0.54497,-0.3451,-0.31469
298.37,-202.2,-96.16,0.51456,-0.54583,-0.1606
253.36,-276.16,-10.904,0.41724,-0.69789,0.0036313
196.01,-308.26,78.056,0.29762,-0.76479,0.17799
121.01,-292.65,168.5,0.13744,-0.74047,0.35033
39.509,-248.48,235.24,-0.030838,-0.65531,0.47401
-42.303,-200.36,273.55,-0.19912,-0.5661,0.53889
-129.23,-142.52,280.08,-0.37146,-0.45053,0.547
-210.41,-70.352,253.33,-0.53163,-0.30861,0.49226
-275.02,7.1901,216.2,-0.65937,-0.15249,0.41724
-309.8,100.66,165.65,-0.72222,0.0381,0.31181
-293.78,198.01,92.847,-0.68369,0.23679,0.16583
-248.88,270.98,10.516,-0.59043,0.38277,0.0056562
-195.29,303.49,-78.726,-0.47892,0.44968,-0.17074
-123.55,287.94,-171.89,-0.32686,0.42535,-0.34713
-42.751,245.34,-242.61,-0.15857,0.34628,-0.47892
40.099,195.58,-280.83,0.0097125,0.24896,-0.54785
126.25,137.1,-280.45,0.18611,0.13744,-0.54177
209.08,69.375,-253.63,0.35033,0.0016,-0.48702
275.84,-7.7426,-216.71,0.48009,-0.15452,-0.40998
308.25,-102.2,-165.49,0.53889,-0.34713,-0.30253
293.41,-202.18,-96.065,0.50239,-0.54988,-0.16871
248.54,-278.21,-14.277,0.40913,-0.69992,-0.0024563
191.34,-309.8,76.405,0.28748,-0.76682,0.17191
120.07,-291.98,170.39,0.13744,-0.74047,0.35236
43.095,-246.6,240.9,-0.0207,-0.65126,0.48415
-37.726,-195.19,277.75,-0.18898,-0.55799,0.547
-124.49,-139.92,277.98,-0.36538,-0.44851,0.54497
-209.98,-75.778,252.08,-0.53163,-0.31874,0.48821
-279.15,1.953,215.42,-0.66951,-0.1606,0.41319
-313.29,99.476,164.94,-0.7283,0.034044,0.31181
-298.52,201.34,94.546,-0.69586,0.24287,0.16583
-251.69,276.88,11.271,-0.59854,0.39494,0.0016
-193.71,307.94,-79.505,-0.47284,0.45982,-0.17276
-121.97,290.51,-173.21,-0.32078,0.42941,-0.34713
-43.199,244.96,-243.39,-0.15857,0.34425,-0.48094
37.339,194.19,-280.33,0.0056562,0.24896,-0.54583
123.21,137.81,-281.82,0.17799,0.13947,-0.53974
207.99,70.743,-256.29,0.34628,0.0056562,-0.48906
276.45,-8.238,-219.54,0.48009,-0.15452,-0.41606
311.51,-104.23,-168.72,0.547,-0.34916,-0.30861
297.94,-204.18,-94.556,0.51253,-0.55191,-0.15857
252.11,-277.55,-8.4976,0.42129,-0.69992,0.0076813
195.18,-308.73,80.014,0.29559,-0.76479,0.18002
119.98,-292.48,170.08,0.13744,-0.73844,0.35033
37.598,-247.33,236.7,-0.034894,-0.65328,0.47604
-44.096,-199.39,274.26,-0.19912,-0.56204,0.54497
-130.74,-141.85,280.25,-0.37551,-0.45256,0.547
-212.08,-68.866,252.86,-0.53569,-0.30455,0.49023
-276.41,9.3133,215.35,-0.66139,-0.14843,0.41521
-310.22,102.8,164.68,-0.72424,0.044181,0.31181
-293.07,200.16,91.031,-0.68775,0.24085,0.16178
-247.59,272.44,7.9922,-0.5884,0.38683,-0.000425
-194.06,304.01,-80.755,-0.47689,0.45171,-0.17276
-122.35,287.61,-173.8,-0.3228,0.42535,-0.34916
-40.463,243.99,-244.24,-0.15452,0.34628,-0.48094
41.868,194.64,-281.53,0.013769,0.25099,-0.54583
127.93,136.32,-280.47,0.18813,0.13339,-0.53974
211.06,67.723,-253.01,0.35236,-0.0024563,-0.485
277.28,-9.9365,-215.76,0.48415,-0.15654,-0.4039
308.56,-104.58,-164.53,0.53889,-0.34916,-0.30049
292.63,-204.75,-93.966,0.50239,-0.55394,-0.15654
247.06,-279.74,-11.588,0.40711,-0.706,0.0036313
190.13,-310.31,78.48,0.28951,-0.76682,0.17597
118.58,-291.54,172.56,0.13339,-0.73641,0.35642
40.641,-244.92,242.67,-0.022731,-0.65328,0.48821
-39.495,-194.3,278.43,-0.19101,-0.56002,0.55106
-126.47,-139.05,277.87,-0.36943,-0.44445,0.54294
-212.23,-73.961,251.35,-0.53771,-0.31266,0.49023
-280.78,4.43,214.38,-0.67356,-0.15452,0.41319
-313.62,102.14,163.85,-0.73033,0.04215,0.30776
-297.6,204.08,92.116,-0.69383,0.24896,0.16178
-250.11,278.48,8.3696,-0.59449,0.39697,-0.0024563
-192.5,308.49,-81.628,-0.47486,0.45982,-0.17682
-120.17,289.9,-175.54,-0.31874,0.42941,-0.35524
-40.604,243.14,-245.25,-0.15452,0.34223,-0.47892
39.179,193.3,-281.11,0.0097125,0.2449,-0.54583
125.4,136.75,-281.68,0.18407,0.13744,-0.5438
210.4,68.596,-255.32,0.35236,-0.000425,-0.48702
278.1,-10.833,-218.45,0.48415,-0.1606,-0.41201
311.88,-106.96,-167.4,0.547,-0.35524,-0.30658
296.88,-207.06,-91.772,0.50848,-0.55596,-0.15249
250.43,-279.22,-5.5251,0.41116,-0.70397,0.011738
193.51,-309.23,82.255,0.29154,-0.76682,0.18611
117.81,-291.68,172.58,0.13542,-0.73844,0.35642
34.767,-245.53,238.45,-0.040975,-0.64923,0.47604
-45.865,-198.57,275.2,-0.20723,-0.56407,0.54294
-133.03,-140.42,280.11,-0.37754,-0.44851,0.547
-214.49,-66.412,251.73,-0.54177,-0.29847,0.49023
-278.11,11.908,214.17,-0.66748,-0.14235,0.41116
-310.5,105.77,163.19,-0.72628,0.046206,0.30776
-291.7,203.18,87.94,-0.68167,0.24287,0.15569
-245.89,274.14,4.949,-0.58435,0.38683,-0.0085375
-192.81,304.55,-83.185,-0.47284,0.45374,-0.17884
-120.03,286.76,-176.44,-0.32078,0.42535,-0.35524
-37.537,242.2,-246.15,-0.14843,0.34223,-0.48297
43.708,193.63,-282.34,0.015794,0.24693,-0.54785
130.43,134.72,-280.1,0.19624,0.13136,-0.53569
213.63,65.246,-251.86,0.35642,-0.0085375,-0.47892
279.47,-12.744,-214.56,0.48617,-0.16466,-0.40187
308.7,-107.81,-162.94,0.54092,-0.35929,-0.30049
291.2,-208.07,-90.687,0.49834,-0.55799,-0.15452
245.24,-281.46,-8.3088,0.40507,-0.706,0.0076813
188.72,-310.69,81.123,0.28342,-0.76682,0.18205
116.27,-290.47,175.39,0.13136,-0.73438,0.36047
37.787,-242.94,244.6,-0.032869,-0.64518,0.49023
-41.501,-193.21,279.33,-0.19709,-0.55191,0.55106
-129.33,-137.4,277.47,-0.37146,-0.44243,0.54294
-214.91,-71.46,250.12,-0.54177,-0.31266,0.48821
-282.57,7.1194,213.37,-0.67356,-0.15046,0.41116
-313.83,105.54,162.13,-0.73236,0.048238,0.30573
-295.9,207.54,88.554,-0.68978,0.25099,0.15772
-248.08,280.11,5.0198,-0.58637,0.40102,-0.0065062
-190.95,308.86,-84.365,-0.46675,0.46184,-0.18493
-117.65,288.77,-178.44,-0.31672,0.42738,-0.35727
-37.726,241.28,-247.19,-0.14641,0.34019,-0.485
41.396,192.07,-282.08,0.013769,0.24693,-0.54988
128.37,134.77,-281.18,0.18813,0.13542,-0.54177
212.99,66.025,-254.22,0.35642,-0.0044813,-0.485
279.87,-13.31,-217.6,0.48821,-0.16668,-0.40998
312.07,-110.48,-165.49,0.54497,-0.36335,-0.30455
295.21,-210.41,-88.068,0.50848,-0.56204,-0.14641
248.43,-280.87,-2.1988,0.40711,-0.70803,0.013769
191.86,-309.61,85.015,0.28951,-0.76682,0.19016
114.9,-290.5,175.51,0.12934,-0.73438,0.36047
31.889,-243.74,240.24,-0.045031,-0.6472,0.48009
-48.224,-197.34,276.12,-0.20926,-0.56002,0.54497
-136.07,-138.2,279.54,-0.38565,-0.44243,0.54497
-216.97,-63.841,250.41,-0.5438,-0.29239,0.48415
-279.86,14.244,213.46,-0.66951,-0.13627,0.41116
-310.48,109.34,160.98,-0.72424,0.054319,0.3037
-289.7,206.39,84.237,-0.67559,0.25099,0.14758
-244.07,275.7,1.8823,-0.58232,0.39088,-0.014619
-191.04,304.85,-86.134,-0.46878,0.45374,-0.1829
-116.87,285.39,-179.6,-0.31063,0.42333,-0.36133
-34.777,240.64,-247.96,-0.14033,0.33817,-0.49108
46.044,192.14,-282.97,0.015794,0.24693,-0.55191
133.42,132.41,-279.36,0.19827,0.12731,-0.53569
216.13,62.769,-250.68,0.3625,-0.010563,-0.47892
280.67,-14.891,-213.76,0.48821,-0.16668,-0.40187
308.58,-111.47,-160.77,0.54092,-0.36335,-0.29239
289.38,-211.3,-87.243,0.49631,-0.5661,-0.14843
243.52,-282.93,-5.36,0.39899,-0.70803,0.011738
186.78,-310.86,84.189,0.27734,-0.76885,0.18813
113.23,-288.94,178.39,0.12528,-0.73236,0.36656
35.428,-241.38,246.33,-0.036919,-0.64314,0.49226
-43.836,-191.8,279.97,-0.20115,-0.54785,0.55106
-132.42,-135.15,276.64,-0.3816,-0.43634,0.53889
-217.44,-69.101,248.92,-0.54583,-0.30455,0.48415
-284.18,9.2661,212.54,-0.67559,-0.14641,0.40507
-313.71,109.22,159.99,-0.73236,0.054319,0.29964
-294.08,210.66,85.109,-0.68775,0.26113,0.14961
-246.45,281.48,2.2597,-0.58637,0.40102,-0.012594
-188.99,308.89,-87.431,-0.46473,0.46184,-0.18696
-114.63,287.26,-181.39,-0.30861,0.42535,-0.36335
-35.65,239.89,-248.79,-0.14438,0.33614,-0.49108
43.637,190.65,-282.67,0.017825,0.2449,-0.54785
131.44,132.34,-280.28,0.19624,0.12934,-0.53771
215.38,63.642,-252.9,0.36047,-0.012594,-0.48094
281.5,-15.48,-216.78,0.49226,-0.16871,-0.40796
312,-113.95,-163.2,0.547,-0.36943,-0.29847
293.44,-213.38,-84.765,0.50239,-0.57016,-0.14033
246.92,-282.08,0.27815,0.40507,-0.70803,0.027962
189.71,-309.63,87.964,0.28342,-0.76885,0.19421
111.72,-288.99,178.2,0.1192,-0.73033,0.36656
29.979,-242.59,241.63,-0.047056,-0.64314,0.48415
-50.465,-195.95,276.92,-0.21331,-0.55799,0.54497
-139.07,-135.49,278.62,-0.39174,-0.43837,0.54294
-219.09,-61.552,249.11,-0.54988,-0.29036,0.48415
-281.25,16.202,212.69,-0.66951,-0.13221,0.40711
-310.24,112.69,158.62,-0.72424,0.064456,0.29762
-288,209.03,81.146,-0.66951,0.25707,0.14556
-242.85,276.83,-0.50039,-0.57624,0.39494,-0.014619
-189.04,304.92,-89.012,-0.46473,0.45374,-0.19101
-113.97,284.05,-182.15,-0.30455,0.41724,-0.36335
-33.008,239.51,-249.33,-0.13627,0.33411,-0.49108
48.19,190.72,-283.44,0.029988,0.2449,-0.55191
136.32,129.88,-278.4,0.20232,0.12528,-0.53771
218.23,60.67,-249.55,0.36452,-0.016644,-0.47486
282.11,-16.872,-212.93,0.49023,-0.17479,-0.40187
308.25,-114.87,-158.51,0.53686,-0.37146,-0.28833
287.7,-213.95,-84.317,0.49023,-0.57218,-0.14033
242.13,-284.01,-3.1189,0.39697,-0.71411,0.011738
184.71,-310.69,87.067,0.27531,-0.77088,0.19624
110.61,-287.57,180.86,0.11717,-0.73033,0.37061
33.942,-240.27,247.69,-0.043006,-0.64314,0.49429
-46.006,-190.36,280.49,-0.20521,-0.54785,0.55308
-135.2,-132.89,275.7,-0.38565,-0.43229,0.53686
-219.42,-67.167,247.91,-0.54988,-0.30253,0.48009
-285.52,11.271,211.74,-0.67964,-0.14235,0.40711
-313.48,112.55,157.72,-0.7283,0.062425,0.29762
-292.5,213.18,82.326,-0.67964,0.26517,0.14556
-245.16,282.42,0.089373,-0.58637,0.40507,-0.016644
-186.98,308.7,-90.215,-0.4627,0.46184,-0.19507
-112.08,285.98,-183.66,-0.30253,0.42333,-0.36538
-34.14,238.82,-250.18,-0.14033,0.33614,-0.49108
45.926,189.14,-283.09,0.017825,0.24085,-0.55191
134.04,130.07,-279.41,0.20232,0.12528,-0.53771
217.26,61.967,-252.12,0.36656,-0.012594,-0.47892
282.84,-17.462,-216,0.49226,-0.17479,-0.40796
311.74,-117.13,-160.87,0.547,-0.37551,-0.29441
291.9,-215.65,-81.982,0.50443,-0.57421,-0.13627
245.71,-283.02,2.3069,0.40507,-0.71006,0.032012
187.63,-309.44,90.724,0.27937,-0.76682,0.20232
109.27,-287.88,180.25,0.11514,-0.73236,0.36858
28.398,-241.67,242.81,-0.053144,-0.64518,0.48617
-52.73,-194.51,277.49,-0.22143,-0.55596,0.547
-141.55,-133.22,277.8,-0.39579,-0.43229,0.54092
-220.67,-60.043,248.36,-0.55394,-0.28833,0.48009
-282.41,18.018,211.77,-0.67559,-0.13019,0.40507
-309.89,115.68,156.38,-0.72424,0.066481,0.29356
-286.54,211.11,78.74,-0.67153,0.26113,0.13947
-241.76,277.82,-2.4584,-0.57624,0.39697,-0.0207
-186.89,304.74,-91.843,-0.4627,0.45374,-0.19507
-111.73,282.99,-184.15,-0.30253,0.41521,-0.36943
-31.475,238.64,-250.61,-0.13221,0.33614,-0.49514
50.384,189.17,-283.87,0.036069,0.23882,-0.54988
138.68,127.86,-277.55,0.21246,0.1192,-0.53163
219.79,59.514,-249,0.37061,-0.016644,-0.47689
283.25,-18.83,-211.94,0.49429,-0.17479,-0.39782
307.87,-117.72,-156.39,0.53686,-0.37551,-0.28428
286.5,-215.91,-82.312,0.49023,-0.57624,-0.13627
240.9,-284.95,-1.1137,0.39494,-0.71411,0.023906
182.54,-310.43,89.898,0.27126,-0.76885,0.2003
108.72,-286.61,182.61,0.11514,-0.7283,0.37669
32.573,-239.33,248.87,-0.043006,-0.63909,0.49834
-48.2,-188.85,280.84,-0.21129,-0.54583,0.55308
-137.49,-131.03,274.87,-0.39174,-0.43026,0.53686
-220.88,-66.176,247.34,-0.55191,-0.29847,0.47807
-286.7,13.276,210.73,-0.68369,-0.13829,0.40507
-313.17,115.26,155.79,-0.7283,0.066481,0.29154
-291.42,214.88,80.604,-0.68167,0.26721,0.1415
-243.88,283.25,-1.9158,-0.58029,0.40711,-0.0207
-184.81,308.3,-92.904,-0.45661,0.45982,-0.19507
-110.53,285.18,-185.17,-0.30049,0.41927,-0.36538
-32.843,237.98,-251.2,-0.13829,0.33411,-0.49514
48.025,187.56,-283.44,0.032012,0.23679,-0.54988
136.21,128.26,-278.66,0.20638,0.12123,-0.53366
218.68,60.929,-251.62,0.36656,-0.014619,-0.47892
283.88,-19.326,-214.94,0.49631,-0.17682,-0.40593
311.46,-119.49,-159.08,0.547,-0.37957,-0.29036
291.05,-217.04,-80.519,0.50037,-0.57624,-0.13221
244.51,-283.78,4.147,0.40102,-0.71208,0.034044
185.49,-309.13,93.107,0.27329,-0.76682,0.20435
107.97,-287.29,181.59,0.11311,-0.7283,0.37264
27.148,-240.91,243.8,-0.055169,-0.64314,0.48821
-54.924,-192.98,277.84,-0.22143,-0.55191,0.54903
-143.51,-131.38,277.02,-0.4039,-0.43026,0.54092
-221.83,-59.099,247.84,-0.55596,-0.28428,0.47807
-283.37,19.787,210.78,-0.67559,-0.12411,0.40507
-309.7,117.9,154.7,-0.72424,0.070537,0.28748
-285.8,212.4,77.49,-0.66748,0.26315,0.13339
-240.56,278.57,-4.1805,-0.57624,0.39697,-0.0207
-184.88,304.38,-94.131,-0.45459,0.45374,-0.19912
-110.83,282.51,-185.31,-0.29847,0.41521,-0.37146
-30.248,237.93,-251.55,-0.13221,0.33209,-0.49311
52.602,187.47,-284.01,0.0381,0.23476,-0.54785
140.48,126.3,-276.93,0.21449,0.11311,-0.53163
220.97,58.665,-248.55,0.37264,-0.018675,-0.47284
284.09,-20.529,-210.93,0.49631,-0.17884,-0.39782
307.59,-119.75,-154.88,0.53686,-0.3816,-0.28225
285.91,-217.16,-81.321,0.49023,-0.57826,-0.13424
239.77,-285.62,0.6792,0.38886,-0.71614,0.027962
180.65,-310.01,92.069,0.26517,-0.76885,0.20232
107.87,-286.16,183.74,0.11311,-0.7283,0.37669
31.465,-238.53,249.75,-0.047056,-0.63909,0.50037
-50.111,-187.34,280.93,-0.21534,-0.53974,0.55106
-139.17,-129.68,273.95,-0.39376,-0.42417,0.53484
-222.09,-65.421,246.94,-0.55596,-0.29847,0.47807
-287.53,15.069,209.64,-0.68369,-0.13627,0.40305
-313,117.19,154.32,-0.7283,0.070537,0.28951
-290.85,216.01,79.684,-0.68167,0.27126,0.1415
-242.8,283.88,-3.5671,-0.57826,0.41116,-0.0207
-183.16,307.97,-94.862,-0.45459,0.45779,-0.20115
-109.77,284.71,-186.23,-0.29847,0.42129,-0.37551
-31.663,237.24,-252.07,-0.13221,0.33411,-0.49514
49.771,186.19,-283.61,0.032012,0.23274,-0.54988
137.67,127.12,-278.25,0.20638,0.1192,-0.53163
219.81,60.151,-251.24,0.37061,-0.018675,-0.48094
284.59,-21.189,-213.78,0.49631,-0.17884,-0.39984
311.2,-121.24,-157.59,0.547,-0.3816,-0.28833
290.58,-218.1,-79.576,0.49631,-0.58029,-0.13019
243.38,-284.44,5.8219,0.39697,-0.71614,0.036069
183.91,-308.88,94.899,0.27126,-0.76682,0.20841
107.12,-286.79,182.51,0.11109,-0.73033,0.37466
25.921,-240.18,244.51,-0.057194,-0.64314,0.49226
-56.598,-191.65,278.01,-0.22345,-0.54988,0.54903
-144.64,-130.3,276.66,-0.4039,-0.4262,0.53889
-222.84,-58.155,247.34,-0.56002,-0.28428,0.47807
-284.13,21.628,209.5,-0.67356,-0.12208,0.40305
-309.39,119.53,153.33,-0.72222,0.076619,0.28951
-285.19,213.32,76.593,-0.66545,0.26517,0.13339
-239.4,279.09,-5.8318,-0.57016,0.39899,-0.0207
-183.63,304.12,-95.688,-0.45256,0.45171,-0.20318
-110.1,282.11,-186.23,-0.29644,0.41521,-0.37349
-28.998,237.13,-252.33,-0.12816,0.33209,-0.49514
54.064,186.29,-284.08,0.040125,0.23476,-0.55394
141.44,125.57,-276.67,0.21652,0.11311,-0.53366
221.93,57.768,-247.99,0.37264,-0.024756,-0.47081
284.61,-22.227,-209.75,0.49631,-0.18493,-0.39376
306.69,-121.14,-153.86,0.53889,-0.38362,-0.27819
285.42,-218.1,-80.496,0.48821,-0.58029,-0.13424
238.57,-286.11,2.3305,0.38683,-0.71614,0.029988
179.45,-309.72,93.46,0.26315,-0.76682,0.20638
107.26,-285.76,184.52,0.11109,-0.72628,0.38074
30.309,-237.75,250.38,-0.049087,-0.63706,0.49834
-51.503,-186.2,281,-0.21737,-0.53974,0.55308
-140.01,-129.23,274.19,-0.39579,-0.4262,0.53484
-223.1,-64.501,246.33,-0.55799,-0.29441,0.47604
-288.07,16.674,208.65,-0.68369,-0.13221,0.40102
-312.82,118.4,153.55,-0.7283,0.076619,0.28748
-290.36,216.89,78.929,-0.67964,0.27329,0.13947
-241.57,284.35,-5.1713,-0.57826,0.40913,-0.022731
-182.34,307.78,-95.971,-0.45053,0.45982,-0.20521
-109.28,284.42,-186.98,-0.29847,0.41724,-0.37349
-30.507,236.35,-252.73,-0.13221,0.33006,-0.49716
51.092,185.13,-283.68,0.034044,0.23071,-0.55191
138.49,126.75,-278.14,0.21044,0.1192,-0.53569
220.66,59.254,-250.65,0.37061,-0.018675,-0.47689
284.99,-22.534,-212.86,0.49834,-0.18493,-0.39984
311.18,-122.01,-157.16,0.54294,-0.38565,-0.28631
290.09,-218.85,-78.844,0.49429,-0.58232,-0.13221
242.17,-284.91,7.426,0.39494,-0.71614,0.040125
183.29,-308.8,95.654,0.26721,-0.76479,0.21246
106.58,-286.56,183.2,0.10703,-0.73033,0.37872
24.694,-239.28,245.12,-0.059225,-0.64112,0.49023
-57.731,-190.83,278.17,-0.22953,-0.54785,0.54903
-145.32,-129.99,276.62,-0.4039,-0.4262,0.53889
-223.67,-57.33,246.85,-0.55799,-0.28225,0.47807
-284.58,22.736,208.79,-0.67761,-0.11802,0.39899
-309.35,120.14,153.12,-0.72222,0.076619,0.28748
-284.65,214.03,75.909,-0.66748,0.26517,0.13339
-238.36,279.45,-7.2708,-0.57016,0.40102,-0.032869
-183.3,304.17,-96.372,-0.45256,0.45576,-0.20318
-109.68,281.95,-186.94,-0.29847,0.41319,-0.37551
-27.747,236.35,-252.99,-0.12613,0.33006,-0.49716
55.197,185.49,-284.18,0.040125,0.23274,-0.55191
142.03,125.33,-276.56,0.21652,0.11311,-0.52961
222.64,56.942,-247.47,0.37466,-0.024756,-0.46878
285.09,-23.312,-209.02,0.50037,-0.18493,-0.39376
307.47,-121.66,-153.74,0.53281,-0.38362,-0.28022
284.99,-218.92,-79.764,0.48821,-0.58232,-0.13221
237.57,-286.49,3.628,0.3848,-0.72019,0.032012
179.33,-309.8,93.979,0.26517,-0.76682,0.20841
106.93,-285.57,185.23,0.10906,-0.72628,0.37872
29.153,-236.88,250.97,-0.051112,-0.63504,0.50037
-52.541,-185.45,281.12,-0.21939,-0.53974,0.55308
-140.63,-129.09,274.19,-0.39579,-0.42417,0.53281
-223.93,-63.511,245.76,-0.55799,-0.29036,0.47604
-288.45,17.782,207.94,-0.68369,-0.13019,0.39899
-312.89,118.82,153.57,-0.7283,0.076619,0.29154
-289.93,217.66,78.245,-0.67761,0.27531,0.13542
-240.6,284.66,-6.4923,-0.57624,0.40913,-0.022731
-182.17,307.83,-96.466,-0.44851,0.46184,-0.20318
-108.85,284.19,-187.69,-0.29441,0.41927,-0.37754
-29.281,235.5,-253.3,-0.13221,0.32803,-0.49514
51.988,185.58,-283.8,0.036069,0.22868,-0.54988
139.08,126.6,-278.11,0.20841,0.11514,-0.53569
221.49,58.193,-250.02,0.37466,-0.018675,-0.47486
285.42,-23.525,-212.2,0.50037,-0.18696,-0.39984
311.39,-122.56,-157.09,0.54497,-0.38565,-0.28833
289.78,-219.66,-78.089,0.49631,-0.58232,-0.12816
241.3,-285.24,8.5584,0.39494,-0.71411,0.044181
183.2,-308.83,96.244,0.26923,-0.76479,0.21246
106.08,-286.25,183.91,0.10906,-0.7283,0.37466
23.468,-238.58,245.62,-0.063281,-0.64112,0.49226
-58.58,-190.36,278.41,-0.23156,-0.54583,0.55106
-145.94,-129.63,276.62,-0.40593,-0.42417,0.54092
-224.54,-56.221,246.11,-0.55799,-0.27617,0.47604
-284.95,23.656,208.18,-0.67964,-0.12005,0.39697
-309.51,120.54,153.14,-0.72424,0.076619,0.28748
-284.25,214.76,75.083,-0.66342,0.26721,0.13339
-237.66,279.87,-8.356,-0.5661,0.39899,-0.032869
-183.23,304.26,-96.891,-0.45256,0.45171,-0.20318
-108.97,281.64,-187.69,-0.29239,0.41521,-0.37551
-26.544,235.59,-253.56,-0.12411,0.32803,-0.49716
55.786,185.13,-284.34,0.044181,0.23274,-0.55191
142.72,125,-276.49,0.21854,0.11311,-0.52961
223.56,55.786,-246.76,0.37669,-0.024756,-0.46878
285.49,-24.256,-208.45,0.49834,-0.18696,-0.39376
307.64,-122.25,-153.72,0.53484,-0.38565,-0.28225
284.47,-219.77,-78.844,0.48617,-0.58435,-0.13019
236.87,-286.87,4.6896,0.38683,-0.71816,0.036069
179.21,-309.8,94.475,0.26315,-0.76682,0.20435
106.22,-285.17,186.05,0.10906,-0.72222,0.38074
28.021,-236.15,251.49,-0.051112,-0.63098,0.50037
-53.013,-185.36,281.33,-0.21939,-0.53771,0.55308
-141.41,-128.69,274.09,-0.39579,-0.42417,0.53484
-224.82,-62.331,245.01,-0.56204,-0.29036,0.47198
-288.82,18.443,207.5,-0.68572,-0.12613,0.40102
-313.03,119.41,153.47,-0.73033,0.074594,0.28545
-289.41,218.63,77.183,-0.67761,0.27531,0.13339
-240.06,285.09,-7.4595,-0.57218,0.41116,-0.034894
-182.03,307.9,-97.103,-0.45053,0.46184,-0.20521
-108.05,283.81,-188.54,-0.29239,0.41927,-0.37957
-28.29,234.91,-253.86,-0.12816,0.326,-0.49716
52.413,184.52,-284.11,0.0381,0.23071,-0.54988
139.89,125.99,-278,0.21246,0.11514,-0.53366
222.31,56.99,-249.33,0.37466,-0.022731,-0.47486
285.89,-24.185,-211.99,0.49834,-0.1829,-0.39984
311.58,-123.24,-156.91,0.54497,-0.38565,-0.28428
289.14,-220.69,-76.863,0.49226,-0.58435,-0.12613
240.9,-285.57,9.1717,0.39291,-0.72019,0.044181
183.01,-308.88,96.857,0.27126,-0.76479,0.21246
105.18,-285.9,184.78,0.10501,-0.72424,0.37669
22.43,-238.03,246.18,-0.065306,-0.63706,0.49023
-58.958,-190.36,278.83,-0.22953,-0.54785,0.547
-146.95,-128.95,276.45,-0.40796,-0.42417,0.54092
-225.32,-55.065,245.43,-0.56204,-0.27617,0.47401
-285.28,24.128,208.11,-0.68167,-0.11802,0.39899
-309.56,121.3,152.86,-0.72019,0.07865,0.28545
-283.59,215.8,73.88,-0.66545,0.26923,0.12528
-237.49,280.25,-8.8985,-0.57016,0.40305,-0.010563
-183.04,304.43,-97.575,-0.45053,0.45374,-0.20723
-107.95,281.29,-188.75,-0.29441,0.41319,-0.37754
-25.459,235.05,-254.19,-0.12208,0.326,-0.50122
56.187,185.13,-284.67,0.044181,0.23274,-0.55191
143.76,124.2,-276.32,0.22057,0.10906,-0.53163
224.46,54.725,-246.22,0.38074,-0.028813,-0.46878
285.98,-24.563,-208.62,0.49834,-0.18696,-0.39174
307.78,-123.1,-153.37,0.53484,-0.38971,-0.28022
283.84,-220.86,-77.641,0.48415,-0.58435,-0.12816
236.8,-287.24,5.1377,0.38683,-0.72019,0.0381
179.05,-309.98,95.3,0.26113,-0.76682,0.21449
105.04,-284.7,187.23,0.10906,-0.72628,0.38277
26.935,-235.56,252.25,-0.055169,-0.63301,0.50239
-53.532,-185.38,281.78,-0.22143,-0.53771,0.55308
-142.56,-127.87,273.88,-0.40187,-0.42417,0.53484
-225.81,-61.317,244.51,-0.56407,-0.28833,0.47401
-289.39,18.915,207.66,-0.68775,-0.12411,0.39697
-313.22,120.52,153.05,-0.73033,0.076619,0.28748
-288.8,219.81,75.862,-0.67559,0.27734,0.13136
-240.01,285.63,-7.837,-0.57218,0.40913,-0.032869
-181.72,308.11,-98.118,-0.45053,0.45982,-0.20926
-106.68,283.22,-189.91,-0.29036,0.41724,-0.3816
-27.11,234.32,-254.59,-0.12816,0.32803,-0.49919
53.097,184.47,-284.58,0.04215,0.23071,-0.55394
141.3,125,-277.78,0.21449,0.11311,-0.53163
223.44,55.881,-248.84,0.37669,-0.022731,-0.47284
286.69,-24.657,-212.08,0.50037,-0.18898,-0.39984
311.77,-124.49,-156.29,0.54497,-0.38971,-0.28428
288.44,-221.94,-75.424,0.49429,-0.58637,-0.12208
240.83,-286.16,9.7851,0.39291,-0.72019,0.046206
182.51,-309.09,98.084,0.26923,-0.76682,0.21854
103.53,-285.28,186.22,0.10298,-0.72424,0.3848
21.179,-237.51,247.15,-0.067331,-0.63706,0.49226
-59.83,-190.24,279.42,-0.23359,-0.54583,0.55308
-148.53,-127.65,276.07,-0.41201,-0.42215,0.53889
-226.47,-53.862,244.82,-0.5661,-0.27617,0.47198
-286.18,24.647,208.23,-0.68167,-0.11599,0.39899
-309.87,122.81,152.06,-0.72628,0.080675,0.28545
-282.93,217.26,72.371,-0.66342,0.27329,0.12731
-237.35,280.98,-9.7006,-0.5661,0.40305,-0.036919
-182.17,304.57,-99.25,-0.44648,0.45374,-0.20926
-106.16,280.6,-190.4,-0.28833,0.41319,-0.3816
-24.209,234.55,-255.14,-0.12005,0.33006,-0.50122
57.367,184.78,-285.19,0.046206,0.23274,-0.55394
145.62,122.71,-275.92,0.2226,0.10906,-0.52961
225.9,53.38,-245.58,0.38074,-0.032869,-0.46675
286.95,-25.365,-208.52,0.50037,-0.18898,-0.39174
307.83,-124.89,-152.31,0.53281,-0.39174,-0.27617
283.15,-222.53,-76.037,0.48415,-0.5884,-0.12411
236.42,-288.12,6.1286,0.38683,-0.72222,0.036069
177.96,-310.03,97.329,0.25909,-0.76682,0.21246
103.23,-283.94,188.98,0.10298,-0.72424,0.38886
25.779,-235.06,253.21,-0.06125,-0.63301,0.50645
-54.876,-184.84,282.35,-0.21939,-0.53569,0.55511
-144.69,-126.26,273.36,-0.4039,-0.41809,0.53078
-227.39,-59.878,243.8,-0.56812,-0.28428,0.46996
-290.45,20.047,207.5,-0.68978,-0.12613,0.39899
-313.26,122.69,151.71,-0.73033,0.080675,0.2814
-288.07,221.56,74.234,-0.67153,0.28342,0.12934
-239.42,286.45,-9.2996,-0.57218,0.41116,-0.034894
-180.33,308.09,-100.34,-0.44648,0.45982,-0.21331
-104.77,282.42,-191.8,-0.28631,0.41521,-0.38362
-25.931,233.82,-255.68,-0.12411,0.32398,-0.50122
54.631,183.69,-285.17,0.04215,0.23071,-0.55394
143.54,123.11,-277.22,0.22057,0.10906,-0.53366
225.1,54.489,-248.22,0.38074,-0.030838,-0.47284
287.82,-26.002,-211.8,0.50239,-0.19304,-0.39579
311.74,-126.92,-154.69,0.547,-0.39579,-0.27819
287.82,-223.67,-73.796,0.49226,-0.5884,-0.12005
240.24,-287.15,11.318,0.38886,-0.72019,0.048238
180.86,-309.13,100.51,0.26517,-0.76479,0.22057
101.36,-284.41,188.29,0.096894,-0.72628,0.3848
19.976,-237.09,248.17,-0.071387,-0.63706,0.49631
-61.741,-189.22,280.11,-0.23764,-0.54583,0.55106
-150.87,-125.51,275.51,-0.41606,-0.41606,0.53686
-228.1,-52.376,244.18,-0.5661,-0.27008,0.47401
-287.48,26.228,207.69,-0.68572,-0.11194,0.39899
-309.75,125.45,150.24,-0.72222,0.086756,0.2814
-282.31,218.99,70.814,-0.66139,0.27531,0.12123
-236.66,282.09,-11.376,-0.56407,0.40305,-0.03895
-180.4,304.52,-101.96,-0.44243,0.45171,-0.21534
-103.85,279.73,-192.6,-0.28428,0.40913,-0.38565
-22.817,234.06,-256.36,-0.12005,0.32398,-0.50325
59.467,183.53,-285.73,0.054319,0.22666,-0.55596
148.1,120.57,-275.33,0.22868,0.10298,-0.52961
227.64,52.083,-245.06,0.38683,-0.034894,-0.46473
288.27,-27.158,-207.81,0.50239,-0.19304,-0.38768
307.76,-127.75,-150.42,0.53686,-0.39579,-0.27211
282.58,-224.68,-74.574,0.48212,-0.59449,-0.12411
235.62,-289.27,8.2281,0.38074,-0.72424,0.04215
175.81,-309.87,100.42,0.25504,-0.76682,0.22057
100.82,-282.81,191.36,0.094869,-0.72222,0.39088
24.246,-234.38,254.58,-0.055169,-0.63301,0.50848
-57.283,-183.4,282.89,-0.22751,-0.53163,0.55917
-147.37,-124.23,272.77,-0.40796,-0.41404,0.53281
-229.33,-58.627,243.28,-0.57016,-0.28225,0.46793
-291.89,22.217,206.55,-0.69181,-0.12005,0.39494
-313.29,125.8,149.68,-0.7283,0.088788,0.27937
-287.5,223.68,72.795,-0.67356,0.28748,0.12731
-238.46,287.73,-11.446,-0.57218,0.41521,-0.03895
-177.85,307.85,-103.8,-0.44039,0.45982,-0.21939
-102.25,281.17,-194.2,-0.28225,0.41319,-0.38768
-24.185,233.04,-257.14,-0.11802,0.326,-0.5073
57.249,182.11,-285.71,0.046206,0.22462,-0.55394
146.33,121.01,-276.65,0.22462,0.10501,-0.53163
227.34,53.074,-247.71,0.3848,-0.028813,-0.47081
289.36,-28.408,-210.76,0.50443,-0.19507,-0.39579
311.74,-130.08,-152.42,0.54497,-0.4039,-0.28022
287.26,-225.74,-72.097,0.49023,-0.59854,-0.11802
238.97,-288.52,13.772,0.38683,-0.72424,0.050263
178.1,-308.88,104.1,0.25707,-0.76885,0.22666
98.532,-283.14,190.75,0.092837,-0.72019,0.39088
17.9,-236.19,249.63,-0.073419,-0.63706,0.49834
-64.666,-187.55,280.86,-0.24576,-0.5438,0.55511
-153.77,-123.03,274.87,-0.42012,-0.40998,0.53281
-230.3,-50.819,243.54,-0.57218,-0.26806,0.46996
-289.13,28.728,206.51,-0.68572,-0.10788,0.39494
-309.65,128.8,147.86,-0.72222,0.094869,0.27531
-281.53,221.27,68.997,-0.65937,0.2814,0.11717
-235.23,283.5,-14.159,-0.56204,0.40711,-0.047056
-177.52,304.12,-105.83,-0.44243,0.45576,-0.22143
-100.97,278.48,-195.31,-0.27819,0.40711,-0.39174
-20.552,233,-258.09,-0.10991,0.32195,-0.5073
62.675,181.43,-286.16,0.056344,0.22666,-0.55596
151.07,118.14,-274.55,0.23476,0.096894,-0.52758
230.03,50.408,-244.26,0.38683,-0.03895,-0.46473
289.85,-30.036,-206.35,0.50645,-0.19912,-0.38768
307.59,-131.24,-148.04,0.53686,-0.4039,-0.26806
281.83,-226.95,-72.687,0.48009,-0.59651,-0.12005
233.73,-290.76,11.271,0.37872,-0.72628,0.046206
172.82,-309.39,104.36,0.25099,-0.77088,0.22666
98.155,-281.44,194.03,0.090812,-0.71816,0.39697
21.793,-232.98,256.21,-0.065306,-0.62895,0.50645
-60.632,-181.18,283.27,-0.23764,-0.52758,0.55714
-150.56,-121.87,271.99,-0.41606,-0.40998,0.53281
-231.92,-56.834,242.43,-0.57624,-0.28022,0.46996
-293.59,25.496,204.93,-0.69586,-0.11397,0.39291
-313.07,129.41,147.41,-0.73033,0.094869,0.27531
-286.56,226.2,70.672,-0.66951,0.29154,0.12123
-236.48,289.19,-14.678,-0.56407,0.41927,-0.047056
-174.83,307.26,-107.79,-0.43634,0.45982,-0.22548
-99.557,279.8,-196.96,-0.27617,0.40913,-0.39376
-21.567,231.49,-258.86,-0.11599,0.32398,-0.5073
60.717,179.73,-286.16,0.052288,0.22057,-0.55394
149.53,118.73,-275.8,0.23274,0.10298,-0.52961
229.88,50.95,-246.71,0.39088,-0.036919,-0.46878
291.01,-31.828,-208.92,0.50848,-0.20318,-0.39174
311.6,-133.69,-149.99,0.547,-0.40593,-0.27211
286.34,-228.38,-69.668,0.48821,-0.60057,-0.11397
236.98,-290,17.098,0.38074,-0.72628,0.056344
174.87,-308.38,108.02,0.25099,-0.76682,0.23274
95.749,-281.72,193.37,0.084731,-0.71816,0.39494
14.975,-234.49,251.26,-0.081525,-0.62895,0.50239
-68.252,-185.19,281.48,-0.25184,-0.53366,0.55308
-156.79,-120.43,274.16,-0.42823,-0.40796,0.53484
-232.89,-48.46,242.29,-0.57826,-0.26603,0.47198
-290.78,32.22,204.55,-0.68775,-0.099775,0.39088
-309.44,132.1,145.67,-0.72424,0.10095,0.27126
-280.52,223.84,66.662,-0.65937,0.28748,0.11311
-233.2,284.99,-17.674,-0.55799,0.41116,-0.051112
-174.36,303.63,-109.91,-0.43026,0.44968,-0.23359
-98.236,277.14,-198.07,-0.27008,0.40507,-0.39782
-17.391,231.2,-259.9,-0.10586,0.32398,-0.50933
66.213,178.98,-286.46,0.064456,0.22057,-0.55596
154.02,115.97,-273.87,0.23882,0.094869,-0.52758
232.67,47.978,-243.03,0.39494,-0.043006,-0.4627
291.48,-33.692,-204.23,0.50645,-0.20521,-0.38565
307.59,-134.59,-146.12,0.53484,-0.37551,-0.264
280.84,-229.78,-70.375,0.48009,-0.60463,-0.11397
231.61,-292.27,14.975,0.37466,-0.73438,0.054319
169.61,-308.69,108.49,0.24085,-0.76479,0.23476
95.513,-279.93,196.79,0.084731,-0.71816,0.40305
18.632,-230.98,258,-0.077469,-0.6249,0.51456
-64.195,-178.82,283.58,-0.2417,-0.52353,0.55511
-153.51,-120.06,271.54,-0.42215,-0.4039,0.53078
-234.75,-54.334,241.14,-0.58029,-0.27617,0.4659
-295.22,29.365,202.66,-0.69789,-0.10383,0.38683
-313.03,132.81,145.48,-0.73236,0.10298,0.26923
-285.45,229.08,68.195,-0.66748,0.29762,0.11717
-234.09,290.72,-18.5,-0.56002,0.42129,-0.053144
-171.58,306.55,-111.97,-0.42823,0.45576,-0.23562
-96.797,278.15,-199.79,-0.26806,0.40507,-0.39782
-18.288,229.36,-260.59,-0.10383,0.31586,-0.51339
64.208,177.42,-286.49,0.0604,0.22057,-0.55596
152.46,116.72,-275.47,0.23476,0.096894,-0.52961
232.81,48.19,-245.32,0.39899,-0.043006,-0.46878
292.75,-35.792,-206.66,0.51253,-0.20926,-0.38768
311.67,-136.97,-148.08,0.547,-0.41606,-0.27008
285.09,-231.17,-66.955,0.48617,-0.60665,-0.10586
234.46,-291.51,20.896,0.37872,-0.73033,0.068513
171.54,-307.72,111.88,0.2449,-0.76074,0.24085
92.823,-280.1,196.13,0.080675,-0.71411,0.40102
11.389,-232.39,253,-0.089638,-0.6249,0.50443
-71.814,-182.9,282.04,-0.25386,-0.53366,0.55511
-159.69,-118.36,273.74,-0.43431,-0.4039,0.53281
-235.58,-45.629,240.83,-0.58435,-0.25994,0.4659
-292.41,36.041,202.28,-0.69181,-0.091663,0.38683
-309.51,135.38,143.68,-0.72019,0.10906,0.26517
-279.25,226.72,63.972,-0.65531,0.29559,0.11109
-230.81,286.55,-21.496,-0.55596,0.41724,-0.057194
-171.2,303.01,-113.9,-0.4262,0.45171,-0.23967
-95.193,275.53,-201.02,-0.26603,0.40102,-0.39984
-13.664,228.99,-261.69,-0.097744,0.31789,-0.51339
69.752,176.55,-286.58,0.072563,0.21652,-0.55596
156.9,114.01,-273.35,0.24693,0.088788,-0.52149
235.52,45.218,-241.52,0.40305,-0.049087,-0.46067
292.99,-37.419,-201.89,0.51253,-0.21331,-0.37754
307.47,-137.99,-144.17,0.53484,-0.41809,-0.26198
279.47,-232.75,-67.615,0.47198,-0.60867,-0.10788
229.08,-293.71,18.773,0.36858,-0.73236,0.0604
166.57,-307.96,112.33,0.23476,-0.76277,0.24287
92.564,-278.14,199.71,0.07865,-0.71208,0.40507
14.763,-228.46,259.58,-0.081525,-0.62084,0.51659
-67.71,-176.44,283.67,-0.24981,-0.52149,0.55714
-156.55,-118.22,270.95,-0.4262,-0.4039,0.52876
-237.7,-51.409,239.56,-0.58637,-0.27008,0.45982
-296.75,33.14,200.49,-0.70194,-0.097744,0.3848
-312.89,136.25,143.5,-0.7283,0.11109,0.26721
-283.96,232.08,65.293,-0.66545,0.3037,0.10906
-231.76,292.16,-22.156,-0.55596,0.42941,-0.06125
-168.68,305.99,-115.53,-0.42215,0.45982,-0.2417
-93.753,276.26,-202.67,-0.26198,0.40507,-0.4039
-14.466,226.75,-262.1,-0.097744,0.31384,-0.51339
67.629,175.11,-286.65,0.066481,0.21246,-0.54988
155.41,114.88,-274.88,0.24287,0.090812,-0.52758
235.69,45.1,-243.79,0.40305,-0.047056,-0.46473
294.33,-39.307,-204.61,0.51659,-0.21939,-0.3816
311.53,-140.37,-145.98,0.54294,-0.42417,-0.26603
283.67,-234.07,-63.888,0.48212,-0.61071,-0.1018
232.15,-292.86,24.364,0.37466,-0.73236,0.072563
168.9,-307.22,115.19,0.23882,-0.76277,0.24896
89.474,-278.16,198.91,0.070537,-0.71208,0.40507
7.544,-229.99,254.58,-0.097744,-0.62287,0.50443
-75.164,-180.78,282.4,-0.26806,-0.52758,0.55714
-162.52,-116.09,273.08,-0.43634,-0.39984,0.53281
-238.2,-42.491,239.13,-0.5884,-0.24981,0.46387
-293.92,39.297,200.51,-0.69586,-0.087606,0.38074
-309.32,138.61,141.61,-0.72222,0.11514,0.26113
-277.78,229.53,60.976,-0.65328,0.29964,0.10298
-228.69,287.92,-24.94,-0.54988,0.41724,-0.065306
-168.72,302.52,-117.23,-0.42417,0.45171,-0.24373
-91.795,273.6,-203.94,-0.25994,0.39899,-0.40796
-9.8421,226.58,-263.23,-0.091663,0.30978,-0.51339
72.772,174.61,-286.72,0.076619,0.21246,-0.55596
159.8,111.96,-272.62,0.25301,0.088788,-0.52353
238.28,41.962,-239.85,0.40507,-0.055169,-0.45661
294.43,-40.51,-200.29,0.51456,-0.21939,-0.37551
307.26,-141.29,-142.21,0.53484,-0.4262,-0.25792
277.94,-235.72,-64.525,0.46996,-0.61273,-0.1018
226.84,-295.03,22.194,0.36452,-0.73236,0.068513
164.21,-307.51,115.66,0.23274,-0.76277,0.24896
89.332,-276.16,202.61,0.070537,-0.70803,0.41116
11.2,-226.07,260.93,-0.087606,-0.61476,0.52064
-70.54,-174.81,283.79,-0.25589,-0.51744,0.55917
-159.43,-116.35,270.27,-0.43229,-0.39984,0.52876
-240.51,-48.271,237.93,-0.59246,-0.25994,0.46184
-298.26,36.136,199.05,-0.70397,-0.091663,0.38074
-312.56,139.79,141.37,-0.72424,0.1192,0.26315
-282.17,235.07,62.085,-0.66342,0.31181,0.10298
-229.54,293.46,-25.53,-0.55191,0.42941,-0.065306
-166.41,305.51,-118.67,-0.41809,0.45576,-0.24373
-90.451,274.23,-205.53,-0.25589,0.40102,-0.40998
-11.069,224.43,-263.44,-0.093694,0.30776,-0.51541
70.295,173.6,-286.94,0.072563,0.21044,-0.55394
158.48,112.78,-274.15,0.24896,0.086756,-0.52555
238.47,41.915,-242.07,0.40711,-0.053144,-0.46067
295.87,-42.161,-203.33,0.52064,-0.22345,-0.3816
311.29,-143.79,-143.72,0.54497,-0.43026,-0.25792
281.9,-236.9,-60.467,0.47604,-0.61881,-0.093694
230.1,-294.13,27.525,0.36858,-0.73438,0.074594
166.57,-306.92,118.07,0.23274,-0.76277,0.25301
85.959,-276.2,201.65,0.066481,-0.70803,0.41116
4.0998,-227.84,255.86,-0.10383,-0.61881,0.50848
-77.736,-179.41,282.82,-0.27008,-0.52555,0.55714
-165.4,-113.71,272.28,-0.44648,-0.39376,0.53078
-240.75,-39.283,237.53,-0.59246,-0.24373,0.46184
-295.55,42.01,199.29,-0.69992,-0.081525,0.38074
-308.9,142.08,139.27,-0.72019,0.12528,0.25909
-275.94,232.31,57.839,-0.64923,0.30167,0.098925
-226.85,289.12,-27.96,-0.58637,0.41724,-0.073419
-166.55,302.09,-120.25,-0.41606,0.45171,-0.24981
-88.21,271.59,-206.8,-0.24981,0.39494,-0.41201
-6.3508,224.39,-264.62,-0.081525,0.30573,-0.51541
75.39,173.17,-286.87,0.0827,0.21044,-0.55394
162.77,109.62,-271.72,0.25707,0.080675,-0.52149
240.78,38.99,-238.34,0.41521,-0.059225,-0.45459
295.82,-43.152,-198.99,0.51659,-0.22345,-0.37349
306.88,-144.76,-139.97,0.53484,-0.43229,-0.25386
276.24,-238.55,-61.505,0.4659,-0.62084,-0.093694
225.07,-296.21,25.048,0.3625,-0.73641,0.074594
162.04,-307.06,118.65,0.22666,-0.76277,0.25301
85.794,-274.01,205.37,0.066481,-0.70397,0.41521
7.8035,-223.74,262.13,-0.095719,-0.61071,0.52267
-73.183,-173.42,283.95,-0.26198,-0.51136,0.55714
-162.5,-114.18,269.33,-0.44039,-0.39579,0.5247
-243.03,-45.44,236.54,-0.59651,-0.25792,0.45779
-299.7,38.896,197.82,-0.70803,-0.087606,0.37872
-312.11,143.38,139.01,-0.72628,0.12325,0.25707
-280.54,237.79,59.018,-0.65937,0.31586,0.098925
-227.89,294.59,-28.196,-0.54988,0.43143,-0.073419
-164.22,305.14,-121.71,-0.41201,0.45576,-0.25184
-86.818,272.02,-208.26,-0.24778,0.39697,-0.41404
-7.7426,222.24,-264.62,-0.083556,0.30167,-0.51744
72.937,172.21,-287.1,0.07865,0.20638,-0.55596
161.57,110.35,-273.25,0.25504,0.0827,-0.52353
240.9,39.226,-240.86,0.41116,-0.06125,-0.45864
297.33,-44.85,-202.13,0.52064,-0.22953,-0.37551
310.92,-147.3,-141.17,0.54092,-0.43634,-0.25386
280.23,-239.5,-57.353,0.47604,-0.62287,-0.087606
228.66,-295.31,29.955,0.37061,-0.73641,0.080675
164.16,-306.52,121.06,0.23071,-0.76277,0.25707
82.255,-273.99,204.24,0.056344,-0.70397,0.41319
0.96223,-225.88,257.04,-0.10788,-0.61679,0.51253
-80.496,-177.9,283.13,-0.27414,-0.52555,0.55714
-168.35,-110.97,271.31,-0.45053,-0.38971,0.52876
-243.01,-36.853,236.56,-0.59854,-0.2417,0.45576
-297.08,44.652,198.13,-0.70194,-0.075444,0.37669
-308.38,145.6,136.65,-0.71816,0.12934,0.25099
-274.41,234.91,54.961,-0.64518,0.30776,0.090812
-225.81,290.28,-30.248,-0.54177,0.42129,-0.073419
-164.12,301.67,-123.45,-0.41404,0.44766,-0.25386
-84.577,269.59,-209.51,-0.24576,0.38886,-0.41809
-3.4727,222.69,-265.78,-0.075444,0.3037,-0.52149
78.127,171.5,-286.98,0.088788,0.20638,-0.55394
165.88,106.93,-270.66,0.26517,0.076619,-0.51744
243.02,36.843,-237.51,0.41724,-0.065306,-0.45256
297.21,-45.818,-197.76,0.52064,-0.22953,-0.36943
306.34,-148.55,-137.35,0.53484,-0.44039,-0.24778
274.73,-241.24,-58.533,0.4659,-0.62895,-0.091663
223.92,-297.39,27.431,0.35642,-0.74047,0.07865
159.56,-306.54,121.91,0.21854,-0.76277,0.25909
82.444,-271.98,207.97,0.058375,-0.70194,0.42333
5.2086,-222.25,263.19,-0.099775,-0.60463,0.52267
-76.084,-171.72,283.95,-0.26603,-0.51136,0.55917
-165.82,-111.49,268.22,-0.44648,-0.38768,0.52064
-245.39,-43.482,235.92,-0.60259,-0.25386,0.45779
-301.23,41.75,196.62,-0.71006,-0.081525,0.37669
-311.42,147.41,136.16,-0.72628,0.13542,0.25099
-278.82,240.5,55.999,-0.65328,0.31992,0.094869
-226.66,295.82,-30.531,-0.54583,0.43346,-0.075444
-161.67,304.64,-125.06,-0.40796,0.45779,-0.25792
-83.492,270.11,-210.81,-0.2417,0.39088,-0.42012
-5.2892,220.87,-265.7,-0.0795,0.3037,-0.51947
75.98,170.27,-287.13,0.086756,0.20232,-0.55394
164.85,107.52,-272.1,0.26315,0.07865,-0.51947
243.24,37.268,-240.25,0.41521,-0.063281,-0.45661
298.86,-47.799,-200.81,0.52267,-0.23562,-0.37551
310.35,-151.43,-137.99,0.54092,-0.44445,-0.24778
278.67,-242.23,-54.216,0.46996,-0.63098,-0.0795
227.48,-296.54,32.314,0.36656,-0.73844,0.084731
161.35,-306.04,124.36,0.22666,-0.76277,0.26315
78.811,-272.03,206.65,0.050263,-0.69992,0.41927
-1.562,-224.59,258.17,-0.11599,-0.61273,0.51253
-83.68,-175.87,283.32,-0.28022,-0.51541,0.55511
-171.55,-107.86,270.2,-0.45459,-0.3816,0.5247
-245.35,-34.942,235.99,-0.60259,-0.23562,0.45779
-298.66,47.766,196.64,-0.70803,-0.069363,0.37669
-307.48,149.63,133.42,-0.71816,0.13947,0.24693
-272.85,237.48,51.894,-0.64314,0.31384,0.086756
-224.73,291.57,-32.701,-0.54177,0.42535,-0.077469
-161.25,301.08,-127.09,-0.40593,0.44968,-0.26198
-81.038,267.65,-212.25,-0.23562,0.38683,-0.42215
-0.80705,221.3,-267.07,-0.071387,0.30167,-0.52353
81.5,169.28,-286.79,0.096894,0.2003,-0.55394
169.07,104.08,-269.48,0.26923,0.070537,-0.51339
245.38,34.838,-236.83,0.42129,-0.067331,-0.45459
298.7,-49.144,-196.16,0.52267,-0.23967,-0.36335
305.61,-152.71,-134.28,0.53078,-0.44851,-0.23967
273.29,-244,-55.773,0.46387,-0.63098,-0.083556
222.5,-298.68,30.073,0.35642,-0.74249,0.084731
156.49,-305.74,125.71,0.21449,-0.76074,0.26923
79.047,-269.95,210.61,0.054319,-0.69789,0.42738
2.472,-220.67,264.44,-0.10586,-0.60259,0.5247
-79.764,-169.31,283.69,-0.27617,-0.50325,0.55714
-169.17,-108.83,267.09,-0.45256,-0.38565,0.52064
-247.96,-41.453,235.22,-0.60665,-0.24981,0.45576
-302.79,45.218,194.9,-0.71411,-0.073419,0.37264
-310.6,151.68,132.95,-0.72222,0.1415,0.2449
-277.29,243.17,53.286,-0.64923,0.326,0.084731
-225.06,297.16,-33.385,-0.5438,0.43549,-0.0795
-158.39,303.93,-128.88,-0.40187,0.45576,-0.26603
-80.071,268.15,-213.43,-0.23764,0.38886,-0.42823
-2.4584,219.13,-267.03,-0.075444,0.29559,-0.52149
79.613,167.65,-286.82,0.092837,0.19421,-0.55394
168.05,104.85,-271.01,0.26923,0.072563,-0.51947
245.83,35.098,-239.61,0.42129,-0.067331,-0.45459
300.56,-51.527,-199.01,0.52673,-0.24373,-0.36943
309.64,-155.75,-134.64,0.53686,-0.45256,-0.23967
277.28,-244.92,-51.527,0.46996,-0.63301,-0.075444
225.68,-297.86,35.357,0.36047,-0.74047,0.090812
157.93,-305.36,128.07,0.22057,-0.76074,0.27329
75.414,-270.21,209.03,0.046206,-0.69789,0.42333
-4.5107,-222.94,259.54,-0.12208,-0.60867,0.51659
-87.667,-173.06,283.34,-0.29036,-0.51136,0.55511
-174.72,-105.17,269.28,-0.46067,-0.37754,0.52267
-247.92,-32.725,235.33,-0.60665,-0.23156,0.45576
-300.26,51.54,194.71,-0.70803,-0.063281,0.36858
-306.54,153.9,130.1,-0.71614,0.14556,0.24085
-271.65,240.15,49.629,-0.63909,0.31992,0.080675
-223.03,292.96,-35.957,-0.53771,0.42941,-0.085581
-157.97,300.42,-131,-0.39782,0.44968,-0.27008
-77.854,266.07,-214.75,-0.22953,0.38683,-0.4262
2.3777,219.48,-268.42,-0.063281,0.29964,-0.52353
85.652,166.19,-286.39,0.10298,0.19421,-0.55191
172.21,101.81,-268.68,0.27734,0.066481,-0.51541
248.17,32.55,-236.15,0.42738,-0.073419,-0.45053
300.3,-53.272,-193.97,0.5247,-0.24576,-0.36335
304.71,-157.26,-130.93,0.52673,-0.45864,-0.23359
271.97,-246.93,-53.201,0.45982,-0.63504,-0.0795
220.49,-300.12,33.564,0.35236,-0.74655,0.088788
153.24,-305.03,129.58,0.20841,-0.76074,0.27531
76.334,-268.44,213.11,0.048238,-0.69383,0.43346
-0.80705,-218.69,265.86,-0.11599,-0.60057,0.5247
-84.223,-166.18,283.22,-0.28428,-0.50122,0.55511
-172.47,-106.68,266.35,-0.45864,-0.37957,0.51659
-250.94,-38.976,234.39,-0.61476,-0.24373,0.45374
-304.46,49.795,192.59,-0.71614,-0.065306,0.36656
-309.72,156.45,129.6,-0.71816,0.14961,0.23882
-275.71,246.23,50.408,-0.6472,0.33209,0.080675
-222.84,298.53,-37.136,-0.53569,0.43954,-0.089638
-155.14,303.25,-132.84,-0.39376,0.45374,-0.27414
-77.382,266.71,-215.91,-0.22953,0.3848,-0.42823
0.96223,217,-268.42,-0.069363,0.29559,-0.52758
84.142,164.28,-286.25,0.098925,0.19219,-0.55191
171.4,102.73,-270.28,0.27531,0.066481,-0.51744
248.94,32.29,-238.58,0.42941,-0.075444,-0.45459
302.4,-56.174,-196.49,0.53078,-0.25386,-0.36538
308.79,-160.56,-131.07,0.53889,-0.4627,-0.23359
275.63,-247.92,-48.365,0.46387,-0.63909,-0.071387
223.21,-299.18,39.202,0.35439,-0.74655,0.10298
154.44,-304.65,131.87,0.21044,-0.76074,0.2814
72.583,-268.75,211.41,0.0381,-0.69586,0.42941
-8.2616,-220.72,261.07,-0.12816,-0.60665,0.51862
-92.291,-169.53,283.1,-0.30049,-0.50528,0.55106
-177.95,-102.62,268.29,-0.47284,-0.37146,0.52064
-250.84,-29.682,234.13,-0.61476,-0.22345,0.44968
-301.94,56.235,192.14,-0.71208,-0.053144,0.36858
-305.6,158.5,126.56,-0.71208,0.15569,0.23274
-270.02,243.26,46.492,-0.63301,0.326,0.074594
-220.62,294.47,-40.062,-0.53163,0.43143,-0.093694
-154.55,299.62,-135.01,-0.39174,0.44562,-0.27617
-74.905,264.56,-217.39,-0.22751,0.3848,-0.43026
6.4116,217,-269.93,-0.059225,0.29356,-0.52758
90.299,162.77,-285.76,0.11514,0.18611,-0.55191
175.67,99.358,-267.62,0.28342,0.0604,-0.51339
251.3,29.318,-234.8,0.43143,-0.081525,-0.44648
301.81,-57.943,-191.37,0.52876,-0.25792,-0.35524
303.82,-161.86,-127.77,0.52876,-0.46675,-0.22953
270.11,-250.21,-49.922,0.45576,-0.64518,-0.073419
217.59,-301.52,37.905,0.34425,-0.74655,0.098925
149.79,-304.13,133.73,0.2003,-0.76074,0.28342
73.526,-266.79,215.82,0.044181,-0.69181,0.43549
-4.8882,-216,267.27,-0.12208,-0.59449,0.53078
-88.776,-162.99,282.58,-0.29239,-0.49108,0.55308
-176.08,-104.23,265.22,-0.46675,-0.37349,0.51659
-254.15,-35.627,232.88,-0.61881,-0.23764,0.45374
-306.19,54.489,190.04,-0.71816,-0.055169,0.36452
-308.99,161.02,126.6,-0.71816,0.16178,0.23071
-273.47,249.63,46.799,-0.64518,0.34019,0.074594
-219.73,299.81,-41.595,-0.53163,0.43954,-0.095719
-151.64,302.4,-136.81,-0.38768,0.45171,-0.28022
-74.362,265.03,-218.64,-0.22751,0.3848,-0.43431
5.067,214.22,-269.79,-0.059225,0.28748,-0.52758
88.577,161.16,-285.71,0.11109,0.18407,-0.54988
175.08,100.04,-269.17,0.28342,0.064456,-0.51339
252.22,28.681,-237.02,0.43346,-0.0795,-0.44851
304.08,-60.939,-193.97,0.53281,-0.26198,-0.36133
308.09,-164.95,-127.96,0.53484,-0.47284,-0.22751
273.31,-251.15,-44.426,0.45779,-0.64518,-0.06125
220.21,-300.43,43.567,0.35033,-0.74655,0.10703
151.19,-303.87,135.52,0.20232,-0.75871,0.28545
69.422,-267,213.91,0.032012,-0.69181,0.43143
-12.555,-217.91,262.63,-0.13424,-0.59854,0.52064
-96.608,-166.53,282.84,-0.30658,-0.49716,0.55308
-181.44,-99.698,267.02,-0.47486,-0.36741,0.51659
-253.84,-26.002,232.46,-0.61881,-0.21939,0.44968
-303.59,60.929,189.62,-0.71411,-0.043006,0.3625
-304.79,162.82,123.59,-0.70803,0.16583,0.22462
-267.71,246.68,42.576,-0.63301,0.33209,0.068513
-217.82,295.72,-44.284,-0.52961,0.43346,-0.1018
-151.69,298.89,-138.65,-0.38565,0.44562,-0.28428
-71.649,262.84,-220.17,-0.22143,0.38277,-0.43634
10.823,214.05,-271.34,-0.047056,0.28951,-0.53163
94.357,160.55,-285.14,0.12325,0.18002,-0.55191
179.33,96.527,-266.34,0.29154,0.058375,-0.50933
254.47,25.402,-232.94,0.43954,-0.085581,-0.44243
303.23,-62.661,-188.73,0.53078,-0.26603,-0.35119
303.13,-166.29,-125.01,0.52267,-0.47486,-0.22345
267.68,-253.72,-45.983,0.44968,-0.65328,-0.067331
214.69,-302.72,42.128,0.33817,-0.75263,0.10703
147.2,-303.43,137.17,0.19624,-0.75871,0.28748
70.389,-264.95,218.58,0.032012,-0.68775,0.4436
-9.1581,-213.07,268.64,-0.13019,-0.59043,0.53281
-92.81,-160.56,282.14,-0.30049,-0.48702,0.547
-179.91,-101.35,263.78,-0.47284,-0.36741,0.51253
-257.38,-31.427,230.78,-0.6249,-0.22751,0.44562
-307.67,59.254,187.56,-0.72019,-0.045031,0.35439
-308.29,165.48,123.75,-0.71816,0.17191,0.22868
-270.78,253.12,42.741,-0.63504,0.34831,0.066481
-216.8,300.96,-45.888,-0.52149,0.44562,-0.10788
-149.14,301.69,-140.25,-0.37957,0.45374,-0.28833
-71.107,263.15,-221.38,-0.21737,0.38074,-0.44039
9.3369,211.34,-271.06,-0.051112,0.28342,-0.52961
92.422,158.74,-285.36,0.1192,0.17799,-0.55191
178.93,96.905,-267.76,0.28951,0.056344,-0.51339
255.43,24.317,-234.8,0.44157,-0.091663,-0.44445
305.59,-65.563,-191.47,0.53686,-0.27414,-0.35727
307.43,-169.31,-124.94,0.53484,-0.48297,-0.22345
270.58,-254.59,-40.132,0.45374,-0.65328,-0.053144
217.31,-301.54,47.671,0.34425,-0.75263,0.11717
148.47,-303.21,138.8,0.2003,-0.75669,0.29154
65.93,-265.16,216.51,0.023906,-0.68775,0.43752
-16.683,-215.32,264,-0.14438,-0.59246,0.52267
-100.48,-163.94,282.7,-0.31266,-0.49108,0.55308
-185.1,-96.183,265.29,-0.485,-0.35929,0.51456
-256.67,-21.826,230.4,-0.62692,-0.20926,0.44562
-305.12,65.246,187.3,-0.71411,-0.032869,0.35439
-303.9,167.16,120.45,-0.70803,0.17394,0.21854
-264.93,250.01,38.259,-0.62692,0.33817,0.058375
-215.06,296.81,-48.365,-0.51744,0.43549,-0.11397
-149.14,298.11,-142,-0.37957,0.4436,-0.29036
-68.087,260.86,-222.94,-0.21129,0.37669,-0.44039
14.857,211.41,-272.64,-0.040975,0.28342,-0.53163
98.273,157.44,-284.62,0.12934,0.17799,-0.54785
183.17,93.154,-264.64,0.29559,0.046206,-0.5073
257.39,21.297,-230.79,0.4436,-0.099775,-0.43837
304.52,-66.813,-186.53,0.53484,-0.27617,-0.34713
302.26,-170.59,-122.06,0.52267,-0.48094,-0.21737
264.7,-257.21,-41.595,0.44562,-0.65734,-0.059225
211.81,-303.69,46.28,0.33209,-0.75263,0.11514
144.63,-302.6,140.69,0.19219,-0.75669,0.29559
66.898,-262.8,221.3,0.032012,-0.68369,0.44968
-12.885,-210.64,269.78,-0.13627,-0.58637,0.53281
-96.584,-158.27,281.66,-0.31063,-0.485,0.54903
-183.77,-97.976,262.11,-0.48297,-0.36133,0.50645
-260.35,-27.346,228.66,-0.62895,-0.21737,0.44562
-309.06,63.288,185.58,-0.72628,-0.03895,0.35642
-307.37,169.82,120.59,-0.71614,0.17799,0.2226
-267.76,256.45,38.377,-0.63098,0.35236,0.056344
-213.88,301.88,-49.781,-0.51744,0.44766,-0.11599
-146.5,300.77,-143.69,-0.37349,0.44766,-0.29441
-67.521,260.91,-224.02,-0.21129,0.37669,-0.44243
12.757,209.2,-272.24,-0.045031,0.27937,-0.53366
96.032,156.4,-284.95,0.12528,0.17597,-0.54988
182.68,93.437,-266.01,0.29762,0.050263,-0.5073
258.15,20.33,-232.75,0.4436,-0.097744,-0.44039
306.98,-69.361,-189.67,0.54092,-0.27819,-0.35119
306.51,-173.63,-121.57,0.53281,-0.48906,-0.21331
267.82,-257.73,-35.886,0.44968,-0.66139,-0.047056
214.76,-302.51,51.304,0.33817,-0.75061,0.12528
145.64,-302.34,142.15,0.18813,-0.75669,0.29964
62.274,-262.87,218.89,0.017825,-0.68369,0.43954
-19.75,-213.57,265.2,-0.15046,-0.59043,0.52673
-103.97,-161.62,282.42,-0.32078,-0.48906,0.55308
-188.66,-92.338,263.43,-0.49108,-0.35119,0.51456
-259.26,-18.052,228.47,-0.62895,-0.20115,0.43954
-306.42,68.879,185.56,-0.71816,-0.026781,0.35236
-302.74,171.24,117.15,-0.70397,0.18205,0.21449
-262.31,252.96,34.319,-0.62084,0.34425,0.048238
-213.05,297.73,-51.621,-0.51744,0.43752,-0.11802
-146.62,297.23,-145.44,-0.37754,0.4436,-0.29644
-64.501,258.73,-225.48,-0.20318,0.37264,-0.44648
17.759,210.63,-273.8,-0.036919,0.27937,-0.53366
101.74,155.2,-284.15,0.13744,0.17191,-0.54785
186.85,89.474,-262.8,0.3037,0.040125,-0.50528
259.94,17.523,-228.81,0.44968,-0.1018,-0.43431
305.7,-70.375,-184.79,0.53686,-0.28225,-0.34105
301.32,-174.74,-118.9,0.5247,-0.49311,-0.20926
262.27,-260.18,-37.938,0.43752,-0.66342,-0.049087
209.81,-304.68,49.417,0.32803,-0.75263,0.12123
142.01,-301.66,144.18,0.18407,-0.75263,0.3037
63.524,-260.63,223.84,0.017825,-0.67964,0.44968
-15.457,-209.23,270.88,-0.14438,-0.58435,0.53686
-100.1,-156.17,281.36,-0.31469,-0.48094,0.55106
-187.64,-94.32,260.27,-0.49108,-0.35524,0.50645
-262.94,-23.501,226.82,-0.63706,-0.21129,0.43752
-310.27,67.039,183.88,-0.72628,-0.028813,0.34831
-306.56,174.07,117.43,-0.71614,0.18813,0.21449
-265.33,259.37,34.673,-0.6249,0.36047,0.048238
-211.92,302.8,-52.895,-0.51744,0.44968,-0.12005
-143.74,299.83,-147.28,-0.36943,0.44766,-0.30253
-63.982,258.76,-226.54,-0.20115,0.37466,-0.44851
15.234,208.02,-273.4,-0.040975,0.27734,-0.53569
99.5,154.16,-284.72,0.12934,0.17191,-0.54988
186.45,89.568,-264.15,0.30167,0.040125,-0.50528
260.72,16.626,-230.96,0.44968,-0.10383,-0.43837
308.27,-73.065,-187.88,0.54092,-0.28428,-0.34713
305.66,-177.85,-118.08,0.53078,-0.49716,-0.20521
265.43,-260.66,-32.064,0.4436,-0.66545,-0.036919
212.88,-303.47,54.3,0.33411,-0.75263,0.13136
142.65,-301.33,145.64,0.18407,-0.75263,0.30573
58.665,-260.8,221.25,0.0097125,-0.68167,0.4436
-22.251,-212.46,266.5,-0.15452,-0.5884,0.52673
-107.62,-159.05,282.33,-0.33091,-0.48297,0.55308
-192.24,-88.375,261.54,-0.49716,-0.34308,0.50645
-261.67,-14.537,226.77,-0.63301,-0.19304,0.43549
-307.65,72.583,183.72,-0.72019,-0.0207,0.34628
-301.56,175.46,113.47,-0.70194,0.19016,0.20638
-259.93,255.79,30.663,-0.61679,0.35236,0.04215
-211.23,298.79,-54.782,-0.51136,0.44157,-0.12411
-143.58,296.17,-149.19,-0.36943,0.44157,-0.30658
-61.057,256.78,-227.98,-0.19709,0.36858,-0.45053
20.306,208.46,-274.98,-0.028813,0.27734,-0.53569
105.4,152.67,-283.75,0.14352,0.16786,-0.54583
190.56,85.794,-260.99,0.31181,0.034044,-0.49919
262.42,14.149,-227.2,0.45374,-0.11194,-0.43026
306.77,-74.291,-182.78,0.53686,-0.29036,-0.33699
300.21,-179.22,-115.2,0.51862,-0.50122,-0.20521
259.8,-263.16,-34.258,0.43143,-0.67356,-0.040975
207.76,-305.67,52.72,0.32398,-0.75669,0.12731
138.87,-300.43,148.05,0.18002,-0.75263,0.30978
60.269,-258.6,226.3,0.013769,-0.67761,0.45576
-18.028,-207.96,271.99,-0.14843,-0.57826,0.53889
-103.83,-153.77,281.03,-0.32078,-0.47284,0.54903
-191.44,-90.828,258.59,-0.49514,-0.34916,0.50239
-265.54,-20.08,225.31,-0.64112,-0.20318,0.43346
-311.38,71.262,181.71,-0.73033,-0.022731,0.34223
-305.38,178.55,113.63,-0.71006,0.19624,0.20638
-263.96,262.23,31.182,-0.62287,0.36452,0.04215
-209.68,303.77,-56.292,-0.50933,0.45171,-0.12613
-140.39,298.51,-151.31,-0.36133,0.4436,-0.30861
-60.821,256.89,-228.95,-0.19507,0.36858,-0.45053
17.9,206.74,-274.6,-0.036919,0.27734,-0.53569
103.18,151.56,-284.34,0.13744,0.16583,-0.54583
190.09,85.982,-262.43,0.31181,0.036069,-0.50122
263.24,13.324,-229.52,0.45374,-0.11194,-0.43431
309.41,-77.429,-185.5,0.54294,-0.29644,-0.34105
304.55,-182.31,-114.18,0.52876,-0.50325,-0.19912
263.31,-263.39,-28.667,0.44157,-0.67153,-0.030838
210.59,-304.49,57.697,0.33006,-0.75669,0.13542
139.01,-299.96,149.56,0.17799,-0.75061,0.31384
55.739,-259.1,223.33,0.0036313,-0.67964,0.44968
-24.846,-211.28,267.82,-0.16263,-0.5884,0.52876
-111.54,-156.22,282.14,-0.33902,-0.47689,0.55308
-195.78,-84.553,259.75,-0.50528,-0.33496,0.50239
-264.05,-11.423,225.35,-0.64112,-0.18696,0.43346
-308.62,76.971,181.24,-0.72424,-0.0065062,0.34019
-300.34,179.61,109.74,-0.70194,0.19827,0.19827
-258.23,258.5,27.596,-0.61071,0.35642,0.034044
-209.09,299.78,-58.321,-0.5073,0.4436,-0.13019
-139.94,294.8,-153.32,-0.35929,0.43752,-0.31266
-58.391,256.38,-230.32,-0.19101,0.3625,-0.45661
23.043,207.12,-276.2,-0.024756,0.27531,-0.53974
109.41,149.75,-283.28,0.15164,0.1638,-0.54583
194.22,82.184,-259.31,0.31992,0.029988,-0.49514
264.94,10.917,-225.79,0.45779,-0.11599,-0.42823
307.59,-78.821,-180.26,0.53889,-0.29847,-0.33496
299.17,-183.54,-111.68,0.51862,-0.5073,-0.19709
258.24,-265.85,-31.427,0.42941,-0.67559,-0.036919
205.35,-306.63,56.447,0.31789,-0.76074,0.13339
135.22,-298.99,152.25,0.16989,-0.74857,0.31586
57.815,-257.07,228.7,0.0076813,-0.67356,0.45779
-20.882,-206.49,273.29,-0.15452,-0.58029,0.54092
-107.98,-150.89,280.53,-0.33091,-0.46878,0.54903
-195.17,-87.408,257.08,-0.50325,-0.34105,0.50037
-268.09,-16.542,223.89,-0.64518,-0.19507,0.43346
-312.3,76.098,178.95,-0.73033,-0.018675,0.33817
-304.37,182.94,110.07,-0.71006,0.20232,0.2003
-261.39,265.01,28.327,-0.61881,0.37061,0.0381
-207.13,304.78,-60.208,-0.50122,0.45171,-0.13424
-136.59,296.95,-155.63,-0.35321,0.44157,-0.31874
-58.297,255.48,-231.36,-0.18898,0.3625,-0.45661
20.849,205.21,-275.87,-0.026781,0.27126,-0.53771
107.33,148.52,-283.87,0.14961,0.15772,-0.54583
193.77,82.538,-260.96,0.31789,0.027962,-0.49716
265.93,9.7379,-227.98,0.45779,-0.12208,-0.43026
310.26,-82.383,-182.48,0.54294,-0.30455,-0.33699
303.44,-186.68,-110.31,0.52673,-0.51744,-0.19507
261.64,-266.13,-25.648,0.43954,-0.67559,-0.022731
207.92,-305.48,61.613,0.32195,-0.76074,0.14352
135,-298.45,153.76,0.16989,-0.74857,0.32195
53.026,-257.59,225.66,-0.000425,-0.67356,0.45374
-27.983,-209.63,269.26,-0.17276,-0.58435,0.53484
-115.65,-153.06,281.85,-0.34713,-0.47284,0.55308
-199.13,-81.038,258.15,-0.51136,-0.32482,0.50239
-266.55,-7.8134,223.75,-0.64112,-0.17884,0.42941
-309.42,82.066,178.01,-0.72424,0.0016,0.33614
-299.06,183.86,105.85,-0.69789,0.20638,0.19016
-256.58,261.31,24.553,-0.60867,0.36452,0.032012
-206.35,300.82,-62.59,-0.50325,0.44562,-0.13627
-136.24,293.29,-157.54,-0.35321,0.43549,-0.31874
-55.655,253.76,-232.82,-0.18696,0.36047,-0.46067
26.369,205.21,-277.45,-0.016644,0.27329,-0.53974
113.49,146.66,-282.76,0.15772,0.15772,-0.54785
197.73,79.047,-257.87,0.326,0.021875,-0.49108
267.51,7.025,-224.02,0.46184,-0.12411,-0.42215
308.11,-84.199,-176.82,0.54092,-0.30658,-0.32686
297.92,-187.97,-107.93,0.51659,-0.51744,-0.18696
256.42,-268.8,-28.196,0.42941,-0.68369,-0.028813
202.28,-307.58,60.882,0.31384,-0.76277,0.14352
131.63,-297.36,156.52,0.1638,-0.74452,0.326
55.079,-255.32,231.3,0.0016,-0.67153,0.46387
-24.256,-204.46,274.49,-0.16263,-0.57421,0.54294
-112.04,-147.99,280.04,-0.33902,-0.4627,0.54903
-198.71,-84.553,255.9,-0.50933,-0.33294,0.49429
-270.82,-12.437,222,-0.64923,-0.19101,0.42738
-312.82,81.83,175.41,-0.73236,0.0016,0.33006
-302.98,187.4,106.32,-0.70803,0.21449,0.19219
-259.48,267.79,25.025,-0.61476,0.37466,0.032012
-203.97,305.63,-64.643,-0.49716,0.45374,-0.14235
-133.03,295.42,-159.81,-0.34916,0.43752,-0.3228
-55.443,253.64,-234.05,-0.18696,0.36047,-0.4627
24.411,203.09,-277.15,-0.022731,0.26923,-0.53974
111.41,145.6,-283.44,0.15569,0.15164,-0.54785
197.26,79.731,-259.97,0.326,0.023906,-0.49311
268.6,5.468,-226,0.46387,-0.12816,-0.42823
310.85,-87.903,-178.84,0.54294,-0.31874,-0.32888
302.31,-190.88,-106.54,0.52267,-0.52555,-0.18493
259.8,-268.94,-22.18,0.43346,-0.68369,-0.018675
204.64,-306.4,66.119,0.31586,-0.76074,0.15164
131.39,-297.06,157.74,0.16178,-0.74655,0.32803
50.054,-255.73,228.19,-0.0085375,-0.66951,0.45982
-31.663,-207.53,270.65,-0.17276,-0.58029,0.53484
-119.68,-149.95,281.52,-0.35321,-0.46675,0.55308
-202.34,-78.113,256.99,-0.51744,-0.32078,0.49834
-269.15,-3.5671,221.65,-0.64518,-0.17074,0.42738
-309.84,87.468,174.42,-0.72222,0.011738,0.32803
-297.86,187.85,102.38,-0.69789,0.21652,0.18407
-254.64,264.14,21.085,-0.60259,0.36656,0.025931
-203.05,301.65,-67.214,-0.49311,0.44766,-0.14438
-133.01,293.06,-161.36,-0.3451,0.43346,-0.32686
-52.659,251.99,-235.53,-0.17884,0.36047,-0.46675
30.214,202.8,-278.7,-0.0085375,0.26721,-0.5438
117.5,143.57,-282.24,0.16786,0.15366,-0.54583
201.15,76.334,-256.81,0.33209,0.017825,-0.48906
270.15,2.6844,-221.87,0.46793,-0.13424,-0.41809
308.49,-89.649,-173.32,0.54092,-0.3228,-0.31672
297.05,-192.06,-104.79,0.51253,-0.52758,-0.1829
254.47,-271.74,-24.61,0.41927,-0.68775,-0.024756
198.86,-308.33,65.576,0.30573,-0.76277,0.15366
128.56,-296.07,160.48,0.15772,-0.74452,0.33411
52.177,-253.3,234.18,-0.0024563,-0.66545,0.46996
-28.314,-201.89,275.65,-0.16668,-0.57016,0.54497
-116.12,-145.28,279.54,-0.34713,-0.45864,0.547
-202.22,-82.053,254.96,-0.51744,-0.33091,0.49631
-273.61,-7.8842,220,-0.65937,-0.17884,0.42333
-313.22,87.492,171.95,-0.73236,0.011738,0.326
-302.13,191.57,103.16,-0.706,0.2226,0.18611
-257.35,270.74,21.203,-0.61071,0.3848,0.025931
-200.59,306.48,-69.408,-0.49108,0.45779,-0.15249
-130.01,294.17,-163.79,-0.34105,0.43752,-0.33091
-52.187,251.47,-236.92,-0.17682,0.35844,-0.46878
28.539,200.47,-278.37,-0.0085375,0.26113,-0.54177
115.49,142.81,-283.04,0.1638,0.14961,-0.54785
200.73,77.136,-259.03,0.33209,0.017825,-0.49311
271.26,0.84428,-223.81,0.46996,-0.13829,-0.42012
311.2,-93.47,-175.26,0.54497,-0.32888,-0.31874
301.32,-195.07,-103.17,0.52064,-0.53163,-0.17884
257.65,-271.93,-18.099,0.42941,-0.68978,-0.0085375
201.22,-307.32,70.837,0.30978,-0.76074,0.1638
128.16,-295.85,161.66,0.15164,-0.74249,0.33614
46.515,-253.41,231.04,-0.012594,-0.66545,0.46387
-35.792,-204.98,272.04,-0.1829,-0.57421,0.53889
-123.57,-147.07,281.36,-0.35929,-0.45864,0.55106
-205.76,-75.141,255.9,-0.52353,-0.31672,0.49834
-271.89,1.2218,219.27,-0.65328,-0.1606,0.42129
-310.1,93.036,170.74,-0.72424,0.023906,0.32195
-296.58,191.9,98.957,-0.69383,0.2226,0.18002
-252.47,267.13,16.933,-0.59854,0.37466,0.015794
-199.82,302.57,-71.979,-0.49108,0.44968,-0.15654
-129.85,290.77,-165.52,-0.33699,0.43143,-0.33496
-48.955,249.75,-238.62,-0.17276,0.35642,-0.47284
34.319,200.16,-279.98,0.0016,0.26113,-0.5438
121.42,140.92,-281.77,0.17394,0.14352,-0.5438
204.81,73.432,-255.7,0.34223,0.013769,-0.48906
272.91,-2.3404,-219.33,0.47401,-0.14438,-0.41201
308.61,-95.428,-169.69,0.53686,-0.33294,-0.31266
295.87,-196.47,-101.3,0.50848,-0.53569,-0.17276
252.01,-274.83,-20.128,0.41927,-0.69383,-0.014619
195.65,-309.23,70.318,0.29762,-0.76682,0.16178
125.43,-294.7,164.75,0.15164,-0.74249,0.34223
48.497,-250.68,237.36,-0.010563,-0.66139,0.47604
-32.536,-199.16,276.95,-0.17884,-0.56407,0.547
-120.1,-142.96,279.16,-0.35321,-0.45256,0.54497
-206.14,-79.151,253.83,-0.52353,-0.32482,0.49631
-276.49,-2.6706,217.55,-0.66139,-0.16871,0.42129
-313.43,93.46,168.34,-0.73033,0.025931,0.31586
-300.74,196.17,99.382,-0.69992,0.23071,0.17597
-254.71,273.88,16.438,-0.60259,0.38886,0.013769
-197.5,307.4,-73.937,-0.485,0.45779,-0.1606
-126.76,292.85,-168.16,-0.33496,0.43549,-0.33902
-48.177,248.76,-240.3,-0.17074,0.35236,-0.47284
32.833,197.64,-279.72,-0.0044813,0.25707,-0.5438
119.41,140.52,-282.76,0.17191,0.14352,-0.5438
204.67,73.786,-257.73,0.34019,0.015794,-0.49514
274.16,-4.2984,-221.38,0.47807,-0.14641,-0.41809
311.62,-99.203,-171.81,0.54497,-0.34105,-0.31469
299.97,-199.82,-98.943,0.51659,-0.54177,-0.17074
254.8,-275.09,-13.121,0.42333,-0.69586,-0.000425
198.3,-308.24,75.201,0.30167,-0.76277,0.16989
124.48,-294.44,165.91,0.14556,-0.74047,0.34223
42.104,-250.56,234.2,-0.018675,-0.65734,0.46996
-40.203,-202.29,273.5,-0.19304,-0.56812,0.54092
-127.56,-144.5,281.22,-0.36943,-0.45459,0.55106
-209.61,-71.578,254.37,-0.53163,-0.31063,0.49631
-274.6,6.1522,216.89,-0.65734,-0.15249,0.41724
-310.31,98.603,167.32,-0.72424,0.034044,0.31384
-294.79,196.48,94.711,-0.68775,0.23274,0.16583
-249.69,270.2,11.861,-0.59449,0.38074,0.0056562
-197.03,303.65,-76.391,-0.48297,0.45171,-0.16466
-126.14,289.43,-170.07,-0.33294,0.42535,-0.34308
-44.426,246.8,-242.11,-0.1606,0.34628,-0.47892
38.707,197.14,-281.23,0.0056562,0.25909,-0.54785
125.33,138.42,-281.39,0.18205,0.1415,-0.54177
208.82,69.87,-254.17,0.34628,0.0016,-0.48297
275.77,-7.3652,-217.01,0.48009,-0.15249,-0.41201
308.79,-101.02,-166.6,0.53889,-0.3451,-0.30253
294.12,-201.59,-96.962,0.50645,-0.54583,-0.16668
248.92,-278,-14.843,0.41116,-0.69992,-0.0044813
192.87,-310.13,74.777,0.29154,-0.76682,0.16989
121.82,-293.16,169.37,0.14352,-0.74047,0.35033
43.85,-247.47,240.88,-0.018675,-0.65328,0.48212
-37.066,-196.18,278.2,-0.18898,-0.56002,0.54903
-124.3,-140.63,278.72,-0.36133,-0.44648,0.54497
-210.41,-75.589,252.27,-0.53366,-0.31874,0.49023
-279.51,2.3541,215.31,-0.67153,-0.16263,0.41521
-313.71,99.24,165.43,-0.73236,0.036069,0.30978
-298.78,201.46,94.616,-0.69789,0.24287,0.16583
-251.57,276.99,11.106,-0.59854,0.39291,0.0036313
-194.84,308.37,-78.538,-0.47689,0.46184,-0.16871
-122.91,291.31,-172.95,-0.32482,0.43143,-0.34916
-43.293,245.31,-243.84,-0.15857,0.34425,-0.48094
37.433,194.64,-280.97,0.0076813,0.25909,-0.54785
123.75,138.02,-282.24,0.18002,0.13947,-0.5438
208.91,69.894,-256.08,0.34831,0.0036313,-0.49108
277.14,-9.2524,-219.11,0.48009,-0.15654,-0.41404
311.95,-104.86,-168.63,0.547,-0.35119,-0.31063
297.85,-205.08,-93.895,0.51051,-0.55394,-0.15654
251.59,-278.11,-7.6954,0.41521,-0.70194,0.0076813
195.42,-309.18,79.778,0.29356,-0.76682,0.18002
120.19,-292.83,170.6,0.13744,-0.73844,0.35236
37.032,-247.3,237.41,-0.034894,-0.65328,0.47604
-44.662,-199.51,275.04,-0.20115,-0.56204,0.54294
-131.97,-141.43,280.72,-0.37957,-0.45053,0.55106
-213.66,-67.309,252.34,-0.53771,-0.30049,0.49023
-277.41,10.965,214.5,-0.66545,-0.14641,0.41319
-310.36,104.22,163.97,-0.72628,0.046206,0.30776
-292.39,201.62,89.521,-0.68167,0.24287,0.15772
-246.76,273.2,6.5532,-0.5884,0.3848,-0.0044813
-194.32,304.55,-81.298,-0.47892,0.45374,-0.17276
-121.85,287.63,-174.9,-0.3228,0.42535,-0.35321
-39.377,243.59,-245.44,-0.15046,0.34223,-0.48297
43.048,194.22,-282.31,0.013769,0.25099,-0.54785
129.79,135.31,-280.5,0.19219,0.13339,-0.53974
213.09,65.671,-252.19,0.35844,-0.0065062,-0.48297
278.53,-12.296,-214.61,0.48212,-0.16263,-0.40593
308.68,-106.89,-163.35,0.54092,-0.35524,-0.30049
291.69,-206.89,-91.795,0.50239,-0.55596,-0.15654
245.85,-280.8,-9.5827,0.40507,-0.70397,0.0076813
189.83,-310.74,79.66,0.28545,-0.76885,0.18002
117.69,-291.25,174.28,0.13339,-0.73641,0.35844
39.108,-244.1,244.25,-0.032869,-0.64923,0.49023
-41.217,-193.52,279.4,-0.19304,-0.54988,0.54903
-129,-137.58,277.73,-0.37349,-0.44445,0.54294
-214.73,-71.531,250.29,-0.54177,-0.31063,0.48617
-282.29,7.0486,213.25,-0.67559,-0.15249,0.40913
-313.69,105.07,162.23,-0.73236,0.052288,0.3037
-296.11,206.84,89.261,-0.68978,0.25301,0.15772
-248.58,279.66,5.9634,-0.59043,0.40102,-0.0044813
-191.84,308.98,-83.397,-0.46878,0.46184,-0.17884
-118.71,289.4,-177.81,-0.31672,0.42941,-0.35929
-38.575,242.03,-247.09,-0.14641,0.34223,-0.48702
41.514,192.09,-282.15,0.015794,0.2449,-0.54583
128.49,134.63,-281.3,0.19219,0.12934,-0.5438
213.16,65.789,-254.12,0.36047,-0.0044813,-0.48297
279.94,-13.687,-217.25,0.48821,-0.16668,-0.40998
312.05,-110.55,-165.35,0.547,-0.36133,-0.30049
295.13,-210.22,-88.28,0.50848,-0.56407,-0.14843
248.73,-280.66,-2.8122,0.40913,-0.706,0.011738
192.38,-309.72,84.52,0.29154,-0.76682,0.18813
115.52,-290.95,175.32,0.12731,-0.73641,0.3625
32.22,-244.19,240.5,-0.045031,-0.6472,0.48009
-48.743,-197.1,276.5,-0.20926,-0.55799,0.54903
-136.74,-137.73,279.61,-0.38971,-0.44243,0.547
-217.49,-63.204,250.24,-0.54785,-0.29239,0.48617
-279.98,14.904,212.95,-0.66748,-0.13829,0.40913
-310.31,109.83,160.58,-0.72628,0.056344,0.30167
-289.51,206.65,83.977,-0.67559,0.25099,0.14556
-244.31,275.79,2.0238,-0.58435,0.39291,-0.012594
-191.28,305.18,-86.157,-0.46675,0.45171,-0.18696
-117.18,285.72,-179.88,-0.31469,0.42333,-0.36133
-34.518,240.64,-248.6,-0.14033,0.33817,-0.49108
47.034,191.69,-283.4,0.01985,0.24693,-0.54785
134.51,131.77,-279.34,0.20435,0.12528,-0.53569
217.05,61.873,-250.32,0.36452,-0.012594,-0.47689
281.26,-16.023,-213.17,0.49023,-0.17074,-0.40187
308.49,-112.51,-160.11,0.53686,-0.36943,-0.29239
288.91,-212.06,-86.464,0.49226,-0.57016,-0.14641
243.35,-283.3,-5.0533,0.39899,-0.71006,0.011738
186.69,-311.12,84.708,0.2814,-0.76885,0.19016
113.09,-289.08,179.21,0.12325,-0.73236,0.36656
34.697,-241.01,247.36,-0.03895,-0.64314,0.49226
-45.251,-191.02,280.53,-0.20521,-0.54785,0.55308
-133.98,-134.16,276.45,-0.38362,-0.43634,0.53889
-218.74,-67.733,248.4,-0.54785,-0.30253,0.48212
-284.98,10.847,211.84,-0.67964,-0.14033,0.40711
-313.64,110.8,159.02,-0.73033,0.058375,0.29964
-293.38,211.98,83.859,-0.68369,0.26315,0.14758
-246.03,282.09,1.3633,-0.58435,0.40305,-0.016644
-188.56,309.17,-88.564,-0.46473,0.46184,-0.18898
-113.99,287.23,-182.6,-0.30455,0.42129,-0.36943
-34.211,239.08,-250.13,-0.14033,0.33411,-0.48906
45.525,189.57,-283.26,0.017825,0.24085,-0.55191
133.47,130.95,-280.02,0.2003,0.12325,-0.53771
217.15,61.92,-252.23,0.36656,-0.014619,-0.48094
282.73,-17.438,-215.83,0.49226,-0.17479,-0.40593
312.03,-116.07,-161.88,0.54497,-0.37146,-0.29644
292.4,-215.03,-82.878,0.50037,-0.57421,-0.13829
246.14,-282.95,1.6699,0.40305,-0.71208,0.032012
188.84,-309.91,89.662,0.2814,-0.76682,0.2003
110.61,-288.8,179.9,0.11717,-0.73438,0.37061
27.879,-241.6,243.24,-0.055169,-0.64314,0.48617
-52.918,-194.63,277.87,-0.21737,-0.55799,0.54903
-141.64,-133.43,278.1,-0.39984,-0.43229,0.54092
-221.12,-59.335,248.07,-0.55394,-0.28428,0.48009
-282.57,18.514,211.44,-0.67559,-0.12816,0.40913
-310.17,115.35,156.94,-0.72424,0.068513,0.29559
-286.68,211.15,78.905,-0.67153,0.25909,0.13744
-241.81,278.01,-2.4112,-0.57624,0.39494,-0.018675
-187.76,305.21,-91.347,-0.4627,0.45374,-0.19709
-112.44,283.6,-184.39,-0.30049,0.41724,-0.36943
-30.413,238.19,-251.36,-0.13221,0.33209,-0.49311
51.163,188.91,-284.27,0.036069,0.24085,-0.55394
139.41,127.57,-277.71,0.21044,0.1192,-0.53163
220.73,58.146,-248.32,0.37264,-0.022731,-0.47284
283.65,-19.632,-211.49,0.49429,-0.17682,-0.39782
308.13,-117.96,-156.62,0.53686,-0.37551,-0.28631
286.29,-216.59,-81.817,0.48821,-0.57624,-0.13424
240.71,-285.36,-0.57114,0.39291,-0.71411,0.025931
183.03,-310.9,89.969,0.27126,-0.76885,0.2003
108.63,-286.82,183.51,0.11514,-0.7283,0.37669
31.04,-238.58,249.86,-0.047056,-0.63706,0.49834
-49.356,-188.35,281.31,-0.21129,-0.54177,0.55308
-138.81,-130.32,274.89,-0.39174,-0.4262,0.53686
-222.35,-64.407,246.4,-0.55799,-0.29441,0.47807
-287.36,14.527,210.21,-0.68369,-0.13627,0.40507
-313.43,116.18,155.62,-0.73033,0.070537,0.28951
-290.92,216.18,79.589,-0.68167,0.26923,0.13947
-243.44,284.02,-2.9537,-0.58029,0.40913,-0.0207
-185,308.84,-93.73,-0.45661,0.46184,-0.20115
-109.72,285.01,-186.75,-0.29644,0.42129,-0.37349
-30.814,236.91,-252.54,-0.13221,0.33006,-0.49514
49.606,186.9,-284.11,0.029988,0.23679,-0.55394
138.09,127.12,-278.51,0.20841,0.11514,-0.53569
220.54,58.712,-250.56,0.37061,-0.0207,-0.47689
284.87,-21.024,-214.23,0.49631,-0.17884,-0.4039
311.7,-121.07,-158.37,0.54294,-0.3816,-0.28833
290.3,-218.78,-78.868,0.49631,-0.58232,-0.13019
243.76,-284.79,5.7039,0.39899,-0.71614,0.036069
185.18,-309.7,94.616,0.27531,-0.76682,0.21044
106.22,-286.75,183.76,0.10906,-0.7283,0.37669
24.6,-239.68,245.45,-0.059225,-0.63706,0.49226
-56.952,-192.03,278.74,-0.22751,-0.54988,0.54903
-145.91,-129.56,276.73,-0.40796,-0.42417,0.53889
-224,-56.481,246.47,-0.56002,-0.28225,0.47807
-284.79,21.745,209.97,-0.67761,-0.12411,0.40305
-309.82,120.14,153.57,-0.72222,0.07865,0.28748
-284.7,214.62,76.239,-0.66545,0.26721,0.13339
-239.64,279.87,-6.2328,-0.57016,0.39899,-0.024756
-184.18,304.95,-96.325,-0.45256,0.45374,-0.20521
-108.33,281.74,-188.23,-0.29441,0.41521,-0.37754
-27.181,236.44,-253.63,-0.12613,0.33006,-0.49716
55.032,186.34,-284.91,0.044181,0.23274,-0.55394
143.45,124.1,-276.37,0.22057,0.11109,-0.53163
223.63,55.786,-247.07,0.37466,-0.024756,-0.47081
285.72,-22.935,-209.91,0.49834,-0.18696,-0.39376
307.78,-122.72,-153.37,0.53889,-0.38565,-0.28022
284.66,-220.08,-78.75,0.48415,-0.58232,-0.12816
238.4,-287.2,3.3213,0.38683,-0.71614,0.032012
179.4,-310.39,95.065,0.26315,-0.76885,0.20841
104.85,-284.86,187.19,0.10501,-0.72628,0.38277
28.186,-236.76,252.04,-0.051112,-0.63504,0.50645
-53.131,-185.8,282,-0.22143,-0.53974,0.55511
-142.82,-127.25,273.74,-0.39984,-0.41809,0.53484
-225.39,-62.119,245.19,-0.56204,-0.29036,0.47401
-289.39,17.995,208.58,-0.68572,-0.12816,0.40102
-313.15,120.92,152.44,-0.7283,0.07865,0.28545
-289.34,219.48,76.664,-0.67964,0.27531,0.13339
-241.05,285.79,-6.799,-0.57218,0.41116,-0.032869
-181.34,308.23,-98.684,-0.44648,0.45982,-0.20926
-106.11,283.08,-190.31,-0.29036,0.41521,-0.38362
-27.983,235.24,-254.66,-0.12613,0.33006,-0.50122
53.357,184.31,-284.79,0.040125,0.23071,-0.55191
142.06,123.92,-277.43,0.21652,0.10906,-0.53366
223.47,56.447,-249.36,0.37669,-0.022731,-0.47486
286.88,-24.445,-212.6,0.50239,-0.18898,-0.39782
311.51,-125.51,-155.23,0.54497,-0.39174,-0.28225
288.93,-221.92,-75.943,0.49631,-0.58435,-0.12613
241.44,-286.58,9.502,0.39494,-0.71816,0.044181
181.5,-309.21,99.264,0.26721,-0.76479,0.21854
102.59,-285,187,0.098925,-0.72628,0.38277
21.675,-238.1,247.29,-0.067331,-0.63706,0.49429
-60.821,-189.53,279.59,-0.23562,-0.54583,0.55106
-149.66,-126.17,275.55,-0.41404,-0.41809,0.53686
-226.69,-54.145,245.22,-0.56407,-0.27414,0.47401
-286.7,25.048,208.16,-0.68369,-0.11397,0.39899
-309.51,124.36,150.53,-0.72019,0.084731,0.2814
-283.14,217.55,72.63,-0.66139,0.27531,0.12731
-237.4,281.48,-9.9601,-0.5661,0.40102,-0.036919
-180.73,304.43,-100.95,-0.44648,0.45171,-0.21129
-104.91,280.13,-191.39,-0.28631,0.41319,-0.3816
-24.256,234.84,-255.63,-0.12208,0.32803,-0.50325
58.853,183.55,-285.31,0.052288,0.23274,-0.55191
147.08,121.04,-275.26,0.22462,0.10703,-0.52758
226.32,53.616,-245.84,0.38277,-0.030838,-0.46473
287.49,-26.238,-208.03,0.50239,-0.19304,-0.39174
307.52,-126.66,-150.65,0.53686,-0.39579,-0.27211
283.27,-223.03,-76.155,0.48009,-0.59043,-0.12613
236.11,-288.68,7.0486,0.38277,-0.72222,0.040125
176,-309.75,99.523,0.25301,-0.76885,0.21854
101.91,-283.33,190.13,0.098925,-0.72019,0.38683
25.331,-234.94,253.9,-0.06125,-0.63098,0.50645
-56.929,-183.16,282.37,-0.22751,-0.53163,0.55714
-146.38,-124.54,272.7,-0.40998,-0.44648,0.53281
-228.1,-59.996,243.94,-0.57016,-0.28631,0.47198
-291.18,21.486,206.67,-0.69181,-0.11802,0.39899
-312.98,124.74,150.05,-0.7283,0.090812,0.27937
-288.09,222.36,74.187,-0.67356,0.28342,0.12731
-238.72,287.19,-10.503,-0.57218,0.41319,-0.036919
-178.09,307.61,-102.98,-0.44039,0.45779,-0.21737
-103.33,281.66,-193.12,-0.28428,0.41521,-0.38768
-25.105,233.42,-256.55,-0.12411,0.326,-0.50325
56.966,181.69,-285.21,0.046206,0.22666,-0.55394
145.29,121.39,-276.51,0.2226,0.10501,-0.53163
226.16,54.229,-248.18,0.3848,-0.028813,-0.47081
288.58,-27.889,-210.62,0.50443,-0.19507,-0.39579
311.51,-128.95,-152.97,0.54497,-0.39984,-0.28022
287.73,-224.61,-73.489,0.49023,-0.59246,-0.12005
239.08,-288.02,13.088,0.39088,-0.72019,0.050263
178.27,-308.62,103.27,0.25909,-0.76682,0.22462
99.759,-283.56,189.62,0.092837,-0.72019,0.38886
18.726,-236.38,248.99,-0.073419,-0.63504,0.49631
-64.265,-187.2,280.25,-0.2417,-0.53974,0.55308
-152.61,-123.71,274.87,-0.41809,-0.41404,0.53484
-229.23,-51.88,243.99,-0.56812,-0.26806,0.47401
-288.33,28.374,206.18,-0.68572,-0.10788,0.39494
-309.47,127.45,148.59,-0.72222,0.090812,0.27734
-281.98,220.16,70.224,-0.66342,0.27937,0.12528
-235.18,282.99,-13.593,-0.56407,0.40711,-0.043006
-177.64,303.89,-105.03,-0.43837,0.45171,-0.22143
-102.32,278.9,-194.04,-0.28225,0.40507,-0.38971
-21.26,233.12,-257.4,-0.11397,0.32195,-0.50528
62.179,181.17,-285.66,0.058375,0.22462,-0.55394
149.75,119.08,-274.67,0.23071,0.098925,-0.52961
228.87,51.422,-244.64,0.38683,-0.032869,-0.46675
289.1,-29.682,-206,0.50645,-0.19912,-0.38565
307.54,-129.78,-149.03,0.53889,-0.40187,-0.27008
282.21,-225.74,-73.937,0.48212,-0.59246,-0.12005
233.75,-290.19,10.705,0.37872,-0.72222,0.046206
173.1,-309.18,103.46,0.24896,-0.76885,0.22462
99.5,-282.03,192.78,0.094869,-0.72019,0.39494
22.5,-233.17,255.6,-0.065306,-0.63098,0.50848
-60.09,-181.01,282.75,-0.23359,-0.52961,0.55917
-148.98,-122.98,272.3,-0.41201,-0.41201,0.53078
-230.74,-57.707,242.69,-0.57218,-0.28225,0.46996
-292.74,25.048,204.59,-0.69181,-0.11397,0.39088
-313.05,127.78,148.5,-0.73033,0.092837,0.27937
-286.94,225,71.875,-0.67153,0.28748,0.12528
-236.52,288.62,-14.159,-0.56407,0.41927,-0.047056
-175.21,307.1,-106.8,-0.43431,0.45779,-0.22751
-101.02,280.37,-195.66,-0.27819,0.41319,-0.39174
-22.227,231.58,-258.2,-0.11397,0.31992,-0.5073
60.056,179.71,-285.62,0.052288,0.22462,-0.55394
147.93,119.83,-276.13,0.22666,0.10298,-0.52961
228.85,51.823,-246.93,0.38683,-0.034894,-0.46878
290.2,-31.31,-208.69,0.50645,-0.20318,-0.39174
311.67,-131.92,-151.39,0.54497,-0.4039,-0.27414
286.67,-227.23,-70.941,0.49023,-0.59854,-0.11802
236.87,-289.44,16.674,0.3848,-0.72222,0.058375
175.46,-308.14,107.57,0.25301,-0.76682,0.23274
97.282,-282.41,192.04,0.088788,-0.72019,0.39088
15.518,-234.52,250.67,-0.0795,-0.63301,0.50037
-67.474,-185.21,280.89,-0.24576,-0.53569,0.55308
-155.23,-121.92,274.49,-0.42417,-0.40998,0.53889
-231.76,-49.356,242.58,-0.57826,-0.26603,0.46793
-289.91,31.63,204.38,-0.68775,-0.099775,0.38886
-309.58,130.33,146.99,-0.72222,0.098925,0.27329
-280.8,222.76,67.77,-0.66139,0.28342,0.11717
-233.08,284.38,-17.132,-0.56002,0.41116,-0.051112
-175.05,303.51,-108.57,-0.43431,0.44968,-0.22953
-99.745,277.75,-196.75,-0.27617,0.40711,-0.39174
-17.887,231.13,-259.24,-0.10586,0.31992,-0.5073
65.364,179.09,-286.04,0.062425,0.22057,-0.55596
152.39,117.33,-274.24,0.23679,0.096894,-0.52758
231.54,48.827,-243.22,0.39494,-0.043006,-0.4627
290.58,-32.866,-204.27,0.50848,-0.20318,-0.38362
307.61,-132.72,-147.54,0.53686,-0.40796,-0.26806
281.08,-228.62,-71.437,0.48009,-0.60259,-0.11802
231.63,-291.58,14.314,0.37466,-0.72628,0.054319
170.53,-308.76,106.95,0.24287,-0.76682,0.23274
96.928,-280.57,195.54,0.088788,-0.71614,0.39899
19.08,-230.89,257.3,-0.073419,-0.62287,0.51253
-63.157,-179.01,283.1,-0.2417,-0.52353,0.55714
-151.79,-121.45,271.92,-0.41809,-0.40998,0.52876
-233.62,-55.018,241.25,-0.58029,-0.27617,0.46793
-294.3,28.28,202.92,-0.69586,-0.10586,0.38683
-313.1,130.8,146.96,-0.73033,0.098925,0.27329
-285.76,227.9,69.233,-0.66748,0.29356,0.1192
-234.38,290.09,-17.721,-0.56204,0.42129,-0.051112
-172.81,306.67,-110.17,-0.43026,0.45779,-0.23156
-98.212,278.86,-198.59,-0.27414,0.40711,-0.39984
-18.736,229.27,-259.9,-0.10586,0.31992,-0.50933
63.1,177.87,-286.06,0.058375,0.21854,-0.55394
150.81,118.14,-275.78,0.23476,0.098925,-0.53163
231.72,48.874,-245.42,0.39494,-0.040975,-0.46675
291.95,-34.423,-207.13,0.51051,-0.20926,-0.38768
311.77,-135.04,-149.69,0.54497,-0.41201,-0.27211
285.42,-230.13,-67.945,0.48821,-0.60463,-0.10991
234.72,-290.85,20.071,0.38277,-0.72628,0.062425
173.13,-307.93,110.04,0.24693,-0.76277,0.23476
94.192,-280.76,194.9,0.0827,-0.71816,0.39899
12.026,-232.49,252.34,-0.085581,-0.62692,0.50037
-70.399,-183.61,281.57,-0.25589,-0.53366,0.55511
-158.06,-119.8,274.02,-0.43026,-0.40796,0.53484
-234.45,-46.195,240.88,-0.58029,-0.25994,0.4659
-291.58,34.461,203.11,-0.69383,-0.095719,0.38683
-309.68,133.52,145.24,-0.72222,0.10095,0.27126
-279.48,225.73,64.822,-0.65937,0.28951,0.11109
-231.07,285.86,-20.599,-0.55394,0.41116,-0.059225
-172.83,303.23,-111.92,-0.42823,0.45171,-0.23562
-96.514,276.17,-199.79,-0.26806,0.40102,-0.40187
-14.372,229.08,-260.94,-0.097744,0.31586,-0.50933
68.124,177.58,-286.51,0.068513,0.21854,-0.55596
155.39,115.33,-273.73,0.24287,0.092837,-0.52758
234.51,45.619,-241.55,0.39899,-0.047056,-0.46067
292.21,-35.65,-203.07,0.51253,-0.21129,-0.3816
307.71,-136.1,-145.75,0.53686,-0.41201,-0.264
279.66,-231.78,-68.252,0.47807,-0.60665,-0.10991
229.46,-293.12,17.829,0.36858,-0.7283,0.062425
168.29,-308.36,110.4,0.24085,-0.76479,0.24085
93.72,-278.77,198.63,0.0827,-0.71411,0.40507
15.612,-228.69,258.95,-0.081525,-0.61881,0.51456
-65.893,-177.76,283.62,-0.24778,-0.51947,0.55917
-155.02,-119.42,271.26,-0.4262,-0.40593,0.52673
-236.69,-51.786,239.56,-0.58232,-0.27008,0.46387
-296.11,31.158,201.76,-0.69992,-0.1018,0.3848
-313.07,134.46,144.96,-0.73033,0.10703,0.26923
-284.18,231.25,65.907,-0.66342,0.3037,0.11109
-232.16,291.62,-21.284,-0.55596,0.42333,-0.057194
-170.45,306.41,-113.71,-0.4262,0.45779,-0.23562
-94.791,276.78,-201.73,-0.26603,0.40305,-0.4039
-15.244,227.08,-261.53,-0.10383,0.31181,-0.50933
65.812,176.55,-286.72,0.062425,0.21652,-0.55394
154.16,115.8,-275.24,0.24085,0.092837,-0.52961
234.77,45.43,-243.69,0.40102,-0.049087,-0.46473
293.72,-37.372,-205.97,0.51659,-0.21737,-0.38565
311.77,-138.69,-147.4,0.54497,-0.42012,-0.26806
283.81,-233.34,-64.36,0.48212,-0.61071,-0.1018
232.64,-292.43,23.491,0.37872,-0.7283,0.070537
170.58,-307.67,113.51,0.24287,-0.76479,0.2449
90.252,-278.63,198.23,0.074594,-0.71411,0.40711
8.2989,-230.3,254.06,-0.095719,-0.62287,0.50645
-73.324,-182.22,282.37,-0.26198,-0.52961,0.55714
-161.41,-117.06,273.36,-0.44039,-0.39984,0.53281
-237.47,-42.798,239.18,-0.5884,-0.25184,0.46184
-293.54,37.457,201.81,-0.69789,-0.089638,0.38277
-309.51,137.34,142.79,-0.72222,0.11109,0.26517
-277.74,228.89,61.33,-0.65328,0.29762,0.10501
-229.21,287.42,-23.996,-0.54988,0.41724,-0.063281
-170.23,302.9,-115.74,-0.4262,0.44968,-0.2417
-92.291,273.88,-203.4,-0.25994,0.39899,-0.4039
-10.526,226.79,-262.83,-0.091663,0.30978,-0.51541
71.167,175.96,-286.91,0.074594,0.21449,-0.55596
158.9,112.55,-272.83,0.25301,0.086756,-0.52353
237.53,42.363,-239.87,0.40102,-0.053144,-0.45459
294.03,-38.788,-201.59,0.51456,-0.21939,-0.37754
307.5,-140.23,-143.18,0.53686,-0.42215,-0.25792
278.01,-235.27,-64.761,0.47401,-0.61273,-0.1018
227.55,-294.67,21.226,0.36656,-0.73236,0.066481
165.43,-307.88,114.41,0.23679,-0.76682,0.24693
89.544,-276.3,202.17,0.072563,-0.70803,0.40913
11.79,-226.24,260.55,-0.089638,-0.61273,0.51659
-69.054,-176.06,284.02,-0.25386,-0.51947,0.56119
-158.86,-116.73,270.37,-0.43229,-0.39984,0.52673
-239.9,-48.672,238.05,-0.59246,-0.264,0.45982
-297.88,34.555,200.25,-0.70194,-0.097744,0.38074
-312.74,138.8,142.2,-0.7283,0.11717,0.26113
-282.34,234.6,62.274,-0.66139,0.30978,0.10501
-230.3,293.2,-24.492,-0.55394,0.42738,-0.063281
-167.45,305.87,-117.75,-0.41809,0.45374,-0.24373
-90.451,274.23,-205.24,-0.25589,0.40102,-0.40998
-11.541,224.76,-263.13,-0.091663,0.30978,-0.51744
69.091,174.71,-287.1,0.068513,0.21246,-0.55394
158,112.9,-274.13,0.24896,0.090812,-0.52555
237.86,42.363,-242.33,0.40507,-0.053144,-0.46067
295.61,-40.769,-204.46,0.51862,-0.21939,-0.3816
311.48,-143.22,-144.28,0.54497,-0.4262,-0.25994
282,-236.71,-60.632,0.48009,-0.61679,-0.095719
230.92,-294.01,26.511,0.37264,-0.73438,0.074594
167.27,-307.22,117.52,0.23882,-0.76479,0.24896
85.841,-276.08,201.53,0.066481,-0.706,0.41319
4.7131,-228.27,255.6,-0.10383,-0.61881,0.50645
-76.674,-180.31,282.96,-0.26806,-0.52555,0.55714
-165.28,-113.59,272.23,-0.44648,-0.39579,0.53078
-240.42,-39.92,237.98,-0.59246,-0.24778,0.46184
-295.5,40.948,200.21,-0.69992,-0.081525,0.38074
-308.95,141.82,139.49,-0.72222,0.12123,0.25909
-275.94,232.12,57.815,-0.65126,0.3037,0.096894
-227.72,289,-27.04,-0.54785,0.41927,-0.069363
-167,302.26,-119.99,-0.41809,0.45171,-0.24778
-87.974,271.52,-206.85,-0.24981,0.39291,-0.40998
-7.0585,224.91,-264.45,-0.085581,0.30776,-0.51541
74.706,173.86,-287.1,0.0827,0.20841,-0.55596
162.79,109.24,-271.56,0.25909,0.080675,-0.51947
239.49,39.769,-238.88,0.41116,-0.057194,-0.45459
295.89,-42.421,-199.82,0.51659,-0.22345,-0.37349
306.93,-144.92,-139.87,0.53484,-0.43229,-0.24981
276.26,-238.62,-61.269,0.4659,-0.61881,-0.095719
225.87,-296.28,24.388,0.36047,-0.73844,0.070537
162.16,-307.18,118.68,0.22666,-0.76682,0.25504
85.44,-273.82,205.56,0.064456,-0.70194,0.41724
8.5112,-224.4,262.06,-0.097744,-0.60867,0.52064
-72.829,-173.8,284.12,-0.26198,-0.51339,0.55714
-162.97,-113.57,269.07,-0.44039,-0.39376,0.5247
-242.92,-46.101,237.17,-0.59651,-0.25792,0.45982
-299.84,38.4,198.44,-0.70803,-0.089638,0.38074
-312.04,143.85,138.61,-0.72628,0.12528,0.25707
-280.45,238.02,58.641,-0.65937,0.31384,0.096894
-228.53,294.76,-27.629,-0.54785,0.42941,-0.071387
-164.03,305.16,-122.13,-0.41404,0.45374,-0.25184
-86.275,271.78,-208.57,-0.24778,0.39697,-0.41404
-8.3324,222.88,-264.64,-0.087606,0.30167,-0.51744
72.96,172.25,-287.22,0.076619,0.20638,-0.55799
162.04,109.57,-272.88,0.25504,0.0827,-0.52353
240.88,39.816,-241.45,0.41319,-0.06125,-0.46067
297.59,-44.732,-202.53,0.5247,-0.22953,-0.37957
310.85,-148.13,-140.44,0.54092,-0.44039,-0.24981
280.13,-239.94,-56.858,0.47604,-0.62084,-0.083556
229.15,-295.52,29.672,0.36656,-0.73641,0.0827
163.62,-306.42,121.77,0.22868,-0.76277,0.25909
81.547,-273.56,204.67,0.056344,-0.70397,0.41319
1.4105,-226.43,257.11,-0.10788,-0.61679,0.51051
-80.755,-177.78,283.29,-0.27617,-0.52149,0.55511
-169.05,-110.1,270.98,-0.45459,-0.38362,0.5247
-243.25,-37.302,237.08,-0.59854,-0.2417,0.45982
-297.36,44.911,198.23,-0.70397,-0.073419,0.38074
-308.03,146.61,135.78,-0.71816,0.13339,0.25099
-274.24,235.26,54.489,-0.64518,0.30978,0.090812
-226.17,290.58,-30.295,-0.54583,0.42129,-0.075444
-163.27,301.53,-124.47,-0.40998,0.44968,-0.25792
-83.657,269.11,-210.17,-0.24373,0.39088,-0.41809
-3.6615,223,-265.99,-0.075444,0.30573,-0.51947
78.693,171.14,-286.96,0.090812,0.20435,-0.55394
166.57,106.03,-270.28,0.26517,0.074594,-0.51744
243.38,37.103,-237.96,0.41724,-0.063281,-0.45256
297.64,-46.384,-197.74,0.52064,-0.23359,-0.36538
306.08,-149.73,-136.31,0.53281,-0.44039,-0.2417
274.42,-241.74,-58.108,0.4659,-0.62692,-0.091663
223.94,-297.69,27.714,0.36047,-0.74047,0.07865
158.45,-306.19,123.09,0.21854,-0.76277,0.26113
81.476,-271.34,208.65,0.058375,-0.70194,0.42333
5.1614,-222.37,263.52,-0.1018,-0.60665,0.52267
-77.004,-171.06,283.91,-0.26806,-0.5073,0.55511
-166.6,-110.69,267.86,-0.44648,-0.38971,0.51862
-245.82,-43.624,236.23,-0.60463,-0.25386,0.45779
-301.61,42.552,196.34,-0.71006,-0.081525,0.37669
-311.16,148.71,135.07,-0.72424,0.13542,0.24896
-278.63,241.04,55.598,-0.65328,0.32195,0.090812
-226.5,296.17,-31.097,-0.54583,0.43346,-0.075444
-160.28,304.24,-126.38,-0.4039,0.45576,-0.26198
-82.43,269.47,-211.45,-0.23967,0.39088,-0.42012
-5.1241,220.8,-266.06,-0.0795,0.30167,-0.51947
77.089,169.35,-286.91,0.088788,0.2003,-0.55596
165.58,106.81,-271.81,0.26315,0.076619,-0.52149
243.73,37.244,-240.51,0.41724,-0.063281,-0.45661
299.43,-48.861,-200.34,0.52673,-0.23764,-0.37551
310.07,-152.85,-136.83,0.54092,-0.44648,-0.24778
278.53,-242.77,-53.886,0.47198,-0.62895,-0.081525
227.03,-296.87,33.092,0.3625,-0.73844,0.086756
159.96,-305.62,125.71,0.2226,-0.76277,0.26721
77.962,-271.56,207.17,0.048238,-0.69992,0.41927
-1.9158,-224.44,258.57,-0.11599,-0.61071,0.51253
-85.001,-174.72,283.32,-0.28225,-0.51541,0.55308
-172.33,-107.29,270.03,-0.45864,-0.37957,0.5247
-245.94,-34.801,236.14,-0.60259,-0.23764,0.45576
-298.99,48.969,195.98,-0.706,-0.067331,0.37264
-307.08,151,132.2,-0.71411,0.13947,0.24085
-272.88,238.07,51.823,-0.64112,0.31586,0.086756
-224.23,292,-33.669,-0.53974,0.42535,-0.083556
-159.85,300.73,-128.46,-0.4039,0.44766,-0.26603
-80.354,267.32,-212.72,-0.23764,0.38886,-0.42417
-0.21729,220.92,-267.4,-0.069363,0.30167,-0.52149
82.986,167.98,-286.54,0.098925,0.19827,-0.55394
169.75,103.77,-269.46,0.27126,0.068513,-0.51541
246.16,34.602,-237.02,0.42333,-0.069363,-0.45053
299.15,-50.677,-195.31,0.5247,-0.2417,-0.36335
305.21,-154.24,-132.96,0.53078,-0.44851,-0.23764
273.15,-244.69,-55.395,0.46387,-0.63301,-0.085581
221.84,-299.11,31.182,0.35439,-0.74249,0.0827
155.17,-305.36,127.08,0.21246,-0.76074,0.26721
78.622,-269.69,211.13,0.050263,-0.69789,0.42535
1.7408,-220.17,264.82,-0.10991,-0.60463,0.52673
-81.392,-167.95,283.39,-0.27617,-0.50122,0.55511
-169.81,-108.62,267.06,-0.45459,-0.3816,0.51862
-248.72,-41.076,235.22,-0.60867,-0.24576,0.45374
-303.19,46.987,193.91,-0.71411,-0.071387,0.36858
-310.27,153.22,131.72,-0.72019,0.14556,0.24287
-277.1,243.92,52.861,-0.65328,0.32803,0.084731
-224.26,297.52,-34.683,-0.53974,0.43549,-0.083556
-157.12,303.53,-130.22,-0.39782,0.45374,-0.26806
-79.694,267.94,-213.92,-0.23359,0.39088,-0.4262
-1.6091,218.54,-267.29,-0.073419,0.29559,-0.52149
81.217,166.19,-286.44,0.094869,0.19421,-0.55191
168.71,104.71,-271.04,0.26923,0.070537,-0.51947
246.68,34.484,-239.57,0.42333,-0.069363,-0.45459
301.08,-53.319,-197.93,0.53078,-0.24576,-0.36741
309.27,-157.26,-133.41,0.54092,-0.45661,-0.23764
276.97,-245.56,-50.984,0.46793,-0.63504,-0.075444
224.69,-298.12,36.678,0.35844,-0.74047,0.096894
156.68,-304.89,129.27,0.21449,-0.76074,0.27329
75.107,-270.02,209.45,0.046206,-0.69789,0.42738
-5.5251,-222.27,259.99,-0.12208,-0.60867,0.51659
-89.271,-171.58,283.1,-0.29441,-0.5073,0.55308
-175.26,-104.98,269.14,-0.46675,-0.37551,0.5247
-248.55,-31.994,235.05,-0.60867,-0.22953,0.45374
-300.52,53.286,193.58,-0.71006,-0.057194,0.36858
-306.16,155.17,128.99,-0.71208,0.14758,0.23679
-271.41,240.9,49.04,-0.64112,0.32195,0.07865
-221.94,293.29,-37.419,-0.53569,0.42941,-0.089638
-156.72,299.92,-132.16,-0.39782,0.44968,-0.27414
-77.523,265.81,-215.15,-0.23156,0.3848,-0.43026
3.4157,218.65,-268.68,-0.063281,0.29559,-0.52353
87.044,164.94,-285.99,0.10906,0.19219,-0.55394
172.77,101.67,-268.61,0.27734,0.064456,-0.51339
248.92,31.724,-235.84,0.42535,-0.073419,-0.44851
300.54,-54.876,-192.86,0.52876,-0.24981,-0.35929
304.36,-158.27,-130.11,0.52876,-0.46067,-0.22953
271.52,-247.56,-52.588,0.45576,-0.63909,-0.077469
219.29,-300.34,35.05,0.34831,-0.74452,0.092837
152.11,-304.53,130.66,0.20638,-0.75669,0.27531
76.121,-268.18,213.58,0.048238,-0.69383,0.43346
-1.8922,-217.82,266.07,-0.11599,-0.59854,0.52673
-85.332,-165.16,282.84,-0.28631,-0.49716,0.55308
-172.85,-106.59,266.24,-0.45864,-0.37754,0.51862
-251.53,-38.245,233.94,-0.61476,-0.24373,0.45171
-304.72,51.116,191.64,-0.71614,-0.06125,0.36452
-309.54,157.2,129.08,-0.72019,0.15569,0.23882
-275.21,246.82,49.747,-0.6472,0.33411,0.080675
-221.66,298.67,-38.528,-0.53366,0.43954,-0.091663
-154.12,302.75,-133.67,-0.38971,0.45171,-0.27414
-77.122,266.43,-216.28,-0.22953,0.38886,-0.43026
2.0238,216.06,-268.56,-0.067331,0.29356,-0.52353
85.062,163.43,-285.99,0.10298,0.19016,-0.54988
171.83,102.59,-270.3,0.27531,0.070537,-0.51541
249.58,31.441,-238.15,0.42941,-0.075444,-0.45256
302.52,-57.401,-195.66,0.53078,-0.25589,-0.36538
308.63,-161.03,-130.77,0.53484,-0.4627,-0.23359
275.11,-248.37,-47.681,0.4659,-0.64112,-0.067331
222.19,-299.25,40.382,0.35439,-0.74452,0.10501
153.83,-304.42,132.36,0.20638,-0.75871,0.27734
72.394,-268.58,211.72,0.036069,-0.69383,0.42738
-9.3468,-219.82,261.31,-0.12816,-0.60057,0.51862
-92.881,-169.08,282.89,-0.30049,-0.50325,0.55308
-178.18,-102.58,268.22,-0.47081,-0.37146,0.51862
-251.22,-28.88,233.68,-0.61476,-0.22548,0.45171
-302.08,57.249,191.38,-0.71208,-0.051112,0.36858
-305.6,158.92,126.44,-0.71208,0.15772,0.23476
-269.53,243.73,45.808,-0.63504,0.326,0.070537
-219.66,294.43,-40.982,-0.53163,0.43346,-0.093694
-154.29,299.43,-135.2,-0.38971,0.44766,-0.27819
-74.787,264.3,-217.58,-0.22143,0.38277,-0.43229
7.4025,216.06,-270.02,-0.055169,0.29154,-0.52758
90.488,162.65,-285.52,0.11514,0.18813,-0.55191
175.86,99.382,-267.69,0.28342,0.0604,-0.51339
251.75,28.422,-234.21,0.43346,-0.081525,-0.44243
301.83,-58.745,-190.64,0.52876,-0.25994,-0.35727
303.84,-162.05,-127.84,0.52673,-0.46675,-0.22751
269.63,-250.61,-49.285,0.45374,-0.64314,-0.071387
216.91,-301.47,38.683,0.34223,-0.74857,0.098925
149.89,-304.02,133.66,0.20435,-0.75669,0.28342
73.361,-266.55,216.06,0.04215,-0.69383,0.43549
-5.7846,-215.15,267.25,-0.12208,-0.59246,0.52876
-88.752,-163.13,282.58,-0.29036,-0.49108,0.55106
-176.18,-104.27,265.15,-0.46878,-0.37551,0.51253
-254.52,-34.754,232.27,-0.62084,-0.23764,0.44968
-306.14,55.22,189.47,-0.72019,-0.055169,0.36047
-308.95,161.05,126.7,-0.71816,0.16178,0.23476
-273.04,249.94,46.256,-0.64112,0.34019,0.072563
-219.11,299.69,-42.185,-0.52758,0.43954,-0.099775
-152,302.35,-136.57,-0.38768,0.44968,-0.28225
-74.221,264.8,-218.71,-0.22345,0.38277,-0.43431
5.8219,213.51,-269.69,-0.059225,0.28951,-0.52555
88.318,161.45,-285.78,0.11109,0.18407,-0.55191
175.15,100.07,-269.27,0.28342,0.0604,-0.51339
252.46,27.832,-236.36,0.43346,-0.0795,-0.44648
303.98,-61.293,-193.52,0.53281,-0.26198,-0.35929
308.11,-164.81,-128.2,0.53686,-0.47081,-0.22751
272.89,-251.41,-43.789,0.45982,-0.6472,-0.057194
219.79,-300.34,43.991,0.35033,-0.74452,0.11109
151.61,-303.97,135.22,0.20232,-0.75871,0.28342
69.327,-266.86,214.03,0.032012,-0.69383,0.43143
-13.121,-217.39,262.56,-0.13829,-0.59854,0.52267
-96.136,-166.95,282.77,-0.30455,-0.49919,0.55308
-181.32,-99.698,266.99,-0.47689,-0.36741,0.51862
-253.86,-25.294,232.01,-0.61881,-0.21737,0.44766
-303.52,61.024,189.47,-0.71411,-0.040975,0.3625
-304.82,162.7,123.87,-0.71006,0.1638,0.22868
-267.19,246.68,42.057,-0.63098,0.33411,0.062425
-217.41,295.47,-44.52,-0.52353,0.43346,-0.10383
-152.23,298.91,-138.1,-0.38565,0.44766,-0.28022
-71.696,262.65,-220.06,-0.21939,0.37872,-0.43431
11.106,213.68,-271.18,-0.047056,0.28748,-0.52961
93.814,160.55,-285.28,0.1192,0.18407,-0.55191
179.19,96.574,-266.37,0.29154,0.054319,-0.50933
254.37,24.93,-232.54,0.43752,-0.087606,-0.44039
303.06,-62.378,-188.75,0.53281,-0.26603,-0.35119
303.13,-165.92,-125.29,0.52673,-0.47689,-0.22143
267.2,-253.7,-45.535,0.45171,-0.65328,-0.063281
214.41,-302.41,42.222,0.33614,-0.74857,0.10703
147.86,-303.52,136.61,0.19827,-0.75871,0.28748
70.389,-264.74,218.42,0.036069,-0.68775,0.44157
-9.1816,-212.89,268.31,-0.13019,-0.59043,0.53281
-92.079,-161.22,282.25,-0.29847,-0.48702,0.55511
-179.58,-101.49,263.85,-0.47486,-0.36538,0.51253
-257.21,-31.192,230.54,-0.62692,-0.22953,0.4436
-307.55,58.617,187.89,-0.72424,-0.045031,0.35844
-308.26,164.96,124.06,-0.71816,0.16786,0.22868
-270.47,252.91,42.363,-0.63706,0.34628,0.064456
-216.73,300.56,-45.605,-0.52149,0.4436,-0.10788
-149.85,301.74,-139.5,-0.37957,0.44968,-0.28833
-71.107,262.98,-221.12,-0.21737,0.37872,-0.43837
8.983,211.41,-270.78,-0.051112,0.28342,-0.52961
91.55,159.51,-285.52,0.11717,0.18407,-0.55191
178.53,97.141,-267.85,0.28748,0.054319,-0.50933
255.01,24.435,-234.66,0.44157,-0.091663,-0.44445
305.35,-64.572,-192.08,0.53484,-0.26603,-0.35524
307.43,-168.7,-125.32,0.53686,-0.47892,-0.21939
270.53,-254.26,-40.038,0.45374,-0.65328,-0.053144
217.59,-301.28,47.034,0.34425,-0.74655,0.11717
149.28,-303.38,138.07,0.19827,-0.75466,0.29154
65.978,-264.95,216.27,0.023906,-0.68775,0.43752
-16.023,-215.69,263.64,-0.14033,-0.59449,0.5247
-99.392,-164.83,282.75,-0.31266,-0.49311,0.55511
-184.58,-96.466,265.51,-0.48094,-0.35929,0.51659
-256.24,-22.038,230.43,-0.62084,-0.21129,0.44562
-304.91,64.138,188.08,-0.71614,-0.034894,0.35844
-303.87,166.4,120.94,-0.71006,0.16989,0.2226
-264.93,249.42,38.471,-0.62287,0.33817,0.062425
-215.69,296.41,-47.327,-0.52353,0.43752,-0.10788
-150.06,298.3,-141.15,-0.3816,0.4436,-0.28833
-68.229,260.79,-222.53,-0.21129,0.37669,-0.44039
13.819,212.17,-272.26,-0.010563,0.28748,-0.52961
96.999,158.43,-284.88,0.12528,0.17799,-0.54988
182.59,93.366,-264.78,0.29762,0.050263,-0.50528
256.82,21.698,-230.89,0.4436,-0.093694,-0.43634
304.29,-65.492,-187.41,0.53078,-0.27211,-0.34713
302.33,-169.76,-122.51,0.5247,-0.48094,-0.21534
264.96,-256.48,-42.02,0.44562,-0.65734,-0.055169
212.73,-303.38,45.029,0.33411,-0.75263,0.11311
145.5,-302.79,139.74,0.19219,-0.75669,0.29356
67.11,-262.76,220.8,0.027962,-0.68369,0.44562
-11.588,-211.52,269.42,-0.13424,-0.58637,0.53078
-95.263,-159.24,281.9,-0.30658,-0.48702,0.55106
-183.16,-98.212,262.23,-0.47892,-0.36133,0.51051
-259.67,-27.865,228.92,-0.62895,-0.21939,0.4436
-308.8,61.802,186.55,-0.72424,-0.040975,0.35236
-307.51,168.86,121.18,-0.71614,0.17597,0.2226
-268.11,255.6,38.967,-0.63098,0.35033,0.0604
-215.06,301.48,-48.295,-0.52149,0.44562,-0.11194
-147.4,300.99,-142.63,-0.37754,0.44766,-0.29239
-67.851,261,-223.41,-0.21129,0.37872,-0.44243
11.271,210.21,-271.84,-0.047056,0.2814,-0.52961
94.734,157.41,-285.19,0.12325,0.17799,-0.54988
181.9,93.649,-266.06,0.29559,0.050263,-0.50933
257.39,21.156,-233.06,0.44766,-0.097744,-0.44243
306.69,-67.757,-190.66,0.54092,-0.27819,-0.35321
306.58,-172.62,-122.18,0.53484,-0.48906,-0.21331
268.22,-256.91,-36.641,0.45171,-0.65734,-0.049087
216.04,-302.13,49.677,0.34019,-0.75061,0.12325
146.61,-302.48,141.02,0.19421,-0.75669,0.29559
62.698,-263.02,218.23,0.01985,-0.68369,0.43752
-18.193,-214.54,264.68,-0.14641,-0.59449,0.52267
-102.6,-162.59,282.56,-0.32078,-0.49108,0.55106
-187.79,-92.857,263.71,-0.48906,-0.34713,0.51253
-258.42,-19.066,228.89,-0.6249,-0.20115,0.44157
-306,67.181,186.6,-0.71816,-0.026781,0.35439
-302.79,170.08,117.73,-0.706,0.18002,0.21449
-262.8,251.89,35.192,-0.62084,0.34628,0.052288
-214.28,297.31,-49.899,-0.51744,0.43752,-0.11194
-147.54,297.45,-144.19,-0.37754,0.4436,-0.29441
-65.162,259.02,-224.59,-0.20723,0.37466,-0.44445
16.013,210.92,-273.28,-0.036919,0.28545,-0.53163
100.25,156.21,-284.44,0.13339,0.17394,-0.54583
185.77,90.181,-263.11,0.30167,0.040125,-0.50122
258.95,18.891,-229.54,0.44968,-0.099775,-0.43431
305.33,-68.63,-185.83,0.53686,-0.27819,-0.34308
301.34,-173.54,-119.42,0.52064,-0.49108,-0.21331
262.79,-258.96,-38.858,0.43954,-0.66139,-0.051112
211.18,-304.2,47.506,0.33209,-0.75466,0.11717
142.95,-301.89,142.81,0.18611,-0.75466,0.29964
64.326,-261.03,222.78,0.01985,-0.67761,0.44968
-13.64,-210.43,270.37,-0.13829,-0.58435,0.53484
-98.519,-157.16,281.5,-0.31266,-0.48094,0.55106
-186.32,-95.169,260.74,-0.48702,-0.35727,0.50645
-261.77,-25.294,227.74,-0.63504,-0.21331,0.43549
-309.82,65.081,184.94,-0.7283,-0.032869,0.35033
-306.52,172.61,118.07,-0.71411,0.18407,0.21652
-266.01,257.96,35.569,-0.62692,0.35844,0.054319
-213.4,302.28,-50.866,-0.51541,0.44766,-0.11397
-144.71,300.02,-145.77,-0.37146,0.44968,-0.29644
-65.185,259.47,-225.32,-0.20723,0.37466,-0.44445
13.324,209.24,-272.76,-0.045031,0.28342,-0.52961
97.825,155.17,-284.79,0.12934,0.17394,-0.54785
184.92,90.653,-264.64,0.3037,0.04215,-0.50528
259.44,18.726,-232.06,0.44766,-0.10383,-0.43634
307.76,-71.059,-188.99,0.54092,-0.28225,-0.34713
305.73,-176.23,-118.97,0.53281,-0.49514,-0.21129
266.4,-259.1,-33.787,0.44766,-0.66342,-0.043006
214.43,-302.88,52.201,0.33614,-0.75466,0.12731
143.76,-301.56,144.13,0.18407,-0.75466,0.30167
60.339,-261.72,219.91,0.013769,-0.68369,0.44766
-20.175,-213.69,265.86,-0.15046,-0.59246,0.52673
-105.83,-160.26,282.42,-0.32686,-0.48702,0.55106
-190.66,-89.814,262.23,-0.49311,-0.3451,0.51051
-260.3,-16.825,228.04,-0.63098,-0.19709,0.43752
-307.04,70.46,184.85,-0.72019,-0.024756,0.35033
-301.82,173.57,114.64,-0.70397,0.18407,0.20841
-261.25,254.06,32.715,-0.61881,0.34831,0.046206
-212.74,298.18,-52.541,-0.51541,0.43954,-0.11802
-144.64,296.43,-147.45,-0.36741,0.43954,-0.30049
-63.086,257.96,-226.45,-0.20115,0.37264,-0.45256
18.113,209.86,-274.29,-0.032869,0.2814,-0.53569
103.65,153.78,-283.94,0.13947,0.16989,-0.54785
188.74,87.233,-261.77,0.30776,0.036069,-0.49919
260.95,16.579,-228.57,0.45171,-0.10383,-0.43229
306.22,-72.027,-184.06,0.53889,-0.28631,-0.33902
300.51,-177.1,-116.54,0.52267,-0.49919,-0.20521
261.42,-261.2,-36.688,0.43549,-0.66748,-0.047056
209.38,-305.05,50.408,0.326,-0.75871,0.12325
140.03,-300.78,146.16,0.18205,-0.75061,0.30776
62.486,-260,224.6,0.01985,-0.67761,0.45171
-15.763,-209.35,271.43,-0.14438,-0.58232,0.53686
-101.92,-154.73,281.12,-0.31874,-0.47486,0.55106
-189.39,-92.338,259.3,-0.49108,-0.35321,0.50239
-263.86,-22.817,226.75,-0.63504,-0.20926,0.43752
-310.79,68.785,182.99,-0.72628,-0.024756,0.34628
-305.74,176.14,115.21,-0.71208,0.18813,0.21044
-264.62,260.13,33.8,-0.6249,0.3625,0.050263
-211.45,303.11,-53.815,-0.50933,0.44968,-0.12005
-141.74,299,-149.1,-0.36538,0.44766,-0.30253
-63.345,258.5,-227.09,-0.20115,0.37264,-0.45053
15.565,208.06,-273.87,-0.03895,0.27531,-0.53366
101.27,152.58,-284.34,0.13542,0.16786,-0.54785
187.94,87.799,-263.27,0.30573,0.036069,-0.50528
261.59,16.178,-231.05,0.45576,-0.10586,-0.44039
308.65,-74.858,-186.72,0.54092,-0.29441,-0.3451
304.9,-179.69,-116,0.53078,-0.50325,-0.20115
265.08,-261.18,-31.545,0.4436,-0.66545,-0.036919
212.36,-303.71,55.197,0.33209,-0.75466,0.13136
140.64,-300.45,147.32,0.18002,-0.75263,0.30573
58.405,-260.73,221.6,0.013769,-0.67761,0.44766
-22.51,-212.56,266.99,-0.15654,-0.5884,0.52876
-109.32,-157.5,282.07,-0.33699,-0.47892,0.55106
-193.42,-86.841,260.74,-0.50325,-0.34105,0.50645
-262.24,-14.348,226.96,-0.63504,-0.19507,0.43549
-307.81,74.258,182.44,-0.72222,-0.0207,0.34628
-300.81,176.85,111.65,-0.70194,0.19016,0.20435
-259.93,256.21,30.568,-0.61476,0.35439,0.04215
-210.74,298.93,-55.584,-0.51339,0.43954,-0.12411
-141.78,295.35,-150.61,-0.36335,0.43954,-0.30455
-61.199,256.97,-228.17,-0.19507,0.37061,-0.45256
20.59,208.46,-275.4,-0.030838,0.27937,-0.53569
107.02,151.12,-283.4,0.14758,0.16583,-0.54583
191.55,84.661,-260.49,0.31586,0.029988,-0.49919
262.98,13.984,-227.35,0.45374,-0.11194,-0.42823
306.81,-75.943,-181.51,0.53484,-0.29036,-0.33496
299.57,-180.43,-113.69,0.51862,-0.50325,-0.19709
260.1,-263.35,-34.518,0.43143,-0.67153,-0.043006
207.17,-305.74,53.569,0.32195,-0.75669,0.12934
137.31,-299.7,149.25,0.17597,-0.75061,0.31384
60.788,-258.93,226.39,0.015794,-0.67761,0.45576
-18.264,-207.86,272.39,-0.14843,-0.58029,0.53889
-105.24,-152.35,280.65,-0.3228,-0.47081,0.547
-192.1,-90.121,258.31,-0.49919,-0.3451,0.50037
-265.92,-19.963,225.47,-0.64112,-0.20521,0.43752
-311.35,72.795,180.41,-0.7283,-0.0207,0.34223
-304.91,179.47,111.88,-0.70803,0.19827,0.20638
-263.3,262.27,31.63,-0.62084,0.36452,0.046206
-209.06,303.77,-57.141,-0.50528,0.45171,-0.13019
-139.09,297.9,-152.16,-0.35727,0.44562,-0.30658
-61.529,257.41,-228.97,-0.19709,0.37061,-0.45053
18.113,206.62,-274.91,-0.032869,0.27329,-0.53569
104.36,150.22,-283.96,0.14352,0.16989,-0.54785
190.56,85.699,-262.45,0.31181,0.032012,-0.50122
263.67,13.253,-229.66,0.45576,-0.11397,-0.43634
309.29,-78.774,-184.22,0.54497,-0.29847,-0.33902
304.19,-182.76,-113.43,0.52673,-0.50933,-0.19912
263.74,-263.3,-29.234,0.44157,-0.66951,-0.034894
209.95,-304.49,58.476,0.326,-0.75669,0.13744
138.16,-299.58,150.08,0.17597,-0.75061,0.31384
56.541,-259.69,223.33,0.0056562,-0.67964,0.44968
-25.176,-211.07,268.05,-0.1606,-0.5884,0.53281
-112.44,-155.09,281.85,-0.33902,-0.47689,0.55106
-195.81,-84.624,259.91,-0.50325,-0.33496,0.50443
-264.31,-11.376,225.47,-0.63909,-0.18696,0.43346
-308.5,78.127,180.08,-0.72222,-0.0065062,0.34019
-300.15,179.75,109.38,-0.70194,0.19624,0.2003
-258.58,258.4,28.233,-0.61476,0.35642,0.036069
-208.33,299.66,-59.146,-0.50528,0.44157,-0.13221
-139.68,294.66,-153.3,-0.35727,0.45779,-0.31063
-59.359,255.97,-230.13,-0.19304,0.36656,-0.45661
23.42,206.81,-276.41,-0.0207,0.27531,-0.53771
110.16,148.78,-283.02,0.15366,0.15975,-0.54583
194.07,82.68,-259.62,0.31992,0.027962,-0.49108
264.99,10.823,-225.79,0.45982,-0.11802,-0.4262
307.33,-79.859,-179.08,0.53889,-0.29847,-0.32888
299.22,-183.37,-111.71,0.51659,-0.50933,-0.19709
258.62,-265.68,-31.994,0.43143,-0.67559,-0.03895
204.55,-306.47,57.131,0.31384,-0.76277,0.13744
135.4,-298.97,152.01,0.16786,-0.75061,0.31789
58.853,-257.73,228.42,0.011738,-0.67153,0.45982
-21.284,-206.04,273.34,-0.15452,-0.57826,0.53889
-108.43,-150.16,280.3,-0.33091,-0.46878,0.54903
-194.77,-88.257,257.63,-0.50122,-0.34308,0.50037
-268.11,-16.518,223.82,-0.6472,-0.19912,0.43143
-312.04,76.829,178.03,-0.73033,-0.016644,0.33614
-304.49,182.42,110.56,-0.71006,0.20435,0.2003
-261.79,264.61,28.964,-0.62084,0.36858,0.0381
-206.37,304.45,-60.774,-0.49919,0.44968,-0.13424
-137.23,297.19,-154.95,-0.35524,0.4436,-0.31672
-59.406,256.19,-231.07,-0.19304,0.36452,-0.45661
21.344,204.62,-275.85,-0.026781,0.26923,-0.53771
107.54,148.03,-283.73,0.14758,0.15975,-0.54785
193.2,83.647,-261.6,0.31586,0.029988,-0.49919
265.79,9.6671,-227.77,0.45982,-0.12005,-0.43229
309.95,-82.737,-181.72,0.54294,-0.30658,-0.33699
303.77,-185.78,-111.23,0.5247,-0.51136,-0.19507
262.13,-265.73,-26.332,0.43752,-0.67153,-0.028813
207.21,-305.17,62.014,0.32195,-0.75871,0.14556
136.09,-298.83,152.77,0.17191,-0.75061,0.31789
54.182,-258.2,225.28,-0.000425,-0.67356,0.45374
-28.337,-209.13,269.07,-0.16871,-0.58232,0.53281
-115.5,-152.82,281.71,-0.34308,-0.47486,0.55106
-198.4,-82.336,258.95,-0.50933,-0.32888,0.50239
-266.39,-7.719,223.47,-0.64314,-0.17884,0.43143
-308.97,82.043,177.49,-0.72424,0.0016,0.33411
-299.49,182.63,107.19,-0.69992,0.20435,0.19219
-256.86,260.67,25.284,-0.61071,0.3625,0.034044
-205.83,300.4,-62.661,-0.49919,0.4436,-0.13829
-137.7,293.86,-156.2,-0.35727,0.43549,-0.31874
-56.811,254.44,-232.37,-0.18696,0.3625,-0.45661
26.629,204.76,-277.33,-0.016644,0.26923,-0.53974
113.09,146.75,-282.74,0.15772,0.15772,-0.54583
196.83,80.415,-258.58,0.32398,0.023906,-0.49514
267.18,7.025,-223.69,0.46184,-0.12613,-0.42215
307.78,-83.822,-176.56,0.53686,-0.31063,-0.32686
298.63,-186.44,-109.61,0.51253,-0.51541,-0.19101
256.78,-268.11,-28.927,0.42535,-0.68167,-0.032869
202.02,-307.08,60.552,0.31181,-0.76277,0.14352
133.4,-298.12,154.89,0.16786,-0.75061,0.32398
56.353,-256.03,230.71,0.0056562,-0.67153,0.46184
-24.492,-204.06,274.23,-0.1606,-0.57624,0.54294
-111.23,-148.51,280.16,-0.33699,-0.46675,0.547
-197.69,-85.945,256.66,-0.50933,-0.33902,0.50037
-270.3,-12.531,221.72,-0.65126,-0.18898,0.42738
-311.26,80.934,175.51,-0.7283,0.0016,0.33006
-303.8,185.58,108.25,-0.70803,0.20841,0.19624
-259.81,267.04,25.732,-0.61476,0.37466,0.034044
-203.99,305.16,-64.006,-0.49716,0.45374,-0.14033
-135.11,296.29,-157.99,-0.35119,0.44157,-0.3228
-56.669,254.32,-233.41,-0.18696,0.3625,-0.45864
24.388,202.71,-276.79,-0.022731,0.26517,-0.53974
110.23,146.49,-283.66,0.15366,0.15772,-0.54785
196.06,81.099,-260.56,0.326,0.025931,-0.49716
267.89,5.7275,-225.72,0.46387,-0.12816,-0.42417
310.54,-86.582,-179.41,0.54497,-0.31266,-0.33091
303.16,-189.01,-108.66,0.5247,-0.51947,-0.18898
259.96,-268.16,-22.841,0.43346,-0.67964,-0.018675
205.02,-305.88,65.105,0.31992,-0.75871,0.14961
133.75,-297.91,155.76,0.16583,-0.74857,0.32195
51.21,-256.39,227.45,-0.0065062,-0.67153,0.45779
-31.404,-207.32,270.11,-0.17479,-0.58232,0.53281
-118.15,-151.2,281.9,-0.34916,-0.46878,0.55308
-201.26,-79.481,257.65,-0.51339,-0.32686,0.49834
-268.42,-3.9682,221.37,-0.64518,-0.17276,0.42738
-309.47,85.676,175.34,-0.72628,0.0097125,0.33209
-298.68,185.75,104.55,-0.69586,0.21246,0.18813
-254.81,263.15,21.745,-0.60665,0.36858,0.023906
-203.92,301.22,-65.657,-0.49108,0.4436,-0.14235
-135.46,293.01,-159.24,-0.35321,0.43346,-0.32482
-53.673,252.51,-234.73,-0.18088,0.35844,-0.4627
29.648,202.78,-278.23,-0.010563,0.26721,-0.53771
115.66,145.12,-282.62,0.16178,0.15569,-0.5438
199.81,77.608,-257.38,0.33006,0.017825,-0.49108
269.28,3.2033,-221.64,0.46996,-0.13424,-0.41809
308.23,-87.478,-174.62,0.53889,-0.31469,-0.3228
297.73,-189.84,-106.87,0.51253,-0.52149,-0.1829
254.54,-270.56,-25.341,0.42333,-0.68572,-0.024756
200.09,-307.84,63.501,0.30776,-0.76479,0.14961
131.04,-297.06,158.17,0.15975,-0.75061,0.33209
53.121,-253.84,233.19,-0.0024563,-0.66748,0.4659
-27.582,-202.06,275.08,-0.16871,-0.57016,0.54497
-113.97,-147.02,279.99,-0.33902,-0.4627,0.54903
-200.78,-83.209,255.31,-0.51339,-0.33091,0.49631
-272.4,-8.7335,219.79,-0.65328,-0.17884,0.42535
-312.86,84.661,173.57,-0.73033,0.0056562,0.32803
-302.81,189.14,105.33,-0.706,0.21854,0.19016
-257.59,269.52,22.099,-0.60867,0.37669,0.029988
-202.2,305.99,-66.86,-0.49514,0.45779,-0.14843
-132.58,295.23,-161.32,-0.3451,0.43549,-0.32686
-53.225,251.94,-235.79,-0.18088,0.35844,-0.46473
27.431,200.82,-277.62,-0.014619,0.26113,-0.53974
112.99,144.86,-283.47,0.15975,0.15366,-0.5438
199.07,78.127,-259.15,0.33006,0.017825,-0.49919
269.94,2.0474,-223.78,0.46793,-0.13829,-0.4262
311.06,-90.215,-177.38,0.54497,-0.32078,-0.32686
302.05,-192.55,-105.5,0.52267,-0.52758,-0.1829
257.72,-270.45,-19.231,0.42738,-0.68572,-0.014619
203.25,-306.63,67.865,0.31586,-0.75871,0.15366
130.9,-296.77,158.97,0.15772,-0.74452,0.33006
47.695,-253.98,229.7,-0.010563,-0.66748,0.46184
-34.353,-205.55,271.21,-0.17884,-0.57826,0.53686
-120.95,-149.38,281.71,-0.35524,-0.46473,0.55106
-204.13,-76.32,256.05,-0.51744,-0.31672,0.49631
-270.23,-0.406,219.41,-0.64923,-0.16466,0.42333
-309.8,89.19,173.29,-0.72424,0.015794,0.326
-297.41,189.14,101.39,-0.69383,0.21652,0.18205
-252.78,265.41,18.301,-0.59854,0.37061,0.01985
-202.22,301.93,-68.535,-0.49108,0.44766,-0.14843
-132.58,291.74,-162.64,-0.34308,0.43346,-0.33091
-50.3,250.29,-237.09,-0.17479,0.35439,-0.46878
32.361,201.06,-278.99,-0.0044813,0.26315,-0.5438
118.42,143.26,-282.17,0.16786,0.14961,-0.54177
202.85,74.517,-255.82,0.33614,0.013769,-0.48906
271.1,-0.406,-219.77,0.46793,-0.13829,-0.41606
308.46,-90.97,-172.62,0.53686,-0.32482,-0.31672
296.46,-193.31,-103.78,0.51253,-0.53163,-0.17682
252.48,-272.66,-22.086,0.42129,-0.68978,-0.016644
198.37,-308.5,66.308,0.3037,-0.76682,0.15569
128.26,-295.76,161.52,0.15569,-0.74452,0.33411
49.936,-251.55,235.47,-0.0085375,-0.66139,0.47401
-30.036,-200.52,275.91,-0.17276,-0.5661,0.54497
-116.78,-145.25,279.61,-0.3451,-0.45864,0.547
-203.71,-80.26,253.83,-0.52149,-0.32686,0.49226
-274.27,-5.1948,218.04,-0.65937,-0.17479,0.41724
-313.12,88.294,171.57,-0.73033,0.013769,0.32195
-301.44,192.68,102.05,-0.70194,0.22666,0.18407
-255.63,271.5,19.009,-0.60867,0.38277,0.017825
-200.52,306.65,-69.644,-0.48906,0.45779,-0.15046
-129.75,293.91,-164.67,-0.33902,0.43549,-0.33294
-50.087,249.79,-237.99,-0.17276,0.35642,-0.46878
29.79,199.48,-278.49,-0.010563,0.26315,-0.5438
115.82,143,-283.11,0.1638,0.15164,-0.5438
201.93,75.154,-257.87,0.33411,0.015794,-0.49311
271.78,-1.1373,-222.32,0.47198,-0.14033,-0.41809
311.32,-93.801,-175.28,0.54497,-0.33091,-0.3228
300.58,-196.02,-101.92,0.51862,-0.53569,-0.17479
256.09,-272.31,-16.471,0.42535,-0.68978,-0.0065062
201.6,-307.29,70.507,0.30978,-0.76277,0.1638
127.88,-295.55,162.2,0.15164,-0.74249,0.33614
44.557,-252,231.75,-0.018675,-0.66342,0.46387
-36.476,-204.46,272.18,-0.18493,-0.57421,0.53889
-123.76,-147.28,281.41,-0.36133,-0.46067,0.54903
-206.63,-73.395,254.61,-0.52555,-0.31266,0.49226
-271.84,2.4013,218.18,-0.65126,-0.1606,0.41927
-309.98,92.729,171.17,-0.72628,0.023906,0.32195
-295.83,192.52,97.872,-0.69181,0.2226,0.17597
-251.46,267.23,15.871,-0.5661,0.37264,0.011738
-200.62,302.64,-71.201,-0.48702,0.44766,-0.15452
-129.52,290.44,-165.94,-0.33902,0.42738,-0.33699
-47.257,248.36,-239.12,-0.16668,0.35439,-0.47081
34.484,199.85,-279.84,0.0016,0.26315,-0.5438
121.23,141.18,-281.75,0.17597,0.14556,-0.5438
205.44,71.828,-254.55,0.34019,0.011738,-0.485
272.7,-2.9302,-218.71,0.47604,-0.14641,-0.41201
308.49,-94.603,-170.4,0.53889,-0.33294,-0.31266
294.97,-196.8,-100.36,0.50848,-0.53771,-0.17074
251.33,-274.48,-19.679,0.41521,-0.68978,-0.012594
196.79,-309.13,69.115,0.29964,-0.76479,0.15975
125.21,-294.34,164.96,0.14556,-0.74249,0.34223
47.082,-249.52,237.5,-0.012594,-0.65734,0.47604
-32.182,-199.39,276.73,-0.17682,-0.5661,0.547
-119.73,-143.27,279.07,-0.35119,-0.45459,0.54497
-206.33,-77.83,252.72,-0.52353,-0.3228,0.49023
-275.94,-2.883,217.31,-0.65937,-0.17074,0.41927
-313.29,92.163,169.37,-0.73033,0.023906,0.31789
-299.98,196.1,98.627,-0.69789,0.22868,0.17799
-254.45,273.24,16.744,-0.60057,0.3848,0.011738
-198.85,307.28,-72.428,-0.485,0.45982,-0.15654
-126.64,292.45,-167.99,-0.33294,0.43549,-0.33902
-47.209,247.77,-239.99,-0.16668,0.35236,-0.47284
31.913,198.25,-279.29,-0.0044813,0.25909,-0.5438
118.77,140.81,-282.5,0.17191,0.14556,-0.5438
204.52,72.654,-256.69,0.33817,0.013769,-0.49108
273.41,-3.4255,-221.52,0.47604,-0.14438,-0.41809
311.34,-97.504,-172.97,0.547,-0.33902,-0.31672
299.07,-199.23,-98.495,0.51862,-0.54177,-0.16668
254.91,-273.99,-14.112,0.42333,-0.68978,-0.0024563
199.85,-307.93,73.291,0.30776,-0.76277,0.1638
124.6,-294.16,165.43,0.14758,-0.74047,0.34223
41.727,-250.06,233.59,-0.018675,-0.65937,0.46793
-38.67,-203.26,273.08,-0.18898,-0.57218,0.54092
-126.71,-144.78,280.82,-0.36741,-0.45459,0.54903
-208.95,-70.824,253.31,-0.52758,-0.30861,0.49226
-273.37,4.5952,217.36,-0.65734,-0.15452,0.42129
-310.06,96.409,168.74,-0.72222,0.027962,0.31789
-294.32,195.56,94.616,-0.68775,0.23071,0.16786
-250.35,268.9,13.63,-0.59651,0.37872,0.0097125
-198.73,303.2,-74.173,-0.485,0.45171,-0.1606
-126.4,289.07,-169.05,-0.33294,0.42738,-0.34308
-44.709,246.68,-240.96,-0.1606,0.34831,-0.47689
36.725,198.51,-280.57,0.0056562,0.25909,-0.54583
124.27,138.66,-281.02,0.18002,0.14352,-0.53974
207.85,69.375,-253.32,0.34628,0.0036313,-0.48297
274.3,-5.1477,-217.77,0.47604,-0.15046,-0.40998
308.39,-98.354,-167.97,0.53889,-0.33902,-0.30861
293.65,-199.82,-97.41,0.50645,-0.54177,-0.16466
250.17,-276.2,-17.462,0.41319,-0.69586,-0.010563
194.85,-309.65,72.111,0.29559,-0.76682,0.1638
122.29,-293.05,168.01,0.14352,-0.74047,0.34831
44.77,-247.94,239.34,-0.016644,-0.65531,0.48212
