299.95,-41.147,-209.75,0.52673,-0.21939,-0.39376
312.45,-135.37,-147.99,0.547,-0.41201,-0.27008
282.18,-224.66,-67.096,0.48212,-0.59043,-0.10991
232.36,-284.34,16.485,0.37669,-0.71614,0.054319
175.91,-307.74,102.9,0.25301,-0.76682,0.22462
98.32,-288.05,193.11,0.090812,-0.73438,0.39494
13.347,-243.51,259.94,-0.083556,-0.65126,0.51862
-72.168,-193.64,294.17,-0.25994,-0.55596,0.57944
-168.28,-124.73,287.85,-0.45256,-0.41809,0.55714
-249.88,-42.397,251.07,-0.61273,-0.25184,0.48009
-300.48,41.561,206.15,-0.706,-0.081525,0.39291
-311.09,136.18,144.56,-0.72424,0.10906,0.26923
-279.65,224.72,63.359,-0.65531,0.28748,0.10501
-231.31,282.58,-19.632,-0.55596,0.40711,-0.055169
-174.9,303.7,-108.12,-0.43634,0.45374,-0.22953
-98.637,282.35,-200.1,-0.27617,0.41724,-0.39984
-15.575,238.02,-267.43,-0.10383,0.33411,-0.52353
72.418,186.97,-300.19,0.07865,0.23679,-0.58637
171.29,118.32,-290.55,0.27531,0.10095,-0.56002
253.57,39.108,-251.46,0.43752,-0.06125,-0.47689
303.16,-45.346,-204.09,0.53281,-0.22953,-0.3816
310.63,-142.28,-142.02,0.54294,-0.42823,-0.25994
276.73,-232.06,-63.864,0.46996,-0.60867,-0.1018
225.78,-290,18.466,0.3625,-0.72628,0.0604
167.09,-308.26,109.15,0.23679,-0.76885,0.23679
92.941,-283.56,201.53,0.080675,-0.72424,0.41116
12.97,-237.16,268.93,-0.087606,-0.63909,0.53484
-75.825,-185.4,300.3,-0.27211,-0.53974,0.59161
-176.39,-117.75,287.73,-0.46878,-0.4039,0.55917
-258.96,-40.321,246.68,-0.63098,-0.24778,0.47604
-307.25,44.487,198.53,-0.72222,-0.075444,0.37872
-312.46,142.27,136.54,-0.7283,0.12325,0.25099
-277.03,231.75,59.018,-0.65126,0.3037,0.096894
-225.58,288.53,-23.525,-0.54583,0.41927,-0.063281
-166.37,305.16,-115.15,-0.41606,0.45576,-0.23967
-91.394,279.85,-207.04,-0.25792,0.41319,-0.41606
-9.9837,234.48,-272.71,-0.089638,0.32803,-0.53366
79.023,182.66,-303.1,0.090812,0.22666,-0.5884
178.22,112.1,-290.45,0.28951,0.086756,-0.55394
258,31.064,-249.8,0.44968,-0.075444,-0.47689
304.78,-53.602,-202.03,0.53686,-0.24778,-0.37957
310.56,-149.12,-137.37,0.54092,-0.44039,-0.24778
275.81,-235.16,-55.112,0.46793,-0.61476,-0.083556
225.19,-289.72,28.068,0.3625,-0.7283,0.07865
164.42,-306.26,117.5,0.23274,-0.76682,0.25099
84.048,-280.94,205.47,0.0604,-0.72019,0.41927
0.72633,-236.66,266.9,-0.11194,-0.63504,0.53281
-85.827,-185.47,296.5,-0.28833,-0.53569,0.58349
-182.43,-112.51,284.26,-0.48094,-0.39376,0.55308
-259.97,-29.941,244.16,-0.63301,-0.21534,0.46996
-304.98,54.064,198.49,-0.71816,-0.053144,0.37669
-308.64,150.05,133.68,-0.72222,0.13744,0.24896
-273.4,234.93,51.847,-0.64112,0.30776,0.084731
-224.4,287.73,-31.192,-0.54177,0.41927,-0.077469
-163.6,302.07,-122.77,-0.40998,0.44968,-0.25386
-84.907,275.25,-212.3,-0.24373,0.40102,-0.42417
-2.9065,230.99,-274.2,-0.075444,0.32195,-0.53974
86.666,178.48,-301.68,0.10703,0.21854,-0.58435
185.39,106.72,-286.49,0.3037,0.074594,-0.55191
263.5,27.077,-244.83,0.45779,-0.081525,-0.46473
307.5,-58.297,-196.07,0.53889,-0.25792,-0.36538
307.73,-156.53,-131.19,0.53484,-0.45661,-0.23359
270.22,-242.33,-52.8,0.45576,-0.62895,-0.081525
218.87,-295.03,29.79,0.34628,-0.73641,0.080675
156.26,-306.3,123.54,0.21652,-0.76277,0.26315
79.825,-276.39,213.49,0.052288,-0.71208,0.43346
-0.14653,-229.94,275.32,-0.11397,-0.62692,0.547
-90.616,-176.41,300.91,-0.29847,-0.52149,0.58958
-190.43,-106.68,283.17,-0.49716,-0.3816,0.55106
-268.75,-28.856,240.19,-0.65126,-0.22548,0.46387
-311.35,57.556,190.49,-0.73033,-0.047056,0.3625
-308.83,156.94,125.57,-0.72019,0.15164,0.23071
-270.38,241.87,48.049,-0.63706,0.32398,0.07865
-219.02,293.48,-34.683,-0.52961,0.42941,-0.081525
-155.99,303.51,-129.04,-0.39376,0.45374,-0.26603
-78.443,273.05,-218.41,-0.23156,0.40305,-0.43837
3.1562,226.96,-278.77,-0.063281,0.31384,-0.54785
93.885,173.22,-303.45,0.12731,0.20841,-0.5884
191.83,100.56,-285.97,0.31789,0.062425,-0.54988
267.39,19.599,-243.79,0.4659,-0.099775,-0.46067
308.91,-66.719,-193.94,0.54497,-0.27211,-0.36335
306.98,-163.46,-125.53,0.53484,-0.46675,-0.22345
270.18,-244.76,-43.624,0.45374,-0.63504,-0.06125
218.73,-294.56,38.825,0.34831,-0.73641,0.094869
153.8,-304.98,130.43,0.21044,-0.76277,0.27734
71.097,-274.6,215.89,0.036069,-0.70803,0.43549
-12.201,-229.3,272.79,-0.13829,-0.6249,0.54092
-100.62,-175.59,296.79,-0.31874,-0.51541,0.58349
-195.55,-100.57,279.8,-0.5073,-0.36741,0.54497
-268.84,-18.689,238.92,-0.64923,-0.20521,0.46184
-308.88,67.039,190.72,-0.72628,-0.032869,0.3625
-304.87,164.18,121.82,-0.71208,0.16583,0.22462
-266.91,244.32,40.759,-0.63098,0.32803,0.064456
-218,292.47,-42.185,-0.52758,0.43143,-0.097744
-153.13,300.44,-136.05,-0.38971,0.45171,-0.27819
-72.876,269.28,-222.6,-0.21939,0.39291,-0.44243
10.233,223.54,-279.84,-0.049087,0.30776,-0.54785
102.09,168.24,-301.14,0.13947,0.2003,-0.58435
198.63,95.041,-281.42,0.33006,0.052288,-0.53771
272.35,16.084,-239.05,0.47604,-0.10586,-0.45256
311.15,-71.578,-188.09,0.547,-0.28428,-0.35119
303.67,-170.85,-120.06,0.52673,-0.485,-0.21331
263.45,-252.02,-42.114,0.4436,-0.65126,-0.059225
212.03,-299.65,41.09,0.33411,-0.74452,0.10501
146.28,-304.42,136.94,0.19219,-0.76074,0.29154
68.95,-270.85,223.63,0.032012,-0.70194,0.45374
-13.098,-222.44,280.91,-0.13829,-0.61273,0.55511
-106.63,-165.89,299.66,-0.33294,-0.49919,0.58553
-203.71,-94.862,277.51,-0.52353,-0.35524,0.53484
-277.5,-17.816,234.11,-0.66545,-0.20115,0.44766
-314.82,70.932,182.59,-0.73641,-0.024756,0.34628
-304.65,171.21,114.74,-0.71006,0.18002,0.20841
-263.2,251.68,37.339,-0.62287,0.34425,0.056344
-211.97,297.78,-46.337,-0.51744,0.43954,-0.10788
-145.98,301.58,-142.16,-0.37349,0.45374,-0.29239
-67.78,267.91,-228.13,-0.20926,0.38886,-0.45459
15.942,219.79,-284.22,-0.034894,0.29762,-0.55799
109.79,162.32,-302.2,0.15366,0.18813,-0.58232
204.81,88.105,-280.12,0.34223,0.040125,-0.53366
275.84,8.1809,-237.63,0.48212,-0.12208,-0.45053
312.36,-80,-185.83,0.54903,-0.30049,-0.34308
302.97,-177.22,-114.06,0.52267,-0.49716,-0.20115
262.16,-254.15,-32.536,0.43954,-0.65328,-0.040975
211.44,-298.73,50.502,0.33411,-0.74655,0.1192
143.19,-303,143.02,0.18813,-0.75669,0.30167
60.221,-269.72,224.88,0.013769,-0.69992,0.45576
-24.256,-222.49,278.22,-0.15857,-0.61071,0.55106
-116.02,-164.34,295.63,-0.34713,-0.49716,0.57944
-208.21,-87.62,273.86,-0.53163,-0.33902,0.5247
-276.84,-7.1057,233.04,-0.66342,-0.17884,0.44968
-312.08,80.439,182.66,-0.73033,-0.0044813,0.34628
-301,177.7,110.45,-0.70194,0.19421,0.20232
-260,253.59,29.625,-0.61679,0.34628,0.040125
-210.43,296.48,-54.169,-0.51136,0.43549,-0.12005
-142.77,298.15,-149,-0.36741,0.44562,-0.30455
-62.449,264.35,-231.76,-0.19912,0.38277,-0.46067
22.43,216.72,-285.03,-0.024756,0.29356,-0.55799
117.78,157.39,-299.56,0.16989,0.17799,-0.58029
211.41,82.562,-275.07,0.35844,0.027962,-0.52555
280.27,4.0291,-232.39,0.49023,-0.13221,-0.43837
313.65,-85.497,-179.36,0.55106,-0.31469,-0.33091
299.69,-184.29,-109.25,0.51862,-0.51136,-0.19304
256.14,-261.62,-31.427,0.42535,-0.67153,-0.03895
203.98,-303.45,53.64,0.31586,-0.75669,0.13136
136.23,-301.66,150.1,0.17191,-0.75669,0.31384
59.042,-265.75,233.04,0.013769,-0.69181,0.46793
-25.152,-215.86,286.01,-0.16466,-0.60057,0.56727
-121.94,-155.54,298.2,-0.35929,-0.47892,0.58147
-216.35,-82.784,271.17,-0.54988,-0.33294,0.5247
-285.07,-5.1005,226.84,-0.68167,-0.17479,0.43549
-316.73,85.392,173.5,-0.73844,0.0076813,0.326
-300.64,184.54,104.15,-0.70194,0.20841,0.19016
-256.01,261.09,26.676,-0.60867,0.36452,0.036069
-203.43,301.39,-59.241,-0.49919,0.44562,-0.13221
-135.93,298.58,-155.58,-0.35119,0.44766,-0.31672
-57.636,262.72,-237.37,-0.18898,0.38277,-0.47081
27.879,213.39,-289.27,-0.012594,0.28951,-0.5661
124.36,152.01,-301.09,0.18407,0.17191,-0.58232
216.93,75.815,-274.03,0.36656,0.017825,-0.52353
283.2,-4.8174,-230.15,0.49631,-0.14843,-0.43431
314.22,-94.367,-176.13,0.55106,-0.33091,-0.32482
298.63,-190.12,-102.72,0.51659,-0.52353,-0.17884
255.17,-263.2,-21.354,0.42129,-0.67153,-0.016644
202.64,-302.41,63.383,0.31181,-0.75466,0.14556
132.31,-299.96,156,0.1638,-0.75466,0.32398
49.653,-264.27,233.87,-0.0085375,-0.68775,0.47198
-35.674,-216.12,283.1,-0.1829,-0.60057,0.55917
-129.87,-154.22,294.73,-0.37349,-0.47689,0.57539
-219.87,-75.306,268.08,-0.55191,-0.31874,0.51862
-283.92,6.1522,225.71,-0.67761,-0.15249,0.43143
-313.59,95.159,172.89,-0.73236,0.027962,0.326
-297.27,190.28,99.216,-0.69586,0.21854,0.17597
-253.39,262.49,18.419,-0.60463,0.36656,0.01985
-201.4,299.76,-67.544,-0.48906,0.44766,-0.15046
-132.16,294.85,-162.24,-0.34308,0.43752,-0.33091
-51.951,258.71,-241.05,-0.17682,0.37466,-0.47892
34.484,210.04,-289.84,0.0016,0.28342,-0.5661
131.77,147.48,-298.33,0.19827,0.15975,-0.57624
223.04,71.144,-269.36,0.37669,0.0097125,-0.51339
287.02,-9.5827,-224.54,0.50239,-0.1606,-0.42417
314.22,-100.71,-169.22,0.55106,-0.34308,-0.31266
295.47,-196.99,-98.448,0.50645,-0.53974,-0.17074
249.28,-270.61,-20.316,0.41319,-0.68775,-0.014619
194.64,-306.61,67.204,0.29762,-0.76074,0.15366
126.04,-297.91,163.59,0.15164,-0.74249,0.34019
48.709,-259.41,242.72,-0.0085375,-0.68167,0.48617
-37.467,-208.76,290.58,-0.18898,-0.58435,0.57336
-135.84,-146.24,296.81,-0.38565,-0.46067,0.57944
-227.82,-72.215,265.79,-0.56812,-0.31266,0.51456
-291.61,8.7235,219.06,-0.69383,-0.14843,0.42129
-316.47,101.17,162.86,-0.73641,0.0381,0.30776
-296,197.07,93.295,-0.69383,0.23274,0.16583
-249.07,269.92,15.258,-0.59043,0.37872,0.011738
-194.2,304.45,-72.852,-0.47689,0.45171,-0.1606
-125.48,294.69,-169.17,-0.32888,0.43954,-0.3451
-46.69,256.02,-247.16,-0.16668,0.37061,-0.49108
40.382,205.99,-293.73,0.013769,0.27531,-0.57218
137.93,142.41,-299.63,0.21044,0.14961,-0.57624
227.83,64.987,-268.98,0.38886,-0.0065062,-0.51339
289.52,-18.382,-222.6,0.50645,-0.17479,-0.41809
313.91,-109.82,-165.21,0.55106,-0.36133,-0.30049
294.36,-202.27,-91.064,0.50645,-0.54988,-0.15452
248.38,-271.51,-9.5119,0.41116,-0.68978,0.0036313
193.48,-305.53,76.593,0.29559,-0.76074,0.17191
121.06,-296.21,169.02,0.13947,-0.74655,0.34831
38.07,-257.38,243.21,-0.030838,-0.67559,0.48821
-47.917,-208.52,287.3,-0.20926,-0.58435,0.56727
-142.87,-144.36,293.18,-0.40187,-0.45256,0.57336
-230.41,-64.407,263.17,-0.57421,-0.29644,0.50848
-290.05,19.481,218.47,-0.68978,-0.12613,0.41927
-312.93,110.61,161.8,-0.73033,0.0604,0.30776
-292.31,202.4,87.468,-0.68572,0.24287,0.15366
-246.83,270.46,6.4352,-0.5884,0.3848,-0.0024563
-192.48,302.52,-80.944,-0.47284,0.44968,-0.17479
-121.38,291.15,-175.28,-0.3228,0.43346,-0.35727
-40.392,251.89,-250.63,-0.15249,0.36047,-0.49716
47.341,202.09,-293.99,0.017825,0.26721,-0.57421
145.29,137.88,-296.47,0.2226,0.13744,-0.57016
233.56,60.929,-264.36,0.39899,-0.016644,-0.50325
292.87,-22.817,-217.18,0.51253,-0.1829,-0.41201
312.76,-116.47,-158.44,0.547,-0.37754,-0.29036
289.78,-209.39,-86.912,0.48821,-0.56002,-0.14641
242.08,-278.42,-7.8842,0.39899,-0.706,0.0076813
185.56,-308.85,81.005,0.27734,-0.76885,0.18002
115.92,-293.94,176.64,0.13136,-0.74452,0.36452
37.362,-252.02,252.53,-0.036919,-0.66748,0.50645
-50.536,-200.43,294.64,-0.21534,-0.56812,0.58349
-149.5,-136.95,294.4,-0.41606,-0.44445,0.57336
-238.48,-62.307,260.62,-0.59246,-0.29239,0.50239
-297.58,21.722,211.88,-0.70194,-0.12208,0.40711
-314.84,116.77,152.65,-0.73438,0.070537,0.28545
-289.79,209.53,81.429,-0.67761,0.26113,0.1415
-241.57,277.32,2.3069,-0.57826,0.39697,-0.012594
-185.28,306.41,-86.676,-0.45864,0.45779,-0.18898
-115.41,291.08,-182.1,-0.30861,0.43346,-0.36943
-34.777,248.76,-256.91,-0.14235,0.35439,-0.5073
53.734,197.56,-297.62,0.040125,0.25909,-0.58029
151.45,132.74,-297.27,0.24085,0.12934,-0.57421
238.26,54.442,-263.75,0.41116,-0.028813,-0.50528
295.37,-31.05,-215.6,0.52064,-0.20115,-0.4039
312.73,-124.49,-155.4,0.54903,-0.39174,-0.28631
288.25,-214.32,-78.585,0.49023,-0.57624,-0.13019
240.64,-278.87,3.7931,0.39291,-0.70397,0.034044
184.33,-307.51,90.276,0.27329,-0.76479,0.19624
110.09,-292.81,181.52,0.11514,-0.74047,0.37466
25.709,-250.47,252.48,-0.057194,-0.66342,0.50645
-61.128,-200.12,291.22,-0.23562,-0.5661,0.57336
-156.17,-134.28,290.68,-0.42823,-0.43634,0.56727
-240.63,-53.579,257.74,-0.59449,-0.27617,0.49834
-295.95,31.795,211.88,-0.69992,-0.10383,0.40507
-311.78,125.14,151.8,-0.7283,0.086756,0.28342
-285.85,214.53,74.871,-0.67153,0.26721,0.12934
-239.07,277.44,-7.2472,-0.57218,0.39494,-0.032869
-183.49,304.05,-95.051,-0.45256,0.45374,-0.20318
-110.5,287.54,-188.21,-0.29847,0.42738,-0.3816
-27.865,245.01,-260.09,-0.12816,0.34831,-0.51541
61.165,193.39,-297.69,0.054319,0.24896,-0.58029
159.09,127.74,-293.68,0.25504,0.1192,-0.5661
244.25,50.078,-258.46,0.42129,-0.036919,-0.49108
298.74,-35.32,-210.03,0.52267,-0.21129,-0.39579
311.44,-130.91,-149.24,0.54497,-0.4039,-0.27414
282.87,-221.76,-74.74,0.48009,-0.59043,-0.12411
233.4,-285.12,6.506,0.38074,-0.71614,0.0381
176,-309.37,95.89,0.25707,-0.77088,0.21246
105.07,-289.72,189.73,0.10501,-0.73641,0.38886
24.93,-244.69,262.13,-0.06125,-0.65328,0.52064
-64.714,-191.7,298.2,-0.24576,-0.55191,0.58755
-164.1,-126.9,291.08,-0.44648,-0.42215,0.56525
-249.64,-51.173,253.8,-0.61273,-0.27008,0.48821
-303.17,34.319,204.67,-0.71411,-0.095719,0.39088
-313.69,130.87,143.9,-0.73033,0.098925,0.26721
-282.97,221.82,69.493,-0.66545,0.2814,0.1192
-232.49,283.74,-12.414,-0.55596,0.40711,-0.03895
-175.47,306.41,-102.01,-0.43634,0.45779,-0.21737
-103.92,286.45,-195.31,-0.28428,0.42333,-0.39174
-21.92,241.47,-266.29,-0.11194,0.34223,-0.52555
68.03,188.79,-301.19,0.070537,0.24085,-0.58637
166.07,121.77,-293.85,0.26721,0.10703,-0.5661
249.16,42.411,-256.65,0.42941,-0.053144,-0.48906
300.82,-43.624,-208.07,0.52876,-0.22953,-0.38971
311.86,-137.89,-145.68,0.547,-0.41809,-0.264
281.64,-225.88,-66.129,0.48212,-0.59449,-0.10383
231.51,-285.07,18.065,0.37264,-0.71614,0.058375
173.93,-307.39,105.23,0.24896,-0.76682,0.22666
97.4,-287.74,194.4,0.088788,-0.73438,0.39697
12.309,-243.39,261.19,-0.087606,-0.65328,0.52267
-75.141,-191.58,294.76,-0.26603,-0.55394,0.57944
-170.73,-122.63,287.42,-0.45864,-0.41201,0.55917
-251.53,-40.982,250.38,-0.61679,-0.24981,0.48212
-301.26,44.274,204.34,-0.71006,-0.075444,0.38886
-310.57,138.66,142.39,-0.7283,0.11514,0.26517
-279.27,225.9,62.463,-0.65937,0.29154,0.10703
-230.18,283.39,-21.449,-0.55191,0.40913,-0.057194
-173.04,303.39,-110.48,-0.43229,0.45374,-0.23359
-97.905,282.14,-201.42,-0.27211,0.41724,-0.4039
-14.277,237.67,-268.8,-0.097744,0.33411,-0.52961
74.895,184.83,-300.69,0.0827,0.23274,-0.58435
173.74,116.51,-290.29,0.2814,0.096894,-0.55799
255.39,37.504,-250.77,0.43752,-0.063281,-0.47689
303.96,-48.365,-201.96,0.53484,-0.23562,-0.37551
310.11,-144.71,-139.99,0.54294,-0.43229,-0.25589
276.33,-233.36,-63.109,0.47198,-0.60867,-0.099775
224.46,-290.9,20.519,0.35844,-0.7283,0.064456
165.27,-308.05,111.58,0.23274,-0.76682,0.23882
92.304,-283.42,203.16,0.076619,-0.72222,0.41521
11.083,-236.71,270.51,-0.093694,-0.63504,0.54092
-79.34,-183.14,300.8,-0.27617,-0.53366,0.58958
-179.01,-116.12,287.52,-0.47284,-0.40187,0.55917
-261.03,-38.457,245.88,-0.63098,-0.2417,0.47401
-308.07,48.002,196.08,-0.72424,-0.069363,0.37466
-312.01,144.93,134.65,-0.72628,0.12731,0.24693
-276.6,233.26,58.051,-0.65126,0.30776,0.096894
-224.16,289.52,-25.86,-0.5438,0.42333,-0.067331
-164.64,305.07,-117.6,-0.41404,0.45576,-0.24576
-90.522,279.75,-208.76,-0.25792,0.41116,-0.41606
-7.6247,233.42,-274.34,-0.083556,0.32195,-0.53974
82.703,180.3,-303.59,0.10095,0.2226,-0.5884
180.96,110.4,-290.31,0.29762,0.0827,-0.55799
260.27,28.87,-248.93,0.45171,-0.0795,-0.47486
305.77,-57.495,-199.37,0.55106,-0.25386,-0.37146
310.11,-151.93,-135.27,0.54294,-0.44445,-0.24373
275.3,-236.9,-53.744,0.46387,-0.61881,-0.081525
223.61,-290.85,30.781,0.35844,-0.7283,0.080675
162.65,-306.4,120.05,0.22868,-0.76682,0.25707
82.845,-280.76,207.4,0.0604,-0.72019,0.42535
-2.2932,-235.25,268.78,-0.11599,-0.63504,0.53484
-89.861,-182.88,297.05,-0.29644,-0.53163,0.58349
-185.36,-110.53,284.09,-0.48702,-0.38768,0.55308
-262.43,-27.276,243.19,-0.63504,-0.22143,0.46793
-306.04,58.169,195.7,-0.71816,-0.047056,0.37061
-308.21,153.07,131.42,-0.72019,0.14556,0.24287
-272.69,237.01,50.054,-0.64314,0.31384,0.080675
-222.65,289.05,-34.235,-0.53771,0.42129,-0.085581
-161.76,302.12,-125.6,-0.40998,0.45171,-0.25994
-83.586,274.92,-214.63,-0.2417,0.40102,-0.43026
0.84428,229.11,-276.16,-0.069363,0.31586,-0.54583
91.125,175.67,-302.13,0.11717,0.21246,-0.58637
188.77,104.57,-286.09,0.30978,0.072563,-0.54785
266.24,24.057,-243.46,0.46184,-0.089638,-0.4627
308.56,-62.708,-193.09,0.53889,-0.26603,-0.35929
307.24,-159.95,-129.02,0.53484,-0.4627,-0.23156
269.14,-244.9,-50.701,0.45171,-0.63301,-0.075444
216.91,-296.54,33.163,0.34425,-0.74047,0.088788
154.44,-306.45,126.7,0.21246,-0.76885,0.26923
78.174,-275.97,216.25,0.052288,-0.71208,0.43549
-4.6287,-227.56,277.54,-0.12208,-0.61881,0.55106
-95.617,-173.28,301.15,-0.30658,-0.51339,0.58755
-194.27,-104.23,282.56,-0.50528,-0.37551,0.547
-271.93,-25.247,238.45,-0.65531,-0.21737,0.45982
-312.53,62.368,187.42,-0.73236,-0.043006,0.35642
-308.14,160.76,123.18,-0.71816,0.15975,0.22666
-268.89,244.82,45.359,-0.63504,0.33006,0.070537
-216.83,294.99,-38.316,-0.52555,0.43346,-0.093694
-154.1,303.72,-132.37,-0.39376,0.45576,-0.27414
-76.297,272.46,-221.52,-0.22751,0.40102,-0.44243
8.2281,224.15,-281.11,-0.051112,0.30776,-0.55191
99.287,169.8,-303.61,0.13136,0.2003,-0.5884
195.98,97.565,-285.07,0.326,0.058375,-0.5438
270.77,15.329,-241.6,0.46996,-0.10788,-0.45864
310.23,-71.673,-190.85,0.54497,-0.28428,-0.35321
306.22,-167.59,-122.72,0.53281,-0.47892,-0.21737
267.35,-247.96,-40.227,0.44766,-0.64314,-0.053144
216.37,-296.16,42.859,0.34019,-0.74047,0.10703
151.66,-305.29,133.89,0.20638,-0.76479,0.28342
68.266,-273.8,219.2,0.027962,-0.70803,0.4436
-17.674,-226.21,275.3,-0.14641,-0.61679,0.547
-106.35,-171.84,296.88,-0.33091,-0.50933,0.58349
-200.1,-96.82,278.57,-0.51744,-0.35929,0.53889
-272.33,-13.664,236.51,-0.65531,-0.19507,0.45576
-310.31,72.323,187.56,-0.7283,-0.022731,0.35642
-304.09,168.74,118.7,-0.71006,0.17394,0.21449
-264.6,247.93,36.607,-0.62692,0.33817,0.054319
-215.39,294.17,-46.525,-0.52149,0.43143,-0.10586
-150.87,300.58,-139.97,-0.38362,0.45171,-0.28833
-69.526,268.08,-226.38,-0.21331,0.38886,-0.44851
16.249,220.21,-282.45,-0.036919,0.3037,-0.55394
108.37,164.35,-301.07,0.15366,0.19421,-0.58435
203.77,90.889,-279.72,0.34223,0.044181,-0.53366
276.05,10.446,-235.93,0.48212,-0.11802,-0.44648
312.43,-77.146,-184.6,0.547,-0.29644,-0.34308
302.78,-175.68,-116.97,0.52673,-0.49514,-0.20926
260.5,-256.22,-37.585,0.43346,-0.65734,-0.049087
209.12,-301.42,45.926,0.32803,-0.75263,0.11311
144.01,-304.46,141.33,0.19219,-0.76479,0.29762
65.128,-269.29,227.88,0.021875,-0.69992,0.45982
-19.373,-218.97,283.6,-0.15249,-0.60463,0.56119
-113.17,-161.91,299.55,-0.34308,-0.49311,0.58553
-209.35,-90.121,275.25,-0.53771,-0.3451,0.53484
-281.37,-11.352,230.26,-0.67356,-0.18898,0.4436
-316.02,76.994,178.95,-0.73641,-0.016644,0.33817
-303.61,176.45,111.29,-0.70803,0.19219,0.20232
-259.74,256.05,32.29,-0.61476,0.35236,0.044181
-208.71,299.57,-51.55,-0.50933,0.4436,-0.11599
-143.51,301.43,-147.04,-0.37146,0.45171,-0.29847
-63.251,266.05,-232.7,-0.19912,0.3848,-0.4627
22.382,216.25,-286.96,-0.024756,0.29356,-0.56204
116.34,158.15,-302.22,0.16786,0.17799,-0.58637
210.73,82.585,-277.62,0.35439,0.027962,-0.52961
279.71,0.98587,-233.39,0.48821,-0.13829,-0.44243
313.56,-86.228,-181.93,0.54903,-0.31469,-0.33699
301.83,-182.76,-109.87,0.52267,-0.5073,-0.19304
258.52,-258.58,-26.757,0.42941,-0.66545,-0.028813
207.97,-300.74,55.975,0.32195,-0.75061,0.13339
140,-302.72,148.19,0.18002,-0.76074,0.30978
55.008,-267.36,229.58,0.0036313,-0.69586,0.4659
-30.625,-218.92,280.98,-0.17276,-0.60665,0.55511
-122.6,-160.07,295.72,-0.36335,-0.48906,0.58147
-214.35,-81.439,271.17,-0.5438,-0.33091,0.5247
-280.8,0.51406,228.7,-0.67153,-0.16466,0.43954
-313.33,87.02,178.62,-0.73236,0.0076813,0.33614
-299.72,183.58,105.87,-0.70194,0.20638,0.19219
-256.22,258.19,23.538,-0.61071,0.35642,0.029988
-206.78,298.3,-60.066,-0.50122,0.43954,-0.13221
-139.35,297.54,-154.69,-0.35929,0.4436,-0.31672
-56.764,261.68,-236.95,-0.18696,0.38074,-0.47081
29.247,213.09,-287.9,-0.0065062,0.28951,-0.56204
124.67,153.1,-299.53,0.18205,0.16786,-0.58232
217.83,76.357,-272.05,0.36858,0.017825,-0.51947
284.07,-3.921,-227.61,0.49834,-0.14438,-0.43026
314.43,-92.456,-175.19,0.55308,-0.32686,-0.32482
298.11,-190.57,-104.53,0.51456,-0.52353,-0.1829
252.22,-266.53,-25.27,0.41927,-0.67964,-0.028813
200.09,-305.41,59.797,0.30776,-0.76074,0.1415
132.53,-300.69,156.47,0.1638,-0.75263,0.33006
53.026,-262.35,238.68,-0.0024563,-0.68775,0.47807
-32.088,-212.06,288.86,-0.17884,-0.59246,0.57133
-129.02,-151.46,298.18,-0.37349,-0.47486,0.58349
-223.12,-76.414,268.01,-0.56002,-0.3228,0.51862
-288.87,3.2977,221.86,-0.68775,-0.15857,0.42738
-317.18,92.941,168.83,-0.73844,0.021875,0.31586
-298.64,191.15,98.91,-0.69992,0.22057,0.17597
-252.02,265.88,20.259,-0.60057,0.37264,0.021875
-199.56,303.46,-65.563,-0.48702,0.44968,-0.14641
-131.62,297.28,-162.52,-0.34308,0.4436,-0.33091
-50.819,258.88,-243.39,-0.17682,0.37264,-0.48297
34.956,209.55,-292.15,0.0016,0.28342,-0.57016
131.54,147.65,-301.02,0.19827,0.15772,-0.58232
223.68,68.903,-270.85,0.3848,0.0016,-0.51947
286.88,-13.239,-225.27,0.50443,-0.16466,-0.42417
314.6,-102.1,-171.18,0.55106,-0.3451,-0.31469
296.88,-196.94,-96.466,0.51253,-0.53771,-0.16263
251.26,-268.18,-14.56,0.41724,-0.68572,-0.0024563
198.86,-304.7,69.61,0.30573,-0.76074,0.15975
126.91,-298.5,163.34,0.15366,-0.75263,0.33817
42.104,-259.97,239.79,-0.018675,-0.68167,0.48212
-42.657,-212.11,285.89,-0.19912,-0.59043,0.56727
-137.07,-149.45,294.62,-0.38971,-0.46878,0.57539
-226.71,-67.875,264.87,-0.56812,-0.30253,0.51253
-287.67,14.503,221.04,-0.68572,-0.13627,0.42535
-313.81,103.27,167.61,-0.73033,0.044181,0.31586
-294.53,197.49,92.399,-0.68775,0.23476,0.1638
-249.59,267.32,11.413,-0.59651,0.37466,0.0076813
-197.74,302,-74.103,-0.485,0.44968,-0.15857
-126.4,293.11,-170.07,-0.33091,0.43549,-0.34308
-44.025,254.16,-247.49,-0.1606,0.36656,-0.50122
41.939,205.85,-292.72,0.015794,0.27329,-0.57218
139.58,142.53,-297.88,0.21246,0.14758,-0.57421
230.07,63.76,-265.75,0.39088,-0.0085375,-0.5073
290.65,-17.957,-219.89,0.50848,-0.17682,-0.41404
313.96,-109.44,-163.84,0.54903,-0.35929,-0.30049
292.09,-204.75,-91.206,0.50239,-0.55394,-0.15249
245.08,-275.52,-13.003,0.40305,-0.69586,-0.000425
190.77,-308.71,74.163,0.28748,-0.76682,0.16786
120.07,-295.78,171.92,0.13947,-0.74655,0.35642
40.547,-254.26,249.44,-0.0207,-0.67153,0.49834
-45.228,-204.27,293.53,-0.20318,-0.57624,0.57741
-144.26,-140.98,295.87,-0.4039,-0.45053,0.57741
-235.18,-64.619,261.87,-0.58435,-0.29644,0.50645
-295.29,16.909,214.62,-0.69992,-0.13424,0.40913
-315.88,110.19,157.44,-0.73438,0.058375,0.29559
-291.96,205.26,85.322,-0.67964,0.25099,0.14961
-244.69,274.75,7.6147,-0.58232,0.39088,-0.0024563
-190.33,306.51,-80.165,-0.46878,0.45779,-0.17479
-119.04,292.47,-177.78,-0.31874,0.43549,-0.35727
-38.009,250.69,-254.03,-0.14438,0.36047,-0.50325
48.45,201.29,-296.66,0.032012,0.26923,-0.57826
146.7,136.49,-298.52,0.23071,0.13744,-0.57421
235.19,56.777,-264.88,0.40305,-0.024756,-0.50325
293.2,-26.379,-218.43,0.51456,-0.19101,-0.41201
313.46,-118.69,-159.45,0.55106,-0.3816,-0.29036
290.09,-210.53,-82.218,0.49834,-0.5661,-0.13424
243.9,-276.39,-1.5148,0.39697,-0.69992,0.015794
189.31,-307.6,84.213,0.2814,-0.76479,0.18813
113.51,-294.01,177.75,0.12731,-0.74452,0.36452
28.964,-252.26,249.75,-0.053144,-0.66545,0.50037
-56.056,-203.78,290.28,-0.22345,-0.57421,0.57133
-151.83,-137.73,291.83,-0.41809,-0.44445,0.56727
-237.82,-55.796,258.83,-0.5884,-0.27819,0.50037
-293.87,27.148,214.5,-0.69789,-0.11397,0.40913
-312.27,119.86,155.76,-0.7283,0.074594,0.29154
-287.55,210.78,78.221,-0.67356,0.25909,0.13542
-242.42,275.18,-1.8686,-0.58029,0.39088,-0.018675
-188.14,304.36,-89.224,-0.46473,0.45374,-0.19101
-113.5,288.69,-184.62,-0.30455,0.42941,-0.37349
-31.097,246.82,-257.42,-0.13424,0.35236,-0.5073
55.975,197,-296.84,0.046206,0.25707,-0.58029
154.84,130.8,-294.63,0.2449,0.12325,-0.56407
241.18,52.389,-259.71,0.41521,-0.034894,-0.49311
296.86,-30.625,-213.03,0.52064,-0.19709,-0.40187
312,-126.1,-152.66,0.54497,-0.39174,-0.27819
284.61,-218.17,-77.83,0.48821,-0.57826,-0.12816
237.03,-282.95,0.91511,0.38277,-0.71208,0.025931
180.44,-309.96,90.134,0.26517,-0.76885,0.2003
107.78,-290.9,186.38,0.11109,-0.74047,0.38277
28.28,-246.71,259.51,-0.055169,-0.65531,0.51862
-59.689,-195.19,297.45,-0.23562,-0.55799,0.58349
-160.09,-129.47,292,-0.43837,-0.42823,0.56931
-246.36,-53.65,255.39,-0.60665,-0.27414,0.49631
-301.47,29.53,207.69,-0.71208,-0.10788,0.39697
-314.09,126.42,146.8,-0.73033,0.090812,0.27329
-284.58,218.28,72.3,-0.66545,0.27734,0.12325
-236.24,281.76,-6.799,-0.5661,0.40507,-0.032869
-179.67,307.05,-96.584,-0.44648,0.45982,-0.20723
-106.54,287.63,-192.1,-0.28833,0.42738,-0.38768
-25.553,243.57,-263.84,-0.12208,0.34425,-0.52149
63.1,192.21,-300.45,0.056344,0.24896,-0.58435
162.37,124.25,-294.53,0.25909,0.11514,-0.5661
245.97,45.265,-258.37,0.42535,-0.047056,-0.49311
299.17,-38.882,-211.26,0.5247,-0.21939,-0.39579
312.14,-133.95,-148.37,0.547,-0.40998,-0.27211
283.15,-222.65,-69.29,0.48212,-0.59246,-0.11194
235.26,-283.21,12.592,0.38074,-0.71208,0.048238
177.94,-307.91,100.49,0.25909,-0.76277,0.22057
100.11,-288.87,191.36,0.094869,-0.73438,0.39088
16.225,-245.65,258.85,-0.077469,-0.65328,0.51862
-70.54,-194.79,294.12,-0.25792,-0.55394,0.57944
-167.31,-124.96,287.89,-0.45256,-0.42012,0.56322
-248.39,-44.19,252.2,-0.61071,-0.25792,0.48617
-299.68,39.485,207.5,-0.70803,-0.085581,0.39697
-310.69,134.91,144.86,-0.72424,0.10906,0.26923
-280.8,222.69,65.647,-0.66139,0.28545,0.10906
-233.95,281.71,-16.046,-0.55799,0.40711,-0.049087
-176.63,304.03,-105.95,-0.43634,0.45171,-0.22345
-100.38,283.27,-198.45,-0.28022,0.41724,-0.39782
-18.406,240.05,-266.44,-0.10788,0.33817,-0.52555
71.097,187.82,-300.15,0.076619,0.23679,-0.58029
170.39,118.37,-290.62,0.27329,0.098925,-0.55799
252.18,40.854,-252.73,0.43143,-0.057194,-0.48094
302.52,-43.506,-205.27,0.52876,-0.22548,-0.38565
310.26,-141.03,-142.14,0.54092,-0.41809,-0.25792
277.89,-230.01,-66.271,0.47198,-0.60259,-0.10788
228.16,-289.25,15.14,0.36858,-0.72424,0.052288
168.5,-308.62,107.36,0.23679,-0.76885,0.23274
94.664,-284.72,200.09,0.0827,-0.72424,0.40913
15.47,-239.38,268.31,-0.0795,-0.64112,0.53686
-74.952,-185.83,300.3,-0.26603,-0.54177,0.59161
-175.64,-117.63,287.75,-0.46878,-0.4039,0.55917
-257.64,-42.09,247.95,-0.62692,-0.24981,0.48009
-306.66,42.953,199.45,-0.72019,-0.0795,0.38074
-312.13,141.23,136.54,-0.72424,0.1192,0.25301
-278.3,229.81,61.425,-0.65734,0.29964,0.10703
-227.65,287.82,-20.694,-0.54988,0.41521,-0.057194
-167.45,305.37,-113.62,-0.42012,0.45779,-0.23764
-93.187,281.08,-205.5,-0.264,0.41521,-0.41201
-12.366,236.25,-272.19,-0.091663,0.33209,-0.53569
78.41,182.87,-303.07,0.092837,0.22868,-0.5884
177.54,112,-290.55,0.28951,0.086756,-0.56002
256.85,32.975,-251.06,0.4436,-0.071387,-0.47689
304.31,-52.423,-202.72,0.53281,-0.24373,-0.37754
310.26,-148.15,-137.51,0.54092,-0.43837,-0.24576
277.18,-233.43,-57.707,0.46793,-0.61273,-0.089638
227.08,-289.15,25.732,0.36452,-0.72628,0.072563
165.41,-306.49,116.39,0.23274,-0.76277,0.24896
86.006,-282.31,204.22,0.066481,-0.72222,0.41521
2.6372,-238.25,266.68,-0.10586,-0.63706,0.53078
-85.568,-185.31,296.55,-0.28833,-0.53569,0.58147
-181.89,-112.46,284.12,-0.48094,-0.39376,0.55511
-258.91,-31.711,245.24,-0.63098,-0.22953,0.47401
-304.49,53.192,198.82,-0.71816,-0.059225,0.37872
-308.52,149.06,133.82,-0.71816,0.13542,0.24896
-274.91,233.33,54.347,-0.64923,0.3037,0.088788
-225.95,287.44,-29.304,-0.5438,0.41724,-0.075444
-164.29,302.19,-121.94,-0.41201,0.45374,-0.25386
-86.865,276.52,-211.12,-0.25184,0.40711,-0.42215
-4.3692,232.22,-274.06,-0.077469,0.32195,-0.53771
86.737,178.06,-301.75,0.10703,0.22057,-0.58435
184.85,106.67,-286.65,0.29964,0.076619,-0.55191
262.63,28.705,-245.82,0.45576,-0.0795,-0.46473
307.02,-57.754,-196.04,0.53889,-0.25589,-0.36538
307.59,-155.4,-131.62,0.53484,-0.45256,-0.23562
271.73,-240.84,-55.395,0.45982,-0.62692,-0.085581
220.21,-294.79,28.256,0.34831,-0.73844,0.076619
156.75,-306.56,123.02,0.21449,-0.76277,0.26721
81.712,-277.76,212.54,0.056344,-0.71411,0.43143
0.89147,-230.91,275.3,-0.11397,-0.62692,0.547
-90.875,-175.71,300.96,-0.30253,-0.51947,0.58755
-189.93,-106.7,283.39,-0.49716,-0.3816,0.55106
-268.09,-30.106,241.07,-0.6472,-0.22953,0.46387
-310.93,57.532,190.06,-0.72628,-0.049087,0.3625
-308.88,155.9,126.04,-0.71614,0.15164,0.25909
-271.96,240.5,50.549,-0.64112,0.32195,0.080675
-219.94,293.25,-33.527,-0.53163,0.42941,-0.081525
-156.24,303.65,-128.62,-0.39579,0.45374,-0.26806
-80.165,274.26,-217.58,-0.23562,0.40305,-0.43431
2.4956,227.64,-278.84,-0.063281,0.31181,-0.54583
94.404,172.44,-303.45,0.12325,0.20841,-0.58637
191.38,100.77,-286.25,0.31384,0.064456,-0.54583
266.97,20.637,-244.4,0.4659,-0.097744,-0.4627
308.49,-66.86,-193.38,0.54294,-0.27414,-0.35929
306.93,-162.43,-126.26,0.53281,-0.46878,-0.22548
270.74,-243.58,-46.148,0.45576,-0.63098,-0.067331
219.43,-294.44,38.094,0.34831,-0.73844,0.096894
154.02,-305.22,130.12,0.20841,-0.76277,0.27531
72.63,-275.83,215.4,0.0381,-0.70803,0.43752
-11.965,-229.63,273.05,-0.13627,-0.62287,0.54294
-101.37,-174.62,296.64,-0.31874,-0.51541,0.57944
-195.15,-100.83,279.99,-0.50528,-0.37146,0.54497
-268.42,-19.396,239.32,-0.64923,-0.20723,0.45779
-308.45,67.464,189.92,-0.72424,-0.030838,0.36047
-305.08,163.24,122.64,-0.71208,0.1638,0.22057
-268.32,243.47,42.859,-0.63301,0.326,0.066481
-218.29,292.4,-41.76,-0.52758,0.42738,-0.097744
-153.37,300.58,-135.86,-0.38971,0.44766,-0.28022
-74.244,270.22,-222.2,-0.22345,0.39494,-0.44243
10.469,223.54,-280.17,-0.047056,0.30776,-0.54988
103.01,167.13,-301.07,0.14352,0.19421,-0.58232
198.37,95.348,-281.72,0.33006,0.052288,-0.53974
272.09,16.508,-239.35,0.47401,-0.10586,-0.45459
310.68,-72.05,-187.15,0.54497,-0.28225,-0.34713
303.89,-169.83,-121.02,0.52673,-0.485,-0.21737
264.7,-251.46,-44.001,0.44562,-0.64923,-0.06125
212.21,-299.77,41.019,0.33209,-0.74655,0.10703
146.47,-304.72,137.08,0.19421,-0.76479,0.28545
69.988,-271.74,223.51,0.032012,-0.706,0.45374
-13.782,-222.11,281.29,-0.14438,-0.60867,0.55714
-107.72,-164.62,299.52,-0.33294,-0.49716,0.58553
-203.5,-95.24,277.84,-0.52149,-0.36133,0.53686
-277.5,-17.863,234.15,-0.66748,-0.20318,0.45171
-314.4,71.781,181.41,-0.73438,-0.022731,0.34628
-304.96,170.29,115.73,-0.71208,0.18002,0.20841
-264.19,251.19,38.825,-0.6249,0.34019,0.056344
-211.87,297.85,-46.455,-0.51541,0.43752,-0.10991
-146.34,301.91,-142.11,-0.37754,0.45171,-0.29036
-68.582,268.67,-228.22,-0.21331,0.39088,-0.45053
16.957,219.15,-284.67,-0.036919,0.29762,-0.55596
110.94,160.98,-302.06,0.15772,0.18813,-0.58435
204.74,88.506,-280.45,0.34425,0.040125,-0.53771
275.98,7.8978,-237.33,0.48212,-0.12208,-0.45053
312,-80.85,-184.69,0.54903,-0.30253,-0.34308
303.34,-176.41,-115.15,0.52673,-0.49514,-0.20521
262.93,-253.93,-33.527,0.43954,-0.65328,-0.043006
211.2,-298.99,50.95,0.33209,-0.74655,0.12528
143.54,-303.59,143.02,0.18611,-0.76277,0.29964
60.717,-270.3,225.28,0.013769,-0.70194,0.45779
-25.671,-221.47,278.67,-0.16263,-0.60867,0.55106
-117.32,-162.97,295.39,-0.34916,-0.49514,0.57741
-208.21,-87.997,274.21,-0.53366,-0.34105,0.53078
-277.1,-6.4215,232.55,-0.66748,-0.17884,0.44766
-311.85,81.335,181.57,-0.73033,-0.000425,0.34425
-301.52,177.11,111.63,-0.70397,0.19219,0.20232
-260.51,253.64,30.332,-0.61679,0.34831,0.040125
-209.96,296.64,-54.924,-0.50933,0.43549,-0.12208
-143.27,298.51,-149.03,-0.36741,0.4436,-0.30455
-62.567,264.77,-232.44,-0.19912,0.3848,-0.46473
24.27,215.59,-285.66,-0.0207,0.29356,-0.56002
119.08,156.09,-299.44,0.17191,0.17597,-0.57826
211.58,82.774,-275.28,0.35642,0.027962,-0.52353
280.56,2.991,-231.47,0.49226,-0.13221,-0.43837
313.44,-86.322,-178.51,0.55106,-0.31266,-0.33091
300.25,-183.8,-110.48,0.51659,-0.50933,-0.19507
256.49,-262,-31.734,0.42738,-0.67153,-0.03895
203.42,-303.83,54.56,0.31181,-0.75466,0.12934
136.77,-302.22,150.36,0.17394,-0.75871,0.31586
58.759,-265.85,233.85,0.0097125,-0.69181,0.47401
-27.228,-214.4,286.69,-0.16668,-0.59449,0.56525
-123.24,-154.4,298.15,-0.36133,-0.47689,0.58147
-216.85,-82.713,271.19,-0.54785,-0.33294,0.52673
-285.59,-3.5435,225.61,-0.67964,-0.17074,0.43346
-316.59,86.265,172.68,-0.73641,0.011738,0.326
-301.23,184.21,105.37,-0.70194,0.20638,0.19016
-256.06,261.71,26.629,-0.61071,0.36452,0.036069
-202.69,301.76,-60.373,-0.49716,0.44766,-0.13627
-136.36,299.1,-156.01,-0.35727,0.44562,-0.31874
-56.952,262.7,-238.55,-0.18696,0.38074,-0.47081
30.167,211.81,-290,-0.0065062,0.28748,-0.56812
125.76,150.95,-301.07,0.18611,0.16583,-0.58435
217.73,75.414,-273.94,0.36858,0.015794,-0.52555
283.76,-6.7754,-228.74,0.49631,-0.15249,-0.43229
314.1,-95.263,-175.49,0.54903,-0.33091,-0.32482
299.69,-190.07,-103.71,0.52064,-0.52149,-0.17884
255.03,-264.08,-20.741,0.42129,-0.67153,-0.018675
201.88,-303.03,64.656,0.31384,-0.75466,0.14961
132.48,-300.45,156.8,0.1638,-0.75466,0.326
48.521,-263.91,235.17,-0.012594,-0.68572,0.47401
-38.198,-214.4,283.74,-0.18898,-0.59651,0.56119
-131.24,-153.15,294.83,-0.37957,-0.47486,0.57741
-220.91,-74.551,267.86,-0.55596,-0.31469,0.52064
-284.65,8.4405,224.1,-0.67964,-0.14843,0.42941
-313.64,96.15,172.25,-0.73033,0.029988,0.326
-297.74,190.63,99.901,-0.69586,0.21854,0.17799
-252.97,263.52,17.358,-0.60259,0.36858,0.015794
-200.57,300.35,-69.101,-0.49108,0.44562,-0.15249
-132.14,295.25,-163.39,-0.34308,0.43954,-0.33294
-50.276,258.03,-242.85,-0.17479,0.37264,-0.48094
37.386,208.16,-290.62,0.0076813,0.27734,-0.5661
133.33,146.54,-298.42,0.19827,0.15569,-0.57421
224.29,70.082,-268.89,0.38074,0.0036313,-0.51541
287.75,-12.107,-222.7,0.50443,-0.16263,-0.42012
314.22,-101.87,-168.65,0.55106,-0.3451,-0.30861
295.75,-197.76,-98.802,0.50848,-0.54177,-0.17074
248.59,-271.93,-18.807,0.41116,-0.68978,-0.012594
193.77,-307.34,68.997,0.24896,-0.76682,0.15772
125.73,-298.19,165.2,0.14961,-0.74857,0.34223
46.515,-258.25,244.77,-0.014619,-0.67559,0.49226
-40.557,-206.66,291.48,-0.19709,-0.58232,0.57539
-137.56,-145.32,296.9,-0.39376,-0.45864,0.57944
-229.49,-70.824,265.15,-0.57421,-0.30861,0.51456
-292.46,11.602,217.05,-0.69383,-0.14235,0.41521
-316.54,102.52,162.37,-0.73641,0.044181,0.30573
-296.07,198.32,93.107,-0.69383,0.23274,0.1638
-248.15,271.4,13.3,-0.59246,0.38886,0.011738
-193.35,305.33,-74.74,-0.47689,0.45374,-0.16263
-124.82,294.88,-171.13,-0.32888,0.43954,-0.34713
-43.907,254.51,-249.52,-0.1606,0.36452,-0.49311
43.637,203.86,-294.72,0.017825,0.26923,-0.57218
139.89,141.51,-299.84,0.21449,0.14758,-0.57826
229.81,63.1,-268.11,0.39291,-0.0085375,-0.50933
290.42,-21.378,-220.65,0.50848,-0.18088,-0.41606
314.08,-111.3,-164.69,0.55308,-0.36538,-0.30253
294.21,-204.04,-90.191,0.50443,-0.55394,-0.15249
247.22,-273.35,-6.9405,0.40507,-0.69383,0.0097125
192.66,-306.61,78.693,0.29356,-0.76277,0.17597
119.83,-296.37,171.5,0.13542,-0.74655,0.35236
34.626,-255.58,245.76,-0.040975,-0.67356,0.49226
-51.409,-206.21,288.36,-0.21737,-0.57826,0.56931
-145.11,-143.18,293.37,-0.40593,-0.45459,0.57133
-232.75,-61.977,262.06,-0.57826,-0.29239,0.50848
-291.3,22.571,216.6,-0.69181,-0.12005,0.41724
-313.15,112.5,161.16,-0.73033,0.0604,0.30167
-291.75,204.67,85.982,-0.68167,0.24896,0.14961
-245.39,272.35,3.4157,-0.58435,0.3848,-0.012594
-191.61,303.65,-83.468,-0.47486,0.45374,-0.17682
-119.56,291.05,-178.35,-0.31874,0.43143,-0.36133
-36.334,249.75,-253.56,-0.14438,0.35642,-0.50122
51.21,199.62,-295.05,0.036069,0.26113,-0.57624
147.86,136.4,-296.37,0.23071,0.13744,-0.57218
236.32,57.957,-262.76,0.40507,-0.0207,-0.50122
294.19,-25.954,-215.27,0.51659,-0.19101,-0.40593
312.97,-118.74,-157.9,0.547,-0.37957,-0.28631
288.84,-212.27,-84.789,0.49429,-0.57016,-0.14438
240.22,-280.45,-4.2512,0.39494,-0.70397,0.011738
184.33,-309.8,83.93,0.27126,-0.76885,0.18611
113.7,-293.52,180.27,0.12528,-0.74249,0.37466
32.857,-249.45,255.76,-0.047056,-0.65937,0.51253
-54.664,-197.83,295.75,-0.22345,-0.56204,0.58349
-152.85,-135.06,293.98,-0.42417,-0.43837,0.57336
-241.57,-58.792,258.5,-0.59246,-0.28225,0.50037
-298.94,24.93,210,-0.70397,-0.11599,0.40305
-315.08,119.24,152.01,-0.73438,0.074594,0.28342
-288.38,212.76,78.811,-0.67761,0.26315,0.13947
-239.33,279.35,-1.6799,-0.57218,0.40102,-0.018675
-183.85,307.28,-90.05,-0.45661,0.45779,-0.19507
-112.51,290.3,-186.04,-0.30455,0.43346,-0.37551
-29.918,245.97,-260.28,-0.13221,0.35236,-0.51339
58.004,194.9,-298.78,0.050263,0.25099,-0.58232
155.27,130.17,-296.54,0.2449,0.12123,-0.56812
241.47,50.384,-261.27,0.41521,-0.036919,-0.49716
296.93,-34.211,-213.76,0.52064,-0.20521,-0.40187
313.02,-127.06,-153.98,0.55308,-0.39579,-0.27819
286.52,-217.79,-75.235,0.49226,-0.58029,-0.12411
238.16,-280.99,8.063,0.38683,-0.70803,0.040125
182.56,-308.24,94.05,0.27126,-0.76885,0.20841
106.41,-291.75,185.72,0.10906,-0.73844,0.38277
20.472,-247.61,255.64,-0.069363,-0.65937,0.51456
-65.421,-197.48,292.45,-0.24576,-0.56407,0.57741
-160.42,-131.05,289.78,-0.43837,-0.43229,0.56322
-244.07,-49.097,254.91,-0.60259,-0.26603,0.49023
-297.39,34.791,210.09,-0.706,-0.095719,0.40305
-311.87,128.09,150.57,-0.7283,0.092837,0.2814
-283.87,218.11,71.144,-0.66545,0.27531,0.12325
-236.57,279.52,-11.706,-0.56407,0.40102,-0.040975
-181.44,304.67,-99.274,-0.44851,0.45576,-0.21129
-106.4,286.1,-192.9,-0.29036,0.42333,-0.38768
-22.345,241.94,-263.35,-0.11194,0.34425,-0.51947
65.553,190.82,-298.78,0.064456,0.2449,-0.58029
163.57,124.29,-292.55,0.26315,0.11109,-0.56204
247.84,45.336,-255.23,0.42738,-0.045031,-0.48702
300.21,-38.41,-208.21,0.52876,-0.21534,-0.38971
311.53,-134.26,-147.85,0.547,-0.40998,-0.27008
280.74,-225.62,-70.894,0.47807,-0.59449,-0.11397
230.66,-287.2,11.083,0.37264,-0.75263,0.044181
173.53,-309.61,100.56,0.25301,-0.76885,0.22057
100.42,-287.71,194.73,0.094869,-0.73236,0.39697
19.316,-241.31,265.34,-0.073419,-0.6472,0.52876
-69.149,-189.13,299.19,-0.25386,-0.54785,0.58755
-168.91,-123.29,289.78,-0.45459,-0.41606,0.56525
-253.37,-46.242,250.31,-0.62084,-0.25994,0.48212
-304.63,37.575,202.83,-0.71614,-0.089638,0.38886
-313.64,134.46,142.25,-0.73236,0.10703,0.26315
-280.78,225.66,65.647,-0.65937,0.28951,0.11311
-229.89,285.79,-16.778,-0.55191,0.41319,-0.049087
-172.64,306.43,-107.06,-0.43026,0.45982,-0.22548
-98.802,284.09,-200.55,-0.27211,0.42129,-0.40187
-16.188,238.07,-269.46,-0.099775,0.33614,-0.52961
72.418,186.41,-302.2,0.07865,0.23476,-0.58637
171.1,117.71,-292.48,0.27531,0.098925,-0.56204
252.86,37.15,-253.18,0.43752,-0.063281,-0.48094
302.35,-46.856,-206.3,0.53281,-0.23156,-0.38768
311.77,-141.69,-143.39,0.547,-0.4262,-0.25994
279.45,-229.78,-61.765,0.47604,-0.60259,-0.097744
229.18,-287.13,22.052,0.37061,-0.72019,0.068513
170.67,-307.39,110.3,0.2449,-0.76885,0.23476
91.526,-285.05,199.64,0.07865,-0.72628,0.40711
6.506,-240.01,264.09,-0.097744,-0.64314,0.52876
-79.552,-189.18,295.82,-0.27414,-0.54583,0.58349
-175.82,-118.19,285.98,-0.46675,-0.4039,0.55714
-255.11,-35.721,247.1,-0.62084,-0.2417,0.47807
-302.67,47.412,202.64,-0.71411,-0.071387,0.38683
-310.17,142.74,139.77,-0.72424,0.12123,0.26113
-276.96,229.79,58.098,-0.65126,0.29964,0.096894
-228.05,285.46,-25.365,-0.54583,0.41521,-0.065306
-169.48,303.2,-115.79,-0.42417,0.45374,-0.24373
-91.843,279.12,-206.75,-0.25792,0.41116,-0.41606
-8.3796,234.11,-271.53,-0.085581,0.33006,-0.53569
80.273,182.21,-301.42,0.094869,0.22666,-0.58435
178.95,111.84,-288.49,0.29154,0.088788,-0.55596
258.92,32.503,-247.63,0.44766,-0.073419,-0.47081
305.42,-51.692,-200.15,0.53484,-0.2417,-0.37349
309.5,-149.12,-137.18,0.54092,-0.44243,-0.24778
273.86,-237.35,-58.769,0.46387,-0.61476,-0.091663
222.48,-292.95,24.293,0.35642,-0.73438,0.070537
161.59,-307.63,117.03,0.22666,-0.76682,0.25099
86.077,-280.17,208.44,0.064456,-0.72019,0.42333
5.1614,-233.03,272.94,-0.10383,-0.63098,0.54294
-84.176,-180.21,301.01,-0.28631,-0.52758,0.58958
-184.36,-111.42,285.32,-0.48702,-0.39376,0.55511
-264.38,-33.81,242.83,-0.64314,-0.23562,0.4659
-309.42,51.304,194.31,-0.7283,-0.059225,0.37061
-310.93,149.61,131.42,-0.72628,0.13947,0.2449
-274.06,237.08,53.781,-0.64518,0.31384,0.088788
-222.37,291.5,-29.399,-0.53771,0.42738,-0.075444
-160.99,304.64,-122.91,-0.40593,0.45779,-0.25386
-84.247,276.36,-213.73,-0.24576,0.40711,-0.4262
-1.8922,229.91,-276.56,-0.071387,0.31992,-0.54583
87.61,177.14,-303.69,0.11109,0.21652,-0.59246
186.12,105.33,-287.97,0.30573,0.072563,-0.54988
263.34,24.553,-246.2,0.45982,-0.089638,-0.4627
307,-60.609,-197.76,0.53889,-0.25994,-0.36943
308.82,-156.69,-131.52,0.53889,-0.45864,-0.23359
272.68,-240.39,-49.356,0.45779,-0.62692,-0.069363
221.96,-292.72,34.036,0.35642,-0.73438,0.088788
158.81,-306.04,124.88,0.21854,-0.76277,0.26721
76.499,-277.5,211.98,0.046206,-0.71411,0.43143
-7.6247,-231.97,270.74,-0.12613,-0.62895,0.53686
-94.65,-179.55,296.86,-0.30658,-0.52555,0.57944
-190.22,-105.31,281.64,-0.49716,-0.37754,0.54903
-265.04,-23.383,241.02,-0.63909,-0.21331,0.4659
-307.18,61.142,194.26,-0.72628,-0.043006,0.37264
-306.8,157.74,127.6,-0.71411,0.15569,0.23679
-270.09,240.26,45.996,-0.63706,0.32195,0.072563
-221.07,290.7,-37.349,-0.53163,0.42333,-0.085581
-157.94,301.53,-130.51,-0.40187,0.45171,-0.27008
-77.594,271.73,-218.88,-0.22953,0.39899,-0.43634
5.8455,225.97,-277.85,-0.057194,0.30978,-0.54583
96.032,172.16,-301.61,0.12934,0.20638,-0.58232
193.41,99.547,-283.4,0.31992,0.0604,-0.5438
268.64,20.637,-241.36,0.46793,-0.097744,-0.45864
309.57,-65.657,-191.68,0.54497,-0.27211,-0.35524
305.63,-164.57,-125.34,0.53078,-0.47081,-0.22143
266.64,-248.06,-46.926,0.44968,-0.64112,-0.065306
215.21,-298.07,36.324,0.34019,-0.74452,0.094869
150.81,-305.71,131.54,0.20435,-0.76479,0.2814
72.842,-272.97,220.07,0.040125,-0.70803,0.44766
-9.0401,-224.73,278.93,-0.13019,-0.61679,0.55511
-100.55,-169.74,300.32,-0.3228,-0.5073,0.58755
-198.66,-99.227,279.64,-0.51339,-0.36538,0.54092
-273.99,-22.322,236.49,-0.65937,-0.21129,0.45779
-313.38,65.128,186.05,-0.73641,-0.034894,0.35236
-306.54,165.13,119.67,-0.71411,0.16583,0.22057
-266.39,247.77,41.892,-0.62895,0.33614,0.066481
-215.22,296.31,-41.383,-0.52149,0.43752,-0.095719
-150.49,302.8,-136.99,-0.3816,0.45374,-0.28022
-71.319,269.68,-224.92,-0.21534,0.39494,-0.44851
11.979,221.79,-282.41,-0.043006,0.3037,-0.55394
103.96,166.21,-302.74,0.14556,0.19624,-0.58637
200.02,92.564,-282.17,0.33411,0.048238,-0.53771
272.54,12.805,-239.97,0.47604,-0.11397,-0.45459
310.92,-74.362,-189.39,0.547,-0.28833,-0.35119
304.69,-171.53,-119.07,0.52876,-0.485,-0.20926
265.08,-250.54,-36.924,0.4436,-0.64314,-0.049087
214.74,-297.41,45.761,0.33614,-0.74452,0.11109
147.74,-304.37,138.19,0.19624,-0.76277,0.29154
63.619,-271.25,222.15,0.01985,-0.70194,0.44766
-20.717,-224.26,276.33,-0.15452,-0.61476,0.547
-110.55,-168.25,295.98,-0.33902,-0.50325,0.57944
-203.59,-92.149,275.86,-0.52353,-0.35119,0.53281
-273.75,-11.611,235.33,-0.65734,-0.19101,0.45374
-310.93,74.73,186.22,-0.73033,-0.0207,0.35439
-302.55,172.28,115.35,-0.706,0.18407,0.21246
-262.71,250.08,33.871,-0.62287,0.34223,0.050263
-213.73,295.11,-49.427,-0.51744,0.43143,-0.11194
-147.09,299.4,-144.1,-0.37551,0.44766,-0.29644
-65.303,265.69,-229,-0.20318,0.38886,-0.45053
18.891,218.47,-283.28,-0.032869,0.29964,-0.55394
112.33,161,-299.96,0.15975,0.18407,-0.58029
206.77,86.761,-277.1,0.34628,0.036069,-0.53163
277.16,8.7707,-234.87,0.48415,-0.11802,-0.44648
312.76,-79.528,-183.3,0.55106,-0.30049,-0.33902
301.34,-178.94,-113.97,0.52267,-0.49919,-0.20115
258.83,-258.18,-35.461,0.43549,-0.65937,-0.045031
207.43,-302.27,48.686,0.326,-0.75466,0.12123
140.29,-303.1,145.22,0.18205,-0.76074,0.3037
61.542,-267.05,230.12,0.013769,-0.69586,0.4659
-21.59,-217.51,284.28,-0.15654,-0.60463,0.56119
-116.73,-158.84,298.46,-0.35119,-0.48702,0.58349
-211.85,-86.629,272.89,-0.53771,-0.33902,0.52876
-282.1,-10.125,229.44,-0.67356,-0.18696,0.43954
-316.05,79.117,177.63,-0.73641,-0.0024563,0.33614
-302.32,179.14,108.75,-0.706,0.19827,0.19827
-258.53,257.7,30.686,-0.61273,0.35642,0.048238
-207.01,300.21,-54.169,-0.50528,0.44562,-0.12208
-139.94,300.04,-150.63,-0.35929,0.44968,-0.30861
-60.161,264.09,-234.49,-0.19304,0.3848,-0.46473
24.152,215.07,-287.57,-0.022731,0.29356,-0.56204
119.36,155.24,-301.23,0.17191,0.16786,-0.58435
212.57,79.778,-275.61,0.35642,0.01985,-0.52555
280.18,0.25452,-232.87,0.48821,-0.13829,-0.44243
313.56,-88.163,-180.59,0.54903,-0.31672,-0.33496
300.77,-184.95,-107.53,0.52064,-0.51339,-0.18898
257.7,-259.95,-25.483,0.42941,-0.66748,-0.028813
206.32,-301.26,58.263,0.31789,-0.75263,0.1415
136.56,-301.33,151.23,0.16989,-0.75669,0.31586
52.389,-265.66,230.87,-0.0024563,-0.69181,0.46387
-32.041,-217.84,281.29,-0.17479,-0.60463,0.55714
-125.03,-157.35,294.73,-0.36335,-0.48297,0.57741
-215.6,-79.363,269.61,-0.5438,-0.32482,0.52064
-281.02,0.82072,228.47,-0.67356,-0.16263,0.43954
-313.1,88.672,177.37,-0.73236,0.013769,0.33411
-298.8,185.23,103.96,-0.69789,0.20841,0.18611
-255.73,259.11,22.689,-0.60665,0.36047,0.025931
-205.34,298.72,-62.166,-0.50122,0.4436,-0.13829
-136.26,296.34,-157.45,-0.35321,0.44157,-0.32078
-54.711,260.24,-237.94,-0.1829,0.37669,-0.47081
30.498,212.03,-288.07,-0.0065062,0.28342,-0.56204
126.72,150.67,-298.42,0.18813,0.1638,-0.57624
218.54,74.989,-270.89,0.37061,0.013769,-0.51947
284.14,-3.9682,-227.54,0.49631,-0.15046,-0.43026
314.1,-93.966,-173.96,0.55308,-0.32888,-0.31672
297.19,-191.87,-103,0.51456,-0.52758,-0.17682
251.82,-267.19,-24.704,0.41927,-0.68167,-0.024756
198.7,-305.55,61.613,0.30573,-0.75871,0.14556
129.79,-299.42,158.69,0.15772,-0.75466,0.33209
51.587,-261.15,239.3,-0.0065062,-0.68369,0.48212
-33.15,-211.07,288.79,-0.1829,-0.5884,0.57133
-130.74,-149.21,296.95,-0.37551,-0.46878,0.58147
-223.24,-75.778,267.2,-0.56002,-0.31672,0.51862
-288.63,2.9674,221.98,-0.68775,-0.15857,0.42535
-316.73,94.003,167.82,-0.74047,0.025931,0.31384
-297.95,191.95,97.895,-0.69586,0.22666,0.17597
-251.88,266.5,20.023,-0.60057,0.37466,0.021875
-198.28,303.49,-67.073,-0.48702,0.45171,-0.14641
-129.26,296.13,-164.22,-0.33902,0.44157,-0.33699
-50.04,258.03,-243.6,-0.17479,0.37264,-0.48094
35.711,208.63,-291.89,0.0036313,0.27937,-0.57016
132.76,145.76,-299.86,0.19827,0.15569,-0.57826
223.28,68.879,-270.4,0.38074,-0.000425,-0.51744
286.55,-12.555,-225.62,0.50037,-0.16263,-0.4262
314.15,-102.74,-170.3,0.55106,-0.34713,-0.31266
296.36,-197.27,-95.9,0.51051,-0.56407,-0.16263
251.21,-268.28,-14.56,0.41724,-0.68369,-0.0044813
197.66,-304.46,70.861,0.3037,-0.75871,0.16178
125.1,-297.39,164.26,0.14961,-0.75061,0.34019
41.774,-259.5,239.58,-0.0207,-0.67964,0.48212
-43.034,-211.4,285.56,-0.20115,-0.59043,0.56322
-137.73,-147.85,293.53,-0.38971,-0.46473,0.57133
-225.93,-68.512,264.73,-0.56407,-0.30253,0.51253
-287.08,13.536,221.49,-0.68369,-0.14033,0.42333
-313.22,103.42,167.06,-0.73438,0.044181,0.31384
-294.34,197.26,92.422,-0.68775,0.23476,0.1638
-249.78,267.16,11.672,-0.59651,0.37466,0.0056562
-196.7,301.62,-75.023,-0.48094,0.44766,-0.16466
-125.03,292.16,-170.52,-0.32888,0.43549,-0.3451
-44.331,254.02,-246.83,-0.1606,0.36656,-0.48702
41.939,205.26,-292.06,0.015794,0.27329,-0.57016
139.58,141.4,-296.82,0.21246,0.14758,-0.57421
228.82,64.963,-265.99,0.38886,-0.0085375,-0.5073
289.95,-16.66,-220.43,0.50848,-0.17276,-0.41404
313.39,-109.04,-163.6,0.54903,-0.35727,-0.29847
292.19,-203.92,-91.913,0.50239,-0.55191,-0.15249
245.41,-275.09,-13.617,0.40305,-0.69383,-0.000425
189.92,-308.14,74.682,0.28545,-0.76277,0.17191
119.17,-295.07,171.83,0.13744,-0.74655,0.35642
41.42,-254.5,248.47,-0.0207,-0.67153,0.50037
-44.874,-203.8,292.73,-0.20318,-0.57421,0.57944
-143.58,-140.44,294.99,-0.4039,-0.44851,0.57539
-233.39,-66.507,262.49,-0.58029,-0.30253,0.51051
-294.37,15.352,215.26,-0.69789,-0.13627,0.41116
-315.48,109.24,157.63,-0.73641,0.056344,0.29559
-292.48,203.91,86.643,-0.68369,0.24693,0.15164
-245.18,274.02,8.6292,-0.58435,0.38886,0.0016
-189.7,305.85,-80.118,-0.46675,0.45576,-0.17276
-118.62,291.97,-177.19,-0.31672,0.43346,-0.35727
-39.283,251.14,-252.73,-0.14843,0.35844,-0.49919
47.719,201.1,-295.62,0.021875,0.26315,-0.57624
145.29,136.56,-297.79,0.22462,0.13744,-0.57218
233.02,59.254,-265.85,0.39899,-0.018675,-0.5073
292.19,-24.421,-219.28,0.51051,-0.18696,-0.41201
313.23,-117.25,-160.09,0.54903,-0.37957,-0.29036
290.98,-208.76,-84.199,0.49834,-0.56002,-0.14235
244.56,-275.49,-2.8358,0.40102,-0.69789,0.013769
188.98,-306.82,83.67,0.28545,-0.76074,0.18611
113.89,-293.73,176.48,0.12325,-0.74452,0.3625
30.686,-252.99,248.24,-0.047056,-0.66951,0.49834
-54.9,-203.73,289.17,-0.22548,-0.57624,0.57336
-149.83,-138.6,291.38,-0.41404,-0.44648,0.56727
-235.32,-58.887,260.1,-0.58435,-0.28833,0.50239
-292.67,25.001,215.61,-0.69789,-0.11802,0.41521
-312.18,117.76,156.87,-0.7283,0.074594,0.29356
-288.89,208.75,80.745,-0.67761,0.25707,0.13947
-243.32,274.16,-0.19365,-0.57826,0.38886,-0.018675
-188.04,303.67,-88.186,-0.46473,0.45374,-0.18898
-114.42,288.72,-182.69,-0.30658,0.42738,-0.36943
-33.268,247.67,-255.56,-0.13627,0.35236,-0.50325
54.395,197.33,-295.66,0.040125,0.25707,-0.57624
152.13,132.34,-294.6,0.23882,0.12934,-0.5661
238.45,55.716,-261.34,0.40913,-0.024756,-0.49716
295.51,-28.243,-214.23,0.51862,-0.19507,-0.4039
311.93,-123.55,-154.1,0.54497,-0.38768,-0.28225
286.17,-215.65,-80.614,0.49023,-0.57421,-0.13424
238.23,-281.96,-1.2081,0.38683,-0.71006,0.015794
180.84,-309.49,88.459,0.26517,-0.76885,0.19827
109.31,-291.37,183.98,0.11311,-0.74047,0.37872
30.663,-247.78,257.44,-0.051112,-0.66139,0.51456
-57.66,-195.69,296.15,-0.23156,-0.56002,0.58147
-156.6,-131.64,293.27,-0.43026,-0.43229,0.56931
-243.34,-57.283,257.41,-0.60057,-0.28225,0.49631
-300.08,26.935,209.05,-0.71006,-0.11194,0.39899
-314.23,123.47,148.61,-0.73236,0.0827,0.27937
-286.3,215.61,75.485,-0.67153,0.27126,0.13339
-237.8,280.63,-4.322,-0.57218,0.40305,-0.0207
-180.57,306.84,-94.32,-0.44851,0.45779,-0.20115
-108.73,288.51,-189.22,-0.29441,0.42941,-0.3816
-28.172,244.75,-261.62,-0.12613,0.34831,-0.51541
60.835,192.8,-299.16,0.058375,0.24896,-0.58029
158.4,127.12,-295.19,0.25099,0.1192,-0.57016
242.93,49.252,-260.49,0.41927,-0.03895,-0.49514
297.82,-36.122,-212.77,0.5247,-0.20926,-0.40187
312.31,-130.79,-150.72,0.547,-0.4039,-0.27414
284.97,-219.96,-72.522,0.48821,-0.58435,-0.12208
236.94,-281.94,10.21,0.3848,-0.70803,0.04215
179.31,-307.79,97.825,0.26315,-0.76682,0.21246
103.06,-290.1,188.27,0.10298,-0.73641,0.38683
19.127,-246.86,256.8,-0.073419,-0.65734,0.51253
-68.016,-195.52,292.75,-0.24981,-0.56002,0.57741
-163.04,-128.5,288.67,-0.44243,-0.42823,0.56322
-245.16,-48.365,254.54,-0.60259,-0.264,0.49023
-298.33,36.607,209.2,-0.70397,-0.093694,0.40102
-311.28,131.46,147.48,-0.72628,0.096894,0.27531
-282.78,220,68.997,-0.66545,0.27937,0.1192
-235.53,280.49,-13.546,-0.56407,0.40102,-0.045031
-178.23,303.98,-102.95,-0.44243,0.45576,-0.21939
-103.69,284.73,-194.91,-0.28428,0.42129,-0.39174
-21.425,241.44,-264.31,-0.11194,0.34223,-0.51947
68.124,188.95,-299.01,0.070537,0.24287,-0.58029
165.81,122.24,-291.77,0.26517,0.10906,-0.56002
248.92,45.076,-255.23,0.42941,-0.049087,-0.48297
301.15,-40.321,-207.18,0.52876,-0.22143,-0.38565
312.1,-137.42,-145.06,0.54294,-0.41809,-0.264
279.97,-227.28,-69.55,0.47807,-0.59854,-0.11397
229.84,-288.16,12.734,0.37061,-0.72019,0.048238
170.41,-308.9,104.03,0.2449,-0.76885,0.22462
98.32,-286.61,196.48,0.090812,-0.72628,0.40102
18.679,-241.03,266.14,-0.073419,-0.6472,0.52876
-71.673,-187.27,299.31,-0.26198,-0.54177,0.58755
-170.89,-121.73,289.21,-0.45661,-0.41404,0.56322
-254.48,-46.195,250.55,-0.62084,-0.26198,0.48415
-305.53,39.603,201.58,-0.72019,-0.087606,0.38277
-313.1,137.36,139.7,-0.73033,0.11311,0.26113
-280.47,227.19,64.538,-0.65937,0.29559,0.11109
-229.09,286.76,-18.5,-0.55191,0.41521,-0.051112
-169.57,305.8,-110.48,-0.4262,0.45779,-0.23359
-97.056,283.22,-202.1,-0.26806,0.41927,-0.40593
-15.504,237.9,-270.26,-0.099775,0.33614,-0.53163
75.013,184.52,-302.36,0.0827,0.23274,-0.5884
172.89,116.41,-292.17,0.2814,0.092837,-0.56002
254.06,37.079,-253.56,0.44157,-0.06125,-0.48094
303.32,-49.144,-204.94,0.53281,-0.23764,-0.38362
311.37,-144.4,-140.98,0.54294,-0.43026,-0.25589
279.28,-231.17,-60.774,0.47604,-0.60463,-0.099775
228.28,-288.21,23.916,0.36858,-0.72424,0.070537
167.58,-306.96,113.56,0.23679,-0.76277,0.2449
89.993,-284.46,201.08,0.074594,-0.72628,0.40913
5.6804,-239.8,264.96,-0.099775,-0.64314,0.52876
-82.171,-187.29,295.87,-0.27617,-0.54177,0.58147
-177.43,-117.11,285.91,-0.46878,-0.4039,0.55714
-256.36,-35.556,247.65,-0.6249,-0.23967,0.47807
-303.83,50.007,201.15,-0.71411,-0.065306,0.38277
-310.01,145.48,137.5,-0.72222,0.13136,0.25504
-276.86,231.37,57.155,-0.65328,0.30167,0.096894
-227.02,286.57,-27.582,-0.54583,0.41724,-0.069363
-166.51,302.78,-119.07,-0.41404,0.45374,-0.24981
-90.498,278.62,-208.33,-0.25589,0.40913,-0.42012
-7.2,233.85,-272.66,-0.085581,0.32803,-0.53366
83.199,180.32,-301.66,0.10298,0.2226,-0.58435
180.67,111.06,-288.61,0.29559,0.088788,-0.55394
260.48,32.196,-248.08,0.45171,-0.073419,-0.47284
306.6,-54.64,-198.42,0.53889,-0.24981,-0.36943
309.38,-152.07,-135.01,0.53889,-0.44445,-0.24373
273.81,-239.21,-57.778,0.46793,-0.62287,-0.089638
221.23,-294.32,26.935,0.35033,-0.73438,0.074594
158.85,-307.32,120.38,0.22057,-0.76479,0.25707
84.85,-279.76,210.21,0.064456,-0.71816,0.42738
3.3921,-232.44,274.26,-0.10586,-0.62895,0.547
-87.455,-178.25,301.32,-0.29036,-0.52555,0.59161
-186.37,-110.79,285.58,-0.48906,-0.38971,0.55511
-266.55,-33.032,243.19,-0.64518,-0.23359,0.47198
-310.86,54.796,192.38,-0.7283,-0.055169,0.36656
-310.83,153.03,129.27,-0.72222,0.14352,0.24085
-273.96,239.39,52.578,-0.64518,0.31992,0.084731
-220.86,293.15,-32.583,-0.53366,0.43143,-0.081525
-158.23,304.52,-126.52,-0.40187,0.45576,-0.26198
-82.737,276.05,-216.05,-0.2417,0.40913,-0.43229
0.74996,228.82,-278.35,-0.067331,0.31789,-0.5438
90.936,174.92,-304.11,0.1192,0.21246,-0.5884
188.79,104.41,-288.35,0.31181,0.074594,-0.55394
266.02,22.783,-246.22,0.4659,-0.091663,-0.46878
308.72,-64.879,-195.36,0.54497,-0.27211,-0.36538
308.89,-160.54,-128.95,0.53686,-0.4627,-0.22751
272.42,-243.25,-47.375,0.46184,-0.62895,-0.069363
220.09,-294.7,37.811,0.35033,-0.73844,0.098925
155.74,-306.19,128.89,0.21246,-0.76479,0.27126
74.517,-277.12,214.62,0.04215,-0.71411,0.43549
-11.187,-230.34,272.87,-0.13221,-0.6249,0.54294
-99.179,-176.93,297.38,-0.31469,-0.51947,0.57944
-193.47,-103.83,281.95,-0.50325,-0.37146,0.547
-268.39,-20.694,240.69,-0.64923,-0.20723,0.46387
-309.25,66.261,191.55,-0.72628,-0.028813,0.36452
-306.78,162.39,124.62,-0.71614,0.16178,0.22868
-269.48,243.85,43.284,-0.63706,0.32803,0.066481
-218.69,293.01,-42.09,-0.52961,0.42738,-0.097744
-154.71,301.72,-135.27,-0.39579,0.45374,-0.27819
-75.023,271.26,-222.39,-0.22548,0.39697,-0.44243
10.587,223.84,-280.52,-0.047056,0.30776,-0.54785
101.74,168.97,-302.06,0.13744,0.20435,-0.58637
197.73,97.4,-283.37,0.32803,0.058375,-0.5438
272.79,16.909,-240.3,0.47807,-0.099775,-0.45661
311.84,-71.838,-188.33,0.54903,-0.28428,-0.37551
305.51,-170.21,-122.11,0.53078,-0.48297,-0.21737
265.29,-252.78,-43.317,0.44562,-0.65126,-0.06125
212.07,-300.81,42.222,0.33614,-0.74655,0.10906
147.27,-305.88,137.15,0.19624,-0.76479,0.28951
69.846,-272.31,224.46,0.034044,-0.70397,0.45374
-14.843,-221.92,282.14,-0.14438,-0.61071,0.55714
-107.58,-165.96,300.63,-0.33091,-0.49919,0.59161
-204.23,-96.16,279,-0.52353,-0.35929,0.54092
-278.94,-17.226,234.58,-0.66748,-0.19912,0.45171
-315.93,72.465,182.21,-0.73844,-0.0207,0.34425
-306.33,171.97,115.87,-0.71411,0.18205,0.20841
-264.05,253.47,37.008,-0.62287,0.34831,0.056344
-211.14,299.29,-48.719,-0.51136,0.44157,-0.11194
-146.34,302.94,-143.67,-0.37551,0.45576,-0.29441
-67.332,268.81,-230.2,-0.20723,0.39291,-0.45864
18.962,218.56,-286.13,-0.028813,0.29762,-0.56002
112.03,161.61,-303.24,0.16178,0.18611,-0.58637
206.72,88.082,-281.04,0.34628,0.0381,-0.53569
278.17,5.9398,-237.16,0.48617,-0.12613,-0.44851
313.84,-82.878,-184.81,0.55308,-0.30658,-0.34308
304.41,-179.53,-113.99,0.52876,-0.50122,-0.19912
261.99,-257.19,-30.342,0.43954,-0.66139,-0.03895
209.71,-300.81,54.347,0.33006,-0.75061,0.13136
142.53,-304.23,145.88,0.18611,-0.76277,0.30573
58.169,-269.74,228.02,0.0076813,-0.69992,0.45779
-28.549,-220.58,280.58,-0.16871,-0.60665,0.55714
-119.63,-162.87,296.76,-0.35524,-0.49716,0.58147
-211.64,-86.016,274.23,-0.53771,-0.33902,0.53078
-280.19,-3.1189,231.72,-0.67356,-0.17074,0.44562
-314.09,84.779,180.93,-0.73438,0.0056562,0.34223
-302.01,181.57,109.2,-0.70397,0.20232,0.19827
-258.82,257.79,25.874,-0.61476,0.35642,0.032012
-207.77,298.89,-59.571,-0.50528,0.4436,-0.13019
-141.05,298.98,-153.53,-0.36335,0.44968,-0.31469
-58.816,263.59,-236.33,-0.19304,0.38277,-0.46878
28.209,214.13,-288.09,-0.010563,0.29154,-0.56407
122.97,155.1,-300.67,0.18002,0.17394,-0.58029
216.48,79.518,-274.53,0.36452,0.021875,-0.52353
284.35,-1.8686,-229.8,0.49429,-0.14438,-0.43431
315.61,-91.56,-176.72,0.55511,-0.32686,-0.32686
300.28,-189.88,-106.8,0.51862,-0.52353,-0.18696
254.02,-267.24,-26.167,0.42129,-0.68167,-0.026781
200.28,-306.42,60.528,0.30776,-0.76074,0.1415
133.33,-302.01,156.56,0.16583,-0.75871,0.32803
53.758,-263.61,239.15,-0.0024563,-0.68978,0.48009
-32.324,-212.56,289.64,-0.17884,-0.5884,0.57133
-128.74,-152.61,299.24,-0.37146,-0.47486,0.58553
-223.15,-78.231,269.8,-0.56204,-0.32482,0.52064
-289.96,2.9203,223.02,-0.68978,-0.1606,0.42535
-318.55,93.578,169.47,-0.74047,0.023906,0.31992
-300.48,191.93,100.11,-0.70194,0.2226,0.18002
-252.82,267.86,19.622,-0.60259,0.37872,0.021875
-198.85,304.78,-67.662,-0.485,0.45779,-0.14843
-131.36,298.27,-164.17,-0.34308,0.44562,-0.33496
-50.229,259.3,-244.97,-0.17479,0.37466,-0.48297
36.584,209.29,-293.42,0.0076813,0.2814,-0.57218
132.71,147.88,-302.1,0.2003,0.15975,-0.58435
225.07,69.351,-272.1,0.38277,0.0056562,-0.51947
288.77,-14.631,-225.53,0.50443,-0.16871,-0.42417
316.01,-104.37,-170.68,0.55511,-0.34916,-0.31063
298.18,-199.23,-96.254,0.51456,-0.53974,-0.16466
251.12,-270.92,-12.225,0.41521,-0.68978,0.0016
197.26,-306.35,73.125,0.30167,-0.76277,0.16583
125.38,-298.97,166.26,0.14758,-0.75263,0.34425
39.934,-259.52,242.41,-0.028813,-0.68167,0.48821
-45.417,-211.14,287.66,-0.20318,-0.5884,0.56727
-139.5,-148.72,295.63,-0.39174,-0.46675,0.57944
-229.35,-67.073,265.51,-0.57218,-0.30253,0.51253
-290.24,17.476,220.38,-0.68978,-0.13019,0.42129
-315.1,107.26,166,-0.73236,0.052288,0.30776
-295.22,201.25,90.63,-0.68978,0.24287,0.15975
-248.51,270.98,7.4025,-0.59246,0.38277,-0.0024563
-195.29,303.98,-79.08,-0.48094,0.45374,-0.17074
-123.71,293.37,-174.62,-0.32482,0.43549,-0.35524
-40.415,252.84,-251.27,-0.15249,0.3625,-0.49919
46.232,203.86,-294.91,0.01985,0.26923,-0.57421
143.59,140.88,-298.57,0.22462,0.14758,-0.57624
234.04,61.755,-265.8,0.39899,-0.012594,-0.5073
293.91,-22.51,-218.33,0.50848,-0.1829,-0.41404
314.95,-115.32,-161.29,0.55308,-0.37146,-0.29847
291.64,-210.2,-87.856,0.50037,-0.5661,-0.14641
242.67,-279.95,-7.0113,0.39899,-0.70803,0.0076813
187.21,-310.64,80.887,0.28342,-0.77088,0.18002
116.44,-295.43,177.96,0.13136,-0.74857,0.36858
35.475,-251.81,254.49,-0.03895,-0.66545,0.51051
-51.055,-201.28,296.1,-0.21737,-0.57016,0.58349
-150.06,-138.34,296.08,-0.41606,-0.44445,0.57741
-240.46,-61.505,261.12,-0.59449,-0.28833,0.50239
-299.32,22.807,212.31,-0.70803,-0.12005,0.40711
-316.8,117.66,154.11,-0.73641,0.074594,0.28951
-290.43,212.29,80.273,-0.68167,0.26315,0.13744
-241.05,279.75,-0.42956,-0.57421,0.40305,-0.018675
-185.73,308.35,-88.658,-0.45864,0.45982,-0.19101
-114.06,291.71,-185.36,-0.30658,0.43346,-0.37349
-31.333,247.58,-260.09,-0.13424,0.35642,-0.51339
55.904,197.47,-299.65,0.048238,0.25909,-0.58232
154.18,132.41,-298.31,0.2449,0.12934,-0.57421
241.61,51.941,-263.23,0.41521,-0.032869,-0.50122
297.87,-33.551,-215.34,0.52267,-0.20521,-0.40187
314.55,-127.23,-155.02,0.55106,-0.39579,-0.28225
287.73,-218.67,-75.235,0.49023,-0.58232,-0.12208
238.92,-282.01,8.2989,0.39088,-0.71208,0.062425
183.41,-309.37,94.215,0.27329,-0.76885,0.20638
106.58,-292.62,186.48,0.10906,-0.74047,0.38277
20.519,-248.51,256.47,-0.071387,-0.65937,0.51456
-64.879,-199.09,293.72,-0.24576,-0.5661,0.58147
-161.1,-131.92,291.15,-0.43837,-0.43026,0.56727
-245.44,-49.309,256.14,-0.60259,-0.26603,0.49429
-299.16,35.522,210.87,-0.70803,-0.095719,0.40305
-313.26,129.88,150.29,-0.73236,0.094869,0.27937
-284.27,220.35,69.728,-0.66748,0.27937,0.1192
-236.41,281.24,-13.31,-0.56407,0.40507,-0.043006
-180.97,305.66,-101.28,-0.44851,0.45576,-0.21534
-105.15,286.34,-195.05,-0.28833,0.42535,-0.39376
-21.331,242.25,-265.07,-0.11397,0.34019,-0.52149
66.615,191.46,-300.41,0.066481,0.2449,-0.58637
165.93,123.84,-293.49,0.26517,0.11109,-0.5661
250.38,44.298,-255.75,0.43346,-0.047056,-0.485
302.54,-40.581,-208.14,0.53281,-0.22143,-0.39174
312.71,-137.61,-146.5,0.54903,-0.41809,-0.26603
280.44,-229.05,-68.417,0.47807,-0.60259,-0.10788
229.74,-289.41,13.89,0.37061,-0.72424,0.056344
171.76,-310.31,104.29,0.24693,-0.77088,0.22666
97.777,-287.22,198.27,0.090812,-0.73033,0.40913
17.122,-240.96,267.86,-0.077469,-0.64518,0.53686
-71.814,-188.85,301.08,-0.25792,-0.54583,0.59161
-173.02,-121.64,290.25,-0.46473,-0.41201,0.56727
-257.26,-43.883,249.96,-0.62692,-0.25386,0.48212
-307.44,41.231,201.72,-0.72222,-0.081525,0.3848
-314.54,139.39,139.79,-0.73236,0.11514,0.25909
-279.88,230.21,62.038,-0.65734,0.29964,0.10501
-228.36,288.62,-20.835,-0.54988,0.41724,-0.059225
-169.55,306.95,-112.56,-0.4262,0.45982,-0.23562
-94.579,282.7,-205.5,-0.26603,0.41724,-0.41201
-12.626,237.1,-272.64,-0.093694,0.33209,-0.53569
76.876,185.09,-304.25,0.088788,0.23679,-0.59246
176.81,114.53,-292.55,0.28951,0.092837,-0.56204
257.84,33.116,-252.02,0.44766,-0.071387,-0.48094
305.68,-52.14,-204.13,0.53889,-0.24576,-0.3816
312.36,-148.13,-139.5,0.547,-0.43837,-0.25184
277.89,-235.13,-56.669,0.47198,-0.61476,-0.087606
227.01,-290.55,27.218,0.3625,-0.73033,0.076619
166.24,-307.88,116.96,0.23679,-0.76885,0.25099
85.463,-282.83,205.66,0.0604,-0.72222,0.41927
1.4577,-238.17,267.91,-0.10991,-0.64112,0.53281
-85.615,-186.75,297.94,-0.28833,-0.54177,0.58553
-182.81,-113.5,285.77,-0.48094,-0.39376,0.55511
-261.1,-30.224,245.43,-0.63301,-0.22751,0.47401
-306.45,54.347,199.48,-0.72019,-0.059225,0.38074
-310.2,150.93,134.27,-0.72222,0.13744,0.2449
-274.62,236.28,51.823,-0.6472,0.31384,0.084731
-225.15,289.33,-31.899,-0.54177,0.42129,-0.0795
-163.86,303.42,-124.09,-0.40998,0.45576,-0.25589
-84.506,276.05,-214.02,-0.24576,0.40711,-0.42823
-1.6563,231.37,-275.99,-0.073419,0.32398,-0.54177
88.506,178.5,-303.21,0.11514,0.22057,-0.5884
187.73,106.15,-287.48,0.30978,0.072563,-0.54988
265.98,25.779,-244.78,0.46184,-0.087606,-0.46675
309.5,-60.397,-195.9,0.54497,-0.25994,-0.36538
308.7,-159.34,-130.37,0.53889,-0.45864,-0.23156
270.48,-245.2,-51.338,0.45576,-0.63706,-0.0795
218.75,-297.41,32.102,0.34831,-0.74452,0.084731
155.27,-307.51,126.75,0.21449,-0.77088,0.27126
77.726,-276.39,216.84,0.048238,-0.71006,0.43954
-3.3548,-229.12,277.91,-0.12208,-0.62084,0.55511
-94.744,-174.86,302.19,-0.30658,-0.51744,0.59161
-194.7,-104.49,283.32,-0.50325,-0.37551,0.54903
-272.57,-25.86,239.58,-0.65531,-0.21939,0.45982
-313.85,61.637,189.19,-0.73641,-0.043006,0.35642
-309.16,161.9,123.18,-0.72019,0.1638,0.22462
-269.48,246.09,44.864,-0.63504,0.33614,0.070537
-217.79,296.31,-38.646,-0.52961,0.43549,-0.093694
-153.67,304.43,-133.98,-0.39174,0.45779,-0.27617
-74.669,272.25,-223.1,-0.22345,0.39899,-0.44243
8.2281,225.07,-282.08,-0.051112,0.30978,-0.55191
100.23,170.08,-304.51,0.13947,0.20435,-0.5884
197.87,96.456,-285.19,0.33006,0.058375,-0.54583
272.25,14.904,-242.26,0.47401,-0.10991,-0.46067
311.81,-72.498,-191.58,0.55106,-0.28631,-0.35524
306.72,-170.16,-121.26,0.53281,-0.48297,-0.21534
267.13,-250.23,-38.505,0.45779,-0.64518,-0.051112
216.44,-297.88,44.392,0.34223,-0.74655,0.10906
149.79,-305.74,136.84,0.20232,-0.76682,0.28748
65.6,-273.11,221.58,0.023906,-0.70803,0.44562
-18.712,-226.45,276.78,-0.14843,-0.61881,0.54903
-108.85,-170.82,297.54,-0.33496,-0.5073,0.58349
-203.19,-94.438,278.06,-0.52149,-0.35524,0.54092
-274.57,-12.225,236.63,-0.65937,-0.18898,0.45576
-312.27,74.588,187.3,-0.73236,-0.0207,0.35439
-303.97,172.7,116.04,-0.71208,0.18205,0.21449
-263.65,250.97,33.895,-0.6249,0.34223,0.050263
-214.49,296.17,-49.498,-0.51947,0.43549,-0.11397
-147.96,300.56,-144.33,-0.37754,0.44968,-0.29441
-66.011,267.02,-229.56,-0.20521,0.39088,-0.45459
18.443,219.81,-284.41,-0.030838,0.29964,-0.55596
112.55,162.25,-301.37,0.16178,0.18611,-0.58029
207.97,87.327,-278.42,0.34831,0.036069,-0.53163
278.98,7.8507,-235.39,0.48617,-0.12208,-0.44648
314.41,-81.156,-183.37,0.55308,-0.30253,-0.34105
302.26,-181.06,-113.22,0.5247,-0.50325,-0.20115
258.88,-260.21,-34.14,0.43143,-0.66545,-0.043006
207.19,-303.73,50.266,0.326,-0.75669,0.12325
139.89,-303.9,147.01,0.18205,-0.76277,0.30978
61.118,-267.73,231.79,0.015794,-0.69586,0.46793
-22.534,-218.08,286.03,-0.15857,-0.60463,0.56525
-118.78,-158.86,299.78,-0.35321,-0.485,0.58553
-214.65,-85.568,273.41,-0.54177,-0.33902,0.53078
-284.74,-7.4831,229.01,-0.67964,-0.17884,0.44157
-317.84,82.491,176.5,-0.73844,0.0016,0.33209
-302.69,182.87,106.67,-0.70397,0.20435,0.19219
-257.68,260.81,27.95,-0.61273,0.35844,0.040125
-205.74,302.02,-57.33,-0.50325,0.45171,-0.12816
-138.22,300.3,-154.19,-0.35929,0.44766,-0.31469
-58.509,263.95,-237.37,-0.18898,0.38277,-0.47284
26.629,214.88,-289.84,-0.014619,0.29154,-0.5661
123.07,154.06,-302.46,0.18205,0.17394,-0.58435
216.89,76.994,-275.33,0.36656,0.017825,-0.52961
283.65,-4.0389,-231.45,0.49631,-0.14843,-0.43837
315.35,-93.187,-178.16,0.55511,-0.32686,-0.32888
300.58,-190.07,-103.87,0.52064,-0.52149,-0.1829
256.05,-263.98,-21.354,0.42738,-0.67153,-0.018675
204.03,-303.47,62.887,0.31586,-0.75669,0.14758
133.16,-301.09,156.35,0.16583,-0.75466,0.326
49.276,-264.74,234.74,-0.0065062,-0.69181,0.47401
-35.65,-216.9,284.07,-0.18493,-0.60259,0.56119
-130.11,-155.09,295.91,-0.37551,-0.47892,0.57539
-221.19,-74.81,268.6,-0.55596,-0.31874,0.52267
-285.14,6.7183,226.18,-0.67964,-0.15249,0.43143
-314.82,95.631,173.67,-0.73438,0.027962,0.326
-298,191.79,98.839,-0.69586,0.22057,0.17597
-253.46,264.04,17.24,-0.60259,0.36858,0.017825
-201.92,301.15,-68.37,-0.49716,0.44766,-0.14843
-131.43,295.35,-164.24,-0.34308,0.44157,-0.33496
-50.371,258.48,-243.1,-0.17479,0.37061,-0.47892
35.711,210.07,-291.23,0.0036313,0.28342,-0.57016
133.52,147.34,-299.27,0.20232,0.15772,-0.57624
225.45,69.398,-269.15,0.3848,0.0016,-0.51339
288.77,-11.47,-224.26,0.50443,-0.16263,-0.42215
315.33,-103.02,-168.77,0.55511,-0.34916,-0.30861
295.39,-199.93,-96.537,0.50848,-0.5438,-0.16668
248.64,-272.99,-17.957,0.41319,-0.69181,-0.0085375
194.24,-308.21,69.375,0.29559,-0.76682,0.15772
123.94,-297.79,167.13,0.14556,-0.75263,0.34628
45.973,-258.23,245.67,-0.018675,-0.67761,0.49429
-39.826,-208.05,292.42,-0.19709,-0.58232,0.57741
-139,-145.09,297.35,-0.39782,-0.46067,0.58147
-231.29,-69.408,264.92,-0.57421,-0.30658,0.51253
-293.85,11.767,218.14,-0.69992,-0.14235,0.41724
-317.32,105.11,161.31,-0.73844,0.048238,0.30167
-295.12,201.43,89.851,-0.68978,0.24085,0.15975
-247.75,272.87,11.767,-0.59246,0.3848,0.0056562
-193.05,306.25,-76.32,-0.47486,0.45779,-0.16871
-122.11,294.03,-173.96,-0.32078,0.43752,-0.35321
-42.798,254.11,-250.96,-0.15654,0.36452,-0.49716
43.944,204.59,-295.85,0.017825,0.27126,-0.58029
142.39,140.15,-299.98,0.21854,0.14352,-0.57624
232.17,61.024,-267.64,0.39697,-0.014619,-0.51136
292.23,-22.44,-221.19,0.51253,-0.1829,-0.41809
314.6,-115.06,-162.45,0.55106,-0.37146,-0.29644
292.61,-207.74,-85.945,0.50239,-0.56002,-0.14235
246.37,-275.16,-4.7702,0.40507,-0.69586,0.0097125
191.41,-307.46,81.358,0.28748,-0.76682,0.18205
116.2,-295.22,174.89,0.13136,-0.74857,0.3625
32.975,-254.97,247.6,-0.043006,-0.67356,0.49631
-52.47,-206.49,289.85,-0.22143,-0.57826,0.57336
-148.55,-140.86,293.13,-0.40998,-0.45053,0.56931
-235.53,-59.547,261.31,-0.58435,-0.28833,0.50645
-293.26,24.246,216.74,-0.69586,-0.11802,0.41521
-313.31,117.24,158.05,-0.73033,0.072563,0.29762
-289.79,208.86,81.099,-0.67761,0.25504,0.1415
-244.31,274.49,0.49042,-0.58232,0.39088,-0.014619
-189.53,304.48,-87.219,-0.46675,0.45374,-0.18898
-115.55,289.64,-182.34,-0.31063,0.43346,-0.36741
-34.4,248.97,-255.82,-0.13829,0.35844,-0.50528
53.239,199.17,-296.63,0.040125,0.26113,-0.57826
152.32,133.35,-295.88,0.23882,0.13136,-0.56812
239.56,55.315,-261.93,0.41116,-0.024756,-0.49919
296.69,-28.526,-214.87,0.52064,-0.19709,-0.40187
312.9,-124.4,-154.19,0.54903,-0.38971,-0.28225
286.38,-216.9,-79.741,0.48617,-0.57826,-0.13424
238.54,-282.74,-0.68909,0.38886,-0.71208,0.025931
181.26,-310.27,89.002,0.26517,-0.76885,0.19827
109.38,-291.96,184.83,0.11514,-0.74047,0.37264
30.686,-248.48,258.52,-0.049087,-0.65937,0.51862
-57.872,-196.68,297.49,-0.23156,-0.56002,0.58553
-158.3,-131.33,293.01,-0.43431,-0.43026,0.57133
-245.42,-55.914,257.34,-0.60463,-0.28022,0.49834
-301.66,28.209,209.08,-0.71614,-0.10788,0.39899
-314.99,125.59,147.84,-0.73438,0.086756,0.27531
-285.9,217.81,73.574,-0.66951,0.27531,0.12731
-237.18,281.92,-6.0913,-0.5661,0.40711,-0.024756
-179.86,307.43,-96.231,-0.44648,0.45779,-0.20318
-107.77,288.51,-191.14,-0.29239,0.42941,-0.38362
-27.181,244.89,-263.44,-0.12411,0.34831,-0.51744
62.321,193.06,-300.69,0.054319,0.24896,-0.5884
161.59,125.5,-295.43,0.25707,0.11514,-0.56812
245.76,46.822,-259.85,0.42535,-0.043006,-0.49514
299.76,-38.41,-212.15,0.52673,-0.21534,-0.39579
312.97,-133.98,-148.98,0.54903,-0.40998,-0.27414
284.02,-222.91,-69.668,0.48415,-0.5884,-0.11194
235.71,-283.75,12.852,0.38074,-0.71411,0.050263
177.56,-308.24,101.01,0.25909,-0.76479,0.22057
100.89,-289.72,191.22,0.096894,-0.73641,0.39088
17.051,-246.48,259.16,-0.0795,-0.65734,0.51659
-70.588,-195.05,294.57,-0.25589,-0.55596,0.58147
-167.38,-125.55,288.55,-0.45256,-0.41809,0.56119
-248.81,-44.992,253.24,-0.61273,-0.25792,0.48617
-300.6,39.934,207.78,-0.71208,-0.085581,0.39697
-311.56,135.78,144.77,-0.72628,0.10501,0.26923
-281.3,223.7,65.293,-0.66139,0.28748,0.11311
-233.69,282.63,-17.25,-0.55799,0.40507,-0.053144
-175.47,304.22,-107.44,-0.43431,0.45374,-0.22751
-100.57,283.69,-198.87,-0.28022,0.42129,-0.39782
-18.335,240.45,-267.19,-0.10788,0.34223,-0.52353
72.064,187.68,-300.83,0.080675,0.24085,-0.58435
171.38,118.4,-291.23,0.27734,0.094869,-0.56002
253.43,40.877,-253.32,0.43549,-0.055169,-0.48094
303.7,-44.85,-204.91,0.53281,-0.22751,-0.38362
310.82,-142.68,-141.48,0.54497,-0.42823,-0.25792
278.01,-231.69,-65.256,0.47401,-0.60867,-0.10586
227.45,-290.47,17.24,0.36656,-0.7283,0.056344
166.76,-308.73,109.76,0.23476,-0.76885,0.23679
94.239,-284.84,201.36,0.0827,-0.7283,0.41116
14.527,-239.17,269.52,-0.083556,-0.64112,0.53484
-76.674,-185.26,301.03,-0.26806,-0.53771,0.58958
-177.38,-117.27,288.27,-0.47081,-0.4039,0.55714
-259.62,-41.17,248.02,-0.63301,-0.24981,0.48009
-308.21,45.383,198.46,-0.72628,-0.075444,0.37872
-312.58,143.9,135.22,-0.7283,0.12528,0.25099
-278.04,232.17,59.702,-0.65328,0.3037,0.098925
-226.29,289.36,-23.572,-0.5438,0.41927,-0.063281
-165.21,305.44,-116.82,-0.41809,0.45779,-0.24576
-91.961,280.79,-207.7,-0.26198,0.41521,-0.41404
-10.267,235.47,-273.82,-0.087606,0.33209,-0.53974
81.123,181.62,-303.92,0.098925,0.22666,-0.5884
180.11,111.01,-290.88,0.29559,0.086756,-0.56002
259.54,30.993,-250.68,0.44968,-0.075444,-0.47689
306.1,-55.82,-201.04,0.53686,-0.24981,-0.37551
310.42,-151.69,-135.34,0.53889,-0.44445,-0.24373
276.43,-236.29,-55.041,0.46996,-0.61476,-0.083556
225.17,-291.04,29.389,0.36047,-0.73033,0.080675
162.46,-306.63,120.09,0.22868,-0.76682,0.25504
83.741,-281.58,206.98,0.0604,-0.72019,0.42129
-0.3588,-236.92,268.71,-0.11397,-0.64112,0.53484
-89.224,-183.56,297.33,-0.29441,-0.53366,0.58349
-185.12,-110.86,284.38,-0.48702,-0.38971,0.55308
-262.1,-28.88,244.56,-0.63706,-0.22345,0.47604
-306.54,57.485,196.74,-0.71816,-0.051112,0.37466
-308.52,153.5,131.06,-0.71816,0.14352,0.24287
-273.65,236.96,50.95,-0.6472,0.31384,0.084731
-223.48,289.45,-33.716,-0.53974,0.42129,-0.0795
-161.06,302.21,-126.28,-0.40796,0.45171,-0.26198
-83.987,275.37,-214.58,-0.2417,0.40305,-0.4262
-0.21729,230.33,-276.46,-0.067331,0.31992,-0.54177
91.502,175.7,-302.53,0.1192,0.21246,-0.58637
189.14,104.38,-286.44,0.31384,0.070537,-0.54988
266.52,25.095,-244.64,0.46387,-0.087606,-0.46473
309.22,-62.944,-193.38,0.54497,-0.26603,-0.36133
307.31,-160.87,-128.2,0.53484,-0.46675,-0.22953
269.96,-245.3,-51.267,0.45576,-0.63504,-0.077469
217.17,-297.27,33.588,0.34425,-0.74047,0.088788
153.12,-306.66,128.11,0.21044,-0.76479,0.27329
78.197,-276.3,216.77,0.052288,-0.71411,0.44157
-4.322,-228.24,278.03,-0.12411,-0.62287,0.55106
-96.962,-172.47,301.32,-0.31063,-0.51339,0.58958
-195.24,-103.71,282.66,-0.50528,-0.37551,0.547
-272.73,-25.695,239.27,-0.65937,-0.21737,0.45982
-313.33,63.524,187.07,-0.73236,-0.034894,0.35439
-308.12,162.44,121.98,-0.71816,0.16583,0.2226
-269.36,245.67,45.43,-0.63504,0.33209,0.072563
-216.38,295.89,-39.684,-0.52353,0.43346,-0.089638
-152.64,303.67,-134.35,-0.38971,0.45576,-0.27617
-75.919,272.61,-222.44,-0.22751,0.40102,-0.44243
8.7471,224.39,-282.01,-0.051112,0.30776,-0.55191
101.67,168.27,-303.66,0.1415,0.2003,-0.59043
197.71,96.456,-284.95,0.32803,0.056344,-0.5438
272.04,15.046,-242,0.47198,-0.10788,-0.45864
311.11,-73.749,-189.79,0.54903,-0.28833,-0.35524
306.01,-169.76,-121.02,0.53078,-0.485,-0.21331
267.49,-249.31,-39.661,0.44968,-0.6472,-0.055169
215.21,-297.29,45.006,0.33817,-0.74452,0.10703
149.63,-305.22,136.35,0.2003,-0.76479,0.28951
67.393,-273.8,220.57,0.029988,-0.71006,0.4436
-18.877,-225.93,276.43,-0.15046,-0.61679,0.547
-109.46,-169.55,296.74,-0.33902,-0.50528,0.58147
-202.18,-95.24,278.2,-0.51947,-0.35727,0.54092
-273.99,-12.697,236.61,-0.65937,-0.19101,0.45374
-311.4,75.178,185.93,-0.7283,-0.022731,0.35236
-303.73,171.52,116.58,-0.71208,0.18002,0.21246
-264.29,249.7,35.546,-0.62692,0.34223,0.052288
-213.57,295.3,-49.568,-0.51744,0.43549,-0.11194
-148.6,300.4,-142.96,-0.37754,0.44968,-0.29239
-68.299,267.89,-228.15,-0.21129,0.39494,-0.45256
18.23,219.53,-283.75,-0.032869,0.29964,-0.55394
112.24,161.66,-300.83,0.15772,0.18611,-0.58029
206.32,88.931,-279.06,0.34628,0.040125,-0.53366
278.03,8.6527,-235.44,0.48617,-0.12208,-0.44445
313.37,-80.897,-182.36,0.55308,-0.30049,-0.34105
302.38,-179.01,-114.63,0.52267,-0.50122,-0.20318
259.87,-258.63,-36.004,0.43346,-0.66139,-0.047056
206.72,-302.74,49.771,0.32195,-0.75466,0.12123
141.37,-303.99,144.82,0.18407,-0.76277,0.30167
63.689,-268.89,230.1,0.017825,-0.69789,0.46184
-21.968,-217.93,285.18,-0.15857,-0.60057,0.56525
-117.53,-159,299.38,-0.35321,-0.48702,0.58553
-212.53,-87.879,274.45,-0.53974,-0.3451,0.53281
-283.68,-8.7098,229.29,-0.67761,-0.18088,0.43954
-316.83,81.642,175.98,-0.73641,0.0016,0.33209
-303.1,180.2,108.75,-0.706,0.2003,0.19827
-258.75,258.95,30.073,-0.61679,0.35844,0.04215
-205.67,300.87,-56.15,-0.50122,0.44766,-0.12613
-140.56,300.77,-151.17,-0.36335,0.44968,-0.30861
-61.364,265.32,-235.34,-0.19709,0.39088,-0.46675
25.661,214.83,-288.85,-0.014619,0.29154,-0.56204
121.16,154.87,-302.18,0.17799,0.17597,-0.58637
214.31,79.802,-276.67,0.36047,0.023906,-0.52961
282.35,-2.4347,-231.88,0.49429,-0.14641,-0.43837
314.36,-91.512,-178.4,0.55511,-0.32482,-0.32888
301.29,-186.82,-106.82,0.52064,-0.51541,-0.18493
257.18,-261.88,-23.761,0.42941,-0.66951,-0.022731
204.45,-302.32,61.071,0.31789,-0.75466,0.14352
136.44,-302.01,152.79,0.17394,-0.75669,0.31992
52.413,-266.37,232.57,-0.0024563,-0.69586,0.46793
-34.541,-217.08,282.96,-0.18088,-0.60057,0.56119
-127.56,-156.62,295.77,-0.37349,-0.48297,0.57944
-218.31,-78.207,270.13,-0.54988,-0.3228,0.52673
-283.7,4.8075,226.72,-0.67761,-0.15654,0.43346
-314.09,93.012,174.68,-0.73438,0.023906,0.326
-299.13,188.11,102.45,-0.69992,0.21449,0.18205
-254.5,261.78,19.835,-0.60463,0.36452,0.023906
-202.93,299.85,-65.799,-0.49514,0.44562,-0.14641
-135.53,296.62,-159.9,-0.34916,0.44157,-0.32482
-53.65,260.27,-240.6,-0.18088,0.37669,-0.47689
34.012,210.66,-290.03,0.0016,0.28342,-0.5661
130.17,149.49,-299.44,0.19421,0.1638,-0.57826
222.26,73.007,-270.85,0.37872,0.015794,-0.51744
287.19,-9.1816,-224.92,0.50239,-0.15857,-0.42417
314.93,-99.297,-170.66,0.55308,-0.34105,-0.31266
297.12,-195.76,-100.74,0.51253,-0.53569,-0.17479
249.96,-270.61,-20.67,0.41319,-0.68572,-0.016644
195.84,-307.2,66.143,0.29964,-0.76277,0.15366
128.52,-299.51,162.3,0.15366,-0.75263,0.33817
49.323,-260.33,242.98,-0.0085375,-0.68167,0.48821
-37.702,-208.97,291.15,-0.18898,-0.58637,0.57539
-135.06,-147.75,297.97,-0.38768,-0.46675,0.58349
-227.96,-72.994,266.8,-0.57016,-0.31469,0.51456
-292.13,9.3133,218.89,-0.69383,-0.14438,0.41927
-317.27,100.58,163.88,-0.73641,0.040125,0.30573
-297.27,196.93,94.593,-0.69383,0.23274,0.16989
-249.17,270.53,14.715,-0.59246,0.38277,0.011738
-195.19,305.16,-72.428,-0.47892,0.45374,-0.15857
-127.13,295.96,-168.94,-0.33496,0.4436,-0.3451
-46.242,256.31,-248.25,-0.16466,0.36858,-0.48906
41.396,205.82,-294.58,0.013769,0.27126,-0.57421
138.07,143.45,-300.81,0.21246,0.14961,-0.58029
228.92,64.798,-269.48,0.38886,-0.0065062,-0.51541
290.44,-19.892,-221.94,0.50848,-0.17884,-0.41809
314.76,-110.17,-165.7,0.55106,-0.36133,-0.30455
295.18,-203.12,-91.206,0.50645,-0.55191,-0.15452
247.84,-272.9,-7.9314,0.41116,-0.68978,0.0097125
194.07,-306.56,77.018,0.29154,-0.76682,0.17191
121.7,-297.13,169.96,0.1415,-0.74857,0.35033
36.513,-256.98,244.89,-0.036919,-0.67559,0.49226
-49.734,-207.88,288.44,-0.21129,-0.60665,0.56727
-143.81,-144.78,294.29,-0.4039,-0.45661,0.57336
-232.42,-63.109,263.15,-0.58029,-0.29239,0.50848
-291.49,21.769,217.48,-0.69181,-0.12208,0.41521
-313.71,112,161.64,-0.73236,0.062425,0.29964
-292.46,204.26,86.478,-0.68572,0.24896,0.14961
-245.77,272.18,3.8167,-0.58435,0.38886,-0.010563
-192.69,303.79,-82.336,-0.47284,0.45576,-0.18088
-120.91,291.71,-177.41,-0.3228,0.43549,-0.35929
-37.75,250.9,-253.15,-0.14843,0.36047,-0.49919
50.054,200.89,-295.38,0.034044,0.26517,-0.57421
147.25,137.55,-297.25,0.23071,0.13947,-0.57421
236.42,58.594,-263.65,0.40507,-0.0207,-0.50528
294.71,-26.025,-215.72,0.51659,-0.19101,-0.40593
313.46,-118.97,-157.94,0.54903,-0.37957,-0.28833
289.17,-212.41,-84.742,0.49631,-0.56812,-0.14235
240.22,-280.59,-4.2276,0.39291,-0.70803,0.011738
185.09,-310.13,83.364,0.27734,-0.76885,0.18611
114.53,-294.08,179.92,0.12528,-0.74452,0.37061
33.706,-250.35,255.79,-0.045031,-0.66139,0.51253
-54.169,-198.75,296.29,-0.22345,-0.56407,0.58553
-152.97,-135.72,294.71,-0.42417,-0.44243,0.57336
-242.14,-58.958,259.14,-0.59854,-0.28631,0.50037
-299.65,25.543,209.95,-0.70803,-0.11194,0.40305
-315.5,120.07,151.63,-0.73438,0.076619,0.28342
-288.42,213.54,78.15,-0.67356,0.26923,0.13542
-239.09,279.9,-2.2697,-0.57421,0.40102,-0.018675
-184.2,307.61,-90.191,-0.45661,0.45779,-0.19304
-112.89,290.75,-186.35,-0.30253,0.43346,-0.37754
-30.177,246.52,-260.77,-0.13019,0.35236,-0.51541
58.169,195.44,-299.58,0.050263,0.25504,-0.58637
156.14,130.31,-297.15,0.2449,0.12123,-0.57218
242.6,49.983,-261.6,0.41927,-0.036919,-0.49716
297.78,-35.461,-213.43,0.52064,-0.20926,-0.4039
313.56,-128.55,-153.2,0.55106,-0.39782,-0.28022
286.29,-219.11,-73.985,0.48821,-0.58232,-0.12005
237.69,-281.68,9.1245,0.38683,-0.71006,0.04215
182.54,-308.64,94.782,0.26923,-0.76682,0.21044
106.18,-291.94,186.69,0.10703,-0.74047,0.38277
20.118,-247.99,256.59,-0.071387,-0.65734,0.51456
-66.271,-197.74,293.46,-0.24778,-0.56002,0.57944
-162.05,-130.55,290.3,-0.43837,-0.42823,0.56525
-245.77,-48.082,254.98,-0.60665,-0.26198,0.49226
-298.73,36.678,209.43,-0.706,-0.091663,0.40102
-312.27,130.24,149.25,-0.73033,0.098925,0.27937
-283.3,219.95,69.351,-0.66342,0.27734,0.12123
-235.89,280.56,-13.239,-0.56407,0.40305,-0.045031
-180.85,305.09,-100.95,-0.44648,0.45374,-0.21331
-105.55,286.1,-194.56,-0.28833,0.42333,-0.38971
-21.401,242.01,-264.83,-0.11397,0.34223,-0.51947
67.181,190.65,-300.01,0.066481,0.24287,-0.58637
166.05,123.26,-292.93,0.26923,0.11109,-0.56204
250.17,43.779,-254.99,0.43346,-0.049087,-0.48702
301.95,-41.029,-207.22,0.53078,-0.22345,-0.38971
311.91,-137.18,-146.08,0.547,-0.41606,-0.26806
279.9,-228.2,-68.606,0.47807,-0.60057,-0.10991
229.13,-288.63,13.017,0.37061,-0.72222,0.050263
172.32,-309.87,103.16,0.24896,-0.76885,0.22462
98.886,-287.34,197.19,0.092837,-0.73236,0.40305
17.664,-240.93,267.3,-0.075444,-0.64314,0.53484
-71.673,-188.54,300.56,-0.25994,-0.54785,0.58958
-172.29,-121.64,290.02,-0.46067,-0.41404,0.56525
-256.46,-43.954,249.63,-0.62692,-0.25386,0.48212
-306.52,40.924,201.2,-0.72222,-0.081525,0.38683
-313.88,138.19,139.93,-0.7283,0.10906,0.25909
-279.69,228.87,62.722,-0.65937,0.29762,0.10906
-228.83,287.56,-19.373,-0.55191,0.41724,-0.055169
-170.8,306.65,-110.5,-0.42823,0.46184,-0.23562
-96.443,283.27,-203.76,-0.26806,0.41724,-0.40998
-13.569,237.34,-271.86,-0.097744,0.33209,-0.53569
75.886,185.3,-303.73,0.086756,0.23679,-0.59043
175.39,115.28,-292.57,0.28951,0.090812,-0.56204
256.56,33.895,-252.09,0.4436,-0.067331,-0.47892
304.59,-51.055,-204.23,0.53484,-0.2417,-0.3816
311.91,-146.29,-140.27,0.54497,-0.43431,-0.25184
278.01,-233.41,-58.037,0.46996,-0.61071,-0.089638
227.88,-289.27,25.213,0.36656,-0.7283,0.072563
168.12,-307.74,114.5,0.23679,-0.76682,0.2449
88.011,-283.87,203.58,0.070537,-0.72424,0.41724
2.8967,-238.86,266.94,-0.091663,-0.64314,0.53078
-83.963,-187.5,297.47,-0.28428,-0.54177,0.58349
-181.01,-114.75,285.89,-0.47689,-0.39782,0.55511
-259.45,-31.498,245.71,-0.63098,-0.22751,0.47401
-305.27,52.602,199.99,-0.71816,-0.059225,0.38074
-310.1,148.31,135.88,-0.72222,0.13542,0.24896
-275.12,234.2,53.71,-0.64923,0.30776,0.088788
-226.4,287.94,-29.399,-0.5438,0.41724,-0.071387
-166.22,303.46,-121.05,-0.41606,0.45374,-0.24981
-87.573,277.47,-211.59,-0.24981,0.40913,-0.42215
-3.7086,232.43,-274.83,-0.075444,0.326,-0.53771
86.053,179.78,-302.91,0.10703,0.22057,-0.58435
185.32,107.85,-287.88,0.30573,0.07865,-0.55191
264.04,27.454,-245.75,0.45779,-0.081525,-0.46675
308.25,-58.014,-196.82,0.54092,-0.25792,-0.36741
308.96,-156.03,-132.42,0.53889,-0.45459,-0.23764
271.38,-242.54,-53.697,0.45982,-0.63098,-0.081525
220.28,-295.85,29.153,0.35033,-0.74249,0.0827
157.89,-307.74,123.3,0.21854,-0.76885,0.26315
81.123,-278.09,214.1,0.056344,-0.71614,0.43549
-0.80705,-230.51,276.64,-0.11397,-0.6249,0.55106
-91.583,-176.67,302.19,-0.30253,-0.52149,0.59161
-191.82,-106.59,284.14,-0.50122,-0.3816,0.55308
-270.38,-27.818,240.31,-0.65126,-0.22345,0.46387
-312.51,58.712,190.42,-0.73236,-0.047056,0.36452
-309.75,158.05,125.73,-0.72019,0.15569,0.23274
-271.01,243.14,47.86,-0.63706,0.32803,0.074594
-219.75,294.8,-35.178,-0.52961,0.43346,-0.085581
-156.69,304.85,-130.22,-0.39782,0.45576,-0.26806
-78.325,274.12,-220.25,-0.23156,0.40102,-0.43634
5.3029,226.68,-280.76,-0.059225,0.31586,-0.54988
96.527,172.44,-304.7,0.12731,0.20435,-0.58637
194.69,99.099,-286.37,0.32398,0.062425,-0.54785
269.96,17.24,-243.27,0.46996,-0.1018,-0.4627
310.54,-69.196,-193.21,0.547,-0.28022,-0.35929
307.43,-166.13,-124.37,0.53281,-0.47486,-0.22143
269.11,-247.04,-42.185,0.45171,-0.64112,-0.057194
218.75,-296.37,40.618,0.34831,-0.74047,0.10298
153.38,-306.35,132.79,0.20841,-0.76479,0.27937
69.398,-275.05,218.82,0.029988,-0.71006,0.4436
-15.693,-228.2,275.37,-0.14438,-0.62084,0.54497
-104.94,-173.63,297.85,-0.32888,-0.51339,0.58349
-199.72,-97.599,279.49,-0.51744,-0.36133,0.54294
-272.24,-15.032,237.81,-0.65531,-0.19709,0.45982
-310.98,70.908,189.19,-0.7283,-0.024756,0.35844
-304.89,168.43,119.34,-0.71006,0.17191,0.21854
-265.99,247.79,37.952,-0.62895,0.33614,0.056344
-217.27,294.76,-45.299,-0.52555,0.43143,-0.10383
-151.74,301.46,-140.06,-0.38362,0.45171,-0.28631
-69.786,268.93,-226.87,-0.21534,0.39494,-0.45256
15.234,221.77,-283,-0.036919,0.30573,-0.55394
108.3,165.2,-301.94,0.15164,0.19421,-0.58232
204.45,90.7,-280.26,0.34425,0.04215,-0.53569
276.62,11.035,-237.11,0.48415,-0.11599,-0.44851
313.39,-77.004,-185.64,0.55308,-0.29644,-0.3451
303.3,-176.7,-116.57,0.52673,-0.49716,-0.20521
261.57,-256.86,-38.174,0.43549,-0.65937,-0.051112
210.33,-302.53,45.808,0.326,-0.75263,0.11311
143.85,-305.15,142.48,0.18813,-0.76479,0.30167
64.538,-269.69,229.11,0.01985,-0.69992,0.45982
-19.326,-220.01,284.73,-0.15452,-0.60665,0.56322
-114.54,-161.81,300.4,-0.3451,-0.49108,0.58958
-211.12,-89.012,275.32,-0.53771,-0.3451,0.53281
-282.62,-11.092,231.02,-0.67559,-0.18898,0.44562
-317.18,78.056,179.07,-0.74047,-0.0044813,0.33817
-303.78,178.53,110.07,-0.70803,0.19624,0.2003
-260.4,257.6,32.054,-0.61679,0.35642,0.044181
-209.06,301.01,-52.682,-0.5073,0.44562,-0.11599
-142.33,301.98,-149.59,-0.36538,0.45374,-0.30658
-61.765,266.02,-234.78,-0.19507,0.38886,-0.46473
23.468,216.77,-288.71,-0.0207,0.29559,-0.56204
119.08,156.99,-303,0.17394,0.17799,-0.58637
213.54,80.439,-277.22,0.35844,0.021875,-0.52758
281.64,-0.28804,-233.53,0.49226,-0.14033,-0.44243
314.95,-88.823,-181.11,0.55511,-0.31874,-0.33496
301.79,-186.04,-107.58,0.52267,-0.51541,-0.18696
258.71,-260.99,-25.553,0.43346,-0.66748,-0.028813
207.5,-302.58,58.381,0.32398,-0.75669,0.13542
137.57,-302.84,152.01,0.17597,-0.75871,0.31789
52.46,-266.67,232.46,-0.0044813,-0.69383,0.46793
-32.678,-218.85,283.06,-0.17682,-0.60463,0.55917
-126.59,-157.85,296.46,-0.36741,-0.485,0.57944
-218.15,-78.113,270.25,-0.55191,-0.32482,0.52673
-283.33,3.0618,228.23,-0.67761,-0.1606,0.43752
-314.7,91.078,176.76,-0.73438,0.017825,0.33411
-299.32,187.87,102.57,-0.69992,0.21449,0.18407
-255.91,261.35,21.344,-0.60867,0.36452,0.023906
-205.38,300.44,-63.888,-0.49919,0.44562,-0.14235
-135.84,297.28,-159.95,-0.35119,0.44562,-0.32482
-53.367,260.62,-240.79,-0.17884,0.37669,-0.47892
32.668,212.19,-290.43,-0.000425,0.28951,-0.56812
130.14,149.94,-299.91,0.19219,0.1638,-0.57826
222.69,72.135,-270.61,0.37669,0.013769,-0.51541
287.21,-7.9549,-226.21,0.50239,-0.15452,-0.4262
315.61,-98.495,-171.98,0.55511,-0.33699,-0.31672
297.07,-196.21,-100.22,0.50848,-0.53569,-0.17276
251.14,-270.61,-21.85,0.41521,-0.68775,-0.022731
197.61,-307.79,65.105,0.3037,-0.76479,0.15164
128,-299.79,163.15,0.14758,-0.75263,0.33817
48.757,-260.44,243.54,-0.012594,-0.68167,0.49023
-36.995,-210.22,291.79,-0.18898,-0.5884,0.57539
-135.91,-147.37,298.23,-0.38768,-0.46473,0.58553
-228.93,-71.673,266.28,-0.59651,-0.30861,0.51456
-292.5,8.582,219.91,-0.69586,-0.14641,0.42333
-317.79,100.77,164.33,-0.73844,0.040125,0.30573
-296.94,197.92,93.508,-0.69383,0.23476,0.16786
-250.28,270.91,15.565,-0.59651,0.38074,0.0036313
-196.28,306.06,-72.31,-0.48297,0.45779,-0.15857
-125.86,296.01,-170.54,-0.33294,0.44157,-0.34713
-45.417,256.26,-249.17,-0.16263,0.36858,-0.49311
41.231,206.67,-295.43,0.013769,0.27531,-0.57624
139.7,142.36,-300.83,0.21449,0.14758,-0.58029
230.17,63.1,-268.91,0.39291,-0.010563,-0.51136
291.01,-19.656,-222.82,0.51051,-0.17682,-0.42012
315.12,-111.3,-165.3,0.55308,-0.36741,-0.30253
294.66,-204.65,-89.696,0.50848,-0.55596,-0.15046
248.83,-273.54,-8.356,0.41319,-0.69181,0.0076813
194.59,-307.51,77.773,0.29559,-0.76682,0.17394
119.74,-296.94,172.13,0.13744,-0.75263,0.35642
35.357,-256.86,246.23,-0.040975,-0.67356,0.49631
-50.229,-208.36,289.54,-0.21737,-0.58435,0.57539
-146.29,-142.99,294.14,-0.40796,-0.45256,0.57336
-233.95,-61.34,262.58,-0.58029,-0.29239,0.50848
-292.36,21.958,218.16,-0.69383,-0.12005,0.41927
-313.88,114.08,160.55,-0.73033,0.064456,0.29762
-291.7,206.25,84.52,-0.68167,0.25099,0.15366
-246.62,273.22,3.8639,-0.59043,0.38683,-0.010563
-192.46,304.78,-83.987,-0.47284,0.45576,-0.18088
-118.41,291.29,-180.21,-0.31672,0.43346,-0.36335
-36.24,250.6,-254.81,-0.14438,0.35844,-0.50325
51.328,200.91,-296.58,0.0381,0.26315,-0.57624
150.38,135.05,-296.77,0.23679,0.13339,-0.57016
238.35,56.683,-262.94,0.41116,-0.0207,-0.50122
295.94,-26.615,-216.12,0.51862,-0.19101,-0.40593
313.51,-121.9,-156.15,0.55106,-0.38768,-0.28631
288.22,-214.77,-82.524,0.49226,-0.57218,-0.13627
240.71,-281.89,-3.6143,0.39494,-0.71006,0.0097125
183.88,-310.95,86.124,0.27329,-0.77291,0.19219
111.41,-293.31,183.36,0.11717,-0.74249,0.37872
31.984,-249.85,257.91,-0.045031,-0.66342,0.51659
-56.339,-198.07,297.59,-0.22953,-0.56407,0.58553
-156.88,-132.61,293.91,-0.43229,-0.43431,0.57539
-244.43,-57.023,258.31,-0.60057,-0.28022,0.50037
-301.21,26.652,210.16,-0.71208,-0.11194,0.40305
-315.39,123.7,149.28,-0.73438,0.0827,0.2814
-287.41,216.25,75.791,-0.67356,0.27126,0.13136
-239.12,281.48,-3.7086,-0.56812,0.40507,-0.018675
-182.24,308.25,-94.06,-0.45053,0.46184,-0.20115
-109.18,289.66,-190.33,-0.29644,0.42941,-0.38362
-28.054,245.9,-263.18,-0.12613,0.34831,-0.51947
61.283,194.14,-300.95,0.058375,0.25301,-0.58637
160.67,126.42,-296.09,0.25504,0.11717,-0.57016
245.19,47.648,-260.56,0.42129,-0.043006,-0.49716
299.55,-37.278,-213.05,0.52673,-0.21534,-0.39782
313.28,-132.77,-150.04,0.547,-0.40796,-0.27211
285.2,-221.97,-71.343,0.48617,-0.5884,-0.11599
237.31,-283.54,11.13,0.3848,-0.71614,0.044181
179.57,-309.04,99.476,0.26113,-0.76682,0.21854
101.62,-290.47,190.94,0.096894,-0.73844,0.39291
17.499,-247.21,259.16,-0.075444,-0.65937,0.51659
-70.21,-195.74,294.9,-0.25589,-0.56204,0.58349
-167.19,-126,289.03,-0.44851,-0.42012,0.56322
-248.63,-45.322,253.59,-0.61071,-0.25792,0.49023
-300.5,39.155,208.49,-0.70803,-0.087606,0.39697
-311.82,134.96,145.62,-0.72628,0.10501,0.27329
-282.17,223.07,66.52,-0.66139,0.28748,0.11311
-234.99,282.61,-15.976,-0.56204,0.40507,-0.049087
-177.08,305.07,-106.45,-0.44039,0.45779,-0.22548
-100.78,284.38,-199.11,-0.28022,0.42129,-0.39984
-18.382,240.97,-267.57,-0.10383,0.34019,-0.52555
72.017,187.96,-301.19,0.076619,0.24085,-0.58435
171.62,118.28,-291.39,0.2814,0.10095,-0.55799
253.47,40.783,-253.46,0.43954,-0.057194,-0.48094
303.86,-44.497,-205.41,0.53281,-0.23156,-0.38565
311.13,-142.4,-142.02,0.54294,-0.42823,-0.25792
278.69,-231.47,-66.011,0.47604,-0.60867,-0.10383
228.4,-290.71,16.367,0.36858,-0.7283,0.054319
167.91,-309.47,109.34,0.24085,-0.77088,0.23882
93.979,-285.21,202.02,0.0827,-0.7283,0.41319
14.079,-239.38,270.13,-0.083556,-0.64112,0.53889
-77.24,-185.21,301.46,-0.27211,-0.53974,0.59363
-176.89,-116.59,288.29,-0.47284,-0.40187,0.56119
-260,-40.816,247.93,-0.62692,-0.24778,0.47807
-308.38,45.336,198.7,-0.72628,-0.073419,0.37872
-312.84,143.92,135.57,-0.7283,0.12731,0.25099
-278.54,232.34,60.174,-0.65328,0.3037,0.10095
-227.2,289.87,-23.124,-0.54988,0.42129,-0.059225
-165.85,306.15,-117.06,-0.41606,0.45779,-0.24373
-91.206,280.89,-208.71,-0.25994,0.41521,-0.42012
-9.4175,235.4,-274.65,-0.085581,0.33006,-0.53974
82.184,181.26,-304.35,0.098925,0.22462,-0.59043
181.22,110.07,-290.78,0.29762,0.0827,-0.55799
260.15,30.356,-250.42,0.45171,-0.077469,-0.47486
306.41,-56.245,-201.02,0.53889,-0.24981,-0.37551
310.68,-152.07,-135.46,0.54294,-0.44648,-0.2417
276.78,-236.71,-55.159,0.46793,-0.61679,-0.085581
225.85,-291.61,29.271,0.36452,-0.73236,0.080675
162.65,-307.22,120.9,0.22868,-0.76885,0.25909
82.538,-281.44,208.32,0.058375,-0.72222,0.42333
-1.727,-236.55,269.66,-0.11599,-0.63706,0.53484
-90.734,-182.83,297.78,-0.29847,-0.53366,0.58553
-186.65,-109.49,284.12,-0.49108,-0.38565,0.55511
-262.97,-27.818,244.16,-0.63706,-0.22345,0.46996
-306.94,58.24,196.34,-0.72222,-0.049087,0.37264
-308.59,153.62,130.73,-0.71614,0.14758,0.24085
-273.82,237.65,50.856,-0.64314,0.31789,0.084731
-223.95,290.25,-33.999,-0.54177,0.42333,-0.083556
-160.63,302.66,-127.7,-0.4039,0.45576,-0.26198
-82.336,274.97,-216.24,-0.23967,0.40507,-0.43026
1.434,229.72,-277.48,-0.065306,0.31789,-0.54583
93.531,174.49,-302.79,0.12325,0.21044,-0.58435
190.98,102.78,-285.87,0.31586,0.068513,-0.54988
267.63,23.821,-243.98,0.4659,-0.089638,-0.46473
309.69,-64.147,-192.79,0.547,-0.26806,-0.36335
307.24,-162.19,-127.63,0.53484,-0.46878,-0.22953
269.8,-246.34,-50.724,0.45374,-0.63909,-0.075444
217.38,-298.19,34.201,0.34223,-0.74452,0.086756
152.44,-306.78,129.91,0.20638,-0.76682,0.27531
76.405,-275.78,218.56,0.044181,-0.71006,0.44157
-6.28,-227.42,279.14,-0.12613,-0.61881,0.55511
-99.439,-171.06,301.36,-0.31672,-0.50933,0.58755
-197.36,-101.75,281.76,-0.51339,-0.37146,0.547
-273.94,-24.185,238.45,-0.65937,-0.21331,0.46184
-313.85,65.105,186.19,-0.73438,-0.034894,0.35642
-307.91,164.02,121.11,-0.71411,0.16583,0.22057
-268.98,246.99,44.581,-0.63706,0.33411,0.070537
-216.33,296.81,-40.675,-0.52555,0.43752,-0.095719
-151.2,303.72,-136.59,-0.37551,0.45576,-0.28022
-73.82,271.97,-224.42,-0.22143,0.40102,-0.44851
10.988,223.33,-283.14,-0.045031,0.30573,-0.55394
104.36,166.35,-303.64,0.14352,0.19421,-0.5884
199.83,94.168,-283.89,0.33411,0.054319,-0.54177
273.29,13.3,-241.1,0.47807,-0.10991,-0.45661
311.58,-75.542,-188.71,0.547,-0.29036,-0.34916
305.68,-171.6,-119.87,0.53078,-0.48702,-0.21331
266.87,-250.7,-38.434,0.44766,-0.64923,-0.055169
215,-298.21,46.209,0.33817,-0.74452,0.11514
147.77,-305.17,138.75,0.19624,-0.76682,0.29154
65.128,-273.07,222.5,0.023906,-0.70803,0.44968
-21.166,-224.82,277.58,-0.15654,-0.61679,0.55106
-112.37,-167.45,296.57,-0.34308,-0.50122,0.58147
-204.44,-92.692,277.04,-0.52555,-0.35119,0.53889
-275.19,-10.833,235.57,-0.66342,-0.18493,0.45374
-311.78,77.136,184.8,-0.7283,-0.0085375,0.35033
-303.38,173.36,115.28,-0.71006,0.18407,0.21044
-263.58,251.23,34.201,-0.6249,0.34223,0.050263
-213.15,296.22,-51.078,-0.51744,0.43752,-0.11802
-146.5,300.04,-145.7,-0.37551,0.44968,-0.30049
-65.964,267.02,-230.22,-0.20723,0.38886,-0.45459
20.778,218.16,-284.93,-0.026781,0.29964,-0.55799
115.45,159.18,-300.45,0.16583,0.18002,-0.58029
208.77,86.336,-277.67,0.35236,0.034044,-0.52961
279.24,6.6004,-234.16,0.48821,-0.12613,-0.44243
313.63,-83.043,-181.06,0.54903,-0.30658,-0.33496
301.81,-180.94,-113.24,0.5247,-0.50528,-0.19709
258.99,-260.21,-34.683,0.43346,-0.66748,-0.045031
205.94,-303.61,51.587,0.31992,-0.75669,0.12731
139.16,-303.5,147.72,0.18002,-0.76074,0.30978
61.307,-267.76,232.08,0.015794,-0.69789,0.46793
-24.61,-216.47,286.19,-0.16263,-0.60057,0.56525
-120.72,-156.55,298.93,-0.35727,-0.48297,0.58553
-214.84,-85.308,272.91,-0.54583,-0.33902,0.53078
-284.72,-6.4923,227.78,-0.67964,-0.17682,0.43954
-316.9,83.765,174.59,-0.74047,0.0056562,0.32803
-302.53,182.11,107.36,-0.706,0.20232,0.19421
-257.92,260.43,28.775,-0.61071,0.36452,0.0381
-204.63,301.74,-58.132,-0.50122,0.44766,-0.13019
-138.17,300.16,-154.05,-0.35929,0.44766,-0.31266
-58.91,264.14,-237.35,-0.19101,0.38277,-0.46878
28.304,213.3,-289.77,-0.012594,0.28951,-0.56812
124.1,152.39,-301.68,0.18205,0.1638,-0.58435
216.37,77.348,-275.21,0.36452,0.017825,-0.52758
283.22,-4.6759,-230.37,0.49429,-0.14843,-0.43229
314.38,-93.565,-176.98,0.55308,-0.32888,-0.32686
300.68,-188.66,-105.29,0.52267,-0.52149,-0.1829
256.47,-263.27,-22.369,0.42738,-0.67356,-0.022731
203.23,-303.05,63.217,0.31586,-0.75466,0.14758
133.87,-301.28,155.57,0.16583,-0.75466,0.32398
49.96,-265,234.44,-0.0065062,-0.69181,0.46996
-36.948,-215.48,283.67,-0.18493,-0.59651,0.56119
-130.22,-154.15,295.13,-0.37551,-0.47689,0.57741
-220.03,-75.848,268.71,-0.55191,-0.31672,0.52267
-284.34,7.0014,225.26,-0.68167,-0.15046,0.42941
-313.9,94.923,173.2,-0.73236,0.025931,0.32398
-298.45,189.73,100.99,-0.69586,0.22057,0.18205
-253.84,263,18.49,-0.60259,0.36452,0.015794
-201.54,300.44,-68.016,-0.49311,0.44562,-0.15046
-133.03,295.77,-162.57,-0.3451,0.4436,-0.33294
-51.361,258.92,-242.3,-0.17682,0.37466,-0.47892
36.513,208.96,-290.59,0.0056562,0.27734,-0.56812
132.67,147.2,-298.78,0.19827,0.15772,-0.57624
223.77,70.908,-269.48,0.38074,0.0056562,-0.51541
287.61,-11.234,-223.38,0.50645,-0.16263,-0.42215
314.5,-101.16,-169.27,0.55106,-0.34308,-0.31266
296.27,-197.15,-99.415,0.51051,-0.53771,-0.16871
249.18,-271.67,-19.514,0.41319,-0.69181,-0.016644
194.33,-307.41,68.337,0.29559,-0.76277,0.15975
126.25,-298.54,164.63,0.14961,-0.75263,0.34019
47.27,-258.89,244.34,-0.014619,-0.67964,0.49023
-39.92,-207.22,291.48,-0.19304,-0.58029,0.57539
-137.23,-145.63,297.05,-0.38971,-0.45864,0.57944
-229.16,-71.319,265.46,-0.57016,-0.30861,0.51456
-292.36,11.012,217.5,-0.69383,-0.14438,0.41724
-316.64,102.12,162.6,-0.73438,0.044181,0.30573
-296.37,197.92,93.46,-0.69181,0.23679,0.16583
-248.51,271.19,13.819,-0.59246,0.38074,0.0097125
-193.56,305.3,-74.456,-0.47486,0.45779,-0.16263
-125.11,295.16,-170.82,-0.32686,0.44157,-0.3451
-44.426,254.94,-249.29,-0.1606,0.36656,-0.49108
43.26,204.1,-294.63,0.017825,0.26923,-0.57421
139.67,141.66,-299.84,0.21449,0.14961,-0.58029
229.51,63.477,-268.3,0.39088,-0.010563,-0.51339
290.3,-21.118,-220.84,0.50848,-0.1829,-0.41809
314.08,-111.07,-164.74,0.54903,-0.36335,-0.30253
294.4,-203.66,-90.427,0.50645,-0.55394,-0.15654
247.41,-273.16,-7.3888,0.40913,-0.69586,0.0076813
192.66,-306.47,78.528,0.29154,-0.76479,0.17597
120.07,-296.33,171.21,0.13947,-0.74857,0.35236
35.05,-255.82,245.45,-0.040975,-0.67356,0.49429
-51.173,-206.42,288.2,-0.21737,-0.57826,0.56931
-144.85,-143.27,293.29,-0.40593,-0.45459,0.57133
-232.42,-62.307,262.18,-0.58029,-0.29036,0.50645
-291.09,22.335,216.67,-0.69181,-0.12005,0.41724
-313.1,112.19,161.14,-0.73033,0.0604,0.30167
-291.87,204.24,86.195,-0.68369,0.24896,0.15164
-245.56,272.02,3.746,-0.58232,0.3848,-0.0085375
-191.61,303.44,-83.185,-0.47284,0.45171,-0.18088
-119.77,291.01,-177.95,-0.31874,0.43549,-0.35929
-36.783,249.91,-253.23,-0.14438,0.35642,-0.49919
50.974,199.59,-294.86,0.0381,0.26113,-0.57016
147.51,136.51,-296.25,0.23071,0.13744,-0.57016
235.85,58.287,-262.85,0.40102,-0.0207,-0.49919
293.88,-25.789,-215.17,0.51659,-0.18898,-0.4039
312.78,-118.33,-157.85,0.547,-0.37957,-0.28833
288.81,-211.66,-85.167,0.49226,-0.5661,-0.14235
240.31,-280,-4.723,0.39494,-0.70397,0.011738
184.33,-309.51,83.505,0.27734,-0.77291,0.18407
113.98,-293.47,179.64,0.12528,-0.74249,0.37061
33.376,-249.62,255.17,-0.040975,-0.66139,0.51051
-54.31,-197.83,295.39,-0.22548,-0.56204,0.58147
-152.26,-135.32,293.81,-0.42012,-0.43837,0.57133
-240.86,-59.311,258.59,-0.59651,-0.28833,0.50037
-298.35,24.529,209.95,-0.70397,-0.11599,0.40102
-314.82,118.54,152.13,-0.73438,0.074594,0.28545
-288.52,211.91,79.33,-0.67356,0.26517,0.13947
-239.52,278.79,-0.94856,-0.57218,0.40102,-0.018675
-184.01,306.93,-89.413,-0.45661,0.45982,-0.19507
-113,290.35,-185.24,-0.30455,0.42941,-0.37349
-30.578,246.14,-259.55,-0.13221,0.35033,-0.51136
57.391,194.99,-298.31,0.046206,0.25301,-0.58232
154.32,130.66,-296.42,0.24085,0.12325,-0.57218
240.52,51.045,-261.39,0.41319,-0.034894,-0.49919
296.03,-33.551,-213.83,0.52064,-0.20521,-0.39984
312.76,-126.05,-154.33,0.54497,-0.39376,-0.28225
286.76,-216.68,-76.084,0.49023,-0.57624,-0.12411
238.52,-280.24,7.025,0.38886,-0.706,0.0381
182.96,-307.84,92.918,0.27126,-0.76682,0.20435
107.26,-291.7,184.54,0.11109,-0.74047,0.37669
21.439,-247.87,254.61,-0.069363,-0.65734,0.51253
-64.407,-197.81,291.71,-0.24373,-0.56407,0.57539
-158.98,-131.9,289.76,-0.43431,-0.43229,0.56525
-242.82,-50.135,255.24,-0.59854,-0.26603,0.49429
-296.51,33.8,210.3,-0.70194,-0.099775,0.40305
-311.56,126.58,151.16,-0.72628,0.088788,0.28342
-284.2,216.6,72.3,-0.66748,0.27329,0.12528
-237.14,278.55,-10.243,-0.56812,0.39697,-0.03895
-182.19,304.29,-97.528,-0.44851,0.45576,-0.20521
-107.7,286.29,-191.06,-0.29036,0.42535,-0.38362
-23.855,242.46,-262.05,-0.12005,0.34628,-0.51744
63.949,191.43,-298.02,0.0604,0.24896,-0.58029
161.59,125.54,-292.6,0.25707,0.11311,-0.56407
246.14,46.799,-255.87,0.42535,-0.043006,-0.48702
299.15,-36.948,-208.71,0.52673,-0.21129,-0.39174
311.27,-132.16,-148.74,0.547,-0.40796,-0.27211
281.26,-223.62,-72.522,0.48009,-0.59043,-0.11802
231.56,-285.95,9.0302,0.37466,-0.72019,0.044181
174.78,-309.3,98.061,0.25301,-0.76885,0.21449
102.21,-288.26,192.4,0.10095,-0.73236,0.39494
21.274,-242.16,263.67,-0.067331,-0.6472,0.52876
-66.955,-190.1,298.32,-0.24981,-0.54988,0.58755
-166.27,-124.87,289.95,-0.44851,-0.41809,0.56322
-251.15,-48.13,251.26,-0.61679,-0.26603,0.48617
-303.31,35.404,203.67,-0.71614,-0.093694,0.39088
-313.48,131.75,143.57,-0.73033,0.096894,0.26721
-281.53,223.28,67.534,-0.66139,0.28748,0.11717
-231.05,284.28,-14.372,-0.55394,0.40913,-0.049087
-174.43,306.22,-103.8,-0.43431,0.45982,-0.21939
-101.23,284.92,-197.55,-0.27819,0.41927,-0.39782
-18.712,239.2,-267.43,-0.10788,0.33817,-0.52758
69.563,187.68,-301.14,0.072563,0.24085,-0.58435
167.77,119.93,-292.74,0.27329,0.10095,-0.56407
250.15,39.651,-254.33,0.43143,-0.059225,-0.48702
300.75,-44.025,-207.58,0.52876,-0.22751,-0.38768
311.65,-138.39,-145.42,0.54497,-0.41809,-0.26603
280.41,-226.9,-64.336,0.47604,-0.59854,-0.10383
230.54,-285.38,19.174,0.37264,-0.71614,0.0604
173.15,-307.15,106.51,0.24896,-0.76277,0.23274
94.734,-286.25,196.13,0.0827,-0.73033,0.40102
9.7615,-241.43,261.78,-0.091663,-0.6472,0.5247
-75.966,-190.85,294.62,-0.26806,-0.54988,0.57741
-171.89,-120.98,286.31,-0.45661,-0.40998,0.55917
-251.98,-38.906,248.52,-0.61881,-0.24373,0.48009
-300.95,43.944,204.29,-0.71208,-0.077469,0.39291
-310.24,138.64,142.32,-0.72222,0.11514,0.26517
-278.18,226.44,61.165,-0.65531,0.29154,0.10501
-229.78,283.41,-21.873,-0.55394,0.40913,-0.059225
-172.59,303.2,-111.16,-0.43026,0.45374,-0.23359
-95.664,280.67,-202.6,-0.26603,0.41319,-0.40593
-12.343,235.97,-268.91,-0.093694,0.33006,-0.52758
75.697,184.52,-300.29,0.084731,0.23274,-0.58435
174.26,115.21,-289.18,0.2814,0.094869,-0.55596
255.2,36.206,-249.31,0.44157,-0.065306,-0.47081
303.44,-47.351,-202.43,0.53078,-0.23359,-0.37754
309.76,-144.17,-140.34,0.54092,-0.43229,-0.25589
275.41,-233.31,-62.331,0.46793,-0.61071,-0.099775
224.53,-290.62,20.118,0.36047,-0.73033,0.064456
165.15,-307.79,111.65,0.23476,-0.76682,0.24287
90.535,-282.24,203.67,0.074594,-0.72019,0.41724
10.021,-235.46,270.08,-0.095719,-0.63706,0.53686
-78.75,-183.19,300.11,-0.27617,-0.53163,0.58958
-178.77,-115.13,286.34,-0.47486,-0.39782,0.55917
-260.09,-38.151,244.91,-0.62895,-0.24576,0.47198
-307.27,45.996,197.12,-0.72222,-0.071387,0.37466
-311.61,143.76,135.17,-0.72628,0.12528,0.25099
-275.99,232.53,57.91,-0.64923,0.30573,0.096894
-224.68,288.86,-24.704,-0.5438,0.42129,-0.063281
-164.9,304.69,-116.94,-0.41404,0.45779,-0.24373
-89.46,278.76,-208.52,-0.25589,0.40711,-0.41809
-7.6247,232.79,-273.42,-0.083556,0.32398,-0.53771
81.241,180.79,-302.81,0.094869,0.22462,-0.58637
179.92,109.88,-289.27,0.29356,0.0827,-0.55596
258.66,29.577,-248.53,0.44766,-0.081525,-0.47284
304.67,-54.617,-201.02,0.53484,-0.24981,-0.37551
309.78,-150.11,-136.31,0.53889,-0.44243,-0.24373
275.06,-235.58,-54.452,0.4659,-0.61476,-0.083556
224.65,-289.81,28.775,0.3625,-0.73033,0.074594
163.43,-305.97,118.63,0.23274,-0.76277,0.25504
82.656,-280.21,206.41,0.056344,-0.71816,0.41927
-1.1373,-235.32,267.44,-0.11599,-0.63504,0.53078
-87.431,-183.85,296.1,-0.29036,-0.53569,0.58349
-183.47,-110.79,283.15,-0.48297,-0.38971,0.54903
-259.97,-28.974,243.28,-0.63098,-0.22751,0.46793
-304.65,54.395,197.9,-0.71816,-0.055169,0.37669
-308.07,150.34,133.07,-0.71816,0.13947,0.24287
-272.97,234.93,51.635,-0.64314,0.30978,0.0827
-224.16,287.68,-31.451,-0.54177,0.41724,-0.077469
-163.02,301.76,-123.31,-0.40998,0.45171,-0.25589
-84.176,274.68,-212.7,-0.24373,0.40102,-0.42417
-1.6327,229.98,-274.29,-0.073419,0.31789,-0.53771
87.681,177.28,-301.3,0.11109,0.21449,-0.58435
185.91,105.47,-285.59,0.3037,0.074594,-0.54785
263.22,26.983,-244.33,0.45779,-0.085581,-0.46473
307.02,-58.061,-195.83,0.54092,-0.25589,-0.36538
307.33,-156.1,-131.26,0.53484,-0.45256,-0.23562
270.11,-241.97,-53.131,0.45374,-0.62895,-0.081525
219.03,-294.89,29.577,0.35033,-0.73641,0.07865
156.19,-306.21,123.68,0.21449,-0.76682,0.26517
79.613,-276.27,213.54,0.052288,-0.71006,0.43346
-0.83061,-229.26,275.2,-0.11194,-0.62287,0.54497
-90.946,-175.57,300.47,-0.30049,-0.51947,0.58958
-190.36,-105.93,282.49,-0.49716,-0.37957,0.547
-268.06,-29.281,240.05,-0.64923,-0.22548,0.46387
-310.74,56.895,190.56,-0.7283,-0.051112,0.36452
-308.59,156.07,125.97,-0.71816,0.14961,0.23274
-270.59,241.07,48.285,-0.63706,0.31992,0.07865
-219.37,293.13,-33.999,-0.53163,0.42941,-0.083556
-156.22,303.39,-128.62,-0.39782,0.45374,-0.26603
-78.632,273.01,-218,-0.23359,0.40305,-0.43634
3.2741,226.6,-278.37,-0.063281,0.31181,-0.54583
93.626,172.84,-303.07,0.12325,0.21044,-0.58637
191.2,100.33,-285.4,0.31789,0.062425,-0.54583
266.4,20.59,-243.88,0.4659,-0.095719,-0.46473
308.13,-65.469,-194.39,0.54294,-0.26806,-0.36133
306.91,-162,-126.57,0.53281,-0.46878,-0.22548
269.75,-243.55,-44.945,0.45374,-0.63098,-0.065306
219.41,-294.06,37.811,0.34831,-0.73438,0.098925
154.42,-305.01,129.55,0.21044,-0.76277,0.27329
71.592,-274.76,215.26,0.036069,-0.706,0.43549
-11.824,-229.21,272.25,-0.13627,-0.62287,0.54092
-99.698,-175.64,296.24,-0.31672,-0.51744,0.57944
-194.3,-100.88,279.45,-0.50528,-0.37146,0.54294
-267.4,-20.104,239.23,-0.64314,-0.20723,0.46387
-308.05,65.223,191.46,-0.72628,-0.032869,0.3625
-305.01,162.18,123.23,-0.71208,0.16178,0.22666
-267.71,242.83,42.434,-0.63098,0.32803,0.068513
-218.83,291.74,-40.651,-0.52961,0.42738,-0.095719
-154.12,300.44,-134.61,-0.38971,0.44968,-0.27617
-73.631,269.44,-221.54,-0.22143,0.39494,-0.44243
9.1953,223.8,-279.01,-0.049087,0.30776,-0.54583
100.49,168.76,-300.81,0.13542,0.2003,-0.58232
196.76,96.008,-281.49,0.32803,0.054319,-0.53974
270.53,18.042,-239.76,0.47198,-0.1018,-0.45459
310.14,-69.078,-189.22,0.547,-0.28022,-0.35321
304.08,-168.16,-121.99,0.52673,-0.48094,-0.21737
264.7,-250.13,-44.331,0.4436,-0.6472,-0.063281
213.32,-298.85,39.037,0.33411,-0.74655,0.098925
147.67,-304.65,134.89,0.19827,-0.76277,0.28342
69.894,-271.93,222.19,0.034044,-0.70397,0.44766
-11.588,-223.01,279.82,-0.13829,-0.61273,0.55511
-104.25,-166.84,299.38,-0.32482,-0.50122,0.58755
-201.21,-96.514,277.96,-0.51744,-0.36133,0.53889
-275.45,-20.387,235.22,-0.66139,-0.20521,0.45171
-313.76,67.936,184.07,-0.73438,-0.028813,0.35236
-305.24,167.96,117.1,-0.71208,0.17394,0.21652
-264.83,249.3,40.028,-0.62287,0.33817,0.0604
-213.52,296.86,-43.647,-0.51947,0.43752,-0.1018
-147.85,302.07,-139.61,-0.37957,0.45171,-0.28833
-69.243,268.45,-226.33,-0.21331,0.39291,-0.44851
13.866,220.57,-282.97,-0.040975,0.30167,-0.55394
106.77,163.69,-301.99,0.14758,0.18813,-0.58637
201.72,90.582,-281.04,0.33614,0.04215,-0.53771
273.5,11.342,-239,0.47807,-0.11802,-0.45053
311.18,-76.485,-187.71,0.54903,-0.29239,-0.34916
303.75,-173.54,-117.01,0.52673,-0.49311,-0.20926
264.14,-251.46,-35.697,0.44157,-0.64923,-0.047056
213.37,-297.65,47.435,0.33614,-0.74249,0.11514
145.64,-303.59,139.98,0.19219,-0.76277,0.29559
62.25,-270.47,222.9,0.017825,-0.70194,0.45171
-21.92,-223.36,276.69,-0.15654,-0.61476,0.54903
-112.58,-166.29,295.35,-0.34105,-0.50122,0.57741
-204.53,-90.946,275.13,-0.52353,-0.34916,0.52876
-274.29,-10.786,234.72,-0.66139,-0.18696,0.45171
-310.93,76.287,184.87,-0.7283,-0.018675,0.35033
-301.87,173.57,113.87,-0.706,0.18407,0.20841
-262.14,250.62,33.258,-0.62084,0.34223,0.048238
-212.7,295.28,-50.583,-0.51339,0.43549,-0.11599
-145.61,298.79,-145.32,-0.37146,0.44766,-0.29644
-64.808,265.39,-229.28,-0.20521,0.38683,-0.45256
19.622,217.97,-283.42,-0.026781,0.29559,-0.55394
113.7,159.56,-299.42,0.16178,0.18002,-0.58029
207.14,86.383,-276.84,0.34628,0.036069,-0.52961
277.44,8.464,-234.54,0.48415,-0.12005,-0.44445
312.69,-80.708,-182.27,0.54903,-0.30253,-0.33699
300.82,-179.65,-113.03,0.52064,-0.50122,-0.19709
258.71,-258.39,-35.343,0.43143,-0.66342,-0.047056
206.77,-302.27,49.488,0.32195,-0.75263,0.12123
139.32,-302.65,145.9,0.17799,-0.75871,0.3037
61.637,-267.05,230.05,0.017825,-0.69586,0.46387
-21.85,-217.25,284.28,-0.15654,-0.60259,0.56119
-117.46,-157.87,298.06,-0.35321,-0.48702,0.58349
-211.71,-86.983,273.03,-0.53974,-0.34105,0.52876
-282.17,-10.149,229.41,-0.67356,-0.1829,0.43954
-315.93,79.896,176.83,-0.73641,-0.0024563,0.33411
-302.03,179.42,108.3,-0.70194,0.19624,0.19827
-258.67,257.6,30.899,-0.61476,0.35439,0.04215
-206.56,300.11,-54.57,-0.50528,0.4436,-0.12411
-139.4,299.85,-150.82,-0.36133,0.44766,-0.30861
-60.75,264.37,-234.16,-0.19304,0.3848,-0.46473
24.128,215,-287.41,-0.0207,0.29154,-0.56407
119.6,154.65,-300.9,0.17191,0.17394,-0.58029
212.03,80.58,-276.08,0.35642,0.021875,-0.52758
280.16,0.6792,-233.08,0.49023,-0.13829,-0.44039
313.42,-88.398,-180.09,0.55106,-0.31874,-0.33294
300.77,-184.79,-107.53,0.52267,-0.51339,-0.18696
258.15,-259.62,-26.12,0.42738,-0.66545,-0.026781
206.1,-301.09,58.358,0.31992,-0.75263,0.13542
136.42,-301.28,151.07,0.17191,-0.75263,0.31586
53.38,-266.25,230.38,-0.000425,-0.69383,0.45982
-31.711,-218,281.1,-0.17479,-0.60259,0.55714
-124.87,-157.21,294.57,-0.36741,-0.48297,0.57539
-214.8,-80.543,270.29,-0.5438,-0.32888,0.5247
-280.8,0.11301,228.87,-0.67153,-0.16668,0.43954
-312.98,88.554,177.21,-0.73033,0.013769,0.33209
-298.94,184.68,104.48,-0.69586,0.20638,0.19016
-256.34,258.73,23.515,-0.60867,0.35844,0.029988
-205.17,298.48,-62.071,-0.49919,0.4436,-0.13829
-136.41,296.22,-156.83,-0.35321,0.44157,-0.32078
-55.985,260.95,-237.21,-0.18696,0.37872,-0.47284
29.979,212.24,-287.74,-0.0065062,0.28748,-0.56204
126.2,150.9,-298.42,0.18813,0.16583,-0.57421
217.64,76.381,-271.7,0.36858,0.015794,-0.51947
283.88,-3.0717,-227.98,0.49429,-0.14641,-0.43229
314.01,-93.494,-174.08,0.55308,-0.33091,-0.31874
297.59,-190.95,-103.92,0.51659,-0.52555,-0.18088
252.6,-266.65,-25.695,0.41927,-0.67964,-0.026781
198.67,-305.38,61.377,0.30978,-0.76074,0.1415
130.19,-299.63,157.82,0.15975,-0.75263,0.32803
52.979,-262.1,238.47,-0.000425,-0.68572,0.48009
-32.513,-211.33,288.51,-0.17884,-0.59043,0.57133
-129.78,-149.73,297.05,-0.37551,-0.47081,0.58147
-222.18,-77.405,268.15,-0.55799,-0.3228,0.51862
-288.38,1.9767,222.55,-0.68775,-0.1606,0.42738
-316.83,93.295,168.22,-0.73844,0.023906,0.31789
-298.64,190.79,99.193,-0.69789,0.22057,0.17597
-252.61,265.91,21.038,-0.60259,0.37466,0.023906
-198.33,303.2,-66.624,-0.48702,0.45171,-0.14641
-130.06,296.48,-163.09,-0.33902,0.4436,-0.33294
-51.55,259.16,-242.73,-0.17682,0.37466,-0.48094
35.003,208.96,-291.56,0.0036313,0.27937,-0.57016
131.51,146.59,-300.15,0.19827,0.15772,-0.58029
222.22,70.601,-271.39,0.37669,0.0036313,-0.52149
286.26,-11.541,-226.21,0.50037,-0.16263,-0.42823
314.27,-101.82,-170.94,0.55106,-0.3451,-0.31063
297.28,-195.97,-97.622,0.51253,-0.53569,-0.16871
252.06,-267.69,-15.622,0.41927,-0.68167,-0.0065062
197.9,-304.28,70.271,0.3037,-0.75466,0.15975
126.27,-298.05,163.01,0.14961,-0.75061,0.34019
43.401,-260.63,238.75,-0.018675,-0.68572,0.48009
-42.397,-211.68,285.23,-0.19709,-0.5884,0.56322
-136.31,-149.07,293.93,-0.38565,-0.46878,0.57539
-224.82,-70.328,265.74,-0.56204,-0.30861,0.51659
-286.84,12.569,222.1,-0.68369,-0.14235,0.42738
-313.52,102.33,167.86,-0.7283,0.04215,0.31384
-295.52,195.94,94.333,-0.68978,0.23274,0.16786
-250.56,266.71,12.852,-0.59651,0.37264,0.011738
-197.03,301.46,-74.291,-0.48094,0.44766,-0.1606
-126.54,293.01,-168.96,-0.33496,0.43752,-0.34308
-45.959,255.17,-246.03,-0.16466,0.36656,-0.48702
41.396,205.56,-291.84,0.011738,0.27329,-0.57016
138.05,142.95,-297.5,0.21044,0.14961,-0.57421
227.81,66.709,-267.1,0.38886,-0.0024563,-0.50933
289.71,-15.763,-220.98,0.51051,-0.17074,-0.41606
313.8,-107.86,-164.48,0.54903,-0.35929,-0.30049
293.44,-202.55,-93.848,0.50443,-0.54785,-0.15857
246.3,-274.65,-14.702,0.40711,-0.69586,-0.0044813
190.39,-308.1,73.857,0.28545,-0.76682,0.16786
120.9,-296.11,170.25,0.13744,-0.74655,0.35236
42.859,-255.58,247.67,-0.018675,-0.67559,0.49834
-44.237,-204.16,292.49,-0.20521,-0.57624,0.57741
-141.81,-142.16,295.82,-0.39984,-0.45459,0.57539
-232.56,-68.158,263.62,-0.58029,-0.30455,0.51051
-294.27,14.668,215.71,-0.69586,-0.13424,0.41521
-315.91,108.18,158.43,-0.73641,0.054319,0.29762
-293.82,202.68,88.53,-0.68572,0.24287,0.15569
-246.01,273.81,9.5256,-0.58637,0.39088,-0.000425
-190.19,305.87,-79.293,-0.46675,0.45982,-0.17074
-120.51,293.01,-175.57,-0.32078,0.43752,-0.35524
-40.628,252.27,-252.02,-0.15249,0.36047,-0.49716
47.082,201.46,-295.48,0.017825,0.26721,-0.57624
143.66,138.42,-298.8,0.2226,0.1415,-0.57624
232.36,60.74,-266.88,0.39697,-0.014619,-0.5073
292.09,-24.02,-219.49,0.51051,-0.18696,-0.41404
313.54,-116.28,-160.87,0.54903,-0.38362,-0.29441
292.23,-207.65,-86.039,0.49834,-0.55799,-0.14438
245.19,-275.31,-3.5435,0.40102,-0.69789,0.013769
189.47,-306.96,82.963,0.28748,-0.76479,0.18611
115.8,-294.82,175.11,0.12934,-0.74655,0.36047
31.842,-253.86,247.77,-0.047056,-0.66951,0.49834
-54.428,-204.09,289.05,-0.22345,-0.57624,0.56931
-148.32,-140.42,292.3,-0.41201,-0.44851,0.56931
-234.8,-60.113,261.05,-0.58029,-0.28631,0.50443
-292.65,24.812,215.75,-0.69383,-0.11802,0.41724
-312.6,116.96,157.7,-0.73033,0.068513,0.29559
-290.03,207.85,82.373,-0.67761,0.25504,0.14556
-243.69,274.09,0.30172,-0.58029,0.38886,-0.016644
-188.52,303.82,-87.526,-0.46675,0.45171,-0.18898
-116.21,289.69,-181.51,-0.31063,0.42941,-0.36538
-34.07,248.36,-255.23,-0.13627,0.35236,-0.50528
54.017,197.59,-295.62,0.040125,0.25707,-0.57218
150.81,134.08,-295.48,0.23679,0.13136,-0.57016
238.12,56.612,-262,0.40913,-0.024756,-0.49919
295.54,-28.125,-214.32,0.51862,-0.19304,-0.4039
312.43,-122.68,-154.95,0.54903,-0.38565,-0.28225
287.23,-215.01,-81.887,0.49023,-0.57218,-0.13424
238.42,-281.91,-1.3496,0.39088,-0.71006,0.013769
181.19,-309.65,87.917,0.26721,-0.76885,0.19624
110.87,-292.29,182.94,0.1192,-0.74249,0.37669
31.158,-248.25,257.23,-0.047056,-0.65734,0.51659
-57.259,-195.99,296.2,-0.22953,-0.56002,0.58349
-155.42,-133.22,293.2,-0.43229,-0.43634,0.57133
-243.2,-57.967,258.03,-0.60057,-0.28428,0.49834
-300.15,26.935,209.1,-0.71006,-0.11194,0.40102
-314.68,122.69,149.49,-0.73641,0.0827,0.27937
-287.15,215.12,76.381,-0.67153,0.27126,0.13339
-237.68,280.67,-4.4164,-0.56812,0.40305,-0.0207
-180.87,306.98,-93.753,-0.45053,0.45779,-0.20115
-110.13,289.26,-188.37,-0.29644,0.42738,-0.37957
-28.384,245.01,-261.53,-0.13019,0.34831,-0.51541
60.339,193.3,-299.2,0.052288,0.25099,-0.58029
157.48,128.59,-296,0.24896,0.12123,-0.57016
242.88,49.747,-261.06,0.41724,-0.03895,-0.49716
297.92,-36.169,-212.81,0.52267,-0.21129,-0.40187
312.76,-130.04,-151.69,0.54903,-0.40187,-0.27617
285.6,-219.7,-73.23,0.48821,-0.58637,-0.11802
236.75,-282.1,10.469,0.38683,-0.71006,0.044181
179.75,-308.05,97.306,0.26517,-0.76479,0.21449
104.17,-290.81,187.75,0.10501,-0.73641,0.3848
19.009,-246.81,256.75,-0.075444,-0.65531,0.51456
-67.474,-196.14,292.78,-0.24981,-0.55799,0.57539
-162.26,-129.75,289.38,-0.44243,-0.4262,0.56119
-245.35,-48.531,254.77,-0.60463,-0.264,0.49023
-298.5,36.749,209.12,-0.706,-0.091663,0.39899
-311.78,130.78,148.54,-0.73033,0.096894,0.27531
-283.19,219.95,69.469,-0.66545,0.27937,0.1192
-235.18,280.63,-13.971,-0.56204,0.40305,-0.045031
-178.84,304.34,-102.34,-0.44445,0.45576,-0.21737
-104.63,285.32,-194.53,-0.28428,0.42129,-0.39174
-21.095,241.23,-264.38,-0.11397,0.34019,-0.52353
67.511,189.64,-299.84,0.070537,0.23882,-0.58232
165.27,123.35,-292.34,0.26315,0.10906,-0.56002
249.16,44.958,-255.25,0.42941,-0.045031,-0.48094
301.27,-40.533,-207.01,0.52876,-0.21939,-0.38971
311.46,-136.62,-146.03,0.54497,-0.41606,-0.264
280.32,-227.3,-69.597,0.47807,-0.60057,-0.11397
229.51,-288.28,13.135,0.37061,-0.72222,0.050263
171.19,-309.23,103.42,0.24287,-0.76682,0.22462
98.981,-287.03,196.17,0.092837,-0.73033,0.40102
18.113,-240.65,266.28,-0.075444,-0.64518,0.53078
-70.894,-188.09,299.55,-0.25792,-0.5438,0.58755
-170.49,-122.65,289.71,-0.45459,-0.41404,0.56525
-254.76,-45.865,250.38,-0.62084,-0.25792,0.48212
-305.64,39.839,201.46,-0.71816,-0.087606,0.3848
-313.64,136.77,140.66,-0.73236,0.11514,0.26517
-280.47,227.31,64.491,-0.65937,0.29356,0.10906
-228.71,286.81,-18.901,-0.54988,0.41521,-0.053144
-170.47,306.13,-109.63,-0.42823,0.45779,-0.22953
-97.552,283.53,-201.92,-0.27008,0.41724,-0.40796
-14.891,237.39,-270.35,-0.097744,0.33209,-0.53163
74.211,185.49,-302.6,0.080675,0.23476,-0.5884
172.58,117.17,-292.53,0.27937,0.096894,-0.56407
254.25,36.584,-253.25,0.43954,-0.065306,-0.48297
303.25,-49.309,-204.86,0.53484,-0.23562,-0.37957
311.84,-143.88,-141.88,0.547,-0.43229,-0.25589
279.16,-231.31,-60.444,0.47198,-0.60867,-0.093694
227.9,-288.19,24.27,0.36858,-0.72424,0.070537
168.57,-307.25,112.66,0.24085,-0.76479,0.24085
90.299,-284.58,200.99,0.072563,-0.72628,0.40913
5.1377,-239.31,264.94,-0.099775,-0.64314,0.52876
-81.227,-188.3,296.08,-0.27617,-0.54583,0.58349
-177.15,-117.67,286.22,-0.46675,-0.40187,0.55917
-256.58,-34.99,247.2,-0.6249,-0.23359,0.47807
-303.78,50.007,201.13,-0.71411,-0.067331,0.3848
-310.29,144.93,138.24,-0.72222,0.12528,0.25707
-276.51,231.49,56.706,-0.64923,0.3037,0.094869
-226.57,286.48,-27.795,-0.54583,0.41521,-0.071387
-167.47,303.01,-118.15,-0.42012,0.45171,-0.24373
-90.616,278.6,-208.14,-0.25386,0.40913,-0.41809
-6.799,233.38,-272.5,-0.083556,0.32803,-0.53366
82.137,181.31,-301.7,0.098925,0.22666,-0.58637
180.41,111.48,-288.71,0.29356,0.084731,-0.55394
260.48,31.583,-247.59,0.45171,-0.073419,-0.47081
306.43,-54.381,-198.47,0.53889,-0.24981,-0.37146
309.53,-151.46,-135.7,0.53889,-0.44445,-0.24373
273.24,-239.21,-57.235,0.45374,-0.62084,-0.087606
220.8,-293.97,26.959,0.35236,-0.73236,0.076619
159.75,-307.41,119.29,0.2226,-0.76479,0.25504
84.921,-279.58,209.86,0.062425,-0.71614,0.42535
3.2977,-232.11,273.9,-0.10586,-0.62895,0.54497
-86.157,-179.29,301.29,-0.29239,-0.52758,0.59161
-185.92,-111.21,285.53,-0.48906,-0.39174,0.55308
-266.13,-32.631,242.6,-0.64314,-0.22953,0.46996
-310.43,54.112,192.66,-0.7283,-0.053144,0.36858
-310.83,152.15,129.86,-0.72424,0.14352,0.23882
-273.28,239.01,52.083,-0.64314,0.31789,0.084731
-220.58,292.52,-32.182,-0.53366,0.42738,-0.075444
-159.22,304.48,-125.15,-0.40187,0.45576,-0.25792
-82.902,275.77,-215.36,-0.23967,0.40711,-0.43026
0.18376,228.7,-277.59,-0.067331,0.31789,-0.54177
89.733,176.14,-303.97,0.11514,0.21246,-0.59043
187.8,104.97,-288.23,0.31181,0.072563,-0.55394
265.22,22.901,-245.77,0.46387,-0.093694,-0.46878
308.11,-63.534,-195.99,0.54294,-0.26806,-0.36741
308.84,-159.29,-129.78,0.53889,-0.46067,-0.23359
271.9,-242.42,-47.28,0.45779,-0.62895,-0.071387
220.12,-293.82,36.796,0.35033,-0.73641,0.094869
156.99,-305.95,127.08,0.21652,-0.76479,0.26721
74.966,-276.82,213.54,0.046206,-0.71411,0.42941
-9.7478,-230.77,271.76,-0.13424,-0.6249,0.53889
-96.797,-178.49,297.19,-0.30861,-0.52149,0.58349
-192.08,-104.65,281.88,-0.50122,-0.37349,0.547
-267.12,-21.449,240.45,-0.64923,-0.20926,0.4659
-308.31,64.161,192.61,-0.72628,-0.036919,0.36656
-306.68,160.39,125.8,-0.71614,0.15772,0.23274
-269.17,242.41,43.803,-0.63301,0.32803,0.068513
-219.21,291.81,-40.274,-0.52758,0.42535,-0.093694
-156.24,301.48,-132.89,-0.39782,0.45171,-0.27414
-75.919,271.05,-220.67,-0.22548,0.39697,-0.44039
8.2046,224.81,-279.06,-0.059225,0.31181,-0.54583
98.485,171.07,-301.85,0.13339,0.20435,-0.58435
195.58,98.768,-283.47,0.32398,0.0604,-0.5438
270.88,18.23,-240.39,0.46996,-0.10383,-0.45459
310.75,-68.818,-189.91,0.547,-0.27617,-0.35321
305.51,-167.45,-123.62,0.52876,-0.47892,-0.22143
265.43,-250.49,-44.544,0.44157,-0.6472,-0.063281
213.3,-299.25,39.32,0.33614,-0.74857,0.098925
149.18,-305.64,133.97,0.2003,-0.76479,0.28342
71.12,-272.29,222.12,0.034044,-0.70397,0.44968
-11.494,-223.5,280.27,-0.13424,-0.61071,0.56119
-103.38,-168.51,300.49,-0.32482,-0.50325,0.58958
-201.16,-98.118,279.47,-0.51744,-0.36335,0.54294
-276.44,-19.467,235.19,-0.66342,-0.20521,0.45171
-314.61,68.549,184.35,-0.73641,-0.026781,0.35236
-306.33,168.34,117.83,-0.71411,0.17597,0.21246
-264.88,250.43,39.108,-0.6249,0.34223,0.0604
-213.19,297.54,-44.662,-0.51744,0.43752,-0.10383
-148.79,302.85,-139.68,-0.3816,0.45576,-0.28833
-69.267,268.95,-227.13,-0.21331,0.39494,-0.45053
14.692,220.57,-283.8,-0.03895,0.3037,-0.55596
106.84,164.75,-302.95,0.14961,0.19219,-0.58637
202.83,90.936,-281.77,0.33817,0.044181,-0.53771
275.06,9.3369,-238.34,0.48212,-0.12005,-0.45256
312.31,-77.854,-187.53,0.54903,-0.29644,-0.34916
304.48,-175.07,-116.75,0.52876,-0.49514,-0.20521
263.31,-253.41,-33.669,0.43954,-0.65328,-0.043006
212.47,-298.68,49.205,0.33411,-0.74452,0.12123
145.81,-304.23,140.9,0.19219,-0.76074,0.29762
61.118,-270.35,224.36,0.017825,-0.69789,0.45374
-23.407,-223.01,277.87,-0.15857,-0.61273,0.54903
-113.76,-166.62,296.29,-0.34308,-0.50122,0.58147
-206.73,-89.955,275.3,-0.52961,-0.3451,0.53484
-276.41,-7.837,233.54,-0.66545,-0.18088,0.44562
-312.27,78.551,184.24,-0.73033,-0.0065062,0.34831
-302.15,176.05,112.69,-0.706,0.19016,0.20638
-260.66,253.14,30.167,-0.61881,0.34831,0.04215
-211.42,296.46,-53.131,-0.51339,0.43752,-0.12005
-144.99,299.26,-147.33,-0.37146,0.44766,-0.30049
-62.756,264.7,-231.57,-0.19912,0.3848,-0.45864
21.887,217.15,-284.86,-0.024756,0.29762,-0.55799
115.85,159.37,-300.17,0.16583,0.18205,-0.58029
210.26,84.307,-276.18,0.35439,0.029988,-0.52555
279.92,4.5716,-232.77,0.48821,-0.13424,-0.44039
314.01,-83.869,-181.04,0.55106,-0.30658,-0.33496
300.82,-183.11,-111.07,0.51862,-0.50933,-0.19304
256.38,-261.53,-31.427,0.42738,-0.66545,-0.036919
204.83,-303.61,52.696,0.31586,-0.75466,0.12731
138.09,-302.67,148.8,0.17597,-0.76074,0.31181
58.782,-265.73,233.02,0.0097125,-0.69383,0.46793
-24.775,-216.16,285.96,-0.16668,-0.60057,0.56727
-120.46,-157.21,298.84,-0.35727,-0.485,0.58553
-215.76,-83.846,271.83,-0.54583,-0.33496,0.5247
-284.98,-5.3836,226.98,-0.68167,-0.17479,0.43752
-317.11,83.93,174.94,-0.73844,0.0056562,0.33006
-301.54,183.72,105.42,-0.70397,0.20841,0.19016
-255.91,261.16,26.416,-0.60867,0.36452,0.034044
-204.25,301.58,-58.462,-0.49919,0.44766,-0.13221
-137.35,299.38,-154.76,-0.35524,0.44968,-0.31874
-57.094,262.51,-237.63,-0.18898,0.38074,-0.47081
27.619,213.68,-289.3,-0.014619,0.28951,-0.5661
123.26,153.5,-301.7,0.18205,0.16989,-0.58435
216.77,76.357,-274.43,0.36656,0.01985,-0.52149
283.22,-4.8646,-230.32,0.49631,-0.15046,-0.43634
314.67,-93.305,-177.57,0.55308,-0.32686,-0.32686
299.85,-189.84,-103.61,0.51456,-0.52353,-0.18088
254.91,-263.56,-20.741,0.42535,-0.67356,-0.016644
203.42,-302.74,62.816,0.31384,-0.75263,0.14758
133.23,-300.55,155.74,0.16583,-0.75669,0.326
48.827,-263.86,234.18,-0.010563,-0.68775,0.47198
-35.532,-216.38,283.22,-0.1829,-0.60057,0.56119
-129.21,-155.25,295.28,-0.37349,-0.48094,0.57741
-220.1,-75.282,268.19,-0.55394,-0.31672,0.51862
-284.13,6.2937,225.73,-0.67964,-0.15452,0.43346
-314.11,94.263,174.05,-0.73438,0.025931,0.326
-297.69,190.39,99.641,-0.69383,0.22057,0.18002
-253.06,262.89,17.617,-0.60259,0.36858,0.017825
-202.13,300.21,-67.073,-0.49311,0.44562,-0.14843
-132.44,295.28,-162.52,-0.34308,0.44157,-0.32888
-50.89,258.15,-241.62,-0.17479,0.37264,-0.48094
34.461,210.28,-290,0.0016,0.28342,-0.56812
131.42,148.31,-298.78,0.19827,0.15975,-0.57624
223.51,70.648,-269.15,0.38074,0.0097125,-0.51744
287.3,-9.913,-224.47,0.50239,-0.15452,-0.42417
314.79,-100.26,-170.21,0.55308,-0.3451,-0.31266
295.68,-197.5,-98.306,0.50848,-0.54177,-0.16871
248.85,-271.13,-19.396,0.41116,-0.68978,-0.012594
195.28,-307.11,66.945,0.29762,-0.76074,0.15569
125.78,-297.95,164.26,0.15164,-0.75061,0.34019
47.483,-258.72,243.4,-0.016644,-0.67964,0.49023
-37.49,-208.97,290.84,-0.18696,-0.58435,0.57336
-135.84,-146.74,297.16,-0.38565,-0.46067,0.58147
-228.57,-71.295,265.29,-0.57218,-0.31063,0.51456
-291.84,9.101,218.91,-0.69181,-0.14641,0.42129
-316.99,100.99,163.62,-0.73844,0.0381,0.30978
-295.85,197.92,92.588,-0.69181,0.23476,0.16583
-248.63,270.51,14.314,-0.59246,0.38074,0.013769
-194.79,304.97,-72.711,-0.47892,0.45576,-0.15857
-124.75,294.43,-170.16,-0.32686,0.43954,-0.34308
-45.369,255.22,-247.96,-0.1606,0.37061,-0.49108
40.429,206.22,-294.04,0.011738,0.27531,-0.57624
138.24,142.72,-299.98,0.21246,0.15164,-0.58029
228.8,63.689,-268.37,0.38886,-0.034894,-0.51339
289.87,-18.83,-222.58,0.50645,-0.17682,-0.42012
314.34,-109.96,-165.68,0.55106,-0.36335,-0.30253
293.96,-203.45,-89.837,0.50239,-0.55191,-0.15046
247.88,-272.29,-8.4504,0.40913,-0.68978,0.0056562
194.03,-306.09,76.664,0.29356,-0.76074,0.17394
119.83,-295.88,170.37,0.13744,-0.74655,0.35033
36.631,-256.55,243.97,-0.03895,-0.67153,0.48821
-48.059,-208.76,287.7,-0.21129,-0.58435,0.56931
-143.39,-144.36,293.41,-0.40187,-0.45864,0.57133
-231.45,-62.944,262.44,-0.57826,-0.29239,0.50645
-290.52,19.835,218.51,-0.68978,-0.12411,0.41927
-313.29,111.13,161.97,-0.73236,0.058375,0.3037
-291.61,203.84,85.864,-0.67964,0.24896,0.14961
-246.36,271.14,5.3501,-0.5884,0.3848,-0.0065062
-192.83,303.08,-81.274,-0.47486,0.45171,-0.17682
-119.7,290.46,-176.89,-0.31874,0.43346,-0.35727
-38.858,250.97,-251.48,-0.15046,0.36047,-0.49716
47.553,202.21,-294.32,0.021875,0.26721,-0.57624
145.93,137.6,-296.47,0.22666,0.13744,-0.57016
234.7,59.349,-263.44,0.40305,-0.018675,-0.50122
293.37,-23.242,-217.18,0.51456,-0.18493,-0.40796
312.97,-117.25,-158.49,0.54903,-0.37754,-0.29036
288.72,-211.05,-84.931,0.49631,-0.5661,-0.14235
241.47,-279.03,-6.7518,0.38886,-0.706,0.0097125
185.63,-309.25,81.547,0.27734,-0.76479,0.18407
113.98,-293.12,178.41,0.12528,-0.74249,0.36656
35.805,-251.06,253.36,-0.03895,-0.66545,0.50848
-50.89,-200.52,294.97,-0.21939,-0.56812,0.58147
-150.54,-136.36,294.12,-0.42012,-0.44039,0.57133
-239.45,-60.774,259.61,-0.59246,-0.28833,0.50443
-297.93,21.911,211.98,-0.706,-0.12005,0.40507
-314.94,117.55,152.48,-0.73438,0.076619,0.28342
-288.59,211.04,79.33,-0.67559,0.26315,0.13744
-240.98,277.84,1.3397,-0.57624,0.39697,-0.016644
-185.17,306.67,-87.455,-0.45864,0.45982,-0.19101
-113.24,290.04,-183.87,-0.30658,0.43346,-0.36943
-33.503,247.86,-257.61,-0.13829,0.35642,-0.51136
54.017,197.64,-297.91,0.04215,0.25707,-0.58029
152.58,131.77,-296.75,0.23882,0.12731,-0.57016
239.15,52.956,-262.76,0.40913,-0.028813,-0.50122
295.68,-31.192,-215.76,0.51862,-0.19912,-0.4039
312.73,-125.29,-154.57,0.54497,-0.39174,-0.28225
286.95,-215.69,-76.462,0.49226,-0.57624,-0.12613
240.17,-279.17,4.5244,0.39088,-0.706,0.034044
184,-307.6,91.101,0.27329,-0.76479,0.2003
107.92,-291.7,183.06,0.11311,-0.73844,0.37872
24.647,-249.76,252.88,-0.06125,-0.66139,0.50645
-61.364,-200.12,291.38,-0.23562,-0.5661,0.57539
-157.33,-133.13,290.11,-0.43026,-0.43229,0.56525
-241.34,-52.329,256.82,-0.59449,-0.27211,0.49834
-296.16,31.653,212.1,-0.706,-0.10383,0.40305
-311.59,125.99,151.23,-0.7283,0.088788,0.2814
-284.7,215.61,73.007,-0.66748,0.26923,0.12528
-238.81,277.65,-7.6719,-0.57218,0.39494,-0.032869
-182.85,303.93,-95.995,-0.45459,0.45374,-0.20318
-108.57,286.41,-189.37,-0.30253,0.42738,-0.3816
-27.158,244.46,-260.33,-0.12613,0.34831,-0.51339
61.212,193.51,-297.69,0.058375,0.25099,-0.58029
160.03,126.58,-292.98,0.25504,0.11311,-0.56407
244.65,49.11,-257.71,0.41724,-0.03895,-0.49108
298.86,-35.013,-210.43,0.52267,-0.20723,-0.39579
311.18,-131.71,-148.65,0.54294,-0.4039,-0.27008
281.83,-222.53,-73.277,0.48009,-0.58637,-0.12005
233.3,-285.19,6.506,0.38074,-0.71411,0.036069
175.22,-309.11,96.692,0.25504,-0.76682,0.21246
103.32,-288.61,190.61,0.10501,-0.73438,0.39291
24.694,-244.31,262.08,-0.06125,-0.65126,0.5247
-64.548,-191.84,298.04,-0.24576,-0.54988,0.58755
-164.86,-125.72,290.35,-0.44851,-0.42215,0.56322
-249.66,-50.724,253.26,-0.61476,-0.26806,0.48821
-303.14,33.706,205.11,-0.71208,-0.097744,0.39088
-313.36,131.42,143.24,-0.7283,0.10298,0.27126
-282.22,222.15,68.455,-0.66342,0.28545,0.11717
-232.73,283.6,-11.965,-0.55799,0.40913,-0.040975
-174.69,306.03,-102.74,-0.43634,0.45982,-0.21534
-102.6,285.51,-195.78,-0.28428,0.42333,-0.39579
-22.133,241.42,-266.04,-0.11599,0.34223,-0.52353
67.605,189.07,-301,0.068513,0.24085,-0.59043
166.64,120.66,-293.14,0.26721,0.10501,-0.56407
248.94,42.387,-256.41,0.42738,-0.053144,-0.48702
300.61,-42.869,-208.69,0.52876,-0.22548,-0.39174
311.46,-138.32,-144.92,0.54497,-0.41809,-0.26198
281.08,-225.88,-65.469,0.47807,-0.59449,-0.10383
231.98,-284.81,17.31,0.37466,-0.71614,0.058375
173.13,-306.94,105.75,0.24896,-0.76277,0.23071
96.48,-286.98,194.47,0.088788,-0.73033,0.39494
13.064,-243.62,260.62,-0.085581,-0.64923,0.51862
-74.48,-191.91,294.4,-0.26603,-0.55191,0.58147
-170.89,-121.78,286.69,-0.45661,-0.41201,0.55917
-250.91,-41.477,250.48,-0.61679,-0.24981,0.48415
-300.93,43.236,205,-0.71006,-0.077469,0.39088
-310.03,138.78,141.63,-0.72424,0.11514,0.26315
-278.87,225.52,62.321,-0.65531,0.28951,0.10703
-230.89,282.96,-20.34,-0.55596,0.40711,-0.057194
-172.26,302.83,-110.67,-0.42823,0.44968,-0.23359
-97.386,281.48,-200.95,-0.27008,0.41521,-0.4039
-15.527,238.09,-267.9,-0.1018,0.33411,-0.52758
74.612,185.27,-300.24,0.0827,0.23476,-0.58435
173.36,115.89,-289.58,0.2814,0.096894,-0.55596
254.42,38.518,-251.15,0.44157,-0.06125,-0.47892
303.44,-47.044,-202.69,0.53281,-0.23359,-0.37754
309.41,-144.5,-139.33,0.54092,-0.43229,-0.25184
276.14,-232.51,-63.369,0.46996,-0.60665,-0.10383
225.31,-290.26,19.009,0.3625,-0.72628,0.0604
164.61,-307.37,111.29,0.23274,-0.76479,0.23882
92.375,-283.07,202.05,0.07865,-0.72628,0.41319
12.828,-237.42,269.33,-0.087606,-0.64112,0.53484
-77.901,-183.68,300.14,-0.27414,-0.53771,0.58755
-177.95,-115.95,286.93,-0.47284,-0.39984,0.55917
-259.48,-40.085,246.56,-0.63098,-0.24576,0.47604
-307.32,46.162,197.07,-0.72222,-0.071387,0.37466
-311.26,144.18,134.13,-0.72424,0.12731,0.26517
-276.82,231.87,58.948,-0.65126,0.3037,0.098925
-225.11,288.55,-24.044,-0.5438,0.41927,-0.063281
-164.24,304.24,-116.85,-0.41404,0.45374,-0.24373
-91.418,279.73,-207.11,-0.25994,0.41116,-0.41404
-10.054,234.6,-272.92,-0.089638,0.33006,-0.53974
80.84,180.96,-302.88,0.094869,0.22666,-0.5884
179.19,110.8,-289.93,0.29559,0.0827,-0.55799
258.33,31.158,-249.85,0.44766,-0.075444,-0.47284
304.74,-55.23,-200.57,0.53484,-0.24981,-0.37754
309.53,-150.51,-135.34,0.53889,-0.44445,-0.24373
275.79,-235.01,-55.443,0.46996,-0.61273,-0.083556
224.72,-289.65,28.587,0.35844,-0.73033,0.080675
162.77,-305.6,118.61,0.22868,-0.76277,0.25301
84.614,-281.18,205.14,0.064456,-0.72019,0.41724
0.84428,-236.78,267.06,-0.10991,-0.63504,0.53281
-87.36,-183.87,296.24,-0.29239,-0.53366,0.58349
-182.88,-111.8,283.93,-0.48094,-0.39174,0.55511
-259.95,-30.319,244.42,-0.62895,-0.22751,0.47401
-304.79,55.433,197.09,-0.71816,-0.053144,0.37466
-307.86,150.79,132.29,-0.71816,0.13947,0.24287
-273.65,234.51,52.578,-0.6472,0.30978,0.084731
-223.81,287.59,-31.711,-0.54177,0.41927,-0.077469
-162.43,301.46,-123.43,-0.40796,0.44968,-0.25589
-86.039,275.74,-211.68,-0.24778,0.40102,-0.42215
-3.0009,231.04,-274.17,-0.077469,0.31992,-0.53569
87.94,177.04,-301.35,0.11109,0.21652,-0.58435
185.39,106.48,-286.39,0.30573,0.076619,-0.54988
263.38,27.69,-245.18,0.45779,-0.081525,-0.46675
307.17,-59.453,-194.7,0.53889,-0.25792,-0.36538
307.17,-156.69,-130.46,0.53686,-0.45661,-0.23359
270.79,-241.71,-53.956,0.45374,-0.62692,-0.083556
218.3,-294.89,30.262,0.34628,-0.73844,0.084731
155.48,-305.88,123.75,0.21449,-0.76479,0.26315
81.429,-277.24,212.69,0.056344,-0.71208,0.43143
-0.028579,-229.94,275.27,-0.11194,-0.6249,0.547
-91.583,-175.07,300.54,-0.30049,-0.51744,0.58958
-190.07,-106.96,283.39,-0.49514,-0.37957,0.55106
-268.56,-29.587,240.66,-0.6472,-0.22751,0.46387
-310.9,58.641,189.19,-0.73033,-0.045031,0.36047
-308.52,156.66,125.4,-0.72019,0.15164,0.23274
-271.11,241.04,49.464,-0.64112,0.32195,0.07865
-218.38,293.11,-35.084,-0.52961,0.43143,-0.083556
-155.75,303.2,-128.76,-0.39579,0.45374,-0.26603
-80.283,274.09,-217.44,-0.23764,0.40305,-0.43837
3.0618,226.94,-278.7,-0.063281,0.31384,-0.54785
94.546,172.11,-303.12,0.12325,0.20638,-0.58637
191.17,101.32,-286.32,0.31586,0.064456,-0.54988
267.09,20.283,-244.12,0.46387,-0.097744,-0.46067
308.42,-67.497,-192.83,0.54294,-0.27617,-0.35929
306.86,-162.78,-125.93,0.53281,-0.46473,-0.22548
270.01,-243.81,-45.181,0.45374,-0.63301,-0.065306
218.07,-294.13,39.226,0.34628,-0.73844,0.098925
154.06,-304.96,129.72,0.21044,-0.76479,0.27329
73.125,-275.71,214.83,0.040125,-0.70803,0.43549
-12.13,-229.23,272.7,-0.13627,-0.62287,0.54092
-100.92,-174.79,296.39,-0.31672,-0.53974,0.58147
-194.6,-101.73,280.32,-0.50325,-0.37146,0.54497
-268.42,-19.278,239.08,-0.64923,-0.20318,0.46184
-308.36,67.652,189.69,-0.72628,-0.030838,0.35844
-305.01,163.15,122.62,-0.71411,0.1638,0.2226
-267.73,243.42,42.222,-0.63098,0.32803,0.064456
-217.25,291.9,-42.468,-0.52353,0.42738,-0.099775
-153.84,300.44,-134.92,-0.39174,0.44968,-0.27819
-74.952,270.29,-221.5,-0.22751,0.39494,-0.44243
10.092,223.42,-279.62,-0.049087,0.30573,-0.54785
102.09,167.75,-300.95,0.13947,0.2003,-0.58029
197.52,96.504,-282.15,0.326,0.054319,-0.53974
271.87,16.485,-239.17,0.47604,-0.10586,-0.45256
310.45,-71.932,-187.08,0.547,-0.28631,-0.34916
303.96,-169.41,-121.24,0.52673,-0.48094,-0.21939
264.3,-251.08,-43.647,0.4436,-0.6472,-0.06125
211.44,-299.11,41.208,0.33209,-0.74857,0.10703
147.48,-304.65,135.4,0.2003,-0.76074,0.28545
70.908,-271.93,222.5,0.0381,-0.70397,0.45171
-13.05,-222.27,280.6,-0.14033,-0.61273,0.55511
-106.16,-165.75,299.57,-0.32888,-0.49919,0.58755
-202.39,-96.561,278.41,-0.51947,-0.36133,0.54092
-277.05,-18.122,234.11,-0.66342,-0.20115,0.44968
-314.11,71.144,181.71,-0.73438,-0.022731,0.34628
-305.1,169.47,116.25,-0.71208,0.17799,0.21044
-264.05,250.62,38.731,-0.62287,0.34223,0.058375
-211.47,297.19,-46.172,-0.51541,0.43549,-0.10788
-147.68,302.02,-140.34,-0.37754,0.45171,-0.28631
-69.715,269.02,-227.04,-0.21331,0.39494,-0.44851
15.871,219.5,-283.92,-0.036919,0.29964,-0.55799
108.89,162.58,-302.22,0.15569,0.18813,-0.58435
203.39,90.087,-281.2,0.34019,0.04215,-0.53974
275.39,8.4168,-237.54,0.48009,-0.11802,-0.45053
311.67,-79.882,-185.14,0.55106,-0.30049,-0.34308
303.56,-175.38,-115.88,0.5247,-0.49514,-0.20521
262.91,-253.08,-33.692,0.43954,-0.65328,-0.043006
211.08,-298.12,50.196,0.33209,-0.74655,0.12123
145.34,-303.73,140.92,0.19219,-0.76074,0.29762
62.179,-270.75,223.94,0.01985,-0.70194,0.45171
-24.256,-222.16,277.87,-0.16263,-0.61071,0.55106
-114.89,-165.11,295.7,-0.34308,-0.49716,0.57944
-206.66,-89.814,274.99,-0.52353,-0.3451,0.53078
-276.34,-7.2236,232.95,-0.66139,-0.17884,0.44562
-311.61,79.943,182.49,-0.7283,-0.0044813,0.34425
-301.75,175.74,112.57,-0.706,0.19016,0.20435
-260.56,252.65,30.663,-0.61476,0.34628,0.04215
-210.38,295.84,-53.626,-0.50933,0.43549,-0.12208
-145.18,298.96,-146.71,-0.37146,0.44562,-0.30049
-64.077,265.34,-230.93,-0.20115,0.3848,-0.46067
22.524,216.46,-284.81,-0.024756,0.29154,-0.55596
116.39,158.36,-299.82,0.16583,0.18002,-0.58029
209.86,84.661,-276.32,0.35236,0.032012,-0.52961
279.71,4.2178,-232.25,0.48617,-0.13221,-0.44039
313.23,-84.6,-179.69,0.54903,-0.30861,-0.33091
300.61,-182.29,-111.56,0.52064,-0.50528,-0.19507
256.64,-260.85,-32.277,0.42941,-0.66951,-0.03895
204.19,-303.03,52.814,0.31789,-0.75669,0.12934
138.85,-302.72,147.74,0.17799,-0.75669,0.30978
60.339,-266.53,232.12,0.013769,-0.69383,0.46996
-25.176,-215.48,285.77,-0.1606,-0.60057,0.56931
-120.41,-156.79,298.58,-0.35524,-0.47892,0.58553
-214.99,-84.718,272.23,-0.5438,-0.33699,0.52876
-284.62,-5.2185,226.63,-0.67964,-0.17479,0.43346
-316.47,84.142,174.07,-0.74047,0.0056562,0.32803
-301.68,182.42,106.51,-0.70397,0.20435,0.19421
-256.22,260.34,27.218,-0.60867,0.36047,0.0381
-203.92,300.99,-58.132,-0.49716,0.44562,-0.12816
-138.67,299.69,-153.13,-0.35929,0.44968,-0.31266
-58.745,263.41,-236.74,-0.19101,0.38277,-0.46878
27.903,212.97,-289.01,-0.010563,0.28951,-0.56407
122.78,153.38,-301.54,0.18002,0.17394,-0.58435
215.82,77.49,-274.95,0.36656,0.017825,-0.52758
282.77,-4.7938,-229.92,0.49226,-0.14843,-0.43229
313.98,-92.975,-177.12,0.55106,-0.32686,-0.32888
300.16,-188.16,-105.1,0.51862,-0.51744,-0.1829
255.31,-262.54,-21.685,0.42535,-0.67153,-0.016644
203.49,-302.13,62.062,0.31586,-0.75061,0.14352
135.07,-301.14,153.83,0.17191,-0.75466,0.31992
50.479,-264.81,233.23,-0.0065062,-0.69181,0.46996
-35.815,-215.76,282.82,-0.18493,-0.60057,0.55917
-128.27,-155.77,295.21,-0.36943,-0.47892,0.57944
-218.97,-76.674,268.83,-0.55191,-0.32078,0.52064
-283.56,6.2229,225.47,-0.67559,-0.15046,0.43143
-313.66,93.531,174.14,-0.73236,0.023906,0.32803
-298.21,188.65,101.41,-0.69789,0.21652,0.18205
-253.23,261.85,18.584,-0.60057,0.36452,0.021875
-202.48,299.5,-65.94,-0.49514,0.4436,-0.14235
-134.78,295.91,-160.23,-0.34916,0.43954,-0.32482
-52.47,259.18,-240.7,-0.17682,0.37669,-0.47689
34.555,209.78,-290.12,0.0016,0.28342,-0.56812
130.1,149.16,-298.92,0.19219,0.16178,-0.57826
222.24,72.135,-269.83,0.37669,0.013769,-0.51541
286.62,-9.7242,-224.14,0.50239,-0.1606,-0.42215
314.38,-98.943,-170.63,0.55308,-0.33699,-0.31672
296.46,-195.55,-100.36,0.50848,-0.53366,-0.17479
249.13,-270.14,-20.293,0.41116,-0.68369,-0.018675
196.01,-306.49,65.459,0.29964,-0.76277,0.15164
128.4,-299.04,161.78,0.15772,-0.75263,0.33817
48.898,-259.62,242.39,-0.010563,-0.68167,0.48821
-37.372,-208.66,290.44,-0.18898,-0.58232,0.57539
-134.26,-147.92,297.52,-0.38362,-0.46675,0.58147
-227.3,-72.687,266.12,-0.56812,-0.31266,0.51456
-291.21,9.0066,218.56,-0.69181,-0.14641,0.41927
-316.8,99.24,164.49,-0.73641,0.036069,0.30978
-296.84,195.84,94.947,-0.69181,0.23071,0.16786
-248.91,269.42,15.258,-0.59246,0.37872,0.013769
-195.78,304.48,-71.012,-0.48094,0.45171,-0.15452
-127.61,295.7,-167.54,-0.33496,0.4436,-0.34105
-46.69,256.19,-247.02,-0.16668,0.36656,-0.48702
40.075,206.18,-293.68,0.011738,0.27531,-0.57421
136.51,144.18,-300.43,0.20638,0.15366,-0.58029
227.57,65.128,-269.13,0.38683,-0.0065062,-0.51339
289.17,-18.783,-222.06,0.50645,-0.17479,-0.42012
314.29,-107.95,-166.98,0.55106,-0.35929,-0.30455
295.13,-201.35,-92.362,0.50645,-0.54583,-0.15857
248.24,-271.32,-9.4175,0.40913,-0.68775,0.0036313
195.3,-305.79,74.73,0.29762,-0.76277,0.16989
123,-297.22,167.89,0.1415,-0.75061,0.35033
37.834,-257.4,243.19,-0.034894,-0.67559,0.48821
-47.516,-208.95,287.33,-0.21129,-0.58232,0.56931
-141.55,-146.12,294.03,-0.39782,-0.46067,0.57133
-230.44,-64.242,263.22,-0.57421,-0.29644,0.50848
-290.45,19.764,218.11,-0.68978,-0.12613,0.41927
-313.45,108.89,163.55,-0.73236,0.056344,0.30573
-292.83,201.83,88.318,-0.68572,0.24287,0.15569
-246.67,270.25,6.2701,-0.58637,0.38074,-0.0024563
-194.37,302.92,-79.151,-0.47689,0.45171,-0.17074
-122.79,292,-174.55,-0.32482,0.43346,-0.35524
-39.826,251.75,-250.87,-0.15249,0.3625,-0.49716
46.893,202.59,-294.06,0.017825,0.26721,-0.57218
144.11,139.44,-297.25,0.2226,0.14352,-0.57624
233.8,60.292,-264.08,0.39899,-0.014619,-0.50528
292.82,-23.029,-217.01,0.51456,-0.18493,-0.40998
313.46,-115.1,-160.21,0.54903,-0.37146,-0.29644
290.13,-209.28,-87.195,0.49631,-0.56204,-0.14235
241.99,-278.37,-7.719,0.39697,-0.69789,0.0076813
187.4,-309.42,79.306,0.28342,-0.77088,0.18002
116.79,-294.65,176.43,0.12934,-0.74452,0.36656
36.442,-251.72,252.96,-0.036919,-0.66748,0.50645
-50.205,-201.02,294.97,-0.21737,-0.56812,0.58147
-148.93,-138.13,295.16,-0.41404,-0.44445,0.57741
-238.95,-61.387,260.22,-0.59043,-0.29036,0.50443
-297.55,21.84,211.84,-0.70194,-0.12411,0.40507
-315.5,115.59,154.21,-0.73438,0.066481,0.28951
-289.86,209.74,81.193,-0.67761,0.25909,0.1415
-241.48,277.37,2.1182,-0.58232,0.39899,-0.014619
-187.05,307.02,-85.355,-0.4627,0.46184,-0.18493
-115.72,291.48,-182.27,-0.31063,0.43143,-0.37146
-33.598,248.12,-257.59,-0.13627,0.35439,-0.50933
53.475,198.15,-298.05,0.04215,0.25909,-0.58232
151.33,133.47,-297.79,0.23882,0.12934,-0.57218
238.87,53.192,-263.11,0.40711,-0.032869,-0.50122
295.44,-31.168,-215.69,0.51862,-0.19912,-0.40593
313.37,-123.74,-156.24,0.55106,-0.39174,-0.28428
287.96,-214.94,-77.806,0.49429,-0.57218,-0.12816
240.62,-279.08,3.9582,0.39291,-0.70803,0.029988
185.96,-308.19,89.308,0.27734,-0.76479,0.2003
109.9,-292.93,182.16,0.11514,-0.74249,0.37466
24.27,-249.83,253.12,-0.06125,-0.66342,0.50645
-60.963,-200.76,291.69,-0.23764,-0.57016,0.57539
-156.53,-134.57,291.12,-0.43026,-0.43837,0.56525
-241.62,-52.022,256.97,-0.59449,-0.27008,0.49631
-296.18,31.889,211.98,-0.70194,-0.099775,0.40711
-312.2,124.81,152.65,-0.7283,0.0827,0.28748
-285.24,215.33,73.597,-0.66748,0.27329,0.12731
-239.17,277.75,-7.436,-0.57218,0.40102,-0.034894
-184.77,304.76,-94.532,-0.45661,0.45576,-0.20521
-109.82,287.47,-189.22,-0.29644,0.42738,-0.38362
-26.285,244.18,-260.96,-0.12208,0.34831,-0.51541
61.118,194.07,-298.24,0.056344,0.24896,-0.58029
159.87,127.55,-293.82,0.25504,0.11717,-0.5661
245.34,48.332,-257.45,0.42129,-0.040975,-0.48906
299.12,-35.438,-210.24,0.5247,-0.20926,-0.39782
311.88,-131.05,-149.88,0.54497,-0.40187,-0.27414
282.11,-222.91,-73.183,0.48009,-0.59043,-0.12208
233.56,-285.54,6.5768,0.38074,-0.72019,0.040125
176.97,-310.06,95.772,0.25707,-0.76885,0.21652
103.89,-289.41,191.2,0.10501,-0.73438,0.39291
23.161,-243.81,263.1,-0.065306,-0.65126,0.52673
-64.926,-192.24,298.84,-0.24373,-0.54988,0.59161
-165.42,-126.12,291.05,-0.44851,-0.42012,0.56727
-250.87,-49.167,252.58,-0.61476,-0.26603,0.48617
-303.71,34.484,204.88,-0.71411,-0.095719,0.39088
-314.11,131.37,144.13,-0.73236,0.10095,0.26923
-282.05,223.09,67.7,-0.66545,0.28545,0.11514
-232.73,284.24,-12.508,-0.56002,0.40913,-0.040975
-176.04,307,-102.43,-0.43634,0.45779,-0.21534
-102.32,285.98,-197.06,-0.28225,0.42535,-0.39376
-20.246,240.69,-267.43,-0.10991,0.34019,-0.52555
68.455,189.28,-301.94,0.068513,0.23882,-0.5884
167.89,120.4,-293.61,0.27126,0.10501,-0.56407
250.57,40.052,-255.3,0.43549,-0.055169,-0.48297
301.46,-43.93,-208.36,0.52876,-0.22953,-0.39174
312.26,-138.93,-145.3,0.547,-0.41606,-0.26198
280.67,-227.39,-64.053,0.47807,-0.60057,-0.1018
231.87,-285.71,18.183,0.37466,-0.71816,0.056344
174.05,-307.86,106.22,0.25301,-0.76682,0.23071
95.253,-286.96,196.41,0.0827,-0.73033,0.40102
10.611,-242.73,262.27,-0.091663,-0.64923,0.52267
-75.825,-191.94,295.65,-0.26806,-0.55394,0.57944
-172.92,-120.76,287.04,-0.4627,-0.41201,0.55917
-253.06,-38.575,249.04,-0.61881,-0.23967,0.48009
-301.99,44.699,204.52,-0.71208,-0.075444,0.38886
-310.67,140.1,141.54,-0.72424,0.11514,0.26315
-278.16,227.52,60.221,-0.65531,0.29762,0.10095
-230.53,284.26,-21.732,-0.55394,0.41116,-0.059225
-172.62,303.84,-111.97,-0.43026,0.45374,-0.23562
-95.334,281.05,-203.71,-0.26603,0.41521,-0.40796
-12.508,236.94,-269.9,-0.093694,0.33209,-0.52961
76.735,184.9,-301.47,0.088788,0.23476,-0.5884
176.29,114.2,-289.6,0.28545,0.092837,-0.55799
257.06,35.121,-249.47,0.44562,-0.067331,-0.47689
304.83,-49.049,-202.06,0.53686,-0.23764,-0.37754
309.97,-146.71,-138.58,0.53889,-0.43634,-0.24981
275.15,-235.16,-60.845,0.4659,-0.61273,-0.095719
224.88,-291.84,20.825,0.3625,-0.73033,0.064456
164.42,-308.26,113.65,0.23071,-0.76682,0.2449
89.379,-282.12,205.7,0.074594,-0.72019,0.41521
9.1482,-235.86,271.71,-0.095719,-0.63706,0.53889
-80.897,-182.78,301.34,-0.27819,-0.53366,0.58958
-181.82,-113.5,286.52,-0.48094,-0.39579,0.55714
-262.73,-36.193,244.63,-0.63706,-0.2417,0.47198
-308.95,48.922,196.01,-0.72628,-0.063281,0.37466
-311.47,147.44,132.69,-0.72628,0.13339,0.24693
-275.38,235.03,55.904,-0.64923,0.30978,0.092837
-224.47,290.53,-26.355,-0.5438,0.42333,-0.065306
-163.37,305.11,-119.96,-0.41201,0.45779,-0.25184
-87.36,278.2,-211.38,-0.24981,0.40711,-0.42417
-5.6666,232.6,-275.54,-0.0795,0.32398,-0.53974
84.661,179.54,-304.11,0.10095,0.22057,-0.59043
183.93,107.38,-289.22,0.30167,0.07865,-0.55596
261.97,26.723,-247.82,0.45171,-0.085581,-0.47284
306.77,-58.627,-199.16,0.53889,-0.25792,-0.36943
309.38,-154.81,-132.82,0.53686,-0.45053,-0.23764
274.16,-238.6,-51.645,0.46387,-0.62084,-0.0795
223.99,-291.94,31.252,0.35844,-0.73033,0.0827
160.93,-306.47,122.5,0.22462,-0.76682,0.26315
79.4,-279.22,210,0.052288,-0.71614,0.42738
-4.2512,-234.52,270.06,-0.12208,-0.63301,0.53686
-92.126,-181.82,297.52,-0.30049,-0.53163,0.58553
-188.49,-107.27,282.82,-0.49311,-0.37957,0.55106
-264.03,-25.294,242.32,-0.64112,-0.21939,0.4659
-306.96,59.561,195.39,-0.72222,-0.049087,0.37061
-307.39,156.14,128.56,-0.71816,0.15366,0.23476
-271.63,238.75,48.167,-0.63909,0.31789,0.07865
-222.86,290.25,-34.99,-0.53771,0.42129,-0.085581
-159.76,302.05,-128.5,-0.4039,0.45171,-0.26603
-80.071,273.27,-217.32,-0.23359,0.40102,-0.43431
2.7787,228.37,-277.41,-0.06125,0.31181,-0.54177
93.932,174.12,-302.34,0.12325,0.20841,-0.58637
192.07,101.15,-284.65,0.31789,0.064456,-0.54583
267.98,22.147,-242.68,0.46387,-0.093694,-0.46067
309.53,-64.478,-192.5,0.54497,-0.27008,-0.36133
306.15,-163.35,-126,0.53281,-0.46878,-0.22345
268.19,-246.71,-49.026,0.45171,-0.63706,-0.073419
216.91,-297.81,34.272,0.34425,-0.74047,0.092837
152.2,-306.28,129.95,0.20638,-0.76277,0.27937
74.895,-274.39,218.99,0.036069,-0.71208,0.4436
-6.6339,-226.8,278.81,-0.12613,-0.61881,0.55308
-99.132,-171.2,300.99,-0.31672,-0.51136,0.58553
-197.76,-100.52,280.79,-0.51136,-0.36943,0.547
-273.65,-23.454,237.65,-0.65734,-0.21534,0.45982
-313.45,64.444,186.64,-0.73438,-0.034894,0.35439
-306.92,164.4,120,-0.71411,0.16786,0.22057
-267.9,246.73,43.85,-0.63504,0.33209,0.068513
-216.59,296.27,-39.802,-0.52555,0.43346,-0.093694
-151.57,303.42,-135.93,-0.38565,0.45374,-0.28022
-73.017,271.03,-224.14,-0.22143,0.39697,-0.44445
10.233,223.49,-282.48,-0.047056,0.30573,-0.55191
103.16,167.18,-303.4,0.1415,0.19624,-0.58637
199.59,93.484,-283.21,0.33209,0.048238,-0.53974
272.58,13.442,-240.86,0.47604,-0.10991,-0.45256
311.25,-74.126,-189.67,0.547,-0.28833,-0.35119
304.97,-171.27,-119.25,0.53078,-0.485,-0.21129
266.43,-249.88,-38.623,0.44766,-0.6472,-0.051112
215.78,-297.46,44.652,0.34223,-0.74249,0.11311
148.61,-304.96,137.48,0.19827,-0.76074,0.28951
65.01,-272.52,221.7,0.025931,-0.70397,0.44968
-19.679,-225.55,276.78,-0.15249,-0.61679,0.54903
-110.5,-168.72,296.6,-0.33699,-0.50528,0.58147
-203.66,-92.621,276.64,-0.52353,-0.35524,0.53484
-274.08,-11.847,235.9,-0.65937,-0.19101,0.45576
-311.28,75.225,186.05,-0.7283,-0.022731,0.35439
-302.86,172.46,115.12,-0.706,0.18205,0.21044
-263.79,249.94,35.05,-0.6249,0.34223,0.050263
-214.49,295.47,-48.837,-0.51744,0.43346,-0.11194
-147.66,299.97,-143.95,-0.37754,0.44766,-0.29644
-66.507,266.94,-228.97,-0.20723,0.38886,-0.45459
18.348,219.53,-283.89,-0.030838,0.29964,-0.55596
112.97,161.02,-300.6,0.16178,0.18611,-0.58232
207.38,86.808,-277.78,0.34628,0.034044,-0.52961
277.94,8.464,-235.23,0.48617,-0.12005,-0.44445
313.25,-80.614,-182.71,0.55106,-0.29847,-0.33699
301.55,-179.55,-113.52,0.52064,-0.50325,-0.20115
259.68,-258.51,-36.146,0.43549,-0.65937,-0.047056
207.85,-302.86,48.78,0.32398,-0.75466,0.1192
140.5,-303.64,145.62,0.18205,-0.76074,0.30776
62.368,-268.13,230.52,0.015794,-0.69586,0.4659
-21.708,-218.15,285.2,-0.15654,-0.60463,0.56727
-118,-158.42,299.1,-0.35119,-0.485,0.58755
-213,-86.252,273.36,-0.53974,-0.33902,0.52876
-283.26,-9.0873,229.39,-0.67559,-0.1829,0.44157
-316.61,80.934,176.45,-0.73844,-0.000425,0.33209
-302.48,180.3,108.04,-0.706,0.19827,0.19624
-259.03,258.52,30.781,-0.61273,0.35844,0.044181
-206.92,300.96,-54.924,-0.50528,0.44562,-0.12613
-139.71,300.54,-151.72,-0.36335,0.44968,-0.30861
-60.515,264.84,-235.39,-0.19507,0.3848,-0.46878
25.025,215.33,-288.68,-0.018675,0.29356,-0.56407
121.23,154.39,-301.85,0.17799,0.17394,-0.58232
214.34,78.764,-275.78,0.36047,0.01985,-0.52758
281.74,-1.4911,-232.37,0.49429,-0.14235,-0.43837
314.13,-90.663,-178.89,0.55308,-0.3228,-0.32888
300.75,-186.53,-106.37,0.52064,-0.51541,-0.1829
257.84,-261.13,-25.058,0.42941,-0.67153,-0.022731
205.8,-302.2,59.726,0.31789,-0.75669,0.1415
135.76,-301.66,152.93,0.16989,-0.75669,0.31789
52.177,-266.18,232.31,-0.0024563,-0.69181,0.46793
-33.48,-217.75,282.68,-0.17884,-0.60057,0.55917
-127.51,-156.13,295.3,-0.36943,-0.48094,0.57741
-217.86,-77.665,269.56,-0.54988,-0.3228,0.52267
-282.76,3.3213,227.5,-0.67559,-0.15857,0.43752
-313.71,91.927,175.2,-0.73236,0.021875,0.33006
-298.73,187.4,102.47,-0.69789,0.21246,0.18407
-255.51,260.83,21.58,-0.60665,0.3625,0.023906
-204.18,299.74,-64.407,-0.49716,0.4436,-0.14438
-134.92,296.22,-159.78,-0.35119,0.4436,-0.32686
-53.98,260.41,-239.87,-0.1829,0.37669,-0.47486
32.691,211.44,-289.6,-0.0024563,0.28342,-0.5661
129.91,148.99,-298.97,0.19219,0.15975,-0.57826
221.41,72.842,-270.49,0.37466,0.015794,-0.51541
286.17,-7.2472,-226.03,0.50037,-0.15452,-0.42823
314.43,-98.023,-171.2,0.55106,-0.33699,-0.31469
296.88,-194.58,-101.21,0.51253,-0.53366,-0.17276
251.28,-269.41,-23.006,0.41521,-0.68572,-0.024756
197.02,-306.73,64.633,0.29964,-0.76277,0.14961
128,-299.13,161.8,0.15569,-0.75061,0.33614
50.148,-260.77,241.87,-0.0085375,-0.68369,0.48617
-36.146,-209.87,290.56,-0.18493,-0.5884,0.57336
-134.45,-147.19,297.28,-0.38565,-0.4627,0.57741
-226.59,-73.324,266.59,-0.5661,-0.31266,0.51659
-290.85,6.9542,220.09,-0.69181,-0.15249,0.42333
-316.78,98.933,164.47,-0.73641,0.034044,0.30978
-297.27,195.11,95.678,-0.69181,0.23071,0.17191
-250.77,268.95,17.57,-0.59651,0.37872,0.015794
-196.21,304.64,-70.729,-0.48094,0.45374,-0.15249
-126.95,295.68,-167.99,-0.33294,0.43954,-0.34105
-47.823,257.13,-246.67,-0.16871,0.36858,-0.48906
39.462,206.84,-293.75,0.011738,0.27734,-0.57624
137.08,143.14,-300.1,0.20638,0.14758,-0.57624
227.08,65.765,-269.55,0.3848,-0.0044813,-0.51744
288.95,-17.084,-223.38,0.50645,-0.17479,-0.42417
314.15,-108.12,-166.44,0.54903,-0.35727,-0.30455
295.49,-200.83,-92.999,0.50848,-0.54785,-0.15654
249.82,-270.99,-11.376,0.41724,-0.68775,0.0016
195.23,-305.86,74.989,0.29762,-0.76277,0.16989
122.08,-296.99,168.41,0.14352,-0.74655,0.34831
38.778,-258.16,243,-0.032869,-0.67761,0.48821
-47.469,-209.11,287.47,-0.20723,-0.58435,0.56931
-142.42,-144.73,293.58,-0.39984,-0.45864,0.57539
-229.97,-64.95,263.62,-0.57421,-0.29847,0.51051
-289.74,18.514,219.01,-0.68978,-0.12816,0.41927
-313.15,109.34,162.75,-0.73033,0.058375,0.30776
-293.19,201.34,89.096,-0.68775,0.24085,0.15772
-247.99,270.15,7.8978,-0.59043,0.38074,-0.0024563
-193.97,302.97,-79.764,-0.47486,0.45171,-0.17276
-121.9,291.76,-175.07,-0.3228,0.43346,-0.35524
-40.722,252.44,-250.65,-0.15249,0.36047,-0.49514
47.152,202.4,-294.18,0.017825,0.26721,-0.57421
144.96,137.88,-296.7,0.22666,0.13339,-0.57218
233.28,61.094,-264.6,0.39899,-0.010563,-0.50325
292.71,-22.18,-217.58,0.51456,-0.18493,-0.40998
313.04,-115.55,-159.24,0.547,-0.37551,-0.29239
290.58,-208.59,-88.139,0.49834,-0.56002,-0.15046
243.09,-278.28,-9.0401,0.40102,-0.70194,0.0056562
186.69,-309.32,80.085,0.27937,-0.76885,0.18002
116.08,-294.39,176.76,0.13339,-0.74047,0.36452
37.315,-252.33,252.79,-0.036919,-0.66748,0.50848
-50.701,-200.45,294.88,-0.21939,-0.5661,0.58349
-149.64,-136.76,294.47,-0.41404,-0.44243,0.57539
-238.34,-62.331,260.69,-0.59043,-0.29239,0.50443
-297.39,21.25,212.1,-0.70397,-0.12613,0.40711
-315.03,115.97,153.29,-0.73236,0.070537,0.28342
-290.36,209.03,82.349,-0.67964,0.25707,0.14556
-242.42,277.3,3.227,-0.57826,0.39697,-0.012594
-186.11,306.86,-86.205,-0.46067,0.45779,-0.18493
-115.24,291.24,-182.38,-0.30658,0.43346,-0.36943
-34.589,248.85,-257.28,-0.13829,0.35236,-0.50933
54.112,197.38,-297.88,0.040125,0.25707,-0.58029
151.8,132.31,-297.17,0.23882,0.12934,-0.57421
238.21,54.3,-263.63,0.40711,-0.028813,-0.50325
295.21,-30.838,-215.6,0.52064,-0.19912,-0.40593
312.87,-123.88,-155.49,0.547,-0.39174,-0.28428
288.6,-214.02,-79.222,0.49631,-0.57421,-0.13221
241.3,-278.94,3.1326,0.39291,-0.70194,0.032012
184.94,-307.86,90.181,0.27531,-0.76682,0.19827
109.76,-292.88,182,0.11514,-0.74249,0.37466
25.237,-250.44,252.86,-0.057194,-0.66342,0.50645
-61.694,-199.79,291.45,-0.23967,-0.56407,0.57539
-156.69,-133.65,290.51,-0.43026,-0.43431,0.56727
-240.72,-53.272,257.41,-0.59449,-0.27819,0.50037
-295.76,31.606,211.74,-0.69992,-0.10586,0.40507
-311.71,124.74,152.2,-0.7283,0.084731,0.28545
-286.04,214.27,75.319,-0.66951,0.26721,0.13136
-239.68,277.54,-6.6811,-0.57421,0.39697,-0.030838
-183.68,304.41,-95.193,-0.45661,0.45576,-0.20318
-110.1,287.54,-188.75,-0.29847,0.42738,-0.37957
-27.417,244.91,-260.4,-0.12613,0.34628,-0.51541
61.731,192.99,-297.79,0.058375,0.24896,-0.58435
159.49,127.08,-293.4,0.25301,0.11514,-0.56407
244.27,49.818,-258.13,0.42129,-0.03895,-0.49108
298.56,-35.32,-209.82,0.52267,-0.20723,-0.39579
311.41,-130.55,-149.59,0.54497,-0.4039,-0.27211
283.13,-221.54,-75.259,0.48212,-0.58637,-0.12208
233.94,-285.21,5.9634,0.38074,-0.71614,0.0381
175.98,-309.58,96.22,0.25707,-0.76885,0.21044
104.62,-289.65,190.3,0.10501,-0.73641,0.39291
24.482,-244.5,262.46,-0.063281,-0.65328,0.52673
-65.303,-191.21,298.2,-0.24576,-0.54988,0.58755
-164.43,-126.24,290.75,-0.44648,-0.41809,0.56727
-249.57,-50.984,253.55,-0.61071,-0.27008,0.48821
-302.98,34.296,204.43,-0.71411,-0.095719,0.39088
-313.69,130.4,144.3,-0.73033,0.098925,0.26721
-283.23,221.51,70.129,-0.66545,0.2814,0.1192
-233.03,283.81,-11.8,-0.55799,0.40711,-0.040975
-175.31,306.53,-102.41,-0.43837,0.45171,-0.21737
-103.52,286.38,-195.81,-0.28428,0.42333,-0.39376
-21.425,241.23,-266.6,-0.11397,0.34019,-0.52353
68.596,188.27,-301.16,0.070537,0.23882,-0.58637
166.38,121.16,-293.52,0.26721,0.10703,-0.56407
249.02,42.246,-256.41,0.42941,-0.055169,-0.48906
300.61,-43.529,-207.91,0.53078,-0.22548,-0.38971
311.91,-137.44,-146.12,0.547,-0.41809,-0.264
281.9,-225.6,-66.742,0.48212,-0.59449,-0.10586
232.17,-285.1,17.381,0.37466,-0.71614,0.058375
173.72,-307.46,105.63,0.25301,-0.76479,0.22868
97.023,-287.71,194.76,0.090812,-0.73438,0.40102
11.955,-243.2,261.4,-0.089638,-0.64518,0.52267
-75.683,-191.02,294.69,-0.26603,-0.55191,0.57944
-170.89,-122.13,287.09,-0.45661,-0.41201,0.55917
-251.24,-40.958,250.17,-0.61476,-0.24981,0.48009
-300.97,43.991,204.26,-0.71006,-0.077469,0.38886
-310.6,138.09,142.91,-0.72424,0.11311,0.26517
-279.6,225.57,63.194,-0.65734,0.28951,0.10703
-230.81,283.43,-20.835,-0.55394,0.41116,-0.057194
-172.73,303.42,-110.83,-0.43026,0.45576,-0.23156
-97.599,282.04,-201.63,-0.27008,0.41521,-0.40593
-13.9,237.39,-268.89,-0.097744,0.33209,-0.52961
76.051,184.17,-300.48,0.088788,0.23274,-0.58029
173.69,116.04,-289.96,0.2814,0.096894,-0.55596
255.03,37.645,-250.63,0.44157,-0.06125,-0.47486
303.58,-47.941,-201.99,0.53484,-0.23562,-0.37754
310.09,-143.98,-140.58,0.54092,-0.43026,-0.25386
276.64,-232.96,-63.794,0.46996,-0.60867,-0.1018
225.14,-290.88,19.787,0.3625,-0.73033,0.064456
165.06,-308.07,111.81,0.23476,-0.76682,0.24085
92.045,-283.37,203.2,0.076619,-0.72424,0.41521
10.847,-236.45,270.44,-0.087606,-0.63909,0.53889
-79.34,-182.6,300.42,-0.27414,-0.53163,0.59161
-178.68,-115.88,287.21,-0.47486,-0.40187,0.55917
-260.51,-38.764,245.81,-0.63301,-0.24373,0.47198
-307.65,47.223,196.34,-0.72424,-0.069363,0.37264
-311.9,144.04,135.31,-0.72424,0.12731,0.25099
-277.05,232.57,59.066,-0.65126,0.30573,0.098925
-224.78,289.36,-25.058,-0.5438,0.42129,-0.063281
-164.53,305.02,-117.58,-0.41606,0.45982,-0.24778
-90.522,279.75,-208.64,-0.25589,0.41319,-0.41809
-7.6011,233.23,-274.13,-0.083556,0.32398,-0.53771
82.656,179.85,-303.24,0.10095,0.22057,-0.5884
180.32,110.28,-290.05,0.29559,0.0827,-0.56002
259.56,29.46,-248.88,0.44766,-0.081525,-0.47284
305.21,-56.363,-199.89,0.53484,-0.25184,-0.37349
310.07,-150.77,-136.22,0.54092,-0.44445,-0.24373
275.86,-236.03,-54.971,0.46793,-0.61476,-0.083556
224.32,-290.59,29.837,0.36452,-0.73033,0.0827
162.77,-306.42,119.65,0.23071,-0.76682,0.25301
83.199,-280.97,207.02,0.0604,-0.72019,0.42129
-2.0101,-235.27,268.48,-0.11802,-0.63504,0.53484
-89.366,-182.71,296.53,-0.29441,-0.53163,0.58349
-184.36,-110.9,283.81,-0.485,-0.39174,0.55308
-261.32,-28.196,243.28,-0.63301,-0.22548,0.46793
-305.43,56.659,196.48,-0.71816,-0.051112,0.37466
-308.43,151.49,132.71,-0.72019,0.1415,0.2449
-273.42,235.88,51.635,-0.64314,0.31181,0.084731
-223.34,288.62,-33.15,-0.53771,0.42129,-0.081525
-162.19,302.05,-124.89,-0.40796,0.45171,-0.25792
-84.27,275.25,-213.81,-0.2417,0.40305,-0.4262
0.1602,229.34,-275.66,-0.069363,0.31992,-0.54177
90.181,175.81,-301.73,0.11717,0.21449,-0.58637
187.33,105.26,-286.06,0.30978,0.072563,-0.54988
264.87,25.26,-243.67,0.45982,-0.087606,-0.4627
307.76,-60.75,-194.08,0.54294,-0.264,-0.36133
307.52,-157.87,-130.63,0.53484,-0.46067,-0.23156
270.13,-243.46,-52.635,0.45779,-0.63098,-0.077469
217.66,-296,32.007,0.34831,-0.73844,0.086756
155.08,-306.45,125.59,0.21449,-0.76479,0.26721
79.212,-276.41,215.09,0.052288,-0.71208,0.43549
-3.4727,-227.96,276.69,-0.12005,-0.62084,0.55106
-94.037,-173.7,300.87,-0.30455,-0.51339,0.58755
-192.36,-105.38,282.77,-0.50122,-0.37957,0.54903
-270.38,-26.78,238.94,-0.65328,-0.21939,0.45982
-311.71,60.08,188.69,-0.73033,-0.045031,0.35844
-308.71,158.29,125.19,-0.72019,0.15366,0.23071
-270.21,243.07,47.648,-0.63504,0.326,0.076619
-217.6,294.43,-36.971,-0.52758,0.43346,-0.089638
-155.04,303.79,-130.98,-0.39376,0.45576,-0.27008
-77.57,273.05,-220.17,-0.22953,0.39899,-0.44039
6.7183,224.84,-280.19,-0.057194,0.30978,-0.54988
97.258,170.6,-303.38,0.12731,0.20232,-0.58637
193.79,99.146,-285.52,0.32195,0.0604,-0.54785
269.02,17.216,-242.3,0.46793,-0.10586,-0.46067
309.27,-68.984,-192.36,0.54497,-0.28022,-0.35727
306.81,-164.74,-125.18,0.53281,-0.47284,-0.22345
268.9,-245.98,-42.892,0.45171,-0.63706,-0.059225
217.19,-295.5,41.302,0.34628,-0.73844,0.10501
152.91,-305.45,132.2,0.20841,-0.76277,0.27937
69.894,-274.46,217.73,0.032012,-0.706,0.44157
-15.881,-226.99,274.23,-0.14235,-0.61881,0.54294
-103.85,-173.11,296.6,-0.3228,-0.51339,0.58147
-197.46,-99.014,279.31,-0.51136,-0.36741,0.54092
-270.4,-15.999,237.41,-0.65126,-0.19912,0.45779
-309.49,69.304,189.24,-0.72424,-0.026781,0.35844
-304.89,165.6,121.44,-0.71006,0.16989,0.22057
-266.39,245.83,39.651,-0.62692,0.33209,0.0604
-216.45,293.34,-44.662,-0.52555,0.42941,-0.1018
-152.47,300.87,-137.84,-0.38768,0.44968,-0.28225
-71.343,268.95,-224.68,-0.21939,0.39291,-0.44648
14.267,221.11,-281.3,-0.040975,0.30167,-0.54988
105.33,165.95,-301,0.14758,0.19624,-0.58232
200.75,93.508,-280.78,0.33614,0.048238,-0.53771
273.93,13.206,-237.23,0.47807,-0.11194,-0.44851
311.58,-73.725,-186.75,0.54903,-0.28833,-0.34713
303.79,-172.38,-119.84,0.52876,-0.48906,-0.21129
262.72,-253.93,-40.769,0.44157,-0.65328,-0.055169
210.52,-300.71,43.755,0.33411,-0.74857,0.11109
145.71,-304.91,138.8,0.19421,-0.76277,0.29356
67.11,-270.35,225.9,0.027962,-0.706,0.45576
-17.226,-219.92,282.37,-0.14641,-0.60665,0.55714
-109.94,-163.79,299.64,-0.33699,-0.49514,0.58349
-206.19,-93.069,276.66,-0.52758,-0.35119,0.53686
-279.27,-14.584,232.1,-0.66748,-0.19709,0.44766
-315.34,73.243,181.29,-0.73641,-0.022731,0.34223
-304.82,172.87,114.5,-0.71006,0.18407,0.21044
-262.19,253.76,35.499,-0.62084,0.34628,0.050263
-210.46,298.89,-49.097,-0.51339,0.44157,-0.11194
-145.53,302.14,-144.31,-0.37349,0.45171,-0.29644
-65.445,267.23,-230.77,-0.20521,0.38886,-0.45864
20.118,217.36,-285.87,-0.028813,0.29762,-0.56002
113.02,160.2,-302.39,0.16178,0.18205,-0.58435
207.52,85.888,-279.17,0.34831,0.034044,-0.53366
277.7,4.6659,-235.46,0.48617,-0.13221,-0.44445
312.95,-82.406,-184.58,0.55308,-0.30658,-0.34105
303.27,-179.13,-113.45,0.5247,-0.50122,-0.19912
261.02,-256.46,-30.106,0.43752,-0.65734,-0.032869
209.88,-300.12,53.357,0.32803,-0.74857,0.12731
142.41,-303.64,145.41,0.18407,-0.76074,0.30573
57.343,-268.65,227.71,0.0056562,-0.69789,0.45982
-28.431,-220.03,279.82,-0.17074,-0.60867,0.55308
-119.28,-162.33,295.84,-0.35321,-0.49311,0.57944
-211.14,-84.86,272.75,-0.53974,-0.33699,0.52673
-278.89,-3.3312,230.92,-0.66748,-0.17276,0.4436
-312.93,83.01,181.43,-0.73236,0.0016,0.34223
-301.11,179.97,109.6,-0.70397,0.2003,0.2003
-258.53,256.12,26.817,-0.61476,0.35236,0.036069
-208.85,297.78,-57.33,-0.50933,0.43752,-0.13019
-141.85,298.58,-151.79,-0.36741,0.44562,-0.31063
-59.052,263.15,-235.01,-0.19507,0.38277,-0.46675
26.912,214.22,-286.84,-0.014619,0.28951,-0.56002
121.3,155.31,-299.7,0.17799,0.17394,-0.57826
214.67,79.542,-273.63,0.3625,0.023906,-0.52353
282.23,0.065812,-229.97,0.49429,-0.13829,-0.43634
314.41,-88.28,-178.25,0.55308,-0.31874,-0.32888
299.76,-187.08,-108.19,0.52064,-0.51947,-0.19101
254.42,-264.6,-28.243,0.42535,-0.67559,-0.026781
202.17,-304.94,56.942,0.31181,-0.75669,0.13542
135.05,-301.99,153.36,0.16989,-0.75871,0.31992
55.197,-263.94,236.63,0.0016,-0.68978,0.47604
-29.729,-213.31,287.89,-0.17276,-0.59449,0.56727
-125.67,-153.58,298.46,-0.36741,-0.47689,0.58349
-220.08,-79.458,269.52,-0.55394,-0.32686,0.52267
-287.15,-0.75985,224.27,-0.68572,-0.16668,0.42941
-317.44,88.483,172.18,-0.74047,0.013769,0.326
-300.55,187.66,102.68,-0.70194,0.21449,0.18611
-254.1,264.33,23.09,-0.60259,0.37061,0.025931
-201.7,303.06,-62.779,-0.49311,0.44968,-0.14033
-134.23,298.77,-159.55,-0.34713,0.4436,-0.32686
-53.225,260.58,-241.43,-0.18088,0.37466,-0.47892
32.526,210.85,-291.25,-0.0024563,0.28545,-0.56812
128.28,149.96,-301.42,0.19016,0.1638,-0.58232
220.94,71.899,-272.26,0.37264,0.013769,-0.52149
285.39,-9.3232,-227.72,0.50037,-0.15857,-0.42823
314.95,-97.882,-174.62,0.55308,-0.33699,-0.3228
298.91,-193.8,-100.45,0.51456,-0.52961,-0.17276
253.21,-266.74,-17.155,0.42129,-0.68369,-0.010563
200.99,-304.44,67.063,0.30978,-0.75871,0.15569
129.77,-299.79,160.55,0.15772,-0.75466,0.33209
44.439,-261.69,238,-0.016644,-0.68369,0.47807
-40.392,-213.62,285.16,-0.19507,-0.59651,0.56525
-134.09,-151.83,295.23,-0.38362,-0.47486,0.57741
-224.3,-70.776,266.26,-0.56204,-0.31063,0.51659
-286.42,10.917,223.3,-0.68167,-0.14235,0.43143
-314.4,99.264,171.05,-0.73236,0.034044,0.31789
-296.7,194.62,96.244,-0.69383,0.22868,0.17394
-251.36,266.17,13.772,-0.59854,0.37061,0.0097125
-199.79,301.95,-71.72,-0.485,0.44766,-0.15654
-128.95,294.64,-167.71,-0.33496,0.43752,-0.33902
-46.148,255.86,-245.89,-0.16466,0.37061,-0.48702
39.698,207.38,-292.13,0.011738,0.27734,-0.57016
136.61,144.91,-298.59,0.20638,0.15366,-0.57826
227.88,66.355,-267.24,0.38683,-0.0065062,-0.50933
289.66,-14.678,-222.16,0.50848,-0.16871,-0.42012
314.93,-105.78,-167.1,0.55106,-0.35321,-0.30658
294.38,-202.27,-94.721,0.50645,-0.54988,-0.15857
246.87,-274.74,-15.126,0.40507,-0.69586,-0.0044813
192.75,-308.85,72.017,0.29356,-0.76682,0.16786
122.19,-297.2,169.94,0.14352,-0.74857,0.35236
42.246,-255.84,248.21,-0.018675,-0.67356,0.49834
-43.176,-205.86,293.2,-0.20115,-0.58232,0.58147
-141.64,-143.18,296.81,-0.39984,-0.45459,0.58147
-233.34,-67.025,263.45,-0.58232,-0.30049,0.50848
-294.65,14.055,216.77,-0.69586,-0.13829,0.41521
-317.04,107.07,160.41,-0.74047,0.050263,0.30167
-294.32,203.25,88.483,-0.68572,0.24896,0.15366
-246.41,274.42,9.4076,-0.59043,0.39088,0.0016
-192.06,307,-78.443,-0.47081,0.45779,-0.17276
-120.74,293.81,-176.37,-0.32078,0.43752,-0.35524
-39.307,252.13,-253.27,-0.14843,0.3625,-0.50122
46.728,202.78,-296.61,0.01985,0.27126,-0.57624
144.65,138.49,-299.51,0.22462,0.1415,-0.57826
233.82,58.948,-266.48,0.40102,-0.0207,-0.5073
292.92,-24.091,-220.25,0.51456,-0.18696,-0.41404
314.67,-116.4,-162.02,0.55308,-0.37551,-0.29441
292.23,-209.35,-84.86,0.50239,-0.56407,-0.14033
245.34,-276.44,-2.7886,0.40305,-0.69992,0.013769
190.77,-308.17,83.057,0.28951,-0.76479,0.18611
114.88,-295.15,177.06,0.12731,-0.74655,0.36656
29.813,-253.34,249.49,-0.051112,-0.66951,0.50037
-54.947,-204.94,290.53,-0.22548,-0.57624,0.57539
-150.61,-139.35,292.8,-0.42012,-0.44648,0.56931
-237.04,-57.707,260.36,-0.5884,-0.28225,0.50443
-293.94,25.543,216.18,-0.69586,-0.11397,0.41319
-313.48,118.32,157.89,-0.73033,0.072563,0.29559
-289.39,210.42,80.061,-0.67761,0.26113,0.13947
-243.6,275.67,-1.2789,-0.58232,0.39494,-0.016644
-189.2,305.3,-88.776,-0.46473,0.45576,-0.19101
-114.23,289.69,-184.65,-0.30861,0.43143,-0.37349
-31.427,247.58,-257.66,-0.13221,0.35033,-0.50933
55.527,197.82,-297.32,0.044181,0.25707,-0.57826
154.32,131.84,-295.48,0.24287,0.12528,-0.56812
241.04,53.663,-260.94,0.41724,-0.030838,-0.49716
297.35,-29.611,-214.44,0.52673,-0.19912,-0.4039
313.21,-125.46,-154.22,0.55106,-0.39376,-0.28225
285.91,-218.55,-78.585,0.48821,-0.58232,-0.12816
237.88,-283.94,1.0094,0.38683,-0.71614,0.023906
181.05,-311.05,90.512,0.26923,-0.77088,0.2003
107.73,-291.68,187.16,0.11514,-0.74047,0.3848
27.879,-247.07,260.32,-0.053144,-0.65734,0.52064
-59.972,-195.55,298.18,-0.23562,-0.56002,0.58755
-160.44,-129.85,292.63,-0.43634,-0.4262,0.56727
-246.86,-54.357,256.38,-0.60665,-0.27819,0.49631
-302.34,29.2,208.86,-0.71411,-0.10586,0.39899
-315.36,126.7,147.93,-0.73641,0.090812,0.27531
-285.4,219.6,72.371,-0.66748,0.27937,0.12934
-236.59,283.13,-7.7426,-0.56812,0.40711,-0.034894
-179.67,308.18,-98,-0.44648,0.46184,-0.20723
-105.78,288.2,-193.75,-0.28833,0.43143,-0.38768
-24.374,243.61,-265.26,-0.12005,0.34628,-0.52149
64.255,192.07,-301.47,0.064456,0.24896,-0.5884
163.76,123.84,-295,0.26315,0.11109,-0.56812
247.32,45.124,-258.89,0.42738,-0.047056,-0.49311
300.61,-39.401,-211.99,0.52876,-0.21737,-0.39579
313.46,-135.23,-148.88,0.55106,-0.40998,-0.27008
283.53,-224.8,-68.04,0.43954,-0.59246,-0.11194
235.19,-285,14.527,0.3848,-0.71614,0.054319
177.14,-308.95,102.97,0.25707,-0.76885,0.22462
98.273,-289.04,193.96,0.090812,-0.73438,0.39697
14.244,-245.28,260.81,-0.083556,-0.65531,0.52267
-72.569,-194.2,295.39,-0.25994,-0.55596,0.57944
-169.74,-123.76,288.2,-0.45661,-0.41606,0.55917
-250.39,-43.152,252.27,-0.61476,-0.25386,0.48617
-301.52,40.901,207.73,-0.71208,-0.083556,0.39899
-312.01,137.15,144.58,-0.7283,0.11109,0.26923
-280.78,225.71,63.595,-0.65734,0.29154,0.10906
-233.22,283.93,-18.925,-0.56204,0.40913,-0.053144
-174.86,304.9,-109.7,-0.43634,0.45576,-0.23359
-97.67,282.8,-201.89,-0.27211,0.41724,-0.4039
-15.48,239.18,-268.98,-0.099775,0.33817,-0.52961
74.187,186.74,-301.56,0.0827,0.23476,-0.58435
173.83,116.48,-290.76,0.2814,0.094869,-0.55799
255.08,38.99,-252.35,0.43954,-0.059225,-0.48094
304.69,-46.03,-204.77,0.53484,-0.23156,-0.3816
311.34,-144.52,-141.12,0.54497,-0.43229,-0.25589
277.37,-233.86,-63.44,0.47198,-0.61273,-0.099775
226.86,-291.91,18.985,0.36656,-0.73033,0.062425
165.79,-309.25,112.31,0.23476,-0.77291,0.2449
90.96,-283.56,204.59,0.074594,-0.72222,0.42129
11.484,-237.73,271.26,-0.089638,-0.63909,0.53889
-79.198,-184.08,301.69,-0.27617,-0.53771,0.59363
-180.12,-115.2,287.63,-0.47689,-0.39782,0.56119
-261.48,-39.283,247.08,-0.63706,-0.24576,0.47604
-309.28,46.681,198.3,-0.7283,-0.069363,0.37872
-312.89,145.97,134.67,-0.73033,0.13136,0.24896
-277.38,234.51,57.768,-0.65328,0.30978,0.096894
-225.95,291.03,-25.341,-0.54583,0.42738,-0.065306
-164.01,305.96,-119.73,-0.40998,0.45779,-0.24778
-88.257,279.35,-211,-0.25184,0.41319,-0.42417
-7.0349,234.01,-275.61,-0.081525,0.32803,-0.53974
83.93,180.25,-304.53,0.10298,0.2226,-0.59043
183.13,108.61,-290.17,0.29964,0.084731,-0.55596
261.5,29.011,-249.78,0.45374,-0.0795,-0.47486
307.24,-57.377,-200.78,0.54294,-0.25589,-0.37349
310.66,-154.17,-134.19,0.53889,-0.45053,-0.24373
275.67,-238.79,-52.824,0.46793,-0.62287,-0.0795
224.88,-292.74,31.252,0.36047,-0.73236,0.084731
160.91,-307.22,123.18,0.2226,-0.76682,0.25909
79.707,-280.05,210.37,0.056344,-0.71816,0.42738
-3.8266,-235.27,270.51,-0.12005,-0.63504,0.53686
-92.456,-181.79,297.85,-0.30253,-0.52961,0.58349
-188.33,-108.07,283.67,-0.49108,-0.38362,0.55106
-264.15,-26.686,243.83,-0.64112,-0.22143,0.47198
-307.79,59.325,196.31,-0.72424,-0.047056,0.37061
-308.47,156.45,129.34,-0.72019,0.14961,0.23679
-272.81,239.58,48.615,-0.64112,0.31992,0.080675
-223.24,291.29,-35.697,-0.53974,0.42535,-0.083556
-159.03,302.61,-129.96,-0.40187,0.45374,-0.26806
-79.741,273.81,-218.17,-0.23359,0.39899,-0.43431
3.4392,228.54,-278.28,-0.06125,0.31384,-0.5438
95.3,173.41,-302.72,0.12731,0.20638,-0.58637
192.61,101.46,-285.36,0.31992,0.066481,-0.54785
268.71,22.783,-243.77,0.46793,-0.091663,-0.4627
310.61,-65.185,-192.81,0.54903,-0.27008,-0.35727
307.02,-164.57,-126.07,0.53484,-0.47081,-0.22751
268.83,-248.27,-48.625,0.45576,-0.64112,-0.071387
216.67,-299.18,35.853,0.34628,-0.74655,0.092837
150.9,-306.71,132.13,0.20435,-0.76479,0.27937
74.045,-274.67,220.35,0.04215,-0.70803,0.44562
-8.1201,-226.43,279.99,-0.13019,-0.61881,0.55511
-101.4,-169.88,301.32,-0.32078,-0.50528,0.58958
-199.01,-100.38,281.26,-0.51339,-0.36741,0.54497
-275.14,-23.265,238.23,-0.66139,-0.21331,0.46184
-314.8,66.166,186.31,-0.73438,-0.032869,0.35236
-307.58,166.54,119.43,-0.71816,0.17191,0.21652
-267.97,248.99,42.599,-0.63301,0.33817,0.068513
-215.79,297.92,-42.421,-0.52353,0.43954,-0.099775
-149.71,303.72,-138.93,-0.3816,0.45576,-0.28428
-71.578,271.07,-226.24,-0.21939,0.39697,-0.45053
12.64,222.57,-284.06,-0.043006,0.30573,-0.55596
106.44,165.15,-303.64,0.14961,0.19421,-0.59043
201.67,92.682,-283.37,0.33817,0.048238,-0.54177
274.59,12.262,-240.98,0.48212,-0.11194,-0.45661
312.73,-76.886,-188.75,0.54903,-0.29441,-0.35119
305.44,-174.32,-117.77,0.53078,-0.49716,-0.20723
265.95,-252.82,-36.334,0.44766,-0.64923,-0.047056
214.22,-299.42,48.261,0.33614,-0.74857,0.11717
145.95,-305.15,141.33,0.19016,-0.76277,0.29762
62.84,-272.15,224.32,0.01985,-0.70397,0.45374
-22.699,-224.23,278.57,-0.15857,-0.61476,0.55106
-114.54,-166.03,296.74,-0.34713,-0.49919,0.58147
-206.54,-90.946,276.47,-0.52758,-0.34713,0.53484
-276.72,-9.6062,235.52,-0.66342,-0.18696,0.45374
-313.07,78.858,184.64,-0.73236,-0.0065062,0.34831
-303.07,176.48,113.04,-0.71006,0.19219,0.20638
-262.71,253.52,31.889,-0.62287,0.34831,0.046206
-212.18,297.52,-53.461,-0.51136,0.43752,-0.12208
-144.36,299.81,-148.7,-0.36943,0.44968,-0.30455
-63.628,266.19,-232.25,-0.20115,0.38886,-0.46067
22.43,217.66,-286.11,-0.024756,0.29762,-0.56002
117.99,157.89,-300.64,0.17191,0.17799,-0.58029
211.2,84.425,-277.03,0.35439,0.027962,-0.53163
280.98,5.0434,-233.98,0.49226,-0.12613,-0.44039
314.88,-85.426,-180.54,0.55308,-0.31266,-0.33496
301.48,-184.48,-110.69,0.52267,-0.51136,-0.19304
257.93,-262.83,-32.182,0.42941,-0.66951,-0.03895
204.52,-305.03,54.631,0.31384,-0.75871,0.13136
136.49,-303.03,151.4,0.17191,-0.76074,0.31384
58.853,-266.77,234.6,0.0097125,-0.69383,0.47198
-26.639,-215.81,287.63,-0.16668,-0.60057,0.56727
-123.78,-155.02,299.15,-0.36335,-0.47892,0.58349
-217.63,-83.185,272.28,-0.54988,-0.33294,0.52876
-286.72,-4.3692,227.41,-0.68369,-0.17276,0.43346
-318.15,86.949,173.5,-0.74249,0.011738,0.32803
-302.08,186.17,104.5,-0.706,0.21044,0.18813
-256.79,263.48,25.897,-0.60867,0.36656,0.034044
-202.91,303.37,-61.741,-0.49311,0.45171,-0.13829
-134.97,299.59,-158.46,-0.35119,0.44766,-0.32078
-56.032,262.91,-240.23,-0.18493,0.3848,-0.47486
30.899,212.4,-291.39,-0.0044813,0.28545,-0.56812
127.57,150.55,-301.99,0.19016,0.16178,-0.58029
219.57,74.753,-274.5,0.37466,0.013769,-0.52758
285.53,-7.2944,-229.75,0.49834,-0.15452,-0.43229
315.64,-97.67,-174.95,0.55511,-0.33699,-0.32078
300.09,-193.14,-101.63,0.51862,-0.52961,-0.17276
255.2,-266.58,-18.995,0.42333,-0.67761,-0.012594
201.17,-304.84,67.322,0.30978,-0.75871,0.15772
129.88,-300.45,160.46,0.15772,-0.75466,0.33411
46.445,-263.44,237.62,-0.016644,-0.68775,0.47807
-40.062,-214.18,285.53,-0.19304,-0.59651,0.56322
-134.28,-151.74,295.49,-0.38362,-0.47081,0.57944
-223.74,-72.852,267.98,-0.56204,-0.31266,0.51862
-287.01,10.233,224.39,-0.68369,-0.14438,0.43143
-314.89,100.25,170.41,-0.73641,0.0381,0.31789
-297.5,194.85,96.716,-0.69586,0.23071,0.17394
-252.56,266.68,14.621,-0.60057,0.37466,0.011738
-198.97,302.38,-72.97,-0.48702,0.45171,-0.1606
-128.48,294.73,-168.18,-0.33699,0.44157,-0.34105
-47.351,256.99,-246.15,-0.16668,0.37264,-0.48906
40.5,207.14,-292.69,0.011738,0.27531,-0.57218
137.6,144.34,-298.8,0.21246,0.15366,-0.57624
228.04,67.747,-268.58,0.39088,-0.000425,-0.51339
290.58,-15.197,-222.25,0.50848,-0.17074,-0.41606
315.12,-107.81,-165.52,0.55106,-0.36133,-0.30455
294.76,-203.12,-94.532,0.50848,-0.54988,-0.1606
247.34,-275.68,-14.891,0.40711,-0.69992,-0.0024563
191.17,-309.32,74.211,0.29154,-0.76885,0.16989
121.32,-297.2,171.07,0.13947,-0.74655,0.35439
42.765,-256.46,248.99,-0.0207,-0.67356,0.50037
-44.898,-204.7,293.77,-0.20521,-0.57421,0.57944
-143.01,-142.35,296.88,-0.4039,-0.45256,0.57944
-234,-67.828,264.4,-0.58232,-0.30253,0.51456
-295.78,15.588,216.13,-0.70194,-0.13627,0.41319
-316.99,109.88,158.24,-0.74047,0.058375,0.29964
-294.32,204.74,87.728,-0.68775,0.25099,0.15366
-246.05,275.55,8.1102,-0.59043,0.39088,-0.000425
-189.88,307.24,-81.321,-0.46675,0.45779,-0.17682
-119.59,293.63,-177.97,-0.3228,0.43752,-0.35929
-39.047,252.06,-254.36,-0.14641,0.35844,-0.5073
49.276,200.94,-297.13,0.034044,0.26315,-0.57826
146.4,137.34,-299.34,0.22666,0.13744,-0.57624
234.89,59.113,-266.93,0.39899,-0.0207,-0.50933
294.1,-26.355,-219.14,0.51456,-0.19304,-0.41404
314.43,-119.51,-159.43,0.54092,-0.37754,-0.29036
291.86,-211.05,-83.586,0.50037,-0.5661,-0.14033
244.27,-277.85,-0.57114,0.40102,-0.70194,0.023906
187.99,-308.33,86.454,0.27937,-0.76479,0.19421
113.44,-294.77,178.79,0.12528,-0.74655,0.36858
28.87,-252.9,250.83,-0.051112,-0.66748,0.50443
-57.99,-202.65,290.94,-0.23156,-0.57218,0.57539
-152.42,-138.03,292.52,-0.42215,-0.44445,0.56931
-238.32,-57.188,260.32,-0.59246,-0.28225,0.50239
-295.17,28.233,214.57,-0.69992,-0.10991,0.40913
-313.12,121.6,155.2,-0.73033,0.080675,0.28951
-288.71,212.26,78.528,-0.67559,0.26517,0.13947
-241.97,276.99,-4.0389,-0.57421,0.39494,-0.018675
-186.04,305.02,-92.456,-0.46067,0.45576,-0.19709
-112.74,289.05,-186.37,-0.30455,0.42738,-0.37551
-29.988,246.8,-259.1,-0.12816,0.35033,-0.51136
58.9,195.21,-297.65,0.052288,0.24896,-0.58029
156.33,130.57,-295.15,0.24693,0.12528,-0.57016
242.62,52.767,-260.51,0.41724,-0.030838,-0.49514
298.48,-32.701,-212.34,0.5247,-0.20521,-0.39984
312.73,-128.6,-151.72,0.547,-0.39782,-0.27617
285.11,-220.46,-77.146,0.48821,-0.58435,-0.13019
235.66,-285.14,4.3357,0.38683,-0.71816,0.032012
177.56,-310.36,94.428,0.25909,-0.77088,0.21044
106.39,-290.99,188.84,0.10906,-0.73844,0.38886
26.157,-245.89,261.73,-0.059225,-0.65531,0.52267
-63.369,-192.79,298.3,-0.2417,-0.54988,0.58349
-162.31,-128.76,292.21,-0.44039,-0.42417,0.56931
-248.63,-53.107,255.5,-0.61071,-0.27414,0.49226
-303.28,32.526,206.39,-0.71411,-0.097744,0.39291
-314.84,129.53,145.62,-0.73033,0.096894,0.27126
-284.62,221.27,71.073,-0.66748,0.27937,0.12123
-234.07,284.14,-11.187,-0.56204,0.40913,-0.03895
-176.23,307.33,-101.66,-0.43837,0.45779,-0.21534
-104.44,287.28,-195.26,-0.28428,0.42535,-0.39376
-22.251,242.13,-266.51,-0.11397,0.34223,-0.52555
67.511,189.5,-301.47,0.068513,0.24287,-0.5884
165.39,122.95,-294.67,0.26315,0.11109,-0.57016
248.87,43.637,-257.83,0.42941,-0.051112,-0.49108
301.29,-42.586,-209.42,0.53078,-0.22143,-0.39174
312.95,-137.51,-146.78,0.547,-0.41809,-0.26603
282.8,-226.17,-66.79,0.48212,-0.59449,-0.10991
232.55,-285.83,17.853,0.37669,-0.71816,0.058375
173.95,-308.12,105.96,0.25099,-0.76682,0.22868
97.046,-288.12,195.18,0.088788,-0.73438,0.39899
11.955,-243.58,261.83,-0.085581,-0.64923,0.52267
-75.377,-191.82,295.23,-0.26603,-0.55191,0.58349
-170.87,-123.1,287.89,-0.46067,-0.41606,0.56119
-251.83,-41.453,251.07,-0.61273,-0.24778,0.48415
-301.89,43.968,205.14,-0.71208,-0.077469,0.39088
-311.45,139.01,142.84,-0.72628,0.11514,0.26721
-279.93,226.79,62.486,-0.65734,0.29559,0.10703
-230.55,284.45,-21.944,-0.55191,0.41116,-0.059225
-172.24,303.91,-111.99,-0.42823,0.45374,-0.23562
-96.844,281.97,-202.67,-0.27008,0.41521,-0.40593
-13.121,237.27,-269.64,-0.093694,0.33411,-0.52961
75.933,184.68,-301.16,0.086756,0.23476,-0.58435
174.47,116.32,-290.59,0.28545,0.094869,-0.55799
256.23,37.339,-251.01,0.4436,-0.063281,-0.47689
304.74,-48.814,-202.18,0.53686,-0.23562,-0.37754
310.63,-145.75,-139.83,0.54497,-0.43431,-0.25386
276.57,-234.71,-62.496,0.46996,-0.61476,-0.099775
224.43,-292.06,21.628,0.36047,-0.73033,0.064456
163.85,-308.31,113.8,0.23071,-0.76885,0.2449
90.606,-282.9,204.93,0.074594,-0.72222,0.41724
9.2661,-235.79,271.5,-0.091663,-0.63706,0.54092
-80.637,-182.52,301.08,-0.27617,-0.53366,0.59363
-180.24,-115.53,287.47,-0.47689,-0.40187,0.56119
-262.21,-37.844,245.78,-0.63706,-0.24576,0.47604
-309.02,48.992,195.87,-0.72628,-0.067331,0.37466
-312.27,146.59,133.92,-0.72628,0.13339,0.24693
-276.49,234.93,57.06,-0.65126,0.30776,0.096894
-223.69,290.75,-27.511,-0.5438,0.42333,-0.071387
-162.78,305.14,-120.25,-0.40998,0.45576,-0.25184
-88.328,278.79,-210.86,-0.25184,0.41116,-0.42215
-5.242,232.1,-275.45,-0.077469,0.32398,-0.54177
84.472,179.24,-303.83,0.10298,0.21652,-0.59043
182.56,109.29,-290.07,0.29964,0.084731,-0.55799
261.61,27.855,-248.6,0.45171,-0.083556,-0.47284
306.72,-58.91,-198.85,0.53686,-0.25994,-0.36943
310.16,-154,-134.12,0.54092,-0.45053,-0.2417
274.94,-238.67,-52.305,0.46387,-0.62287,-0.077469
222.83,-292.17,32.739,0.35642,-0.73236,0.086756
160.5,-306.42,122.74,0.21854,-0.76682,0.26113
80.273,-279.69,209.6,0.056344,-0.71614,0.42535
-4.9354,-233.69,269.87,-0.12005,-0.63098,0.53686
-91.89,-181.58,297.12,-0.30049,-0.53163,0.58349
-187.17,-109.21,283.69,-0.48906,-0.38565,0.55106
-263.79,-26.025,242.81,-0.63909,-0.21737,0.47198
-306.99,59.962,194.95,-0.72222,-0.045031,0.37061
-308.19,155.39,129.98,-0.71816,0.15164,0.23679
-272.07,238.9,48.426,-0.64314,0.31789,0.07865
-221.47,290.3,-36.594,-0.53771,0.42535,-0.089638
-159.48,301.95,-128.55,-0.40187,0.45374,-0.264
-80.85,273.64,-216.83,-0.23967,0.40102,-0.43431
3.746,227.38,-277.24,-0.06125,0.31384,-0.54583
93.531,174.12,-302.1,0.12123,0.21044,-0.58637
190.7,103.13,-285.52,0.31586,0.070537,-0.54785
267.75,22.689,-242.94,0.4659,-0.091663,-0.46067
309.41,-64.784,-192.13,0.54294,-0.27008,-0.35524
306.93,-162.45,-127.46,0.53484,-0.46675,-0.22751
268.36,-246.95,-48.955,0.45171,-0.63909,-0.073419
215.4,-297.76,35.923,0.34223,-0.74249,0.092837
152.15,-306.14,129.72,0.20638,-0.76277,0.27531
75.65,-274.74,218.37,0.044181,-0.70803,0.4436
-7.5303,-225.67,278.46,-0.13221,-0.61679,0.55106
-98.236,-171.51,300.82,-0.31063,-0.50933,0.58958
-196.35,-102.65,281.76,-0.50933,-0.36943,0.547
-273.51,-23.713,237.69,-0.65937,-0.21534,0.45779
-313.38,64.538,186.36,-0.73438,-0.036919,0.35439
-307.79,163.43,121.58,-0.71614,0.16583,0.22057
-267.85,246.96,43.449,-0.63098,0.33411,0.068513
-215.01,296.13,-41.359,-0.52149,0.4659,-0.097744
-151.74,303.39,-135.49,-0.38565,0.45374,-0.27819
-73.678,271.19,-223.57,-0.22143,0.39697,-0.44243
11.083,222.36,-282.03,-0.045031,0.3037,-0.55191
102,167.91,-303.26,0.1415,0.19827,-0.58435
198.08,95.749,-284.15,0.32803,0.056344,-0.5438
272.25,13.748,-240.82,0.47604,-0.11194,-0.45661
311.01,-73.937,-189.65,0.547,-0.28631,-0.35119
305.82,-170.16,-120.86,0.53078,-0.48297,-0.21737
266.26,-250.02,-38.104,0.44766,-0.64518,-0.049087
214.34,-297.32,45.949,0.33817,-0.74047,0.11311
149.06,-304.96,136.89,0.2003,-0.76277,0.28748
65.553,-272.48,221.13,0.023906,-0.70397,0.44562
-20.222,-224.52,276.07,-0.15654,-0.61679,0.547
-108.88,-169.83,296.46,-0.33294,-0.5073,0.58147
-202.01,-94.98,277.65,-0.51947,-0.35524,0.54092
-273.73,-12.107,235.81,-0.65937,-0.19101,0.45171
-311.12,74.541,186.43,-0.7283,-0.022731,0.35642
-303.64,171.21,116.93,-0.71006,0.18205,0.21246
-263.42,249.89,34.531,-0.62084,0.34223,0.052288
-213.33,295.06,-49.639,-0.51541,0.43346,-0.11397
-148.39,300.02,-142.89,-0.37754,0.44968,-0.29036
-66.931,266.78,-228.29,-0.20926,0.38683,-0.45459
18.632,218.68,-283.16,-0.032869,0.29964,-0.55394
110.82,162.49,-300.57,0.15772,0.18813,-0.58029
205.56,89.167,-278.73,0.34425,0.04215,-0.53366
277.3,8.8886,-235.11,0.48212,-0.12005,-0.44445
313.11,-79.434,-183.47,0.54903,-0.29847,-0.34105
302.4,-178.18,-115.29,0.5247,-0.49716,-0.20318
259.35,-258.23,-35.603,0.43346,-0.66139,-0.045031
206.95,-302.27,49.016,0.32195,-0.75263,0.1192
141.58,-303.76,144.11,0.18407,-0.76074,0.30167
62.746,-267.9,229.62,0.01985,-0.69586,0.46184
-21.449,-217.67,284.21,-0.15452,-0.60057,0.56322
-115.43,-160.37,299.24,-0.34713,-0.48906,0.58349
-211.16,-88.634,274.4,-0.53771,-0.34308,0.53078
-282.57,-9.7242,229.51,-0.67761,-0.1829,0.43954
-316.5,79.188,177.77,-0.74249,-0.0044813,0.33614
-303.31,178.76,109.88,-0.70803,0.19827,0.19827
-258.67,258,30.309,-0.61273,0.35642,0.040125
-206.59,300.35,-54.64,-0.50325,0.4436,-0.12411
-141.19,300.87,-149.88,-0.36335,0.45171,-0.30658
-60.986,264.7,-234.35,-0.19507,0.3848,-0.46473
24.246,215.12,-287.67,-0.0207,0.29154,-0.56407
118.3,156.78,-302.01,0.17191,0.17597,-0.58435
212.36,81.217,-276.79,0.35642,0.021875,-0.52758
280.84,-0.54751,-232.61,0.49023,-0.14033,-0.44243
314.1,-88.398,-180.71,0.55511,-0.31469,-0.33496
301.65,-184.88,-108.4,0.52267,-0.51339,-0.19101
257.53,-260.51,-24.704,0.42941,-0.66748,-0.024756
205.92,-301.54,58.877,0.32195,-0.75061,0.13947
137.67,-302.06,150.81,0.17597,-0.75871,0.31586
52.649,-266.01,231.16,-0.0024563,-0.69383,0.4659
-32.3,-217.93,281.59,-0.17682,-0.60259,0.55714
-124.28,-158.84,295.65,-0.36538,-0.48702,0.57741
-215.91,-80.118,270.55,-0.54785,-0.32686,0.5247
-281.96,2.1182,227.93,-0.67559,-0.1606,0.43549
-313.78,89.19,177.49,-0.73236,0.013769,0.33411
-299.56,185.65,104.45,-0.69992,0.21044,0.19016
-255.3,260.03,21.462,-0.60463,0.35844,0.023906
-204.86,299.05,-62.968,-0.50122,0.44157,-0.13829
-137.11,296.95,-157.31,-0.35321,0.4436,-0.32078
-54.452,260.29,-238.55,-0.17884,0.37466,-0.47284
30.969,212.05,-288.49,-0.0065062,0.28748,-0.56204
126.32,152.06,-299.44,0.18813,0.16989,-0.57826
219.36,75.178,-271.46,0.37264,0.017825,-0.51744
285.18,-5.761,-226.64,0.49834,-0.15046,-0.4262
314.88,-94.791,-173.91,0.55308,-0.33091,-0.31874
297.85,-192.72,-103.05,0.51456,-0.52961,-0.18088
251.07,-268.39,-22.935,0.41724,-0.68369,-0.0207
198.15,-306.07,62.675,0.30573,-0.76277,0.14556
130.4,-300.01,159.04,0.15772,-0.75263,0.33209
50.762,-260.94,240.36,-0.0065062,-0.68369,0.48415
-33.857,-211,289.5,-0.18088,-0.5884,0.57133
-130.74,-150.49,298.08,-0.37551,-0.46878,0.58147
-224.63,-75.424,267.56,-0.56204,-0.31672,0.51862
-289.93,5.1849,221.01,-0.68978,-0.15452,0.42333
-317.46,95.3,167.61,-0.73844,0.027962,0.31384
-298.33,193.34,97.471,-0.69789,0.22666,0.17191
-250.72,268.01,17.711,-0.59651,0.37872,0.015794
-197.67,304.12,-68.394,-0.48702,0.45374,-0.15046
-129.47,296.64,-165.14,-0.34105,0.4436,-0.33496
-48.578,257.46,-245.02,-0.16871,0.37061,-0.48702
36.655,208.46,-292.69,0.0056562,0.27734,-0.57218
133.21,146.7,-300.95,0.19827,0.15772,-0.58232
225.17,67.865,-270.49,0.3848,-0.000425,-0.51744
288.03,-15.079,-224.49,0.50239,-0.16668,-0.42215
314.95,-104.49,-169.81,0.55308,-0.35119,-0.31469
296.57,-199.23,-94.721,0.51456,-0.53974,-0.16263
249.82,-270.09,-11.753,0.41521,-0.67964,0.0016
196.95,-305.34,72.512,0.29964,-0.76074,0.1638
124.65,-297.79,165.77,0.14556,-0.74857,0.34425
39.745,-258.6,241.4,-0.030838,-0.67559,0.48617
-44.331,-211.14,286.55,-0.20521,-0.5884,0.56727
-138.65,-148.48,294.71,-0.38971,-0.46675,0.57539
-228.27,-66.813,264.54,-0.57218,-0.30049,0.51253
-288.82,16.39,220.38,-0.68775,-0.13221,0.42333
-314.09,105.75,166.24,-0.73438,0.048238,0.31181
-294.18,199.85,90.606,-0.68572,0.24085,0.15975
-248.2,269.21,8.4405,-0.59043,0.38074,-0.0044813
-195.88,302.71,-77.051,-0.48094,0.44968,-0.16668
-124.11,292.47,-172.66,-0.32686,0.43346,-0.35119
-41.807,252.91,-249.07,-0.15654,0.36452,-0.49514
43.755,204.74,-293.38,0.017825,0.27329,-0.57421
141.28,141.63,-297.81,0.21854,0.14961,-0.57421
231.75,62.698,-265.45,0.39291,-0.012594,-0.50528
291.9,-19.963,-219.14,0.51253,-0.17884,-0.41201
314.2,-112.2,-162.45,0.54903,-0.36741,-0.29847
291.55,-207.29,-89.295,0.49834,-0.55799,-0.15046
243.42,-277.38,-9.795,0.39899,-0.69992,0.0016
188.81,-309.23,77.277,0.2814,-0.76885,0.17597
117.88,-295.07,174.64,0.13339,-0.74452,0.36047
38.448,-253.01,251.19,-0.032869,-0.66951,0.50443
-47.186,-203.1,294.33,-0.21129,-0.57421,0.57944
-146.24,-140.06,295.77,-0.40998,-0.44851,0.57539
-237,-63.605,261.52,-0.58637,-0.29441,0.50645
-296.77,18.938,213.89,-0.70194,-0.12816,0.41116
-316.19,113.04,156.23,-0.73641,0.0604,0.29356
-291.32,208.02,83.246,-0.67964,0.25504,0.14758
-242.99,276.66,4.2413,-0.58029,0.39494,-0.010563
-188.3,307.05,-83.421,-0.46473,0.45982,-0.18088
-116.61,291.79,-180.64,-0.31266,0.43549,-0.36741
-35.815,249.49,-255.91,-0.14033,0.35642,-0.50528
50.549,200.18,-297.5,0.036069,0.26113,-0.58029
148.87,135.43,-298.45,0.23274,0.13339,-0.57624
237.17,55.456,-264.48,0.40913,-0.026781,-0.50325
294.83,-28.479,-217.67,0.51659,-0.19507,-0.40998
314.01,-121.52,-158.13,0.55106,-0.38362,-0.28833
289.36,-213.48,-79.741,0.49631,-0.57218,-0.13424
242.03,-278.42,2.0946,0.39697,-0.70397,0.029988
187.16,-308.14,87.657,0.27937,-0.76682,0.19827
110.78,-293.26,180.74,0.11717,-0.74452,0.37466
26.511,-251.13,251.71,-0.057194,-0.66342,0.50037
-58.391,-202.6,291.36,-0.23156,-0.57016,0.57336
-154.4,-136.38,291.71,-0.42215,-0.44243,0.56931
-240.04,-54.216,258.24,-0.59246,-0.27617,0.49834
-295.64,29.46,213.87,-0.69992,-0.10788,0.40913
-312.82,122.97,154.35,-0.7283,0.0827,0.28951
-286.68,214.05,75.366,-0.67153,0.26721,0.13136
-240.51,277.3,-5.761,-0.57624,0.39697,-0.0207
-185.8,304.9,-93.069,-0.45864,0.45374,-0.19912
-110.55,287.77,-188,-0.29644,0.42738,-0.37957
-28.549,245.55,-259.67,-0.12816,0.34831,-0.51136
58.735,195.65,-297.88,0.052288,0.25301,-0.58029
157.89,129.15,-294.46,0.25099,0.12325,-0.56812
243.99,50.337,-258.82,0.46387,-0.034894,-0.49311
298.82,-33.315,-212.04,0.52673,-0.20521,-0.39984
312.5,-129.63,-151.05,0.55106,-0.4039,-0.27617
283.32,-221.83,-74.645,0.48415,-0.5884,-0.12411
234.79,-285.17,5.1849,0.37872,-0.71411,0.036069
177.82,-310.31,94.546,0.26113,-0.76885,0.20841
104.45,-289.77,190.11,0.10703,-0.73438,0.39088
25.426,-245.3,262.01,-0.06125,-0.65531,0.52267
-62.779,-193.68,298.67,-0.2417,-0.55799,0.58958
-163.6,-127.58,291.74,-0.44445,-0.42215,0.56727
-249.62,-51.126,254.16,-0.61273,-0.27211,0.49023
-303.57,32.621,206.51,-0.71614,-0.1018,0.39494
-314.66,130.33,144.98,-0.73236,0.096894,0.26923
-283.11,222.31,68.856,-0.66545,0.28545,0.11717
-233.81,284.07,-11.328,-0.56002,0.40711,-0.03895
-176.72,307.31,-101.49,-0.43837,0.45982,-0.21534
-102.84,286.26,-196.16,-0.28225,0.42333,-0.39376
-22.251,242.06,-266.48,-0.11599,0.34223,-0.52555
66.685,190.56,-301.8,0.066481,0.2449,-0.5884
166.43,121.82,-294.23,0.26721,0.10298,-0.56812
249.61,42.104,-256.86,0.43143,-0.053144,-0.48702
301.5,-42.397,-209.82,0.52876,-0.22345,-0.39376
312.76,-138.25,-146.1,0.547,-0.41809,-0.26603
281.48,-226.97,-64.879,0.48009,-0.59651,-0.10383
232.69,-285.64,17.476,0.37466,-0.72019,0.056344
174.4,-308.12,105.73,0.24896,-0.76479,0.22868
95.678,-287.31,195.8,0.086756,-0.7283,0.39899
12.404,-243.91,261.68,-0.085581,-0.65126,0.52267
-74.504,-193,295.63,-0.264,-0.55394,0.58147
-171.81,-122.04,287.61,-0.46067,-0.41201,0.55917
-252.31,-40.463,250.5,-0.61679,-0.24778,0.48617
-302.15,43.519,205.8,-0.71614,-0.081525,0.39088
-311.26,139.79,142.1,-0.72628,0.11311,0.26315
-278.94,227.43,60.858,-0.65937,0.29559,0.10501
-231.14,284.38,-21.331,-0.55799,0.40913,-0.06125
-172.66,304.01,-111.92,-0.42823,0.45374,-0.23562
-95.664,281.38,-203.24,-0.26806,0.41521,-0.40796
-14.018,238.05,-269.53,-0.097744,0.33614,-0.52961
75.697,185.84,-301.63,0.086756,0.23679,-0.58435
175.53,115.16,-290.26,0.28342,0.092837,-0.55799
256.68,36.702,-250.82,0.44562,-0.065306,-0.47689
305.21,-48.295,-202.98,0.53484,-0.23562,-0.37754
310.49,-146.71,-138.98,0.54092,-0.43634,-0.25184
275.79,-235.27,-61.199,0.46793,-0.61071,-0.097744
225.19,-292.15,20.849,0.3625,-0.73033,0.064456
164.07,-308.4,114.01,0.23071,-0.76885,0.24693
89.544,-282.45,205.49,0.072563,-0.72222,0.41927
10.375,-236.81,271.59,-0.093694,-0.63909,0.54092
-80.307,-183.42,301.65,-0.27617,-0.53366,0.59161
-181.49,-114.25,287.16,-0.48094,-0.39579,0.55917
-262.71,-37.372,245.83,-0.63909,-0.24373,0.47401
-309.54,48.639,196.72,-0.7283,-0.067331,0.37669
-312.06,147.81,132.79,-0.72628,0.13339,0.2449
-275.87,235.52,55.881,-0.65126,0.30978,0.090812
-224.56,290.98,-26.733,-0.5438,0.42333,-0.067331
-162.66,305.21,-120.81,-0.40998,0.45982,-0.25184
-87.431,278.81,-211.45,-0.24778,0.40913,-0.42215
-6.3743,233.33,-275.71,-0.0795,0.326,-0.53974
84.685,179.8,-304.42,0.10501,0.2226,-0.59043
184.09,107.83,-289.72,0.30167,0.07865,-0.55596
262.37,27.478,-248.81,0.45576,-0.083556,-0.47486
307.45,-58.816,-199.58,0.54294,-0.25792,-0.37349
309.97,-155.56,-132.56,0.53889,-0.45256,-0.23967
274.47,-239.4,-51.267,0.46387,-0.62287,-0.0795
223.77,-292.62,32.149,0.35642,-0.73438,0.086756
159.87,-306.54,123.8,0.22057,-0.76074,0.26113
79.283,-279.46,210.45,0.052288,-0.71614,0.42941
-4.0625,-234.9,270.46,-0.12208,-0.63504,0.53484
-92.786,-181.65,297.75,-0.30049,-0.53163,0.58553
-189.06,-107.41,283.25,-0.49311,-0.3816,0.55106
-264.71,-25.577,243.14,-0.64112,-0.21939,0.47198
-307.88,60.363,195.47,-0.72424,-0.047056,0.36858
-307.88,157.51,128.07,-0.71816,0.14961,0.23476
-271.79,239.91,47.435,-0.64112,0.31992,0.074594
-222.37,291.03,-36.334,-0.53569,0.42333,-0.087606
-158.3,302,-130.2,-0.40187,0.45171,-0.26806
-79.694,273.46,-217.98,-0.23562,0.40305,-0.43634
3.2741,228.47,-278.11,-0.06125,0.31586,-0.54583
95.253,173.55,-302.69,0.12731,0.21044,-0.58435
193.25,100.87,-284.98,0.31992,0.064456,-0.54583
269.19,21.911,-243.22,0.46793,-0.093694,-0.46067
310.61,-66.011,-192.1,0.547,-0.27414,-0.35727
306.48,-165.26,-125.11,0.53281,-0.47284,-0.22345
268.03,-248.41,-47.776,0.45171,-0.64314,-0.071387
216.01,-298.87,36.206,0.34019,-0.74655,0.094869
150.45,-306.21,132.15,0.20435,-0.76479,0.27937
74.305,-274.46,220.05,0.04215,-0.70803,0.44766
-7.6719,-226.52,279.78,-0.12816,-0.61679,0.55714
-101.09,-170.26,301.29,-0.3228,-0.5073,0.58958
-199.46,-99.816,280.89,-0.51541,-0.36943,0.54294
-275.33,-22.605,237.81,-0.66139,-0.21129,0.45576
-314.75,66.756,185.7,-0.73844,-0.030838,0.35236
-307.08,166.94,118.63,-0.71816,0.17394,0.21652
-267.31,248.87,41.986,-0.63098,0.33614,0.064456
-215.32,297.42,-42.35,-0.52353,0.43752,-0.099775
-149.5,303.3,-138.6,-0.37957,0.45576,-0.28631
-72.168,271,-225.62,-0.21939,0.39697,-0.45053
11.932,222.92,-283.7,-0.045031,0.30776,-0.55596
105.82,165.74,-303.64,0.14758,0.19421,-0.5884
201.79,92.352,-283.09,0.33817,0.046206,-0.5438
274.61,11.861,-240.6,0.47807,-0.11599,-0.45459
312.5,-77.122,-188.28,0.54903,-0.29644,-0.34916
304.97,-174.39,-117.13,0.53078,-0.49311,-0.20926
265.36,-252.45,-36.004,0.44562,-0.65126,-0.047056
214.03,-298.87,47.86,0.33817,-0.74857,0.11717
146.02,-304.72,140.62,0.19016,-0.76074,0.29559
63.571,-272.12,223.59,0.021875,-0.706,0.45171
-21.803,-224.66,278.13,-0.15452,-0.61881,0.55308
-113.73,-166.91,296.83,-0.3451,-0.50325,0.58349
-206.35,-90.828,276.33,-0.52758,-0.34713,0.53686
-276.49,-9.5355,235.29,-0.66545,-0.18493,0.45374
-312.72,78.787,184.33,-0.73033,-0.0044813,0.34831
-302.62,176.14,112.47,-0.70397,0.18813,0.20638
-262.33,252.84,31.96,-0.62084,0.34628,0.044181
-212.15,296.86,-52.753,-0.51541,0.43752,-0.11802
-144.71,299.55,-147.63,-0.37146,0.44766,-0.30049
-64.596,266.35,-231.31,-0.20521,0.38886,-0.45864
21.203,218.25,-285.62,-0.026781,0.29559,-0.55799
116.79,158.88,-300.69,0.16786,0.18205,-0.58029
210.78,84.543,-276.98,0.35642,0.032012,-0.52961
280.58,5.3029,-233.93,0.49023,-0.13019,-0.44039
314.55,-85.001,-180.45,0.55308,-0.31266,-0.33496
301.1,-183.89,-110.57,0.52267,-0.50933,-0.19507
257.79,-261.93,-32.465,0.42738,-0.66748,-0.03895
204.78,-304.35,53.498,0.31586,-0.75669,0.12731
137.36,-302.98,149.89,0.17394,-0.75871,0.31384
60.127,-267.1,233.45,0.013769,-0.69586,0.46996
-25.058,-216.73,287.07,-0.16466,-0.59854,0.56727
-122.37,-156.1,299.29,-0.36133,-0.48094,0.58553
-216.99,-83.562,272.35,-0.5438,-0.33496,0.52673
-286.23,-4.9826,227.55,-0.68167,-0.17479,0.43549
-317.77,86.195,173.64,-0.74047,0.0076813,0.32803
-301.77,185.2,104.57,-0.70803,0.21044,0.18813
-256.81,262.39,26.581,-0.60867,0.36656,0.032012
-203.4,302.54,-60.349,-0.49919,0.44968,-0.13221
-136.26,299.62,-156.6,-0.35321,0.44766,-0.30861
-57.66,263.48,-238.81,-0.18898,0.38277,-0.47486
29.082,213.44,-290.73,-0.012594,0.28748,-0.56812
126.11,151.68,-302.08,0.18813,0.16786,-0.58637
218.7,75.414,-274.72,0.36858,0.017825,-0.52353
284.9,-6.3508,-230.15,0.49834,-0.15452,-0.43431
315.28,-96.561,-175.38,0.55308,-0.33496,-0.32078
299.88,-191.98,-102.06,0.51862,-0.52758,-0.17682
255.34,-265.33,-20.057,0.42535,-0.67761,-0.014619
201.76,-303.92,65.647,0.30978,-0.76074,0.15164
131.46,-300.55,158.31,0.16178,-0.75669,0.33006
48.355,-264.24,236.06,-0.012594,-0.68775,0.47401
-38.009,-215.46,284.83,-0.19101,-0.59854,0.56322
-132.7,-152.89,295.54,-0.3816,-0.47284,0.57944
-222.6,-73.702,268.24,-0.55596,-0.31672,0.52267
-286.2,8.9358,224.91,-0.68369,-0.14641,0.43143
-314.63,98.721,171.12,-0.73641,0.034044,0.32195
-297.48,193.34,97.424,-0.69586,0.22666,0.17191
-252.85,265.22,15.942,-0.59854,0.37264,0.015794
-199.82,301.46,-71.012,-0.48906,0.44968,-0.15654
-130.3,295.09,-165.87,-0.33902,0.43954,-0.33496
-49.498,258.03,-244.33,-0.17074,0.37466,-0.485
38.141,208.56,-291.94,0.0076813,0.2814,-0.56812
135.9,145.41,-298.85,0.20638,0.15569,-0.57826
226.7,68.667,-268.89,0.38683,-0.0024563,-0.51339
289.69,-13.711,-222.94,0.50645,-0.16466,-0.41809
314.95,-105.88,-166.39,0.55308,-0.35119,-0.30455
295.02,-201.33,-95.594,0.50645,-0.54988,-0.16466
247.91,-274.08,-16.565,0.40913,-0.69586,-0.0085375
192.09,-308.4,71.97,0.29154,-0.76682,0.16583
123.3,-297.58,168.43,0.14556,-0.74857,0.34831
45.171,-257.73,246.94,-0.018675,-0.67761,0.49631
-42.255,-206.45,293.06,-0.19912,-0.58029,0.58349
-141.22,-143.36,296.95,-0.39984,-0.45459,0.57944
-232.51,-68.866,264.87,-0.57826,-0.30658,0.51253
-294.77,13.89,216.84,-0.69789,-0.13829,0.41521
-316.8,107.69,159.28,-0.73641,0.052288,0.29762
-294.67,202.47,89.143,-0.68978,0.24693,0.15975
-247,273.67,10.28,-0.5884,0.39088,0.0036313
-191.04,306.32,-78.703,-0.47081,0.45982,-0.16871
-121.83,294.07,-175.09,-0.32482,0.43752,-0.35321
-41.807,253.52,-252.23,-0.15452,0.36452,-0.49919
46.303,202.94,-296.37,0.01985,0.26721,-0.57826
144.27,138.66,-299.58,0.22462,0.1415,-0.57624
233.19,60.505,-267.5,0.39899,-0.016644,-0.51136
292.96,-24.515,-219.87,0.51253,-0.18696,-0.41201
314.2,-117.23,-160.59,0.55106,-0.37551,-0.29644
292.45,-208.64,-85.402,0.50037,-0.56002,-0.14235
245.38,-276.06,-3.1424,0.40507,-0.69992,0.011738
189.52,-307.51,83.482,0.28748,-0.76682,0.18611
115.99,-295.22,175.74,0.13136,-0.74452,0.3625
31.889,-254.4,248.66,-0.047056,-0.67153,0.49834
-54.806,-204.77,290.11,-0.22548,-0.57624,0.56931
-150.13,-139.52,292.75,-0.41404,-0.44648,0.56931
-236.48,-58.91,261.12,-0.5884,-0.28631,0.50443
-293.94,26.346,215.33,-0.69789,-0.11397,0.41319
-312.86,119.13,156.35,-0.73033,0.074594,0.29154
-289.46,209.64,80.58,-0.67761,0.26113,0.1415
-243.2,275.15,-1.1137,-0.58029,0.39088,-0.0207
-187.81,304.31,-89.106,-0.4627,0.45374,-0.19101
-115.5,289.73,-183.16,-0.31063,0.42941,-0.36943
-33.244,248.36,-256.81,-0.13627,0.35439,-0.50933
55.48,197.4,-296.87,0.04215,0.25504,-0.57826
153.59,132.29,-295.55,0.24287,0.12934,-0.56812
240.48,54.678,-261.43,0.41116,-0.030838,-0.49716
297.09,-30.531,-213.29,0.52064,-0.19912,-0.4039
312.47,-125.88,-152.89,0.547,-0.39579,-0.28022
286.08,-217.56,-79.387,0.49023,-0.57826,-0.13019
237.24,-283.26,1.0566,0.38886,-0.71411,0.025931
179.78,-309.98,90.464,0.26517,-0.76885,0.19827
109.34,-291.87,185.39,0.11514,-0.74047,0.37872
29.577,-247.71,259.35,-0.051112,-0.65937,0.51659
-59.83,-195.07,297.52,-0.23562,-0.55596,0.58553
-159.34,-130.65,292.75,-0.43634,-0.43026,0.57133
-246.2,-55.183,256.73,-0.60463,-0.28022,0.49429
-301.92,30.073,207.5,-0.71208,-0.10788,0.39697
-314.54,126.63,146.85,-0.73236,0.092837,0.27329
-285.52,218.25,73.361,-0.66951,0.27734,0.12731
-235.84,282.23,-7.6483,-0.5661,0.40711,-0.032869
-178.87,307.05,-97.268,-0.44243,0.45779,-0.20723
-107.81,288.51,-191.56,-0.29239,0.42941,-0.38565
-26.002,244.06,-264.01,-0.12208,0.35033,-0.51947
63.807,191.69,-300.62,0.0604,0.24896,-0.58435
162.08,125.14,-295.24,0.25707,0.11514,-0.56812
246.28,46.162,-259.26,0.42333,-0.045031,-0.49514
299.81,-39.967,-210.69,0.52673,-0.21939,-0.39579
312.59,-134.49,-148.32,0.547,-0.40998,-0.27008
283.69,-223.12,-69.503,0.48212,-0.59043,-0.11397
234.27,-283.87,14.267,0.38074,-0.71208,0.050263
176.95,-308.05,101.43,0.25707,-0.76682,0.21854
100.91,-289.51,191.34,0.094869,-0.73641,0.39088
15.989,-245.58,259.42,-0.0795,-0.65531,0.51456
-71.673,-193.99,294.31,-0.25994,-0.55799,0.57944
-167.43,-125.65,288.48,-0.45053,-0.41809,0.56119
-249.05,-44.402,252.6,-0.61273,-0.25589,0.48821
-300.38,41.066,206.53,-0.71006,-0.083556,0.39494
-311.23,135.66,144.68,-0.73033,0.10703,0.27329
-280.99,223.54,65.317,-0.65937,0.28748,0.11311
-232.42,282.4,-18.288,-0.55799,0.40711,-0.053144
-175.57,303.93,-107.2,-0.43634,0.45374,-0.22751
-100.95,283.72,-198.71,-0.27819,0.42129,-0.39782
-17.485,239.6,-267.21,-0.1018,0.33817,-0.52353
72.583,186.83,-300.36,0.07865,0.24085,-0.58435
170.74,118.89,-291.16,0.27329,0.10298,-0.56002
253.14,40.5,-252.75,0.43549,-0.057194,-0.48094
303.18,-45.487,-203.94,0.53281,-0.22751,-0.38362
310.61,-141.97,-141.88,0.54294,-0.4262,-0.25792
277.82,-231.22,-65.445,0.47198,-0.60665,-0.10586
226.27,-289.96,17.806,0.36858,-0.7283,0.056344
167.32,-308.45,108.7,0.23882,-0.76682,0.23679
94.97,-284.88,200.58,0.084731,-0.72628,0.41319
14.102,-238.5,269.04,-0.085581,-0.63909,0.53686
-76.556,-184.79,300.42,-0.27008,-0.53771,0.58958
-176.25,-118.15,288.32,-0.46878,-0.40593,0.55917
-259.03,-41.123,247.58,-0.63098,-0.24778,0.47807
-307.39,45.289,197.87,-0.72222,-0.075444,0.37872
-312.44,142.36,136.25,-0.72628,0.12325,0.25301
-277.9,231.23,60.221,-0.65328,0.30167,0.10095
-225.58,288.53,-23.501,-0.5438,0.41927,-0.063281
-166.37,305.21,-115.06,-0.41809,0.45982,-0.23967
-93.093,280.98,-206.42,-0.26198,0.41319,-0.41606
-10.456,235.03,-273.02,-0.089638,0.33006,-0.53771
80.203,181.69,-303.24,0.094869,0.22666,-0.5884
178.32,112.31,-290.99,0.28951,0.086756,-0.56002
258.36,31.441,-250.28,0.44968,-0.073419,-0.47689
304.95,-54.971,-200.93,0.53484,-0.24981,-0.37551
310.4,-149.47,-136.95,0.54294,-0.44039,-0.24778
276.47,-234.92,-56.009,0.4659,-0.61273,-0.087606
224.76,-289.86,28.681,0.36452,-0.72628,0.07865
164.28,-306.37,117.71,0.23274,-0.76479,0.25099
85.487,-281.91,205.18,0.064456,-0.72222,0.41927
0.49042,-236.76,267.46,-0.11194,-0.63706,0.53281
-87.337,-184.29,296.6,-0.29036,-0.53366,0.58349
-182.74,-112.65,284.57,-0.47892,-0.39376,0.55308
-260.42,-29.8,244.3,-0.63504,-0.22953,0.47198
-305.15,55.763,197.02,-0.72019,-0.053144,0.37872
-308.64,150.5,133.23,-0.72222,0.13339,0.24287
-273.84,234.91,52.437,-0.64518,0.30978,0.084731
-223.57,287.94,-32.182,-0.53974,0.41927,-0.077469
-163.35,302.02,-123.1,-0.41404,0.44968,-0.25792
-86.134,275.93,-212.25,-0.24981,0.40507,-0.42417
-2.0338,230.62,-274.83,-0.073419,0.32195,-0.53974
88.436,177.02,-301.75,0.11311,0.21652,-0.58232
185.91,106.62,-286.75,0.3037,0.076619,-0.54988
264.14,26.629,-244.64,0.45779,-0.083556,-0.46473
307.54,-60.231,-194.25,0.54294,-0.25994,-0.36335
307.66,-156.98,-130.91,0.53484,-0.45459,-0.23359
270.48,-242.59,-53.201,0.45576,-0.63098,-0.077469
217.83,-295.33,31.134,0.34628,-0.74047,0.0827
156.09,-306.37,124.01,0.21246,-0.76479,0.26315
80.863,-277.15,213.65,0.054319,-0.71208,0.43346
-1.4676,-229.16,275.98,-0.11802,-0.6249,0.547
-92.432,-174.9,300.89,-0.30253,-0.51947,0.58755
-191.14,-106.61,283.41,-0.49716,-0.37957,0.54903
-269.67,-27.842,239.67,-0.65126,-0.22548,0.46387
-311.4,59.773,188.58,-0.7283,-0.043006,0.35844
-308.71,157.48,125.31,-0.71816,0.15366,0.22868
-270.42,242.17,48.167,-0.63706,0.32398,0.076619
-217.79,293.7,-36.075,-0.52758,0.42941,-0.087606
-155.91,303.53,-129.49,-0.39579,0.45576,-0.26603
-79.269,273.6,-218.64,-0.23562,0.40305,-0.43634
4.8783,225.9,-279.51,-0.055169,0.31181,-0.54583
95.772,171.69,-303.45,0.12731,0.20638,-0.58637
192.68,100.33,-286.04,0.31789,0.062425,-0.54785
268.38,18.301,-242.94,0.4659,-0.1018,-0.46473
308.86,-68.795,-192.08,0.54497,-0.27819,-0.35929
306.81,-163.98,-125.2,0.53281,-0.47081,-0.22345
269,-245.18,-43.317,0.45171,-0.63301,-0.06125
217.48,-294.79,40.335,0.34628,-0.73844,0.098925
153.73,-305.2,130.83,0.20638,-0.76277,0.27734
71.568,-274.98,216.37,0.036069,-0.71208,0.43549
-14.206,-227.98,273.48,-0.14235,-0.61881,0.54092
-102.39,-174.1,296.57,-0.32078,-0.51541,0.58147
-196.35,-100.17,279.82,-0.5073,-0.36741,0.54294
-269.83,-17.014,237.93,-0.65126,-0.20318,0.45779
-308.99,69.068,188.98,-0.72424,-0.024756,0.35642
-304.7,164.75,121.58,-0.71208,0.16989,0.2226
-266.34,244.91,40.075,-0.62692,0.32803,0.0604
-216.71,292.68,-43.647,-0.52555,0.42738,-0.1018
-153.3,300.63,-136.33,-0.38971,0.44968,-0.28022
-72.947,269.4,-223.27,-0.22345,0.39697,-0.44445
12.498,222.03,-280.52,-0.040975,0.30573,-0.54785
103.86,166.92,-301,0.14352,0.19827,-0.58232
199.5,94.664,-281.32,0.33411,0.052288,-0.53771
273.22,14.173,-237.73,0.47807,-0.11194,-0.45053
311.06,-73.395,-186.44,0.547,-0.28428,-0.3451
303.58,-171.34,-120.03,0.5247,-0.485,-0.21534
262.63,-252.87,-41.241,0.44157,-0.65126,-0.057194
210.8,-299.79,42.505,0.33209,-0.74655,0.10703
146.68,-304.63,137.06,0.19421,-0.76277,0.28748
68.761,-270.75,224.36,0.032012,-0.70194,0.45171
-15.457,-220.84,281.57,-0.14235,-0.60867,0.55714
-108.21,-164.81,299.57,-0.33294,-0.49919,0.58553
-204.68,-94.414,277.35,-0.52353,-0.35524,0.53889
-278.44,-15.645,232.55,-0.66748,-0.19709,0.44766
-314.68,72.583,181.08,-0.73641,-0.024756,0.34628
-304.56,171.57,114.76,-0.70803,0.18407,0.20841
-262.17,252.41,36.159,-0.61881,0.34628,0.054319
-210.86,297.8,-47.445,-0.51541,0.43954,-0.11194
-146.69,301.81,-142.26,-0.37551,0.45171,-0.29239
-67.285,267.7,-228.93,-0.21129,0.39291,-0.45256
18.207,218.16,-284.79,-0.034894,0.29762,-0.55799
110.96,161.47,-302.18,0.15772,0.18407,-0.58637
205.75,87.586,-279.84,0.34628,0.036069,-0.53569
276.62,5.8691,-235.86,0.48212,-0.12613,-0.44648
312.21,-81.345,-184.58,0.55106,-0.30253,-0.34308
302.99,-177.5,-114.11,0.5247,-0.49716,-0.19912
261.02,-254.88,-31.05,0.43549,-0.65734,-0.03895
210.47,-298.83,51.469,0.33006,-0.74857,0.12528
143.92,-303.36,142.98,0.18813,-0.76074,0.29762
59.561,-269.24,225.68,0.013769,-0.70194,0.45374
-26.473,-220.81,278.6,-0.16466,-0.60665,0.55106
-116.9,-163.77,295.65,-0.34916,-0.49514,0.57944
-209.06,-87.007,273.55,-0.53366,-0.34105,0.53078
-277.59,-4.6995,231.3,-0.66748,-0.17479,0.4436
-312.01,81.453,181.67,-0.73438,-0.000425,0.34425
-300.93,177.89,110.59,-0.70397,0.19421,0.20232
-258.7,254.16,28.115,-0.61071,0.34831,0.0381
-209.72,296.41,-54.971,-0.50933,0.43752,-0.12411
-143.67,298.58,-148.88,-0.36538,0.44562,-0.30455
-61.529,263.83,-232.63,-0.19507,0.38277,-0.46067
24.529,215.16,-285.38,-0.0207,0.29154,-0.55799
118.4,157.01,-299.53,0.17191,0.18002,-0.57826
212.1,81.901,-274.6,0.36047,0.027962,-0.52353
280.7,1.7408,-230.46,0.49023,-0.13627,-0.43634
313.44,-86.11,-178.84,0.54903,-0.31266,-0.33294
299.66,-184.36,-109.54,0.51862,-0.51339,-0.19304
254.82,-262.14,-30.012,0.42129,-0.66951,-0.032869
203.44,-303.38,54.041,0.31586,-0.75466,0.13136
137.31,-301.99,149.77,0.17394,-0.75669,0.31384
58.028,-265.02,233.78,0.0097125,-0.69181,0.46793
-26.922,-214.49,286.24,-0.16871,-0.59449,0.56727
-122.3,-155.51,298.27,-0.35929,-0.47892,0.58349
-217.11,-81.982,270.55,-0.54785,-0.33091,0.5247
-285.38,-2.9065,224.93,-0.67964,-0.17074,0.43143
-316.45,85.605,173.15,-0.73844,0.0076813,0.326
-300.55,184.35,104.5,-0.70194,0.20841,0.19016
-254.74,261.33,25.402,-0.60665,0.36452,0.034044
-203.36,301.24,-59.217,-0.49514,0.44968,-0.12816
-137.16,299.07,-155.14,-0.35727,0.44968,-0.31672
-56.575,261.94,-238.06,-0.18696,0.38074,-0.47284
29.2,212.21,-289.41,-0.010563,0.28545,-0.5661
124.34,152.2,-301.19,0.18611,0.16989,-0.58232
217.5,74.989,-273.44,0.36656,0.013769,-0.52353
283.29,-6.6339,-228.57,0.49631,-0.15249,-0.43229
313.98,-94.155,-176.25,0.55106,-0.32888,-0.32482
299.07,-189.88,-102.98,0.51659,-0.52353,-0.18088
254.13,-263.35,-20.293,0.42129,-0.67153,-0.016644
202.97,-302.32,62.864,0.31181,-0.75466,0.14556
133.47,-300.26,155.5,0.16583,-0.75466,0.32398
48.544,-263.46,234.27,-0.012594,-0.68978,0.47198
-36.617,-215.29,283.1,-0.18493,-0.59854,0.56119
-129.66,-154.57,294.92,-0.37551,-0.47892,0.57741
-220.39,-74.456,267.49,-0.55596,-0.31469,0.51862
-283.89,7.4732,224.39,-0.67761,-0.14843,0.43143
-313.45,94.522,173.34,-0.73236,0.025931,0.326
-297.1,190.02,99.5,-0.69586,0.21652,0.17799
-252.61,262.39,17.735,-0.59854,0.36656,0.017825
-202.2,299.71,-66.672,-0.49514,0.4436,-0.14641
-133.27,295.28,-161.79,-0.3451,0.44157,-0.32686
-50.842,257.98,-241.55,-0.17479,0.37061,-0.47689
35.098,209.53,-289.72,0.0016,0.2814,-0.5661
131.23,148.19,-298.57,0.19624,0.15975,-0.57826
223.3,70.295,-268.7,0.37872,0.0036313,-0.51339
286.83,-10.456,-223.5,0.50037,-0.1606,-0.42215
314.15,-99.793,-169.97,0.55106,-0.34308,-0.31266
295.25,-196.68,-98.59,0.50848,-0.53771,-0.16871
248.73,-270.3,-19.939,0.41116,-0.68572,-0.016644
195.8,-306.54,65.954,0.29762,-0.76277,0.15164
127.03,-298.24,163.1,0.15366,-0.75263,0.33614
47.601,-258.63,243.07,-0.014619,-0.67761,0.49023
-37.585,-208.64,290.56,-0.18898,-0.58232,0.57539
-135.23,-147.09,297.07,-0.38565,-0.46473,0.58349
-228.01,-71.319,265.06,-0.57016,-0.30861,0.51456
-291.23,9.1717,218.37,-0.69383,-0.14641,0.41927
-316.5,99.877,163.93,-0.73641,0.040125,0.30776
-295.78,196.72,93.366,-0.68978,0.23274,0.16583
-248.86,269.49,15.305,-0.59449,0.37872,0.011738
-195.71,304.45,-71.248,-0.48094,0.45374,-0.15452
-126.36,295.04,-168.68,-0.33496,0.43752,-0.33902
-45.676,255.31,-247.37,-0.16263,0.36858,-0.48906
40.028,206.25,-293.64,0.011738,0.27531,-0.57218
137.15,143.31,-299.98,0.21044,0.14961,-0.57826
228,63.996,-268.3,0.38886,-0.0085375,-0.51136
289.07,-18.453,-222.23,0.50443,-0.17276,-0.41809
314.03,-108.38,-166.46,0.54903,-0.35929,-0.30658
294.12,-201.96,-90.97,0.50239,-0.54785,-0.15654
248.28,-271.11,-9.7714,0.40913,-0.68978,0.0036313
195.25,-305.55,74.848,0.29762,-0.76479,0.16989
121.84,-296.44,168.55,0.13947,-0.75061,0.35033
37.079,-256.62,243.24,-0.036919,-0.67356,0.49023
-47.257,-209.11,287.28,-0.20723,-0.58435,0.56525
-142.14,-145.23,293.53,-0.39984,-0.45864,0.57336
-230.53,-63.487,262.44,-0.57421,-0.29441,0.50848
-289.55,19.056,218.51,-0.68775,-0.12816,0.42129
-313.05,108.96,163.26,-0.73033,0.056344,0.30573
-292.01,202.02,87.374,-0.68369,0.24287,0.15569
-247.07,269.89,7.025,-0.59246,0.37872,-0.0024563
-194.44,302.64,-79.033,-0.47892,0.45171,-0.16871
-121.87,291.34,-174.93,-0.3228,0.43549,-0.35119
-39.637,251.37,-250.54,-0.15046,0.36047,-0.49514
46.35,202.9,-293.85,0.01985,0.26923,-0.57218
144.3,138.64,-296.68,0.22462,0.13947,-0.57016
233.56,59.844,-263.51,0.39899,-0.018675,-0.50122
292.37,-22.086,-217.51,0.51456,-0.1829,-0.40796
313.04,-114.8,-159.95,0.547,-0.37349,-0.29239
289.5,-208.88,-86.818,0.50037,-0.56002,-0.14641
242.55,-277.67,-8.8985,0.39697,-0.70397,0.0076813
187.66,-309.06,78.834,0.28342,-0.76682,0.17799
116.23,-294.13,176.33,0.12934,-0.74452,0.3625
36.749,-251.69,252.34,-0.036919,-0.66748,0.50443
-49.38,-201.47,294.47,-0.21534,-0.57016,0.58147
-148.72,-137.54,294.52,-0.41606,-0.44243,0.57336
-238.32,-61.317,259.8,-0.5884,-0.29036,0.50239
-296.92,20.542,212.5,-0.70194,-0.12411,0.40913
-315.08,114.95,154.13,-0.73236,0.066481,0.28748
-289.58,208.94,81.406,-0.67761,0.25909,0.14352
-242.4,276.57,3.7223,-0.58029,0.39291,-0.012594
-187.45,306.72,-84.482,-0.4627,0.46184,-0.1829
-115.6,291.15,-181.75,-0.30861,0.43346,-0.36943
-34.636,248.59,-256.53,-0.14033,0.35439,-0.50528
52.295,198.77,-297.5,0.0381,0.26315,-0.57826
150.76,133.12,-297.32,0.23476,0.12934,-0.57421
237.88,53.781,-263.16,0.40711,-0.032869,-0.50122
294.73,-29.564,-216.45,0.51659,-0.19912,-0.40998
312.83,-122.84,-156.34,0.54903,-0.38768,-0.28631
288.01,-213.66,-78.703,0.49226,-0.57016,-0.13019
241.75,-278,2.0474,0.39291,-0.70194,0.027962
186.6,-307.74,88.153,0.27734,-0.76682,0.19624
110.16,-292.79,181.17,0.1192,-0.74249,0.37264
25.803,-250.54,252.04,-0.059225,-0.66545,0.50239
-59.618,-201.42,291.15,-0.23562,-0.57218,0.57336
-155.56,-134.59,290.68,-0.4262,-0.43634,0.56525
-240.13,-53.201,257.25,-0.59246,-0.27211,0.49631
-295.19,30.049,212.9,-0.70194,-0.10383,0.40711
-311.8,123.59,152.98,-0.7283,0.080675,0.28342
-285.87,213.65,75.178,-0.67153,0.26721,0.12934
-240.49,276.62,-5.1477,-0.57421,0.39494,-0.0207
-185.52,304.38,-92.999,-0.45661,0.45374,-0.20115
-110.5,287.42,-187.79,-0.29847,0.42738,-0.37957
-28.337,245.29,-259.43,-0.12613,0.34628,-0.51339
59.372,194.85,-297.5,0.054319,0.25099,-0.57826
158.38,127.93,-293.59,0.24896,0.1192,-0.5661
243.47,50.054,-258.23,0.41927,-0.03895,-0.49311
298.08,-33.315,-211.33,0.52267,-0.20521,-0.39782
311.44,-129.49,-150.21,0.54294,-0.39984,-0.27414
283.01,-220.72,-75.282,0.48009,-0.58435,-0.12208
235.22,-284.32,3.9582,0.38074,-0.71816,0.032012
177.91,-309.77,93.885,0.26113,-0.76885,0.20841
104.97,-289.67,189.31,0.10703,-0.73438,0.38886
25.756,-245.25,261.38,-0.06125,-0.65734,0.52267
-62.803,-193.16,298.06,-0.2417,-0.55394,0.58755
-163.3,-126.92,290.98,-0.44445,-0.42215,0.56931
-248.55,-51.479,253.92,-0.61071,-0.27008,0.49226
-302.53,32.149,206.08,-0.71208,-0.1018,0.39494
-313.66,129.48,144.68,-0.73033,0.094869,0.26721
-283.3,220.54,70.295,-0.66545,0.27937,0.12325
-234.57,282.92,-9.5827,-0.56407,0.40711,-0.036919
-177.17,306.79,-100.12,-0.44243,0.45779,-0.21129
-103.92,286.5,-194.74,-0.28631,0.42535,-0.39376
-23.147,242.32,-265.54,-0.11397,0.34223,-0.52149
66.143,190.28,-301.04,0.066481,0.24287,-0.58435
165.41,121.7,-293.68,0.26721,0.10298,-0.5661
248.07,43.118,-256.93,0.42535,-0.053144,-0.49108
300.21,-41.359,-209.7,0.5247,-0.22143,-0.39579
311.7,-136.66,-146.34,0.54497,-0.41404,-0.26603
282,-224.56,-67.096,0.48212,-0.59246,-0.10788
233.75,-284.25,15.211,0.37872,-0.71614,0.054319
175.53,-307.65,103.6,0.25301,-0.76479,0.22666
97.447,-287.79,193.96,0.090812,-0.73641,0.39697
13.961,-244.43,260.36,-0.085581,-0.65126,0.51862
-73.395,-192.95,294.59,-0.264,-0.55191,0.57944
-170.05,-122.51,287.07,-0.45459,-0.40998,0.55917
-250.23,-42.043,250.93,-0.61476,-0.24778,0.48212
-300.64,41.821,206.03,-0.71006,-0.083556,0.38886
-310.41,137.43,142.84,-0.72628,0.11311,0.26721
-279.79,224.53,63.76,-0.65734,0.28545,0.10703
-232.42,282.66,-18.523,-0.56002,0.40711,-0.055169
-174.36,303.63,-108.95,-0.43026,0.45576,-0.22953
-98.047,282.25,-200.62,-0.27414,0.41724,-0.39984
-16.141,238.9,-267.85,-0.1018,0.33817,-0.52555
73.88,186.05,-300.55,0.0827,0.23476,-0.58435
172.96,116.23,-289.91,0.2814,0.094869,-0.56002
253.9,39.014,-251.57,0.43752,-0.06125,-0.48094
303.3,-45.747,-203.78,0.53686,-0.23156,-0.38362
309.88,-143.41,-140.39,0.54092,-0.42823,-0.25386
277.06,-231.76,-64.596,0.47198,-0.60867,-0.10383
226.84,-290.19,17.499,0.36452,-0.72628,0.058375
166.4,-308.21,110.14,0.23679,-0.76885,0.23679
92.658,-283.7,202.07,0.07865,-0.72628,0.41116
13.3,-238.13,269.52,-0.085581,-0.63909,0.53686
-77.547,-184.22,300.51,-0.27211,-0.53771,0.59161
-178.04,-115.79,287.11,-0.47284,-0.40187,0.55714
-259.36,-40.345,246.92,-0.63301,-0.24778,0.47807
-307.39,45.265,197.92,-0.72222,-0.073419,0.37669
-311.73,143.42,134.98,-0.72628,0.12528,0.25099
-277.57,231.46,59.962,-0.65531,0.3037,0.10298
-226.5,288.72,-22.77,-0.54583,0.41927,-0.06125
-165.63,305.14,-116.14,-0.41809,0.45576,-0.24373
-91.347,280.23,-207.53,-0.25994,0.41116,-0.41404
-10.054,235.05,-273.35,-0.087606,0.33006,-0.53569
80.91,181.24,-303.33,0.096894,0.22666,-0.59043
179.71,110.35,-290.03,0.29356,0.084731,-0.55799
258.48,31.205,-250.11,0.44968,-0.073419,-0.47486
304.95,-54.758,-201.18,0.53686,-0.24981,-0.37551
309.88,-150.21,-136,0.54092,-0.44445,-0.24576
276.5,-234.9,-56.103,0.46996,-0.61476,-0.085581
225.97,-290.07,27.737,0.3625,-0.72628,0.076619
163.57,-306.45,118.65,0.22868,-0.76479,0.25099
84.119,-281.44,205.99,0.062425,-0.72019,0.41927
0.49042,-237.04,267.72,-0.11194,-0.64112,0.53281
-87.997,-183.89,296.67,-0.29239,-0.53771,0.58349
-183.75,-111.02,283.88,-0.48094,-0.38971,0.55106
-260.49,-29.918,244.51,-0.63301,-0.22548,0.47198
-305.24,55.503,197.4,-0.72019,-0.055169,0.37669
-308.29,151.02,132.53,-0.72019,0.13947,0.2449
-274.22,234.84,52.861,-0.6472,0.31181,0.084731
-224.82,288.2,-31.262,-0.54177,0.41724,-0.077469
-162.64,302.07,-124.11,-0.40998,0.45171,-0.25792
-85.119,275.77,-212.91,-0.24576,0.40507,-0.4262
-2.1988,231.13,-275.14,-0.073419,0.32195,-0.53974
89.19,176.62,-301.87,0.11311,0.21652,-0.58435
186.78,105.33,-286.23,0.30776,0.072563,-0.54785
264.16,27.006,-244.99,0.46184,-0.083556,-0.46473
307.66,-60.043,-194.63,0.53889,-0.26198,-0.36335
307.19,-157.47,-130.34,0.53686,-0.45661,-0.23562
271.07,-242.44,-53.886,0.45576,-0.62895,-0.083556
219.06,-295.71,30.332,0.34628,-0.74047,0.080675
155.15,-306.4,125.19,0.21449,-0.76479,0.26923
80.108,-277.03,214.22,0.052288,-0.71411,0.43346
-1.3024,-229.75,276.36,-0.11599,-0.62287,0.54903
-93.423,-174.17,300.96,-0.30658,-0.51541,0.58755
-191.96,-105.45,282.96,-0.50122,-0.37957,0.55106
-269.72,-28.408,240.24,-0.65328,-0.22143,0.46184
-311.56,59.75,188.72,-0.7283,-0.043006,0.35844
-308.59,157.93,124.88,-0.71816,0.15366,0.22868
-271.18,242.17,49.04,-0.64112,0.32398,0.080675
-218.78,294.21,-35.627,-0.53163,0.43143,-0.085581
-154.81,303.6,-130.79,-0.39174,0.45576,-0.26603
-78.632,273.74,-219.4,-0.23359,0.40305,-0.43634
4.8783,226.37,-279.95,-0.055169,0.31384,-0.55191
97.046,170.77,-303.45,0.12934,0.20435,-0.5884
193.46,99.287,-285.69,0.31992,0.062425,-0.54785
268.48,18.749,-243.51,0.4659,-0.1018,-0.46473
309.1,-69.172,-192.01,0.54497,-0.27617,-0.35524
306.77,-164.55,-124.8,0.53281,-0.47284,-0.22345
269.89,-245.25,-44.261,0.45374,-0.63706,-0.065306
218.21,-295.38,40.24,0.34831,-0.73844,0.10095
152.41,-305.22,132.24,0.20638,-0.76682,0.27734
70.979,-275.14,217,0.034044,-0.71208,0.43954
-14.419,-228.27,274.05,-0.13829,-0.62287,0.54497
-103.99,-172.83,296.57,-0.32482,-0.51136,0.58349
-197.22,-99.179,279.52,-0.50933,-0.36538,0.54294
-270.07,-17.438,238.47,-0.65126,-0.20115,0.45982
-309.21,69.752,188.6,-0.72628,-0.026781,0.35844
-304.7,165.36,121.13,-0.71006,0.16989,0.2226
-267.33,245.1,40.948,-0.63301,0.33006,0.064456
-217.11,293.27,-43.954,-0.52758,0.43143,-0.099775
-151.86,300.56,-137.96,-0.38565,0.44968,-0.28225
-72.475,269.59,-224.04,-0.21939,0.39291,-0.44445
12.97,222.15,-281.2,-0.040975,0.3037,-0.54988
105.8,165.34,-300.85,0.14758,0.19421,-0.58435
200.47,93.72,-280.99,0.33209,0.048238,-0.53771
273.74,14.385,-238.2,0.47807,-0.10991,-0.44851
311.37,-74.433,-185.8,0.54903,-0.29036,-0.34713
303.63,-172.14,-119.61,0.5247,-0.48906,-0.21129
263.59,-253.34,-41.996,0.43954,-0.65328,-0.057194
210.85,-300.62,43.307,0.33006,-0.74857,0.10906
145.08,-304.63,138.9,0.19016,-0.76074,0.29559
68.242,-271.04,225.31,0.029988,-0.70397,0.45576
-16.33,-220.76,282.4,-0.14641,-0.60867,0.56119
-110.6,-162.87,299.31,-0.33902,-0.49311,0.58755
-205.78,-93.447,276.99,-0.52758,-0.35321,0.53686
-279.06,-15.598,232.83,-0.66951,-0.19709,0.44766
-315.01,74.069,180.23,-0.73641,-0.0207,0.34223
-304.72,172.61,114.36,-0.71006,0.18407,0.20841
-263.02,253.19,36.796,-0.62084,0.34831,0.056344
-210.48,298.77,-48.908,-0.51339,0.43752,-0.11397
-145.02,301.86,-144.28,-0.37349,0.45576,-0.29644
-66.648,267.94,-230.18,-0.20723,0.39088,-0.45864
19.551,217.83,-285.87,-0.028813,0.29559,-0.56002
113.68,159.3,-302.03,0.16178,0.18205,-0.58435
207.07,86.43,-279.51,0.34831,0.034044,-0.53366
277.51,5.2793,-235.93,0.48617,-0.12816,-0.44648
312.64,-83.256,-183.42,0.54903,-0.30861,-0.34105
303.13,-178.87,-113.48,0.52267,-0.49919,-0.19912
261.73,-255.94,-31.262,0.43752,-0.65734,-0.036919
209.67,-299.86,53.404,0.32803,-0.74857,0.12528
142.03,-303.36,145.29,0.18407,-0.75871,0.30573
58.57,-269.36,227.08,0.0097125,-0.69992,0.45779
-28.078,-220.25,279.8,-0.16871,-0.61071,0.55308
-119.84,-161.43,295.54,-0.35524,-0.49311,0.57944
-210.67,-85.662,273.2,-0.53569,-0.33902,0.52673
-278.7,-3.7086,231.02,-0.66748,-0.17479,0.4436
-312.53,83.718,180.32,-0.73033,0.0016,0.33817
-301.14,179.47,109.81,-0.70397,0.19624,0.2003
-259.17,255.6,27.855,-0.61476,0.35236,0.0381
-208.38,297.49,-57.519,-0.5073,0.43752,-0.13019
-141.6,298.32,-151.55,-0.36538,0.44562,-0.31063
-60.373,263.83,-234.35,-0.19507,0.38277,-0.46473
26.77,214.24,-286.65,-0.014619,0.28951,-0.56002
121.65,154.56,-299.42,0.17597,0.17191,-0.57826
214.05,80.486,-274.13,0.36047,0.021875,-0.52353
282.11,0.11301,-229.82,0.49429,-0.14033,-0.43634
313.91,-89.106,-177.17,0.55308,-0.31672,-0.32686
299.78,-186.28,-108.64,0.51862,-0.51744,-0.19101
254.98,-263.98,-29.257,0.42535,-0.67356,-0.032869
201.58,-304.56,57.249,0.31384,-0.75871,0.13339
135.05,-301.77,152.88,0.16989,-0.75871,0.32195
56.636,-264.67,235.88,0.0036313,-0.69181,0.47401
-29.729,-213.1,287.61,-0.17074,-0.59246,0.56931
-125.79,-152.97,298.08,-0.36741,-0.47486,0.58349
-219.23,-80.519,270.08,-0.55394,-0.32686,0.52267
-286.91,-0.66546,223.99,-0.68167,-0.16668,0.42941
-316.85,88.837,171.17,-0.74047,0.013769,0.32398
-300.69,186.69,103.39,-0.70194,0.21246,0.19016
-254.59,263.57,24.128,-0.60463,0.36656,0.029988
-200.93,302.47,-63.015,-0.49108,0.44766,-0.14033
-134.57,298.51,-158.65,-0.34713,0.44766,-0.3228
-54.688,261.33,-240.56,-0.1829,0.37669,-0.47689
32.691,210.45,-290.81,-0.0044813,0.28545,-0.5661
128.07,149.53,-300.97,0.19016,0.1638,-0.58029
219.88,73.173,-272.85,0.37061,0.017825,-0.52149
284.94,-9.5119,-227.13,0.49834,-0.15857,-0.43026
314.36,-97.787,-173.89,0.55308,-0.33699,-0.31874
299.05,-192.46,-101.44,0.51659,-0.52961,-0.17479
253.62,-265.8,-18.311,0.41927,-0.67761,-0.010563
200.18,-303.66,67.086,0.32803,-0.75669,0.15366
130.57,-299.82,159.23,0.15975,-0.75466,0.33006
46.067,-262.5,237.01,-0.016644,-0.68775,0.47807
-40.439,-213.03,284.59,-0.19304,-0.59246,0.56322
-133.46,-151.72,294.69,-0.37957,-0.47081,0.57539
-222.96,-72.333,266.78,-0.56002,-0.31063,0.51456
-285.66,10.941,222.62,-0.67964,-0.14235,0.42738
-313.66,98.556,170.65,-0.73236,0.034044,0.31992
-296.94,192.82,97.683,-0.69586,0.22462,0.17597
-251.62,265.03,14.999,-0.60057,0.37061,0.011738
-199.06,300.94,-71.295,-0.48702,0.44968,-0.15654
-130.2,294.52,-165.7,-0.33902,0.43954,-0.33496
-47.964,256.61,-244.52,-0.17074,0.36858,-0.48702
39.556,206.79,-291.21,0.0097125,0.27531,-0.56812
135.38,145.22,-298.17,0.20232,0.15569,-0.57624
226.13,68.148,-267.8,0.38277,0.0016,-0.51136
288.67,-14.419,-221.38,0.50443,-0.16871,-0.41809
314.17,-104.18,-167.14,0.55106,-0.35321,-0.30861
294.83,-199.86,-96.702,0.50645,-0.5438,-0.16466
247.2,-273.21,-16.613,0.40913,-0.69181,-0.0065062
192.4,-307.67,70.955,0.29154,-0.76682,0.1638
124.01,-297.43,167.35,0.14556,-0.75061,0.34628
44.392,-256.83,246.3,-0.016644,-0.67559,0.49631
-42.609,-205.36,291.93,-0.19912,-0.57624,0.57336
-139.45,-144.1,296.53,-0.39579,-0.45661,0.57944
-231.1,-69.078,264.11,-0.57421,-0.30861,0.51253
-293.19,13.489,215.99,-0.69586,-0.14033,0.41319
-316.33,104.6,161,-0.73641,0.048238,0.30167
-295.1,200.14,91.149,-0.68775,0.24085,0.16178
-246.9,272.39,11.318,-0.5884,0.3848,0.0036313
-192.27,305.61,-76.414,-0.47284,0.45576,-0.16466
-123.29,294.26,-173.04,-0.32482,0.43954,-0.34916
-41.854,253.19,-250.84,-0.15452,0.36047,-0.49514
45.407,203.11,-295.05,0.017825,0.26721,-0.57624
141.47,140.26,-299.37,0.22057,0.14352,-0.57826
231.16,61.377,-267.12,0.39494,-0.016644,-0.50933
291.05,-22.911,-219.75,0.50848,-0.18493,-0.41404
313.87,-113.05,-163.44,0.55106,-0.36741,-0.30049
293.34,-205.48,-88.351,0.50239,-0.55596,-0.14843
246.04,-274.1,-5.3364,0.40507,-0.69383,0.011738
191.69,-306.78,80.108,0.29154,-0.76479,0.18002
118.32,-295.78,172.94,0.13744,-0.75061,0.35642
32.927,-254.5,246.75,-0.043006,-0.67153,0.49429
-52.682,-205.31,288.62,-0.22143,-0.57624,0.56931
-146.38,-142.07,292.89,-0.40998,-0.45459,0.57336
-233.76,-60.467,261.09,-0.58029,-0.28631,0.50443
-291.61,23.633,216.01,-0.69383,-0.11802,0.41521
-312.93,113.87,160.13,-0.73033,0.064456,0.29762
-290.95,205.87,84.425,-0.68167,0.24896,0.14758
-244.5,272.89,2.0238,-0.58232,0.38683,-0.012594
-190.85,303.72,-84.577,-0.46878,0.45374,-0.18088
-118.41,290.58,-179.48,-0.31469,0.43143,-0.36133
-34.99,248.85,-254.24,-0.14033,0.35439,-0.50122
52.13,198.96,-295.26,0.036069,0.25909,-0.57421
148.92,135.5,-295.97,0.23274,0.13339,-0.57016
237.06,56.73,-261.95,0.40507,-0.024756,-0.49919
294.45,-26.733,-214.82,0.51456,-0.19507,-0.4039
312.78,-119.73,-157.16,0.547,-0.3816,-0.28631
288.08,-213.12,-83.586,0.49226,-0.57016,-0.14033
239.34,-280.78,-3.2604,0.39088,-0.706,0.011738
183.74,-309.75,84.708,0.27329,-0.76885,0.19016
112.85,-293.07,181.1,0.1192,-0.74452,0.37264
31.937,-248.77,256.19,-0.049087,-0.66139,0.51253
-55.23,-197.43,295.84,-0.22548,-0.56204,0.58147
-153.65,-134.42,293.55,-0.42215,-0.43837,0.57133
-242.09,-57.99,257.89,-0.59449,-0.28631,0.49631
-299.06,25.284,209.76,-0.71006,-0.11802,0.40102
-314.94,119.76,151.59,-0.73438,0.07865,0.28545
-287.86,213.32,77.962,-0.67153,0.26315,0.13744
-238.76,279.59,-2.4112,-0.57016,0.39899,-0.018675
-183.52,307.19,-90.545,-0.45459,0.45982,-0.19304
-111.89,289.99,-186.68,-0.30253,0.43143,-0.37551
-29.281,245.5,-260.51,-0.13019,0.35033,-0.51541
58.263,194.69,-298.8,0.048238,0.24896,-0.58029
155.76,129.7,-296.23,0.24896,0.1192,-0.57218
241.68,49.771,-260.77,0.41319,-0.03895,-0.49716
296.79,-34.329,-213.64,0.52064,-0.20723,-0.4039
312.9,-127.3,-153.72,0.547,-0.39782,-0.28225
286.17,-218,-74.645,0.48821,-0.58029,-0.12208
237.83,-280.99,8.3225,0.38683,-0.706,0.040125
182.49,-308.17,94.145,0.26721,-0.76682,0.20638
105.94,-291.39,186.05,0.10906,-0.73844,0.38277
20.094,-247.28,255.67,-0.069363,-0.66139,0.51253
-65.351,-197.53,292.33,-0.24576,-0.56407,0.57741
-160.54,-130.84,289.57,-0.43837,-0.42823,0.56322
-244.05,-48.79,254.61,-0.60057,-0.264,0.49226
-297.27,34.626,210.16,-0.70397,-0.097744,0.40102
-311.8,128.04,150.45,-0.7283,0.090812,0.2814
-283.63,218.11,70.884,-0.66545,0.27531,0.12325
-236.19,279.35,-11.588,-0.5661,0.40102,-0.03895
-181.49,304.55,-99.085,-0.45256,0.45576,-0.21129
-106.14,285.93,-192.86,-0.28833,0.42738,-0.38565
-22.322,241.8,-263.13,-0.11397,0.34223,-0.51744
65.175,190.98,-298.66,0.064456,0.2449,-0.58029
163.31,124.36,-292.41,0.26113,0.11311,-0.56204
247.55,45.407,-255.23,0.42738,-0.047056,-0.485
300.04,-37.915,-208.5,0.52673,-0.21737,-0.38971
311.48,-133.83,-147.96,0.54092,-0.40998,-0.26806
280.67,-225.34,-71.012,0.47807,-0.59449,-0.11802
230.95,-286.89,10.54,0.37466,-0.72019,0.044181
173.88,-309.49,99.971,0.25099,-0.76885,0.21854
100.54,-287.69,194.31,0.096894,-0.73438,0.39899
19.67,-241.43,264.94,-0.073419,-0.6472,0.53078
-68.464,-189.58,299.05,-0.25386,-0.54785,0.58755
-168.35,-123.52,289.76,-0.45459,-0.41606,0.56322
-252.8,-46.69,250.57,-0.61881,-0.26198,0.48415
-304.37,36.702,203.32,-0.71816,-0.087606,0.38886
-313.71,133.71,142.6,-0.73033,0.10298,0.26721
-280.99,225.12,65.978,-0.66139,0.28951,0.11311
-230.48,285.44,-15.858,-0.55191,0.41319,-0.049087
-173.28,306.51,-106.14,-0.43026,0.45779,-0.22548
-99.156,284.26,-199.89,-0.27414,0.41724,-0.40187
-16.801,238.47,-268.89,-0.10383,0.32803,-0.52961
71.498,187.02,-301.99,0.07865,0.23679,-0.58637
170.39,118.14,-292.48,0.27531,0.098925,-0.56407
252.11,37.952,-253.65,0.43346,-0.06125,-0.48297
302.02,-45.747,-206.99,0.53078,-0.22953,-0.38768
311.93,-140.7,-144.02,0.547,-0.42417,-0.26198
279.85,-229.02,-62.425,0.47401,-0.60463,-0.1018
229.98,-286.79,20.991,0.37061,-0.72222,0.062425
171.54,-307.46,109.24,0.2449,-0.76479,0.23476
92.234,-285.38,198.79,0.076619,-0.72628,0.40305
7.544,-240.72,263.43,-0.095719,-0.64518,0.52673
-78.396,-189.98,295.56,-0.27211,-0.54785,0.58147
-174.9,-118.74,286.12,-0.46473,-0.4039,0.55714
-254.29,-36.877,247.84,-0.62084,-0.23967,0.47604
-302.44,46.209,203.44,-0.71411,-0.073419,0.38886
-310.39,141.63,140.48,-0.72424,0.1192,0.26113
-277.43,228.96,58.924,-0.65126,0.29762,0.098925
-228.9,285.04,-24.138,-0.55191,0.40913,-0.065306
-170.47,303.44,-114.61,-0.42417,0.45374,-0.23764
-92.716,279.61,-205.71,-0.26198,0.41116,-0.41201
-9.7006,235.07,-270.87,-0.087606,0.32803,-0.53366
78.905,183.17,-301.3,0.090812,0.22666,-0.58435
177.84,112.62,-288.73,0.29154,0.086756,-0.55596
257.91,33.895,-248.51,0.44766,-0.067331,-0.47284
305.09,-50.229,-201.16,0.53889,-0.23967,-0.37754
309.78,-147.94,-137.94,0.53889,-0.43837,-0.24981
274.4,-236.43,-59.665,0.46387,-0.61881,-0.091663
223.49,-292.5,22.878,0.35642,-0.73641,0.068513
162.7,-307.91,115.68,0.22666,-0.76479,0.24896
87.233,-280.85,207.31,0.068513,-0.71816,0.42129
6.8363,-234.21,272.32,-0.099775,-0.63098,0.54092
-82.666,-181.3,301.06,-0.28225,-0.52758,0.58958
-183.11,-112.3,285.75,-0.48297,-0.39376,0.55308
-263.35,-35.367,243.87,-0.64112,-0.23967,0.46996
-309.16,49.7,195.44,-0.72222,-0.067331,0.37264
-311.28,148.38,132.29,-0.72222,0.13339,0.24287
-274.72,236.14,54.843,-0.6472,0.31181,0.090812
-223.38,291.03,-28.007,-0.54177,0.42535,-0.071387
-162.02,304.9,-121.59,-0.40998,0.45779,-0.25184
-85.473,277.16,-212.72,-0.24778,0.40711,-0.42215
-3.6851,231.16,-275.94,-0.075444,0.31992,-0.54177
86.124,178.32,-303.76,0.10703,0.22057,-0.5884
184.85,106.32,-288.42,0.30167,0.076619,-0.55394
262.34,26.18,-247.28,0.45576,-0.083556,-0.47081
306.79,-59.005,-198.83,0.54092,-0.25792,-0.37146
309.41,-155.35,-132.56,0.53889,-0.45459,-0.23967
273.5,-239.52,-50.512,0.46184,-0.62287,-0.075444
223.04,-292.31,32.597,0.35642,-0.73236,0.088788
159.84,-306.21,123.73,0.22057,-0.76682,0.26315
77.844,-278.25,210.89,0.048238,-0.71614,0.42738
-5.761,-233.31,270.2,-0.12613,-0.62895,0.53686
-93.069,-180.76,297.09,-0.30049,-0.52758,0.58147
-188.96,-106.47,282.21,-0.49108,-0.3816,0.54903
-264.12,-25.082,242.06,-0.64112,-0.21737,0.4659
-306.96,59.608,195.25,-0.72222,-0.045031,0.37466
-307.34,156.45,128.63,-0.71411,0.15164,0.24085
-270.92,239.37,47.247,-0.63909,0.31789,0.076619
-222.13,290.46,-36.004,-0.53771,0.42535,-0.085581
-158.79,301.81,-129.47,-0.39782,0.45171,-0.26806
-78.797,272.54,-217.89,-0.23156,0.39697,-0.43431
3.9347,227.38,-277.38,-0.06125,0.31384,-0.5438
94.498,173.41,-301.89,0.12731,0.20841,-0.58232
192.16,100.7,-284.11,0.31789,0.064456,-0.54583
267.86,22.312,-242.56,0.46793,-0.091663,-0.45864
309.53,-64.242,-192.67,0.54497,-0.27008,-0.36133
306.25,-163.3,-126.36,0.53484,-0.47081,-0.22751
267.75,-247.14,-48.271,0.44968,-0.63706,-0.069363
216.39,-297.91,34.98,0.34628,-0.74249,0.092837
151.52,-306.04,130.57,0.20638,-0.76682,0.27734
73.951,-273.8,219.29,0.044181,-0.706,0.44562
-7.3416,-226.07,278.62,-0.12816,-0.61679,0.55308
-99.132,-170.82,300.61,-0.31469,-0.50933,0.58553
-197.48,-100.48,280.44,-0.50933,-0.36741,0.54294
-273.3,-23.926,237.62,-0.65734,-0.21331,0.45779
-313.4,63.949,186.95,-0.73236,-0.034894,0.35439
-307.15,164.04,120.57,-0.71816,0.16583,0.2226
-267.62,246.96,43.284,-0.63098,0.33614,0.068513
-216.21,296.27,-40.297,-0.52149,0.43346,-0.095719
-151.05,303.18,-136.22,-0.38565,0.45374,-0.28022
-72.333,270.46,-224.19,-0.21939,0.39494,-0.44648
10.54,223,-282.19,-0.045031,0.30573,-0.55394
102.85,167.13,-303.07,0.14352,0.19624,-0.5884
198.98,93.838,-283.04,0.33209,0.050263,-0.54177
272.04,14.244,-241.1,0.47198,-0.10991,-0.45864
311.11,-73.301,-190.24,0.547,-0.28631,-0.35524
305.33,-170.75,-119.96,0.53078,-0.485,-0.21331
266.33,-249.9,-38.339,0.4436,-0.6472,-0.051112
215.64,-297.36,44.817,0.34019,-0.74249,0.11109
148.31,-304.75,137.55,0.19827,-0.76074,0.28748
64.515,-272.12,221.56,0.021875,-0.70397,0.44562
-19.585,-225.32,276.31,-0.15046,-0.61476,0.54903
-109.82,-168.96,296.41,-0.33902,-0.50325,0.57944
-202.79,-93.447,276.81,-0.51947,-0.35321,0.53889
-273.47,-12.909,236.25,-0.65734,-0.19304,0.45374
-311.12,74.069,186.85,-0.73033,-0.022731,0.35439
-303.21,171.73,116.04,-0.71006,0.18205,0.21044
-263.84,249.77,35.003,-0.6249,0.34019,0.050263
-214.44,295.35,-48.743,-0.51947,0.43346,-0.11194
-147.54,299.83,-143.72,-0.37754,0.44766,-0.29441
-66.294,266.59,-228.55,-0.20723,0.38683,-0.45256
18.018,219.41,-283.33,-0.034894,0.29964,-0.55394
111.93,161.45,-300.31,0.15772,0.18611,-0.58029
206.18,87.846,-278.11,0.34628,0.0381,-0.52961
277.18,9.7379,-235.79,0.48212,-0.12005,-0.44648
313.13,-79.293,-183.73,0.55308,-0.30049,-0.34308
301.88,-178.73,-114.4,0.52267,-0.50325,-0.20318
259.89,-258.09,-36.381,0.43549,-0.66139,-0.045031
207.99,-302.62,48.403,0.326,-0.75263,0.1192
140.55,-303.61,145.19,0.18407,-0.76074,0.30573
62.392,-267.97,229.98,0.017825,-0.69992,0.46184
-21.142,-218.24,284.57,-0.15654,-0.60463,0.56525
-116.78,-158.98,298.82,-0.35119,-0.485,0.58553
-211.59,-87.667,273.86,-0.53771,-0.3451,0.53078
-282.41,-10.715,230.24,-0.67356,-0.18493,0.44562
-316.54,79.306,177.68,-0.74047,-0.0044813,0.33614
-302.81,179.38,108.91,-0.70397,0.19624,0.19624
-259.41,257.93,31.229,-0.61679,0.35642,0.04215
-207.37,300.7,-54.239,-0.50325,0.4436,-0.12208
-139.99,300.51,-150.89,-0.36133,0.44968,-0.30861
-60.868,264.87,-234.71,-0.19709,0.3848,-0.46473
24.175,215.54,-288.02,-0.018675,0.29559,-0.56407
119.91,155.06,-301.56,0.17597,0.17394,-0.58029
212.76,80.439,-276.46,0.36047,0.023906,-0.52758
280.91,0.4433,-233.41,0.49226,-0.14033,-0.44243
314.15,-88.87,-180.4,0.55106,-0.32078,-0.33496
301.17,-185.61,-107.46,0.52064,-0.51744,-0.18696
258.31,-260.49,-25.671,0.42941,-0.66545,-0.024756
206.29,-301.89,58.948,0.31992,-0.75263,0.13744
136.16,-301.8,152.04,0.17394,-0.75669,0.31789
52.696,-266.39,231.46,-0.000425,-0.69181,0.46793
-32.489,-218.1,282.04,-0.17682,-0.60057,0.55917
-126.05,-156.95,295.09,-0.36741,-0.48094,0.57741
-216.21,-79.576,270.2,-0.54785,-0.32482,0.52267
-281.91,1.2453,228.66,-0.67153,-0.16263,0.43954
-313.81,89.969,176.85,-0.73033,0.015794,0.33209
-299.23,186.36,103.49,-0.69789,0.21044,0.18813
-256.15,260.15,22.335,-0.60867,0.36047,0.025931
-204.75,299.48,-63.416,-0.49716,0.44562,-0.14235
-135.49,296.41,-158.65,-0.35119,0.4436,-0.32482
-54.664,260.74,-238.86,-0.18493,0.37466,-0.47284
31.394,212,-288.89,-0.0044813,0.28342,-0.56407
128.23,149.98,-298.85,0.19219,0.16583,-0.57826
219.67,74.895,-271.37,0.37061,0.015794,-0.51947
285.39,-5.0298,-227.37,0.49834,-0.14843,-0.43026
314.74,-95.853,-173.04,0.55308,-0.33496,-0.32078
297.54,-193.45,-102.34,0.51456,-0.53163,-0.17884
251.99,-268.65,-23.926,0.41724,-0.68572,-0.022731
197.71,-306.52,63.595,0.30167,-0.76277,0.14758
128.68,-299.53,160.65,0.15772,-0.75466,0.33411
51.092,-261.41,240.74,-0.0065062,-0.68369,0.48415
-34.706,-210.67,289.87,-0.18493,-0.59043,0.57539
-132.61,-148.41,297.42,-0.38362,-0.46878,0.57944
-224.94,-75.4,267.6,-0.56204,-0.31874,0.51862
-290.26,4.7131,221.6,-0.68775,-0.15452,0.42738
-317.34,96.716,166.45,-0.74249,0.032012,0.30978
-298.14,193.96,96.905,-0.69586,0.22666,0.17191
-251.64,268.38,18.561,-0.59651,0.37669,0.01985
-196.91,304.52,-69.738,-0.48297,0.45576,-0.15046
-127.77,296.03,-166.72,-0.33496,0.44157,-0.33902
-48.884,257.91,-245.58,-0.17074,0.37061,-0.485
37.999,207.73,-293.21,0.0076813,0.27734,-0.57016
135.17,144.58,-300.41,0.20435,0.15164,-0.58029
225.57,67.912,-270.64,0.38277,-0.0024563,-0.51541
288.46,-14.985,-224.87,0.50645,-0.16871,-0.42417
314.74,-106.11,-168.49,0.55714,-0.35727,-0.30861
296.41,-199.82,-94.367,0.51051,-0.54177,-0.1606
250.67,-270.54,-12.366,0.41521,-0.68775,0.0036313
195.91,-305.83,74.14,0.29762,-0.76277,0.16786
123,-297.5,167.3,0.14352,-0.75061,0.34831
39.934,-258.98,242.1,-0.026781,-0.67761,0.48821
-46.077,-209.91,287,-0.20723,-0.58435,0.56931
-140.53,-146.45,294,-0.39782,-0.46067,0.57336
-228.62,-66.931,264.66,-0.57218,-0.30049,0.51456
-289.34,16.697,220.38,-0.68978,-0.13221,0.42333
-313.85,107.64,164.61,-0.73033,0.052288,0.30776
-294.18,200.58,90.252,-0.68572,0.23882,0.15772
-248.79,269.87,8.7235,-0.59246,0.37872,0.0016
-194.53,303.01,-79.009,-0.47689,0.44968,-0.17074
-122.72,292.23,-174.15,-0.32686,0.43346,-0.35119
-41.666,253.07,-249.95,-0.15452,0.36047,-0.49716
45.973,203.18,-293.87,0.01985,0.26721,-0.57218
143.19,139.51,-297.27,0.22057,0.14352,-0.57016
232.27,62.911,-265.63,0.39494,-0.012594,-0.50933
292.47,-20.599,-218.83,0.51253,-0.18088,-0.41404
313.72,-114.18,-160.75,0.55106,-0.37146,-0.29036
291.53,-208.05,-89.106,0.50037,-0.56002,-0.15046
243.87,-278.21,-9.6299,0.40102,-0.70397,0.0097125
187.11,-309.51,79.636,0.2814,-0.76885,0.18002
116.67,-294.84,176.03,0.13136,-0.74452,0.3625
38.023,-252.9,252.2,-0.034894,-0.66748,0.50443
-49.71,-201.11,294.66,-0.21534,-0.57016,0.57944
-148.04,-138.36,295.16,-0.41201,-0.44648,0.57539
-237.56,-63.841,261.75,-0.58637,-0.29644,0.50645
-297.36,20.023,213.28,-0.70397,-0.12411,0.40913
-315.72,115.12,154.39,-0.73641,0.070537,0.28951
-291.23,208.7,83.081,-0.68167,0.25707,0.14556
-242.96,277.44,3.5336,-0.57624,0.39494,-0.0085375
-186.37,307.14,-85.945,-0.45864,0.45779,-0.18696
-115.67,291.71,-182.03,-0.31063,0.43346,-0.36943
-34.966,249.18,-256.98,-0.14033,0.35439,-0.50528
53.475,197.82,-297.76,0.044181,0.25707,-0.58029
150.57,133.75,-297.84,0.23679,0.13339,-0.57218
237.76,55.621,-264.6,0.40711,-0.026781,-0.5073
295.37,-29.894,-216.66,0.51456,-0.19709,-0.40796
313.39,-123.57,-156.32,0.547,-0.38768,-0.28631
289.31,-214.07,-79.623,0.49429,-0.57218,-0.13221
241.61,-279.25,3.1798,0.39494,-0.706,0.029988
184.92,-308.19,90.276,0.27531,-0.76682,0.2003
109.93,-293.16,181.88,0.11717,-0.74452,0.37264
25.52,-250.58,252.77,-0.06125,-0.66342,0.50443
-61.293,-200.03,291.34,-0.23764,-0.56812,0.57539
-155.82,-134.92,291.1,-0.42823,-0.43837,0.56727
-240.49,-54.31,258.26,-0.59651,-0.27617,0.50037
-296.16,31.016,212.59,-0.70194,-0.10383,0.40711
-312.34,124.76,152.58,-0.72424,0.0827,0.28545
-286.51,214.69,75.366,-0.66951,0.26923,0.12934
-239.64,277.94,-7.1529,-0.57218,0.39899,-0.032869
-183.42,304.57,-95.664,-0.45459,0.45374,-0.20521
-109.96,287.66,-188.89,-0.29644,0.42738,-0.3816
-27.205,244.86,-260.61,-0.12613,0.34831,-0.51339
61.684,193.06,-297.84,0.056344,0.24896,-0.57826
159.02,128.09,-293.92,0.25504,0.1192,-0.56407
244.32,50.502,-258.77,0.42129,-0.036919,-0.49311
299.05,-34.99,-210.57,0.52673,-0.20926,-0.39782
311.95,-131,-149.76,0.54294,-0.4039,-0.27414
283.34,-222.32,-74.834,0.48415,-0.59043,-0.12411
233.63,-285.8,6.8363,0.37872,-0.71816,0.0381
175.37,-309.77,96.952,0.25504,-0.77291,0.21449
104.15,-289.65,190.72,0.10501,-0.73844,0.39088
24.034,-244.21,262.72,-0.067331,-0.65126,0.5247
-65.445,-191.16,298.3,-0.24778,-0.54988,0.58755
-164.34,-126.95,291.2,-0.44648,-0.42215,0.56727
-249.95,-51.314,253.92,-0.61476,-0.26806,0.48821
-303.61,34.248,204.95,-0.71411,-0.095719,0.39088
-314.16,131.21,144.09,-0.73236,0.098925,0.26721
-283.23,222.45,69.351,-0.66342,0.28342,0.12123
-232.51,284.52,-13.027,-0.55799,0.41116,-0.043006
-174.57,306.65,-103.52,-0.43431,0.45779,-0.22143
-102.81,286.19,-196.56,-0.28631,0.42535,-0.39579
-20.647,240.83,-267.07,-0.11194,0.34019,-0.52758
68.879,188.25,-301.42,0.070537,0.23882,-0.5884
166.73,121.53,-293.82,0.26721,0.10703,-0.56407
249.7,42.198,-256.5,0.42941,-0.055169,-0.48702
301.27,-43.836,-208.26,0.53078,-0.22548,-0.39174
312.26,-138.55,-145.63,0.54497,-0.41606,-0.26603
281.81,-226.8,-65.61,0.48212,-0.59854,-0.10383
231.35,-285.9,18.962,0.37264,-0.71816,0.062425
172.72,-307.6,107,0.24896,-0.76479,0.23071
95.819,-287.22,195.8,0.086756,-0.73236,0.40102
10.941,-242.59,261.9,-0.089638,-0.6472,0.5247
-76.061,-191.06,294.99,-0.27008,-0.54988,0.58147
-171.51,-122.13,287.3,-0.45864,-0.41201,0.55714
-252.16,-40.533,250.15,-0.61881,-0.24576,0.48212
-301.75,44.628,204.34,-0.70803,-0.073419,0.38683
-310.88,139.53,142.15,-0.72424,0.11717,0.26517
-279.22,226.91,61.873,-0.65937,0.29356,0.10501
-229.87,284.21,-22.487,-0.55394,0.40711,-0.063281
-171.58,303.46,-112.41,-0.43026,0.45374,-0.23562
-96.183,281.48,-202.91,-0.26806,0.41319,-0.40796
-12.602,236.61,-269.53,-0.093694,0.33411,-0.52961
76.57,184.21,-300.78,0.088788,0.23071,-0.58637
174.56,115.94,-290,0.28342,0.094869,-0.55799
256.05,37.008,-250.47,0.4436,-0.063281,-0.47689
304.41,-48.979,-201.8,0.53484,-0.23967,-0.37754
310.26,-145.72,-139.61,0.54294,-0.43634,-0.25184
276.1,-234.42,-62.307,0.46996,-0.61273,-0.099775
224.01,-291.68,21.675,0.35844,-0.73033,0.064456
163.76,-307.91,113.44,0.23274,-0.76885,0.24287
90.512,-282.57,204.52,0.074594,-0.72424,0.41724
9.3369,-235.46,271.07,-0.097744,-0.63504,0.53889
-80.26,-182.5,300.68,-0.27819,-0.53366,0.58958
-179.76,-115.6,287.11,-0.47284,-0.39984,0.55917
-261.65,-38.009,245.5,-0.63504,-0.24373,0.47401
-308.47,48.591,195.82,-0.72222,-0.069363,0.37264
-311.97,145.93,134.18,-0.72424,0.12934,0.24896
-276.27,234.3,57.273,-0.65126,0.30776,0.094869
-223.57,290.23,-27.087,-0.53974,0.42535,-0.071387
-163.11,304.88,-119.42,-0.40998,0.45576,-0.24778
-88.729,278.76,-210.08,-0.25386,0.41319,-0.42012
-5.8318,232.1,-274.86,-0.081525,0.326,-0.53771
83.647,179.57,-303.4,0.10501,0.22462,-0.5884
181.67,109.79,-289.89,0.29964,0.086756,-0.55799
260.69,28.469,-248.55,0.45374,-0.0795,-0.47284
305.96,-58.462,-199.04,0.53484,-0.25589,-0.37349
310.04,-152.85,-134.71,0.54294,-0.44648,-0.2417
274.94,-237.7,-52.871,0.46387,-0.61881,-0.0795
222.95,-291.47,31.913,0.35642,-0.73033,0.086756
161.16,-306.14,121.51,0.22462,-0.76479,0.25909
81.217,-279.81,208.42,0.058375,-0.71816,0.42129
-3.803,-233.98,269.02,-0.12208,-0.63098,0.53484
-90.404,-182.31,296.79,-0.29441,-0.53366,0.58349
-185.78,-110.08,283.58,-0.48702,-0.38565,0.55308
-262.64,-27.016,242.91,-0.63706,-0.22143,0.46793
-306.16,58.499,195.51,-0.72222,-0.047056,0.37264
-308.07,153.76,130.97,-0.71816,0.14556,0.23882
-272.24,237.65,49.37,-0.64112,0.31586,0.07865
-221.87,289.4,-35.367,-0.53569,0.42333,-0.083556
-160.42,301.79,-126.87,-0.40187,0.45171,-0.26198
-82.053,273.97,-215.39,-0.23967,0.39899,-0.42823
2.1654,227.95,-276.23,-0.06125,0.31384,-0.54177
91.479,175.18,-301.73,0.1192,0.21449,-0.58435
188.86,104.34,-285.69,0.31384,0.070537,-0.54583
266.28,24.01,-243.27,0.46387,-0.089638,-0.4627
308.61,-62.85,-193,0.54092,-0.26603,-0.35727
307.1,-160.37,-128.69,0.53484,-0.4627,-0.23156
268.81,-245.32,-50.205,0.45374,-0.63301,-0.073419
215.99,-296.77,34.201,0.34019,-0.74452,0.086756
153.31,-306.02,127.64,0.20841,-0.76277,0.27126
77.089,-275.12,216.65,0.046206,-0.71208,0.43549
-5.4544,-226.64,277.25,-0.12411,-0.61679,0.54903
-95.617,-173.06,300.66,-0.30861,-0.51339,0.58755
-194.08,-104.2,282.14,-0.50528,-0.37754,0.54903
-271.72,-25.506,238.33,-0.65531,-0.21737,0.45982
-312.41,62.203,187.47,-0.73033,-0.040975,0.35844
-308.1,160.86,123.14,-0.71816,0.15975,0.22462
-268.68,244.93,45.147,-0.63301,0.33006,0.074594
-216.05,294.99,-39.212,-0.52353,0.43346,-0.091663
-153.25,303.32,-132.96,-0.39174,0.45576,-0.27617
-75.424,271.71,-221.61,-0.22548,0.39494,-0.44243
8.4876,223.56,-280.71,-0.051112,0.30573,-0.54988
98.91,169.78,-303.14,0.13339,0.20232,-0.58637
195.44,97.754,-284.74,0.32398,0.058375,-0.54583
270.29,15.919,-241.71,0.47198,-0.10586,-0.46067
310,-71.154,-191.09,0.547,-0.28022,-0.35524
306.22,-167.29,-122.91,0.53281,-0.47689,-0.21737
267.3,-247.73,-40.297,0.45171,-0.64112,-0.057194
215.73,-296.02,43.284,0.34019,-0.74047,0.11109
150.97,-304.84,134.01,0.20232,-0.76074,0.2814
67.747,-273.11,218.99,0.027962,-0.706,0.4436
-17.344,-225.98,274.63,-0.14641,-0.61881,0.54294
-105.41,-172.1,296.36,-0.32686,-0.50933,0.57741
-199.13,-97.504,278.41,-0.51339,-0.36133,0.53889
-271.56,-14.655,236.77,-0.65531,-0.19304,0.45576
-309.94,71.403,187.99,-0.72628,-0.022731,0.35642
-304.09,167.91,119.27,-0.71006,0.17394,0.21652
-264.74,247.39,37.126,-0.6249,0.33817,0.054319
-214.89,293.79,-46.643,-0.52149,0.43143,-0.10788
-150.54,300.14,-139.66,-0.38362,0.44766,-0.28428
-69.314,267.56,-225.81,-0.21534,0.39088,-0.44851
16.438,220.28,-281.51,-0.03895,0.30167,-0.55191
106.88,164.99,-300.6,0.14758,0.19421,-0.58029
202.26,92.021,-279.88,0.34019,0.044181,-0.53569
274.99,11.814,-236.52,0.47807,-0.11194,-0.44648
311.98,-75.754,-185.4,0.55106,-0.29239,-0.34308
302.97,-174.53,-117.77,0.52673,-0.49514,-0.20926
260.95,-255.35,-38.457,0.43954,-0.65531,-0.051112
208.94,-300.9,45.525,0.33006,-0.75061,0.11311
143.92,-304.06,140.45,0.19016,-0.76277,0.29559
65.317,-268.91,226.79,0.023906,-0.69992,0.45982
-17.957,-219.35,282.49,-0.15046,-0.60463,0.55917
-111.12,-162.97,299.12,-0.33902,-0.49311,0.58349
-207.39,-91.795,275.7,-0.52555,-0.35119,0.53686
-280.02,-13.286,231.18,-0.67153,-0.19507,0.4436
-315.5,75.06,180.04,-0.73844,-0.022731,0.34223
-303.95,174.73,112.47,-0.71006,0.18813,0.20435
-260.49,254.82,33.494,-0.61679,0.34831,0.048238
-208.9,298.82,-50.559,-0.5073,0.44157,-0.11599
-143.84,301.1,-145.61,-0.37146,0.44968,-0.29847
-63.911,265.86,-231.29,-0.20115,0.38886,-0.46067
20.448,216.86,-285.71,-0.028813,0.29559,-0.55799
113.75,159.61,-301.8,0.16178,0.18407,-0.58435
208.25,84.873,-278.33,0.35033,0.029988,-0.53163
278.17,3.5572,-234.61,0.48617,-0.13424,-0.44648
312.97,-83.798,-183.4,0.55106,-0.30861,-0.33902
302.21,-180.61,-111.66,0.5247,-0.50528,-0.19507
259.42,-257.05,-28.384,0.43346,-0.65937,-0.032869
208.56,-299.84,54.465,0.326,-0.74857,0.12934
140.97,-302.62,146.19,0.18205,-0.75871,0.30776
56.211,-267.45,227.83,0.0016,-0.69586,0.45779
-28.243,-219.84,279.49,-0.16871,-0.60665,0.55511
-119.54,-161.93,295.35,-0.35727,-0.49108,0.57539
-211.49,-84.317,272.11,-0.53771,-0.33496,0.52876
-278.94,-2.5291,230.24,-0.66951,-0.17074,0.44562
-312.72,83.977,180.49,-0.73438,0.0036313,0.34019
-300.26,180.91,108.04,-0.70397,0.20232,0.19624
-257.19,256.35,25.449,-0.60665,0.35033,0.032012
-207.72,297.31,-57.99,-0.50528,0.43954,-0.12613
-140.75,297.71,-152.16,-0.36133,0.44562,-0.31266
-58.368,262.04,-234.71,-0.19304,0.37872,-0.46675
26.346,214.24,-286.23,-0.014619,0.28951,-0.56002
120.99,155.34,-299.23,0.17597,0.17394,-0.58029
214.48,79.495,-273.28,0.36047,0.01985,-0.52353
282.07,-0.3588,-229.45,0.49226,-0.14033,-0.43431
314.01,-88.847,-177.5,0.55106,-0.31672,-0.32686
298.91,-187.45,-106.99,0.51659,-0.51744,-0.18898
253.31,-264.36,-27.417,0.42129,-0.67559,-0.032869
201.39,-304.28,57.155,0.31181,-0.75871,0.13744
134.34,-301.04,153.14,0.16989,-0.75669,0.31992
55.15,-263.18,235.81,0.0056562,-0.68775,0.47401
-28.62,-213.59,287.04,-0.16668,-0.59449,0.56525
-124.8,-153.96,297.97,-0.36538,-0.47689,0.58147
-219.33,-79.882,269.42,-0.55191,-0.32686,0.52064
-286.7,-0.925,224.08,-0.68369,-0.16668,0.42941
-316.94,88.459,171.66,-0.74047,0.013769,0.32398
-299.77,187.47,101.95,-0.70194,0.21449,0.18407
-253.32,263.43,22.783,-0.60259,0.36858,0.027962
-201.21,302.14,-62.355,-0.49108,0.45171,-0.13829
-133.93,297.78,-158.58,-0.34713,0.44157,-0.3228
-53.697,260.2,-240.11,-0.18088,0.37669,-0.47689
30.993,211.41,-290.22,-0.0044813,0.28545,-0.5661
126.84,150.64,-301,0.19016,0.16583,-0.58232
219.67,72.89,-272.43,0.37061,0.015794,-0.51947
284.59,-8.5919,-227.77,0.49834,-0.15654,-0.43026
314.41,-97.127,-174.57,0.55308,-0.33496,-0.32078
298.23,-192.88,-100.31,0.51456,-0.52961,-0.17276
252.84,-265.47,-17.651,0.41927,-0.67559,-0.010563
200.84,-303.26,66.001,0.30776,-0.75669,0.15164
130.1,-299.16,158.95,0.15975,-0.75263,0.33006
45.855,-261.81,236.25,-0.014619,-0.68572,0.47604
-38.292,-214.4,283.88,-0.18898,-0.59651,0.55917
-132.06,-152.89,294.64,-0.37957,-0.47486,0.57336
-222.39,-72.357,266.59,-0.55799,-0.31063,0.51456
-285.24,9.4312,223.7,-0.68167,-0.14641,0.42941
-313.81,97.636,171.47,-0.73438,0.032012,0.32195
-296.3,192.96,96.763,-0.69181,0.22666,0.17394
-251.24,264.4,14.999,-0.59854,0.37061,0.0097125
-200.03,300.51,-69.856,-0.48906,0.44766,-0.15249
-129.92,294.03,-165.21,-0.33902,0.43752,-0.33699
-48.318,256.47,-243.39,-0.16871,0.36858,-0.48094
36.938,208.56,-290.55,0.0056562,0.27937,-0.56812
133.87,146.37,-298.17,0.20232,0.15772,-0.57624
225.4,68.384,-267.8,0.38277,-0.000425,-0.51136
288.13,-12.555,-222.77,0.50443,-0.16466,-0.42215
314.34,-103.14,-168.06,0.55106,-0.34713,-0.31063
294.33,-199.72,-95.995,0.50645,-0.5438,-0.16466
247.25,-272.38,-17.108,0.40913,-0.68775,-0.010563
193.48,-307.25,69.28,0.29559,-0.76277,0.16178
123.75,-296.87,166.45,0.14556,-0.74655,0.34628
45.383,-257.12,244.86,-0.018675,-0.67761,0.49023
-39.566,-207.51,291.29,-0.19304,-0.58232,0.57539
-137.89,-145.2,296.53,-0.39174,-0.46067,0.57944
-230.15,-69.55,264.18,-0.57624,-0.30658,0.51253
-292.57,11.248,217.59,-0.69383,-0.14235,0.41521
-316.5,103.39,161.87,-0.73641,0.044181,0.30167
-294.72,199.76,90.677,-0.68775,0.24085,0.15975
-247.26,271.5,12.309,-0.58637,0.38277,0.0076813
-193.33,305.16,-74.74,-0.47284,0.45576,-0.16466
-123.03,293.65,-172,-0.32686,0.43752,-0.34916
-43.411,253.83,-249.19,-0.15857,0.3625,-0.49311
42.222,204.93,-294.37,0.017825,0.27329,-0.57421
139.86,141.33,-299.42,0.21246,0.14556,-0.57624
230,62.156,-267.38,0.39088,-0.0085375,-0.51339
290.32,-20.529,-221.45,0.50848,-0.1829,-0.41809
314.01,-111.73,-164.24,0.55106,-0.36133,-0.29847
293.06,-204.91,-88.115,0.50443,-0.55596,-0.14843
246.66,-273.07,-6.799,0.40913,-0.69586,0.0097125
192.82,-306.16,78.197,0.29356,-0.76277,0.17597
118.32,-295.15,171.76,0.13542,-0.74655,0.35439
35.05,-255.42,244.84,-0.03895,-0.67153,0.49429
-49.403,-207.77,287.92,-0.21129,-0.58232,0.56931
-144.71,-143.22,292.96,-0.40593,-0.45256,0.57133
-232.47,-61.647,261.54,-0.57624,-0.29036,0.50848
-290.9,21.179,217.69,-0.68978,-0.12208,0.41724
-312.93,112.5,160.88,-0.73033,0.062425,0.29964
-290.78,204.93,84.52,-0.67964,0.24896,0.14758
-245.42,271.64,3.9582,-0.58232,0.3848,-0.012594
-191.98,303.2,-82.501,-0.47081,0.45171,-0.17682
-118.57,289.95,-177.97,-0.31469,0.42941,-0.35929
-37.679,250.1,-252.19,-0.14843,0.35642,-0.50122
48.639,201.43,-294.53,0.032012,0.26517,-0.57421
146.99,136.75,-296.11,0.23071,0.13744,-0.57016
235.45,58.334,-262.83,0.40507,-0.018675,-0.50122
293.77,-24.162,-216.61,0.51456,-0.18696,-0.41201
312.76,-118.31,-157.75,0.54497,-0.37551,-0.28833
288.11,-211.82,-83.916,0.49226,-0.56812,-0.14033
240.71,-279.43,-5.6903,0.39697,-0.70397,0.011738
185.01,-309.28,82.42,0.27734,-0.76682,0.18407
113.18,-292.74,179.28,0.12325,-0.74249,0.36656
34.98,-250.44,253.97,-0.040975,-0.66342,0.50848
-51.739,-199.96,295.11,-0.21939,-0.5661,0.58147
-151.39,-135.72,293.86,-0.42012,-0.44039,0.57336
-240.13,-59.996,259.16,-0.59246,-0.29036,0.50239
-298.26,22.689,211.55,-0.706,-0.12208,0.40913
-314.89,118.42,151.96,-0.73438,0.074594,0.28342
-288.14,211.84,78.48,-0.67356,0.26315,0.13542
-240.46,278.24,0.39611,-0.57421,0.39899,-0.016644
-184.67,306.77,-88.21,-0.45661,0.45982,-0.18898
-112.6,289.8,-184.58,-0.30253,0.43143,-0.37146
-32.749,247.41,-258.16,-0.13627,0.35236,-0.50933
54.748,197.19,-298.07,0.044181,0.25909,-0.57826
153.29,131.28,-296.63,0.24085,0.12528,-0.57016
239.63,52.366,-262.38,0.41116,-0.032869,-0.49919
295.94,-31.711,-215.5,0.51862,-0.20115,-0.40593
312.83,-125.95,-154.17,0.54903,-0.39376,-0.28428
286.62,-216.38,-75.801,0.49023,-0.57624,-0.12411
239.79,-279.6,5.1614,0.39088,-0.70803,0.036069
183.72,-307.7,91.715,0.27126,-0.76682,0.20232
107.24,-291.47,183.69,0.11109,-0.74047,0.37669
23.987,-249.5,253.33,-0.063281,-0.65937,0.50645
-61.906,-200.01,291.69,-0.23764,-0.56812,0.57539
-158.04,-132.65,290.09,-0.43229,-0.43229,0.56727
-241.9,-51.786,256.56,-0.59651,-0.27008,0.49429
-296.42,32.102,211.91,-0.70397,-0.10383,0.40507
-311.61,126.56,151.02,-0.72628,0.086756,0.2814
-284.46,216.18,72.371,-0.66748,0.27329,0.12528
-238.62,278.06,-8.3088,-0.57016,0.39697,-0.032869
-182.74,304.22,-96.584,-0.45256,0.45374,-0.20723
-107.91,286.29,-190.14,-0.29644,0.42535,-0.38362
-26.591,244.23,-260.77,-0.12411,0.34831,-0.51339
61.708,193.44,-298.05,0.056344,0.24896,-0.57826
160.79,126.2,-293,0.25707,0.11514,-0.56407
245.26,48.615,-257.5,0.42129,-0.03895,-0.48906
299.26,-35.485,-210.24,0.52673,-0.20926,-0.39376
311.32,-132.32,-148.37,0.54497,-0.40998,-0.27211
281.59,-223.22,-72.711,0.48212,-0.59043,-0.12005
233.19,-285.59,7.0722,0.37872,-0.71816,0.036069
175.06,-309.35,97.376,0.25707,-0.77088,0.21449
102.73,-288.49,191.46,0.11109,-0.73438,0.39291
24.104,-244.19,262.65,-0.06125,-0.65328,0.5247
-65.138,-191.75,298.41,-0.24576,-0.55191,0.58553
-165.61,-125.36,290.39,-0.44648,-0.41809,0.56525
-250.35,-50.135,253.1,-0.61273,-0.26603,0.48821
-303.64,34.296,205,-0.71411,-0.095719,0.39088
-313.59,132.22,142.98,-0.73033,0.10095,0.26517
-282.03,222.97,67.818,-0.66342,0.28545,0.1192
-232.54,284.17,-12.697,-0.55799,0.40913,-0.040975
-174.39,306.29,-103.59,-0.43431,0.45576,-0.22143
-101.8,285.37,-196.82,-0.28225,0.42333,-0.39376
-21.378,241.25,-266.72,-0.11194,0.33817,-0.52555
68.36,188.91,-301.42,0.072563,0.24085,-0.5884
167.53,120.16,-293.19,0.26923,0.10298,-0.56407
249.82,41.585,-256.22,0.43143,-0.055169,-0.48702
301.41,-43.529,-208.59,0.53281,-0.22751,-0.39174
311.79,-139.24,-144.54,0.54497,-0.42215,-0.26198
280.91,-226.92,-64.666,0.47807,-0.60057,-0.099775
231.82,-285.4,18.065,0.37264,-0.71816,0.058375
172.72,-307.15,106.77,0.24693,-0.76682,0.23071
95.466,-286.77,195.63,0.086756,-0.73236,0.40102
12.168,-243.48,261.5,-0.087606,-0.65126,0.52064
-75.447,-191.72,295.09,-0.27008,-0.54988,0.58147
-172.14,-121.05,286.76,-0.45864,-0.40796,0.55917
-251.95,-40.557,250.17,-0.61679,-0.24778,0.48212
-301.66,44.062,204.83,-0.71208,-0.0795,0.39291
-310.36,140,141.18,-0.72222,0.11717,0.26315
-278.73,226.72,61.283,-0.65734,0.29559,0.10501
-230.55,283.81,-21.354,-0.55596,0.40913,-0.059225
-171.63,303.11,-112.11,-0.42823,0.45374,-0.23764
-96.278,281.19,-202.34,-0.27008,0.41319,-0.40593
-14.419,237.86,-268.89,-0.1018,0.33209,-0.52961
75.933,184.9,-300.9,0.086756,0.23476,-0.58637
174.97,114.9,-289.58,0.28342,0.092837,-0.55596
255.79,37.409,-250.87,0.4436,-0.063281,-0.47892
304.38,-48.224,-202.41,0.53686,-0.23764,-0.37957
309.69,-146.03,-138.67,0.54092,-0.43431,-0.25184
275.89,-233.98,-62.307,0.46793,-0.61071,-0.099775
225.05,-291.25,20.188,0.3625,-0.73033,0.064456
163.78,-307.65,113.13,0.23071,-0.76682,0.24287
91.031,-282.71,203.86,0.074594,-0.72424,0.41927
11.389,-237.04,270.53,-0.089638,-0.63909,0.53889
-79.623,-183.09,300.77,-0.27617,-0.53569,0.59161
-179.98,-114.8,286.88,-0.47689,-0.39984,0.55714
-261.2,-38.74,246.16,-0.63301,-0.24778,0.47401
-308.45,47.789,196.57,-0.72628,-0.069363,0.37669
-311.54,146.23,133.16,-0.72424,0.12934,0.2449
-276.41,233.68,57.603,-0.65126,0.30573,0.094869
-224.75,289.8,-25.483,-0.5438,0.42129,-0.065306
-163.11,304.64,-119.02,-0.40998,0.45779,-0.24778
-89.578,279.19,-209.23,-0.25184,0.41116,-0.42012
-8.1437,233.89,-274.34,-0.083556,0.32803,-0.53974
82.986,180.11,-303.57,0.10095,0.2226,-0.59043
181.69,109.22,-289.81,0.30167,0.080675,-0.55799
260.36,29.389,-249.4,0.44968,-0.0795,-0.47486
306.08,-57.33,-199.75,0.53889,-0.25386,-0.37146
309.53,-153.15,-133.81,0.53686,-0.45053,-0.20926
275.27,-237.02,-53.65,0.4659,-0.61679,-0.0795
224.17,-291.04,30.403,0.35844,-0.7283,0.084731
161.16,-305.97,121.25,0.22462,-0.76479,0.26113
82.255,-280.5,207.66,0.058375,-0.72019,0.42333
-1.5383,-235.93,268.76,-0.11599,-0.63706,0.53484
-90.121,-182.64,296.93,-0.29847,-0.53366,0.58349
-185.78,-109.75,283.67,-0.485,-0.38565,0.55308
-262.28,-28.125,243.83,-0.63504,-0.22345,0.46996
-306.26,58.028,196.06,-0.72019,-0.049087,0.37061
-307.81,154.02,130.19,-0.72019,0.14758,0.23882
-272.95,237.03,50.361,-0.64518,0.31181,0.0827
-223.05,289.24,-33.999,-0.53974,0.42333,-0.083556
-160.33,301.65,-126.71,-0.40187,0.44968,-0.26603
-83.256,274.75,-214.68,-0.23967,0.40305,-0.42823
-0.004945,229.88,-276.16,-0.069363,0.31992,-0.53974
91.502,175.3,-302.06,0.1192,0.21246,-0.58435
189.07,104.03,-285.9,0.31181,0.072563,-0.54785
266.14,25.048,-244.26,0.46387,-0.091663,-0.4627
308.75,-62.779,-193.26,0.54294,-0.264,-0.36133
306.88,-160.73,-127.96,0.53484,-0.46473,-0.22953
269.61,-244.83,-51.243,0.45576,-0.63706,-0.077469
217.17,-296.77,33.163,0.34831,-0.73844,0.088788
153.19,-306.04,127.74,0.20841,-0.76479,0.27126
78.245,-276.04,216.08,0.050263,-0.71208,0.43752
-3.6615,-228.34,277.39,-0.12208,-0.62084,0.55308
-96.065,-172.78,300.99,-0.30861,-0.51339,0.58958
-194.37,-103.97,282.42,-0.50325,-0.37551,0.54497
-271.81,-26.308,239.32,-0.65531,-0.21939,0.46184
-312.72,62.604,187.37,-0.73438,-0.03895,0.35844
-307.91,161.4,122.29,-0.71614,0.1638,0.22462
-269.57,244.65,46.138,-0.63706,0.33006,0.074594
-216.85,295.18,-38.646,-0.52555,0.43346,-0.091663
-152.89,303.32,-133.29,-0.39376,0.45779,-0.27617
-76.65,272.75,-221.26,-0.23156,0.39899,-0.44039
7.2845,225,-281.04,-0.053144,0.30978,-0.55394
99.806,169.14,-303.47,0.13339,0.2003,-0.58637
196.06,97.471,-285.12,0.32398,0.056344,-0.54583
270.7,16.461,-242.63,0.47198,-0.10586,-0.46067
310.35,-72.097,-190.64,0.547,-0.28225,-0.35524
306.03,-168.09,-122.01,0.53281,-0.48094,-0.21737
268.08,-247.78,-41.1,0.44766,-0.64518,-0.055169
216.13,-296.37,43.307,0.34223,-0.74047,0.10703
150.57,-305.05,134.7,0.20232,-0.76479,0.28342
68.856,-274.24,218.91,0.034044,-0.71006,0.4436
-16.849,-226.9,275.25,-0.14235,-0.62084,0.54497
-106.99,-171.06,296.6,-0.33091,-0.50933,0.57944
-199.96,-97.009,278.79,-0.51541,-0.35929,0.54092
-272.29,-14.82,237.53,-0.65531,-0.19709,0.45982
-310.53,72.842,187.19,-0.72628,-0.024756,0.35236
-303.97,169.16,118.11,-0.70803,0.17597,0.21449
-265.4,247.84,37.622,-0.62692,0.33614,0.058375
-214.89,294.26,-47.28,-0.52149,0.43143,-0.11194
-149.92,300.25,-140.67,-0.38362,0.44766,-0.28833
-70.281,268.64,-226.07,-0.21534,0.39291,-0.45053
15.588,220.85,-282.5,-0.03895,0.3037,-0.55394
109.12,163.45,-300.83,0.15366,0.19219,-0.58029
203.65,91.267,-280.07,0.34223,0.046206,-0.53569
276.14,11.413,-236.9,0.48009,-0.11397,-0.44851
312.57,-78.042,-184.03,0.54903,-0.29644,-0.34105
302.71,-176.16,-116.49,0.5247,-0.49311,-0.20521
261.33,-256.27,-38.552,0.43954,-0.65734,-0.053144
208.39,-301.63,46.94,0.326,-0.74857,0.11514
143.07,-304.23,141.94,0.18813,-0.76074,0.29762
66.025,-269.95,227.62,0.023906,-0.69992,0.45982
-18.995,-219.44,283.76,-0.15452,-0.60463,0.56119
-114.18,-161.1,299.19,-0.3451,-0.49108,0.58553
-209.28,-90.616,275.77,-0.53366,-0.34916,0.53281
-281.6,-12.107,231.16,-0.67356,-0.19101,0.44157
-316.14,78.15,178.01,-0.73844,-0.0044813,0.33614
-303.71,176.92,111.04,-0.706,0.19219,0.20435
-260.59,256.28,33.069,-0.61476,0.35439,0.046206
-207.67,299.76,-52.895,-0.50528,0.43954,-0.12005
-142.68,301.22,-147.68,-0.36943,0.44968,-0.30253
-64.124,266.66,-232.61,-0.20318,0.39088,-0.4627
22.359,216.51,-287.31,-0.022731,0.29356,-0.56204
117.43,157.08,-302.1,0.16989,0.18002,-0.58232
210.75,83.175,-278.16,0.35642,0.029988,-0.53163
280.08,1.5284,-234.05,0.49023,-0.13627,-0.44039
313.63,-87.667,-180.78,0.55308,-0.31672,-0.33496
302.07,-183.21,-109.75,0.52267,-0.51136,-0.19304
259.23,-259.05,-27.252,0.43143,-0.66139,-0.028813
206.74,-301.07,57.556,0.32195,-0.75061,0.13542
139.18,-302.6,148.95,0.17597,-0.76074,0.31181
55.692,-267.95,229.72,0.0036313,-0.69586,0.46387
-31.003,-218.85,281.31,-0.17682,-0.60463,0.55714
-123.67,-159.05,295.61,-0.36133,-0.48906,0.58147
-214.56,-81.958,271.71,-0.5438,-0.32888,0.52673
-281.37,0.49042,229.08,-0.67153,-0.16668,0.43954
-313.4,88.766,177.25,-0.73033,0.015794,0.33209
-300.01,184.12,105.77,-0.70194,0.20232,0.19219
-256.62,258.81,23.633,-0.60665,0.35844,0.027962
-205.27,298.6,-61.977,-0.49919,0.44157,-0.13829
-138.53,297.4,-155.61,-0.35929,0.4436,-0.32078
-57.306,262.25,-237.28,-0.18898,0.37872,-0.47081
30.073,212.66,-288.38,-0.0044813,0.28748,-0.56204
125.92,152.06,-299.42,0.18611,0.16786,-0.58029
218.23,76.735,-272.5,0.36858,0.01985,-0.52149
284.78,-4.5107,-227.51,0.49631,-0.14843,-0.43026
314.43,-94.579,-173.58,0.55511,-0.33091,-0.32078
298.34,-191.37,-104.35,0.51456,-0.52555,-0.18088
252.34,-267.45,-24.822,0.41927,-0.68167,-0.024756
198.3,-305.67,61.991,0.3037,-0.76074,0.14556
131.84,-300.62,157.46,0.16178,-0.75871,0.32803
53.333,-262.73,239.2,0.0016,-0.68775,0.48009
-33.362,-211.35,289.4,-0.17884,-0.59043,0.56931
-130.44,-150.44,298.11,-0.37754,-0.46878,0.58349
-223.76,-76.768,268.48,-0.56204,-0.31874,0.52267
-289.74,4.3829,221.56,-0.68775,-0.15654,0.42333
-317.16,95.206,167.16,-0.74047,0.029988,0.31181
-298.92,192.09,98.721,-0.69789,0.22057,0.17394
-251.74,267.25,19.292,-0.59854,0.37669,0.01985
-197.67,303.75,-67.993,-0.48297,0.45171,-0.15046
-130.81,297.14,-163.75,-0.34308,0.4436,-0.33294
-50.842,259.04,-244.19,-0.17276,0.37669,-0.48297
36.678,208.44,-292.74,0.0056562,0.27937,-0.56812
133.14,146.61,-301.07,0.20232,0.15772,-0.58029
224.53,69.021,-271.27,0.38074,-0.000425,-0.51744
287.87,-14.867,-224.61,0.50443,-0.16871,-0.42215
314.67,-104.53,-169.27,0.55308,-0.35119,-0.31063
297.09,-198.12,-96.089,0.51253,-0.53974,-0.16263
250.6,-269.55,-12.956,0.41521,-0.68369,-0.000425
196.86,-305.1,71.592,0.29964,-0.76074,0.1638
126.11,-298.42,164.61,0.15164,-0.75061,0.34019
41.632,-259.85,240.81,-0.018675,-0.68167,0.48415
-44.756,-210.76,286.55,-0.20318,-0.5884,0.56727
-138.67,-148.32,294.71,-0.39174,-0.46675,0.57539
-227.79,-67.828,265.25,-0.56812,-0.30253,0.51253
-288.85,16.603,220.09,-0.68369,-0.13424,0.42333
-313.78,105.92,165.6,-0.73236,0.050263,0.30978
-294.67,198.91,91.833,-0.68572,0.23476,0.16178
-248.55,268.81,9.2425,-0.59246,0.37872,0.0016
-195.59,302.4,-76.91,-0.48094,0.44766,-0.16668
-125.53,293.13,-171.55,-0.32888,0.43549,-0.34916
-43.152,253.92,-248.81,-0.15857,0.36452,-0.49108
44.581,204.12,-293.47,0.017825,0.27126,-0.57624
141.42,141.42,-297.88,0.21449,0.14556,-0.57421
231.51,63.453,-265.94,0.39291,-0.0085375,-0.50933
291.93,-20.576,-218.55,0.51051,-0.17682,-0.41201
313.87,-112.46,-161.79,0.54903,-0.36741,-0.29644
292.02,-206.59,-90.38,0.50037,-0.55799,-0.15249
243.52,-277.19,-10.078,0.40102,-0.69992,0.0056562
188.53,-309.02,77.23,0.28545,-0.76682,0.17597
119.22,-295.66,173.69,0.13744,-0.74655,0.36047
39.25,-253.6,251.12,-0.030838,-0.66748,0.50443
-48.271,-202.15,294.29,-0.21331,-0.57016,0.57944
-146.29,-139.99,295.87,-0.40796,-0.44851,0.57741
-236.88,-64.1,261.92,-0.58637,-0.29847,0.50645
-296.77,19.929,212.95,-0.70194,-0.12613,0.40913
-315.83,113.35,155.53,-0.73438,0.064456,0.28951
-291.65,207.31,84.166,-0.68167,0.25504,0.14556
-242.68,276.43,4.0762,-0.57826,0.39291,-0.0085375
-188.02,306.79,-83.397,-0.4627,0.45982,-0.18088
-118.05,292.49,-179.81,-0.31672,0.43549,-0.36335
-36.146,249.77,-255.91,-0.14438,0.35844,-0.5073
51.894,199,-297.41,0.036069,0.25909,-0.58029
148.87,135.36,-298.45,0.23274,0.13136,-0.57421
237.08,55.739,-264.67,0.40507,-0.026781,-0.50325
294.69,-29.705,-216.4,0.51659,-0.19912,-0.40998
313.58,-121.68,-157.54,0.54903,-0.38565,-0.28631
289.59,-212.84,-80.684,0.49429,-0.57016,-0.13424
241.42,-278.23,2.4485,0.39494,-0.70397,0.027962
186.88,-307.88,87.563,0.27734,-0.76479,0.19827
112.17,-293.85,179.92,0.12123,-0.74452,0.36858
26.558,-251.1,251.85,-0.057194,-0.66342,0.50645
-59.618,-201.35,291.12,-0.23359,-0.57016,0.57539
-154.33,-136.45,291.71,-0.42417,-0.44243,0.56931
-239.94,-54.357,258.24,-0.59246,-0.27819,0.50037
-295.45,30.828,212.43,-0.69992,-0.10586,0.40507
-312.37,123,153.92,-0.7283,0.0827,0.28748
-286.79,213.42,76.192,-0.67153,0.26517,0.13136
-239.73,276.97,-6.2564,-0.57421,0.39697,-0.028813
-185.66,304.59,-92.81,-0.45864,0.45374,-0.19709
-112.08,288.36,-187.05,-0.30049,0.42941,-0.37551
-28.361,245.38,-259.67,-0.12816,0.34831,-0.51339
59.797,194.52,-297.76,0.054319,0.25099,-0.58029
157.63,129.41,-294.51,0.24896,0.12325,-0.56812
243.85,50.337,-258.75,0.42129,-0.03895,-0.49108
298.48,-34.683,-210.5,0.5247,-0.20723,-0.39782
312.12,-129.33,-151.01,0.547,-0.40187,-0.27617
283.5,-221.17,-75.494,0.48415,-0.58637,-0.12613
233.92,-284.86,5.7275,0.37872,-0.71614,0.034044
177.84,-310.01,94.05,0.26315,-0.77088,0.20638
106.06,-290.4,189.1,0.10906,-0.73844,0.38886
25.072,-244.87,261.99,-0.06125,-0.65531,0.52267
-63.676,-192.69,298.34,-0.24373,-0.55394,0.58755
-163.25,-128.01,291.83,-0.44243,-0.42417,0.56727
-249.52,-51.031,253.85,-0.61273,-0.27008,0.49023
-303.12,33.871,205.07,-0.71208,-0.097744,0.39291
-314.3,129.74,145.24,-0.73236,0.094869,0.27126
-283.23,221.6,69.681,-0.66545,0.2814,0.1192
-232.91,283.62,-11.824,-0.55799,0.40913,-0.043006
-176.98,307,-100.76,-0.44039,0.45982,-0.21534
-104.49,286.93,-195.17,-0.28428,0.42535,-0.39174
-21.755,241.51,-266.48,-0.11194,0.34019,-0.52555
67.228,189.66,-301.49,0.068513,0.24287,-0.5884
165.77,122.41,-294.3,0.26721,0.10906,-0.5661
249.32,41.892,-256.43,0.43143,-0.053144,-0.48702
300.94,-43.27,-208.5,0.52876,-0.22345,-0.38971
312.43,-137.37,-146.57,0.54497,-0.41606,-0.26603
281.55,-226.14,-65.704,0.48009,-0.59651,-0.10586
232.01,-285.12,17.664,0.37466,-0.71614,0.056344
175.11,-307.88,104.57,0.25301,-0.76479,0.22868
97.306,-287.93,194.76,0.090812,-0.73033,0.40102
11.908,-243.29,261.57,-0.087606,-0.65126,0.52267
-74.692,-192.39,295.23,-0.264,-0.55394,0.57944
-170.97,-122.79,287.7,-0.45864,-0.41606,0.56322
-251.98,-40.18,250.03,-0.61476,-0.24576,0.48212
-301.52,44.038,204.71,-0.71208,-0.077469,0.39291
-311,138.52,142.86,-0.72628,0.11109,0.26721
-278.92,226.49,61.684,-0.65531,0.29356,0.10501
-229.28,283.62,-21.166,-0.55191,0.40913,-0.057194
-173.73,303.89,-110.36,-0.43026,0.45374,-0.23156
-97.292,282.02,-202.18,-0.27008,0.41319,-0.40796
-13.499,237.34,-269.34,-0.095719,0.33209,-0.52758
75.532,185.46,-301.19,0.084731,0.23274,-0.58637
174.42,116.13,-290.33,0.28342,0.092837,-0.55799
256.12,36.395,-250.25,0.44157,-0.065306,-0.47284
304.36,-48.389,-202.29,0.53686,-0.23967,-0.37754
310.4,-145.16,-140.09,0.54092,-0.43229,-0.25386
275.67,-234.23,-61.93,0.4659,-0.61273,-0.099775
224.86,-291.3,20.377,0.3625,-0.7283,0.062425
165.6,-308.43,111.93,0.23476,-0.76885,0.24085
91.196,-283.02,204.24,0.076619,-0.72222,0.41724
10.021,-236.19,271.1,-0.091663,-0.63706,0.53889
-79.599,-183.52,301.2,-0.27819,-0.53366,0.59161
-180.09,-115.34,287.35,-0.47486,-0.39579,0.55917
-261.95,-37.16,245.19,-0.63504,-0.2417,0.47198
-308.59,48.096,196.39,-0.72424,-0.067331,0.37466
-312.04,145.81,134.27,-0.72628,0.12731,0.24693
-275.83,234.32,56.612,-0.65126,0.30978,0.092837
-224.44,290.04,-25.884,-0.53974,0.42333,-0.067331
-164.57,305.3,-118.41,-0.41606,0.45779,-0.24778
-89.059,279.07,-210.17,-0.25386,0.40913,-0.42215
-6.3036,232.76,-275.07,-0.081525,0.30978,-0.54177
83.317,180.39,-304.06,0.10298,0.22666,-0.5884
182.4,109.15,-290,0.29762,0.080675,-0.55596
261.38,27.431,-248.15,0.45171,-0.085581,-0.47284
306.32,-57.825,-199.58,0.53686,-0.25386,-0.37146
310.02,-153.18,-134.52,0.53889,-0.45053,-0.24373
274.38,-238.01,-52.14,0.4659,-0.61881,-0.0795
223.94,-291.51,30.875,0.35844,-0.73033,0.084731
162.23,-306.68,121.06,0.2226,-0.76277,0.25707
81.005,-280.05,208.96,0.054319,-0.72019,0.42738
-3.7794,-234.59,269.61,-0.11599,-0.63504,0.53484
-90.828,-182.67,297.42,-0.29644,-0.53163,0.58349
-187.08,-108.9,283.55,-0.48906,-0.38362,0.54903
-263.49,-25.671,242.39,-0.63909,-0.21939,0.46793
-306.73,58.782,195.87,-0.72019,-0.045031,0.37264
-308.1,154.68,130.31,-0.72019,0.14961,0.23882
-271.72,238.31,48.332,-0.64112,0.31789,0.076619
-222.94,289.76,-34.612,-0.53771,0.42333,-0.085581
-161.03,302.31,-127.06,-0.40796,0.45171,-0.26198
-81.392,274.02,-216.42,-0.23764,0.40102,-0.43229
2.5428,228.4,-277.1,-0.063281,0.31384,-0.5438
92.682,175.13,-302.51,0.12123,0.21246,-0.58435
190.89,102.59,-285.38,0.31789,0.066481,-0.54785
267.6,22.194,-242.56,0.46184,-0.093694,-0.4627
309.36,-63.699,-193,0.547,-0.27008,-0.36133
306.88,-162.07,-127.54,0.53281,-0.46878,-0.22548
268.19,-246.38,-48.955,0.45374,-0.63706,-0.071387
216.98,-297.43,33.847,0.34628,-0.74249,0.088788
153.55,-306.61,128.59,0.20638,-0.76682,0.27329
75.98,-275.02,218.16,0.044181,-0.71006,0.44157
-6.3272,-226.9,278.55,-0.12411,-0.61881,0.55511
-97.787,-172.31,301.32,-0.31266,-0.51339,0.58958
-196.84,-101.85,281.57,-0.50933,-0.36943,0.547
-274.32,-23.336,237.48,-0.65734,-0.21129,0.45779
-313.4,63.807,187.04,-0.73438,-0.034894,0.35642
-307.58,163.36,121.27,-0.71816,0.16786,0.22462
-267.8,246.54,43.519,-0.63098,0.33006,0.066481
-216.75,296.01,-39.472,-0.52555,0.43549,-0.095719
-152.82,303.77,-134.71,-0.38971,0.45374,-0.27617
-73.82,271.47,-223.67,-0.22143,0.39899,-0.44243
10.092,223.51,-282.31,-0.049087,0.30776,-0.55394
102,168.36,-303.78,0.1415,0.19827,-0.5884
198.93,94.593,-283.87,0.33006,0.052288,-0.54177
272.46,13.182,-240.75,0.47401,-0.11194,-0.45864
311.18,-73.536,-190.17,0.54903,-0.28631,-0.35119
305.56,-170.54,-120.22,0.52876,-0.485,-0.21534
266.28,-249.88,-38.221,0.44766,-0.6472,-0.051112
215.99,-297.41,44.322,0.34223,-0.74249,0.11109
149.77,-305.31,136.65,0.20232,-0.76277,0.28748
65.482,-272.76,221.49,0.025931,-0.706,0.44968
-19.585,-225.53,276.62,-0.15249,-0.61881,0.54903
-109.49,-169.86,296.95,-0.33294,-0.50528,0.58553
-203.28,-93.494,277.23,-0.52149,-0.35321,0.53686
-274.2,-11.423,235.62,-0.66139,-0.18898,0.45374
-311.45,74.635,186.62,-0.73033,-0.0207,0.35642
-303.21,172.11,115.78,-0.71006,0.18611,0.21044
-263.51,249.98,34.508,-0.62287,0.34425,0.048238
-214.68,295.49,-48.531,-0.52149,0.43752,-0.11194
-148.6,300.37,-143.36,-0.37957,0.44968,-0.29239
-66.53,267.02,-229.07,-0.20723,0.38886,-0.45661
18.49,219.48,-283.96,-0.032869,0.30167,-0.55596
112.14,162.11,-301,0.15975,0.18611,-0.58232
207.33,87.209,-278.14,0.34831,0.036069,-0.53163
278.08,7.945,-234.94,0.48617,-0.12411,-0.44445
313.49,-80.236,-183.28,0.55106,-0.30049,-0.33902
301.86,-179.62,-113.81,0.52267,-0.50325,-0.20115
259.3,-258.75,-35.509,0.43346,-0.66342,-0.045031
208.09,-303,48.521,0.326,-0.75871,0.11717
141.3,-304.09,145.27,0.18407,-0.76277,0.30573
62.062,-267.99,230.9,0.01985,-0.69789,0.4659
-21.897,-218.31,285.42,-0.15857,-0.60259,0.56525
-117.56,-159.36,299.64,-0.35321,-0.48906,0.58349
-213.4,-86.252,273.53,-0.5438,-0.34308,0.53078
-283.66,-8.4739,229.18,-0.68167,-0.1829,0.44157
-317.09,80.769,177.06,-0.74047,-0.0024563,0.33411
-302.62,180.84,107.83,-0.706,0.2003,0.19624
-258.63,259.02,29.931,-0.61476,0.36047,0.040125
-207.2,301.27,-54.924,-0.5073,0.44562,-0.12208
-140.2,300.99,-151.79,-0.36335,0.44968,-0.31063
-59.83,264.56,-236.08,-0.19101,0.3848,-0.47081
25.331,215.38,-289.08,-0.016644,0.29356,-0.56407
121.32,155.03,-302.39,0.17597,0.17394,-0.58637
215.14,78.127,-275.75,0.36656,0.01985,-0.52758
282.3,-2.364,-232.11,0.49226,-0.14235,-0.44039
314.69,-90.828,-179.41,0.55511,-0.32482,-0.33294
300.8,-187.62,-105.64,0.52064,-0.51947,-0.18493
257.3,-262,-23.949,0.42941,-0.66951,-0.024756
205.92,-302.69,60.009,0.31992,-0.75466,0.13947
135.81,-301.99,153.55,0.16786,-0.75669,0.32195
50.95,-265.68,233.23,-0.0044813,-0.69383,0.46996
-34.093,-217.77,283.29,-0.18088,-0.60259,0.56322
-128.05,-156.41,295.87,-0.36943,-0.48297,0.57944
-219.18,-76.509,269.26,-0.55394,-0.32078,0.52064
-283.66,4.5009,227.08,-0.67761,-0.15452,0.43549
-314.37,92.564,175.46,-0.73236,0.021875,0.33006
-298.54,188.95,101.17,-0.69789,0.21652,0.18002
-254.99,261.94,20.188,-0.60463,0.36656,0.023906
-204.23,300.47,-65.115,-0.49716,0.44968,-0.14438
-134.52,296.6,-161.08,-0.34713,0.44157,-0.32888
-52.352,259.7,-241.34,-0.17682,0.37669,-0.47689
33.706,211.32,-290.4,-0.0024563,0.2814,-0.56812
131.06,148.85,-299.46,0.19827,0.16178,-0.58029
223.33,71.073,-269.88,0.37872,0.013769,-0.51541
287.3,-8.9222,-225.44,0.50239,-0.15857,-0.42417
315.19,-99.439,-170.99,0.55308,-0.34105,-0.31469
296.36,-196.77,-99.297,0.51051,-0.53771,-0.17074
250.5,-270.87,-21.236,0.41521,-0.68775,-0.016644
196.93,-307.65,65.789,0.29964,-0.76479,0.15366
127.17,-299.25,163.74,0.15164,-0.75263,0.34223
48.214,-259.9,243.78,-0.010563,-0.67761,0.49023
-37.537,-209.61,291.69,-0.18898,-0.58435,0.57741
-136.43,-146.67,297.82,-0.38768,-0.46473,0.57944
-229.02,-71.154,265.81,-0.57421,-0.31063,0.51253
-292.39,9.0538,219.41,-0.69586,-0.14843,0.42129
-317.42,101.27,163.76,-0.74047,0.0381,0.30573
-296.51,198.04,93.036,-0.69181,0.23679,0.16583
-249.88,270.86,15.282,-0.59854,0.38277,0.0036313
-195.81,305.85,-72.475,-0.48094,0.45779,-0.15857
-125.44,295.58,-170.66,-0.33294,0.44157,-0.34916
-45.228,255.9,-249.05,-0.16263,0.36452,-0.49311
41.396,206.32,-295.19,0.015794,0.27531,-0.57624
139.67,141.99,-300.5,0.21449,0.14758,-0.57826
229.88,63.005,-268.65,0.39088,-0.010563,-0.51136
290.77,-19.679,-222.6,0.50848,-0.17682,-0.41809
314.79,-111.21,-165.09,0.55308,-0.36335,-0.30049
294.4,-204.39,-89.696,0.50443,-0.55394,-0.15046
248.66,-273.3,-8.5447,0.41319,-0.69586,0.0076813
194.36,-307.2,77.537,0.29356,-0.76682,0.17597
119.69,-296.68,171.83,0.13744,-0.74857,0.35439
35.475,-256.76,245.83,-0.036919,-0.67761,0.49023
-49.993,-208.24,289.21,-0.21331,-0.58435,0.57336
-145.89,-142.94,293.86,-0.40796,-0.45459,0.57336
-233.41,-61.576,262.44,-0.58232,-0.29441,0.50848
-291.91,21.604,218.09,-0.69586,-0.12411,0.41724
-313.66,113.54,160.67,-0.73033,0.064456,0.29964
-291.77,205.61,85.841,-0.68167,0.24896,0.14758
-246.67,272.79,4.2885,-0.59043,0.38683,-0.0085375
-192.5,304.45,-83.421,-0.47284,0.45576,-0.17682
-118.71,291.15,-179.6,-0.31672,0.43143,-0.36335
-36.783,250.69,-254.12,-0.14641,0.35844,-0.50122
50.691,201.01,-296.14,0.036069,0.26517,-0.57624
149.61,135.38,-296.73,0.23476,0.13542,-0.57218
237.5,57.225,-263.09,0.40507,-0.0207,-0.50528
295.37,-25.978,-216.28,0.51862,-0.19101,-0.40593
313.32,-120.95,-156.5,0.547,-0.38565,-0.28833
288.41,-213.83,-83.303,0.49226,-0.57218,-0.13829
240.99,-281.35,-4.4871,0.39494,-0.71006,0.011738
184.33,-310.69,85.157,0.27531,-0.77088,0.19016
112.03,-293.4,182.37,0.1192,-0.74047,0.37466
32.739,-250.18,257.08,-0.045031,-0.66342,0.51659
-55.372,-198.5,297.14,-0.22751,-0.56812,0.58755
-155.73,-133.15,293.98,-0.4262,-0.43431,0.57336
-243.41,-57.778,258.64,-0.60057,-0.28225,0.49834
-300.57,25.803,210.49,-0.71006,-0.11599,0.40507
-315.32,122.55,149.84,-0.73438,0.080675,0.27937
-287.76,215.12,76.758,-0.67559,0.26721,0.13339
-239.64,280.82,-2.5056,-0.57421,0.40305,-0.0207
-182.9,308.04,-92.692,-0.45256,0.46184,-0.19912
-110.08,289.85,-189.13,-0.30049,0.43143,-0.37957
-29.186,246.4,-262.21,-0.13019,0.34831,-0.51744
60.033,194.69,-300.43,0.052288,0.25099,-0.58232
159.18,127.29,-296.28,0.25301,0.1192,-0.56812
244.06,48.709,-261.1,0.42129,-0.040975,-0.49716
298.84,-36.146,-213.66,0.52673,-0.20926,-0.39984
313.23,-131.38,-150.94,0.547,-0.4039,-0.27617
285.68,-220.74,-72.616,0.48617,-0.58435,-0.11802
237.95,-282.78,9.7851,0.38683,-0.71411,0.044181
180.49,-308.92,97.895,0.26517,-0.76682,0.21449
102.9,-290.99,189.52,0.10095,-0.73844,0.38886
18.82,-247.78,258.22,-0.071387,-0.66139,0.51456
-68.748,-196.44,294.45,-0.25184,-0.56002,0.57944
-165.52,-127.18,289.24,-0.44851,-0.42215,0.56322
-247.3,-46.643,254.35,-0.60867,-0.26198,0.49226
-299.82,37.905,209.2,-0.70803,-0.091663,0.39899
-311.87,133.47,146.63,-0.7283,0.10298,0.27329
-282.83,221.82,67.888,-0.66545,0.28545,0.11717
-235.79,281.92,-14.419,-0.56407,0.40507,-0.045031
-178.28,305.09,-104.65,-0.44039,0.45576,-0.22143
-102.25,284.99,-197.48,-0.28225,0.42129,-0.39782
-19.821,241.68,-266.55,-0.10788,0.34425,-0.52149
70.389,188.84,-300.78,0.072563,0.24085,-0.58435
169.8,119.55,-291.82,0.27329,0.10298,-0.56002
252.08,42.269,-254.33,0.43549,-0.051112,-0.48297
303.08,-42.916,-206.28,0.53484,-0.22751,-0.38565
311.29,-140.63,-143.22,0.54294,-0.42417,-0.26198
279.38,-230.08,-67.474,0.47401,-0.60463,-0.10788
229.29,-290,14.786,0.37061,-0.72424,0.052288
169.3,-309.65,107.43,0.24085,-0.76885,0.23274
95.631,-286.02,200.33,0.086756,-0.7283,0.40913
15.73,-240.32,269.07,-0.0795,-0.64518,0.53484
-75.377,-186.25,301.17,-0.26806,-0.53974,0.59161
-176.2,-118.05,288.72,-0.47081,-0.40593,0.56119
-258.63,-42.303,248.83,-0.63098,-0.25386,0.48009
-307.81,43.614,199.74,-0.72424,-0.077469,0.37872
-313.17,142.01,136.87,-0.7283,0.12325,0.25504
-279.29,230.9,61.566,-0.65937,0.30167,0.10298
-228.08,289.12,-21.472,-0.54988,0.41724,-0.059225
-167.31,306.32,-115.06,-0.41809,0.45779,-0.23967
-93.046,281.85,-207.04,-0.26198,0.41521,-0.41404
-11.281,236.47,-273.65,-0.089638,0.33209,-0.53569
80.179,182.47,-304.23,0.094869,0.22666,-0.59246
179.28,111.6,-291.32,0.29356,0.086756,-0.56002
258.81,32.007,-251.31,0.44766,-0.073419,-0.47892
305.82,-54.405,-202.13,0.53686,-0.24981,-0.37754
311.03,-150.21,-136.99,0.54294,-0.44445,-0.24778
277.58,-235.41,-56.74,0.47198,-0.61476,-0.087606
226.72,-290.9,27.737,0.36656,-0.73033,0.074594
164.14,-307.41,119.01,0.23071,-0.76682,0.25301
84.449,-282.41,206.72,0.062425,-0.72019,0.41927
0.23096,-237.7,268.83,-0.10991,-0.63909,0.53484
-88.729,-184.18,297.68,-0.29441,-0.53569,0.58553
-184.74,-111.12,284.73,-0.485,-0.39174,0.55106
-261.65,-29.564,245.08,-0.63504,-0.22751,0.47198
-306.42,56.423,197.56,-0.72222,-0.053144,0.37669
-309.16,152.63,132.46,-0.72222,0.1415,0.2449
-274.72,236.37,52.389,-0.64518,0.31384,0.086756
-224.96,289.61,-32.418,-0.53974,0.42333,-0.081525
-162.14,302.9,-125.86,-0.40796,0.45576,-0.26198
-84.223,276.05,-214.77,-0.24373,0.40711,-0.42823
-0.54751,230.92,-276.79,-0.069363,0.32195,-0.5438
91.432,175.91,-302.91,0.1192,0.21246,-0.58637
189.17,104.29,-286.65,0.31384,0.072563,-0.54988
266.4,25.426,-244.99,0.46387,-0.087606,-0.46473
309.31,-62.378,-193.94,0.54497,-0.26806,-0.36133
307.9,-160.28,-129.19,0.53686,-0.46473,-0.22953
270.86,-245.11,-52.329,0.45779,-0.63504,-0.0795
218.37,-297.72,32.668,0.34831,-0.74249,0.086756
153.8,-307.18,128.28,0.21044,-0.76682,0.27126
77.985,-276.75,217.29,0.050263,-0.71208,0.43954
-4.5107,-228.57,278.57,-0.12411,-0.6249,0.55308
-97.457,-172.38,301.74,-0.31266,-0.51136,0.59161
-195.76,-103.28,282.73,-0.50528,-0.37349,0.54903
-272.99,-25.648,239.49,-0.65937,-0.21939,0.46184
-313.55,63.524,187.26,-0.73236,-0.03895,0.35642
-308.59,162.39,122.57,-0.71816,0.1638,0.22462
-270.07,245.95,46.114,-0.63504,0.33209,0.072563
-217.41,296.57,-39.236,-0.52758,0.43549,-0.095719
-152.49,304.19,-135.27,-0.38768,0.46793,-0.28225
-75.306,272.89,-223.41,-0.22751,0.39899,-0.44648
9.4548,224.43,-282.76,-0.049087,0.30776,-0.55394
102.71,167.7,-304.06,0.1415,0.19827,-0.5884
198.6,95.631,-284.86,0.33209,0.052288,-0.54583
272.58,14.574,-242.07,0.47401,-0.10991,-0.45661
311.53,-74.244,-189.74,0.55106,-0.28833,-0.35119
306.39,-170.3,-121.17,0.53281,-0.48297,-0.21534
267.96,-250.02,-39.826,0.45171,-0.6472,-0.057194
216.01,-298.19,45.124,0.34019,-0.74655,0.10906
148.92,-305.71,137.76,0.19827,-0.76479,0.28951
66.331,-273.89,221.86,0.023906,-0.70803,0.44968
-20.151,-225.72,277.47,-0.15046,-0.61881,0.547
-111.26,-168.49,297.07,-0.33699,-0.50528,0.58147
-203.69,-93.871,277.91,-0.52555,-0.35321,0.54092
-274.95,-11.824,236.42,-0.65937,-0.18898,0.45374
-312.06,76.239,185.63,-0.73236,-0.0207,0.35236
-304.04,172.68,116.27,-0.70803,0.18002,0.21449
-264.55,250.95,35.145,-0.6249,0.34019,0.052288
-213.95,296.5,-50.394,-0.51744,0.43549,-0.11599
-147.4,300.63,-145.11,-0.37349,0.44766,-0.30253
-66.719,267.77,-230.06,-0.20723,0.38886,-0.45864
20.118,218.91,-285.14,-0.028813,0.29964,-0.55799
114.93,159.91,-301.04,0.1638,0.18205,-0.58232
208.58,86.973,-278.42,0.35236,0.034044,-0.53366
279.4,7.0958,-234.85,0.48617,-0.12613,-0.44445
314.08,-82.76,-181.68,0.55308,-0.30861,-0.33496
302.42,-180.97,-113.83,0.5247,-0.50325,-0.20115
259.65,-260.49,-35.06,0.43549,-0.66545,-0.045031
206.51,-304.16,51.469,0.32195,-0.75669,0.12325
139.63,-304.11,147.79,0.18002,-0.76277,0.30776
61.542,-268.37,232.5,0.015794,-0.69789,0.46793
-24.563,-216.92,286.81,-0.1606,-0.60057,0.56727
-121,-156.81,299.52,-0.35929,-0.485,0.58553
-215.41,-85.308,273.48,-0.54583,-0.33902,0.52876
-285.4,-6.2328,228.16,-0.67964,-0.17884,0.43752
-317.6,84.213,174.82,-0.74047,0.0056562,0.33006
-303,182.87,107.38,-0.70803,0.20435,0.19421
-258.25,261.31,28.516,-0.61273,0.36452,0.0381
-204.79,302.54,-58.792,-0.49716,0.44766,-0.13221
-138.1,300.63,-155.04,-0.35727,0.44968,-0.31874
-58.509,264.44,-238.36,-0.19101,0.38683,-0.47486
29.035,213.39,-290.66,-0.0085375,0.28748,-0.5661
125.21,152.18,-302.32,0.18611,0.16786,-0.58232
217.66,76.617,-275.35,0.36858,0.015794,-0.52353
284.35,-5.7138,-230.27,0.49429,-0.15046,-0.43431
315.16,-94.957,-176.56,0.55106,-0.33091,-0.32888
300.99,-190.29,-104.51,0.51862,-0.52353,-0.1829
256.35,-264.76,-21.401,0.42738,-0.67761,-0.0207
202.94,-304.11,64.609,0.31384,-0.75871,0.14758
132.97,-301.52,157.41,0.1638,-0.75871,0.32803
48.733,-264.86,236.04,-0.0085375,-0.69181,0.47401
-38.457,-215.17,284.9,-0.18898,-0.59854,0.56322
-132.25,-153.32,295.8,-0.3816,-0.47689,0.57741
-222.16,-74.315,268.64,-0.55799,-0.31672,0.52064
-285.99,8.9358,224.72,-0.68369,-0.14641,0.42941
-314.75,97.471,172.11,-0.73438,0.034044,0.32398
-298.42,192.21,99.382,-0.69789,0.22462,0.17597
-253.44,265.13,16.697,-0.60259,0.37264,0.015794
-200.64,301.76,-70.493,-0.48906,0.44968,-0.15452
-131.26,295.8,-165.52,-0.34105,0.4436,-0.33699
-49.285,258.33,-244.8,-0.17276,0.37264,-0.48297
38.943,208.06,-292.2,0.0097125,0.27531,-0.57016
135.73,145.69,-299.2,0.20232,0.15569,-0.57826
226.65,68.785,-269.05,0.38683,0.0016,-0.51541
289.69,-14.159,-222.46,0.50645,-0.16668,-0.42012
315.16,-105.05,-167.33,0.55308,-0.35524,-0.30658
295.82,-200.83,-97.056,0.51051,-0.54583,-0.16668
248.21,-274.41,-16.683,0.41319,-0.69383,-0.0085375
192.71,-308.92,71.875,0.29356,-0.76682,0.16583
123.77,-298.24,168.74,0.14556,-0.74857,0.35033
44.345,-257.61,247.81,-0.018675,-0.67761,0.49631
-43.459,-205.67,293.46,-0.20115,-0.57624,0.57741
-141.48,-143.48,297.31,-0.39984,-0.45459,0.57944
-233.01,-68.512,264.73,-0.58029,-0.30658,0.51051
-294.96,14.904,216.06,-0.69992,-0.13627,0.41116
-317.11,107.38,159.94,-0.73641,0.052288,0.29762
-295.26,202.71,89.922,-0.68978,0.24287,0.15772
-246.95,274.61,9.7851,-0.5884,0.39088,0.0016
-191.35,307,-79.245,-0.46675,0.45779,-0.17074
-121.76,294.57,-176.06,-0.32482,0.43954,-0.35524
-40.321,253.03,-253.56,-0.15249,0.3625,-0.50122
48.12,201.86,-297.06,0.027962,0.26721,-0.57826
145.19,138.42,-299.93,0.22666,0.13947,-0.57826
234.2,59.608,-267.21,0.39899,-0.014619,-0.50933
293.53,-25.884,-219.04,0.51862,-0.18898,-0.41201
314.53,-117.39,-161.2,0.55511,-0.37754,-0.29441
292.66,-209.51,-85.45,0.50037,-0.56407,-0.14438
245.15,-277.17,-2.0573,0.40305,-0.70194,0.013769
189.52,-308.4,84.661,0.28342,-0.76682,0.19016
115.31,-295.64,177.44,0.12731,-0.74857,0.36656
29.625,-253.44,250.41,-0.049087,-0.67153,0.49834
-57.165,-203.36,290.96,-0.22751,-0.57421,0.57336
-151.64,-138.81,292.99,-0.42012,-0.44039,0.57133
-238.01,-57.353,260.43,-0.5884,-0.28631,0.50443
-294.82,28.068,214.41,-0.69789,-0.10991,0.41116
-313.4,119.95,156.68,-0.73033,0.076619,0.29559
-289.34,211.22,79.919,-0.67761,0.26113,0.13947
-242.56,276.55,-2.9537,-0.57826,0.39494,-0.0207
-187.45,305.28,-90.97,-0.46067,0.45779,-0.19507
-114.14,289.92,-185.66,-0.30455,0.42941,-0.37551
-30.201,246.99,-259.05,-0.13221,0.35033,-0.51339
58.476,195.63,-297.81,0.052288,0.25504,-0.58232
156,130.99,-295.48,0.24693,0.12731,-0.56812
242.6,52.484,-260.37,0.41521,-0.032869,-0.49716
298.27,-32.796,-212.06,0.52673,-0.20521,-0.39984
313.04,-127.42,-152.92,0.55106,-0.39579,-0.28022
285.56,-219.92,-78.042,0.48821,-0.58435,-0.12816
236.14,-284.98,3.6044,0.38683,-0.71411,0.032012
178.88,-310.86,93.272,0.26315,-0.77291,0.20841
107.21,-291.61,188.67,0.11514,-0.73844,0.38886
25.85,-245.91,262.11,-0.059225,-0.65531,0.52267
-63.487,-193.05,298.7,-0.2417,-0.55394,0.58755
-162.61,-128.71,292.47,-0.44243,-0.4262,0.56727
-249.03,-52.258,255.01,-0.61273,-0.27008,0.49023
-303.28,32.833,206.08,-0.71411,-0.1018,0.39494
-315.08,128.92,146.47,-0.73236,0.092837,0.27329
-284.77,221.2,71.333,-0.66748,0.2814,0.12325
-234.31,284.26,-10.998,-0.56204,0.40913,-0.040975
-177.26,307.78,-101.14,-0.43837,0.45982,-0.21331
-104.75,287.77,-195.64,-0.28631,0.42535,-0.39579
-21.59,241.99,-267.14,-0.11397,0.34019,-0.52555
68.053,189.43,-301.99,0.068513,0.24287,-0.58637
166.21,122.38,-294.74,0.26517,0.10501,-0.56812
249.72,42.222,-256.98,0.42941,-0.051112,-0.48906
301.46,-43.176,-209.04,0.53078,-0.22548,-0.39174
313.18,-137.51,-147.26,0.547,-0.41404,-0.26806
282.68,-226.66,-66.53,0.48212,-0.60057,-0.10383
232.5,-286.25,18.042,0.37466,-0.71816,0.058375
174.49,-308.55,106.06,0.25301,-0.76885,0.23071
96.739,-288.35,196.03,0.090812,-0.73236,0.40305
10.823,-243.22,262.72,-0.089638,-0.65126,0.52267
-76.391,-191.51,295.87,-0.26603,-0.55191,0.58349
-172.38,-121.94,287.92,-0.45864,-0.41201,0.56119
-253.15,-39.519,249.94,-0.61679,-0.24373,0.47807
-302.32,44.793,204.67,-0.71411,-0.075444,0.38886
-311.52,139.65,142.81,-0.72628,0.11514,0.26517
-279.58,227.74,61.637,-0.65734,0.29559,0.10298
-230.34,285.06,-22.793,-0.55191,0.41319,-0.059225
-172.29,304.41,-112.98,-0.42823,0.45374,-0.23562
-95.759,281.92,-204.39,-0.26603,0.41724,-0.40796
-11.376,236.65,-270.99,-0.093694,0.33209,-0.53163
78.245,183.88,-301.85,0.092837,0.23071,-0.58435
176.71,114.62,-290.24,0.29154,0.094869,-0.55799
257.91,34.909,-249.64,0.44562,-0.067331,-0.47486
305.51,-50.182,-201.56,0.53686,-0.2417,-0.37957
310.82,-147.21,-139.35,0.54294,-0.43634,-0.25386
275.91,-236.31,-61.104,0.46793,-0.61881,-0.097744
223.87,-293.07,23.019,0.35844,-0.73236,0.066481
163.43,-308.71,115.49,0.22868,-0.76885,0.24693
88.813,-282.36,207.33,0.068513,-0.72222,0.41927
6.7891,-234.78,273.17,-0.099775,-0.63504,0.54294
-83.303,-181.3,301.83,-0.28225,-0.53163,0.59363
-183.3,-113.26,286.93,-0.48094,-0.39376,0.55714
-264.5,-34.824,244.13,-0.64112,-0.23764,0.46996
-309.98,50.974,194.99,-0.72628,-0.06125,0.37061
-312.08,148.99,132.76,-0.72628,0.13542,0.2449
-275.52,237.1,55.079,-0.65126,0.31384,0.090812
-222.91,292.07,-29.469,-0.53974,0.41319,-0.077469
-161.86,305.59,-122.7,-0.40998,0.45576,-0.25589
-85.638,277.84,-213.9,-0.24373,0.40711,-0.42823
-1.9158,230.64,-277.41,-0.071387,0.31992,-0.54583
88.105,177.47,-304.53,0.11311,0.21652,-0.59043
186.36,106.29,-289.22,0.30776,0.074594,-0.55394
264.4,24.175,-246.71,0.45982,-0.087606,-0.47081
308.02,-61.529,-197.65,0.53889,-0.264,-0.36943
309.83,-157.33,-132.02,0.53686,-0.45459,-0.23359
273.53,-241.38,-49.427,0.46184,-0.63098,-0.073419
221.79,-293.85,35.168,0.35642,-0.73641,0.092837
158.85,-306.92,125.87,0.22057,-0.76479,0.26721
76.499,-278.37,213.18,0.048238,-0.71411,0.43346
-9.0873,-231.78,272.21,-0.13019,-0.62692,0.53889
-96.49,-179.01,297.8,-0.31063,-0.52353,0.58553
-191.84,-105.19,282.47,-0.49919,-0.37754,0.55106
-267,-21.732,240.76,-0.6472,-0.21129,0.46184
-308.5,63.288,193.51,-0.72628,-0.036919,0.37061
-307.51,159.66,127.01,-0.71614,0.15569,0.23476
-270.3,242.32,44.958,-0.63706,0.32195,0.070537
-220.22,292.35,-39.708,-0.53163,0.42535,-0.095719
-157.12,302.35,-132.82,-0.39782,0.45374,-0.27211
-76.344,271.9,-221.17,-0.22751,0.40102,-0.43837
8.8414,224.81,-279.88,-0.051112,0.30776,-0.54785
99.476,170.67,-302.41,0.13339,0.20232,-0.58637
196.43,98.273,-283.68,0.326,0.058375,-0.54583
271.54,17.641,-240.34,0.47198,-0.10383,-0.45661
311.25,-69.125,-190.17,0.54903,-0.28022,-0.35727
305.94,-167.92,-123.93,0.53281,-0.48094,-0.21939
265.95,-251.22,-44.732,0.44766,-0.64518,-0.06125
213.7,-300.17,39.792,0.33817,-0.74857,0.10095
149.2,-306.37,135.1,0.19624,-0.76682,0.28545
70.578,-272.66,223.56,0.036069,-0.706,0.45171
-13.357,-222.79,281.57,-0.14033,-0.61273,0.55714
-105.71,-167.21,300.87,-0.32686,-0.50122,0.58958
-203.05,-96.608,279.07,-0.52149,-0.36133,0.54092
-277.78,-17.957,234.6,-0.66545,-0.20318,0.44968
-315.39,69.964,183.88,-0.73641,-0.026781,0.35033
-306.52,169.92,117.29,-0.71208,0.17799,0.21246
-264.71,252.01,38.353,-0.6249,0.34425,0.056344
-212.86,298.72,-46.242,-0.51947,0.43954,-0.10788
-147.94,303.46,-141.93,-0.3816,0.45374,-0.29239
-67.804,268.88,-229.38,-0.21331,0.39291,-0.45661
17.664,219.27,-285.5,-0.032869,0.29964,-0.56002
110.52,162.51,-303.28,0.15772,0.18813,-0.5884
205.82,88.247,-280.9,0.34425,0.0381,-0.53974
277.02,6.9778,-237.3,0.48212,-0.12411,-0.44851
313.32,-80.401,-186.44,0.55106,-0.30253,-0.34713
304.38,-177.71,-115.27,0.52673,-0.50122,-0.20318
262.58,-255.68,-31.805,0.43954,-0.65734,-0.03895
211.48,-300.19,51.776,0.33209,-0.75061,0.12731
143.97,-304.58,144.18,0.18813,-0.76277,0.30167
58.688,-269.86,227.24,0.0097125,-0.69992,0.45779
-27.205,-221.26,279.94,-0.16668,-0.60867,0.55308
-118.22,-163.6,296.5,-0.35119,-0.49716,0.58147
-210.64,-86.11,273.71,-0.53569,-0.33902,0.53078
-278.8,-4.5343,231.96,-0.66951,-0.17682,0.4436
-313.48,82.208,182.49,-0.73236,-0.0024563,0.34425
-301.96,179.78,110.35,-0.70397,0.19624,0.19827
-259.38,256.28,27.336,-0.61273,0.35236,0.036069
-209.61,298.27,-56.929,-0.51136,0.43954,-0.12816
-142.37,299.22,-151.83,-0.36538,0.44562,-0.31063
-59.311,263.71,-235.37,-0.19101,0.38277,-0.46878
26.747,214.81,-287.38,-0.014619,0.29154,-0.56002
121.51,155.62,-300.31,0.18002,0.17597,-0.58232
215.28,79.495,-274.03,0.36656,0.01985,-0.52353
282.87,-0.075702,-230.39,0.49631,-0.14033,-0.43634
315.02,-88.847,-178.4,0.55308,-0.31874,-0.32888
300.11,-187.97,-107.88,0.52064,-0.51947,-0.18696
254.56,-265.49,-27.771,0.42535,-0.67559,-0.028813
202.19,-305.79,57.815,0.31586,-0.76074,0.13947
134.58,-302.22,154.68,0.16786,-0.75669,0.32398
54.465,-263.89,237.79,-0.000425,-0.68775,0.47807
-30.602,-213.31,288.74,-0.17276,-0.59246,0.57133
-127.13,-153.06,298.84,-0.37146,-0.47486,0.58349
-221.68,-78.396,269.33,-0.55596,-0.32482,0.52267
-288.4,0.65557,223.96,-0.68572,-0.16466,0.42941
-318.03,90.464,171.31,-0.73844,0.01985,0.31992
-300.41,189.66,101.39,-0.70194,0.21652,0.18205
-253.63,265.95,21.557,-0.60057,0.37264,0.025931
-200.67,304.08,-64.666,-0.49108,0.45171,-0.14033
-132.7,298.41,-162.02,-0.34916,0.44562,-0.33091
-51.456,259.84,-243.39,-0.17479,0.37669,-0.48297
34.437,210.23,-292.48,0.0016,0.2814,-0.57218
130.85,148.52,-301.73,0.19624,0.16178,-0.58232
223.35,69.87,-271.67,0.38074,0.0016,-0.52149
287,-11.8,-226.76,0.50443,-0.16263,-0.42823
315.49,-101.14,-172.76,0.55511,-0.3451,-0.31672
298.25,-196.77,-97.953,0.51659,-0.53771,-0.17074
252.13,-268.94,-14.678,0.41927,-0.68369,-0.0065062
199.38,-305.6,70.011,0.30776,-0.76479,0.15772
127.01,-299.3,163.97,0.15164,-0.75263,0.33817
41.679,-260.33,240.62,-0.018675,-0.68167,0.48415
-43.128,-212.27,286.55,-0.20115,-0.59449,0.56727
-137.49,-149.54,295.16,-0.39174,-0.46878,0.57539
-227.32,-67.898,265.25,-0.56812,-0.30658,0.51253
-288.35,14.244,221.86,-0.68572,-0.13627,0.42738
-314.66,103.68,168.24,-0.73438,0.044181,0.31586
-295.52,198.41,92.705,-0.68978,0.23476,0.1638
-249.8,268.78,10.398,-0.59246,0.37872,0.0016
-197.48,303.16,-75.66,-0.48297,0.44968,-0.16466
-125.36,293.48,-172,-0.32888,0.43752,-0.34916
-42.468,253.78,-249.17,-0.15452,0.3625,-0.49311
43.567,205.28,-293.73,0.013769,0.27126,-0.57421
141.23,141.77,-298.21,0.21449,0.14758,-0.57218
231.61,62.911,-265.75,0.39697,-0.0085375,-0.5073
291.93,-18.83,-220.1,0.51051,-0.17682,-0.41606
314.64,-111.3,-163.53,0.55106,-0.36335,-0.30253
292.42,-206.94,-90.38,0.50443,-0.55799,-0.15249
244.6,-277.67,-10.786,0.40305,-0.70194,0.0016
189.69,-310.03,77.065,0.28748,-0.76885,0.17597
118.14,-295.74,175.06,0.13339,-0.74655,0.36047
37.999,-253.18,251.99,-0.032869,-0.66748,0.50645
-47.988,-202.91,294.88,-0.21129,-0.57421,0.58349
-147.16,-139.42,295.82,-0.41404,-0.44851,0.57539
-237.61,-63.133,261.45,-0.5884,-0.29239,0.50645
-297.13,18.867,214.27,-0.70397,-0.12613,0.40913
-316.47,113.35,156.42,-0.73641,0.064456,0.29356
-291.61,208.53,83.317,-0.68167,0.25504,0.14556
-243.46,277.39,4.1234,-0.58232,0.39697,-0.012594
-188.4,307.8,-84.341,-0.46473,0.45779,-0.18493
-116.09,292.21,-182.08,-0.31266,0.43346,-0.36943
-34.376,249.09,-257.31,-0.13829,0.35642,-0.50933
52.413,199.22,-298.26,0.0381,0.25909,-0.58232
150.86,133.87,-298.17,0.23476,0.13136,-0.57421
238.31,54.395,-264.03,0.40913,-0.028813,-0.50325
295.54,-29.257,-217.49,0.52267,-0.19709,-0.40796
314.1,-122.96,-157.5,0.55106,-0.38565,-0.28833
289.07,-214.77,-78.844,0.49429,-0.57421,-0.12816
241.87,-279.55,3.2033,0.39494,-0.70803,0.029988
186.36,-308.95,89.639,0.27734,-0.76885,0.2003
109.31,-293.21,182.94,0.11514,-0.74249,0.37669
24.246,-250.23,253.59,-0.06125,-0.66139,0.51051
-61.081,-201.02,292.19,-0.23764,-0.56812,0.57741
-157.26,-133.95,291.08,-0.43026,-0.43431,0.56727
-241.71,-52.564,257.41,-0.59449,-0.27414,0.49631
-296.7,30.946,213.21,-0.70194,-0.10383,0.40711
-312.86,125.24,153.05,-0.72628,0.084731,0.28545
-285.87,216.18,73.668,-0.67153,0.27126,0.12731
-239.71,278.76,-7.7898,-0.57218,0.40102,-0.032869
-184.29,305.49,-96.136,-0.45459,0.45779,-0.20318
-108.29,287.3,-190.95,-0.29036,0.42333,-0.38565
-25.412,244.18,-262,-0.11802,0.34425,-0.51541
62.368,193.51,-298.9,0.058375,0.24896,-0.58232
161.64,126.09,-293.54,0.25504,0.11514,-0.56407
246.18,48.167,-257.61,0.42535,-0.03895,-0.49108
300.07,-35.556,-210.9,0.52673,-0.20926,-0.39579
312.4,-132.63,-149.36,0.54497,-0.40796,-0.27008
282.18,-224.56,-72.428,0.48009,-0.59246,-0.11802
233.35,-286.96,8.1337,0.38074,-0.72222,0.04215
175.44,-310.53,98.745,0.25707,-0.77088,0.21652
101.46,-288.73,193.84,0.098925,-0.73438,0.39697
21.628,-243.32,264.75,-0.069363,-0.65328,0.52876
-67.214,-191.04,299.69,-0.24981,-0.54785,0.58958
-168.21,-123.95,290.44,-0.45256,-0.41606,0.56727
-252.54,-48.365,252.32,-0.61476,-0.264,0.48617
-305.01,35.711,204.81,-0.72019,-0.095719,0.38886
-314.37,134.08,142.79,-0.73033,0.10501,0.26315
-281.77,225.57,66.19,-0.66342,0.29154,0.12325
-231.88,286.15,-15.056,-0.55799,0.41319,-0.047056
-173.47,307.24,-106.63,-0.43229,0.45982,-0.22345
-98.943,284.66,-200.57,-0.27414,0.42129,-0.4039
-17.674,239.63,-269.46,-0.10383,0.34019,-0.52961
71.875,187.44,-302.81,0.07865,0.23882,-0.58637
171.54,117.45,-292.76,0.27937,0.094869,-0.56204
252.88,38.518,-254.66,0.43752,-0.06125,-0.48297
303.06,-46.289,-207.48,0.53484,-0.22953,-0.39174
312.36,-142.54,-143.08,0.54497,-0.4262,-0.25792
279.92,-230.44,-61.6,0.47604,-0.60665,-0.097744
230.4,-287.88,21.486,0.37264,-0.72222,0.064456
170.39,-307.91,111.29,0.24287,-0.76885,0.23882
90.653,-285.14,200.63,0.076619,-0.7283,0.40913
7.0722,-241.08,264.73,-0.097744,-0.6472,0.52876
-80.165,-189.37,296.55,-0.27414,-0.54785,0.58349
-177.31,-116.99,285.98,-0.47081,-0.4039,0.55714
-255.96,-36.193,248.05,-0.6249,-0.23764,0.47604
-303.78,48.002,202.94,-0.71614,-0.071387,0.3848
-310.48,144.63,138.49,-0.72424,0.12731,0.25504
-277.08,231.18,57.178,-0.65126,0.3037,0.096894
-228.6,286.64,-25.931,-0.54988,0.41521,-0.065306
-168.09,303.49,-118.1,-0.41809,0.45171,-0.24576
-90.003,278.57,-208.69,-0.25184,0.40913,-0.41606
-7.9785,234.63,-272.69,-0.083556,0.326,-0.53569
82.279,181.48,-302.1,0.10095,0.22462,-0.58637
181.38,109.97,-288.21,0.29559,0.0827,-0.55191
260.5,32.102,-248.11,0.45374,-0.073419,-0.47284
306.79,-53.555,-199.65,0.53889,-0.24778,-0.37349
309.45,-152.21,-135.04,0.53889,-0.44851,-0.2417
273.46,-239.38,-57.306,0.4659,-0.62692,-0.091663
222.36,-294.49,25.827,0.35642,-0.73641,0.072563
159.32,-307.67,120.45,0.22462,-0.76682,0.26113
83.482,-279.08,211.11,0.0604,-0.71614,0.42941
3.5572,-232.8,274.52,-0.10586,-0.63098,0.547
-87.549,-178.44,301.53,-0.28833,-0.52555,0.58958
-187.64,-109.04,284.68,-0.49108,-0.38565,0.55308
-266.65,-32.654,242.91,-0.64518,-0.23156,0.4659
-310.98,54.253,193.06,-0.7283,-0.057194,0.36656
-310.43,153.78,128.45,-0.72222,0.14758,0.23476
-273.25,239.79,51.682,-0.64518,0.31789,0.086756
-221.52,293.29,-31.923,-0.53569,0.42941,-0.0795
-157.92,304.5,-127.2,-0.39984,0.45779,-0.264
-80.92,275.11,-216.99,-0.23562,0.40711,-0.43229
0.82072,228.89,-278.54,-0.063281,0.31789,-0.54177
92.257,174.38,-303.99,0.1192,0.21246,-0.5884
190.16,102.24,-287.08,0.31384,0.066481,-0.55191
266.21,22.359,-245.77,0.46387,-0.095719,-0.46675
308.84,-64.666,-195.74,0.54497,-0.26806,-0.36538
308.13,-161.65,-127.65,0.53281,-0.46675,-0.22548
271.45,-243.58,-46.337,0.45982,-0.63301,-0.065306
220.47,-294.74,37.339,0.35033,-0.73844,0.096894
154.82,-305.88,129.77,0.21246,-0.76479,0.27531
72.512,-275.97,215.52,0.040125,-0.71006,0.43549
-11.234,-230.3,273.01,-0.13424,-0.6249,0.54294
-100.34,-175.75,297.05,-0.31469,-0.51744,0.58147
-194.77,-101.49,280.51,-0.50528,-0.37146,0.53686
-268.3,-20.411,240.24,-0.6472,-0.20521,0.46387
-309.09,66.19,191.64,-0.72628,-0.032869,0.36452
-305.71,163.55,122.85,-0.71411,0.16583,0.22462
-268.56,244.04,42.411,-0.63706,0.32803,0.062425
-218.97,292.96,-41.713,-0.52961,0.42941,-0.095719
-153.37,301.03,-136.31,-0.39174,0.45171,-0.28022
-73.23,269.99,-222.94,-0.21939,0.39494,-0.44445
10.446,223.73,-280.4,-0.047056,0.30776,-0.54785
103.01,167.51,-301.33,0.14352,0.19421,-0.58029
198.77,95.253,-281.84,0.33006,0.052288,-0.53771
272.51,16.839,-239.9,0.47401,-0.10586,-0.45256
311.51,-71.744,-188.26,0.54903,-0.28428,-0.35119
304.12,-171.13,-120.34,0.52673,-0.48702,-0.21331
264.44,-252.56,-42.892,0.4436,-0.64923,-0.06125
212.43,-300.55,41.585,0.33614,-0.74655,0.10703
145.83,-304.94,138.09,0.19421,-0.76277,0.28951
68.455,-271.13,224.65,0.027962,-0.69992,0.45576
-14.324,-222.02,281.76,-0.14235,-0.61273,0.55917
-108.64,-164.34,299.62,-0.33091,-0.49919,0.58755
-204.65,-94.414,277.49,-0.52555,-0.35727,0.53484
-278.28,-17.556,234.32,-0.66951,-0.19912,0.44766
-315.29,72.158,182.07,-0.73844,-0.0207,0.34223
-304.82,172.35,114.24,-0.71208,0.18407,0.21044
-263.49,252.79,37.197,-0.62287,0.34628,0.054319
-211.54,298.74,-47.728,-0.51339,0.4436,-0.11194
-144.97,301.83,-144.17,-0.37146,0.45171,-0.29644
-66.53,267.75,-229.8,-0.20723,0.38886,-0.45661
18.042,218.75,-285.4,-0.032869,0.30167,-0.55799
112.62,160.01,-302.06,0.16178,0.18205,-0.58435
206.43,86.926,-279.72,0.34628,0.034044,-0.53569
277.06,6.9307,-237.16,0.48617,-0.12613,-0.45053
312.95,-82.147,-184.58,0.54903,-0.30455,-0.34308
302.9,-179.29,-112.91,0.5247,-0.50122,-0.19912
261.9,-255.8,-31.38,0.43954,-0.65531,-0.03895
210.3,-299.98,52.908,0.33006,-0.74857,0.12731
141.35,-303.14,145.71,0.18407,-0.76074,0.30573
58.216,-269.1,227.03,0.011738,-0.70397,0.45982
-27.04,-220.98,279.52,-0.16466,-0.60867,0.55511
-119.56,-161.53,295.32,-0.35524,-0.49108,0.57741
-210.34,-85.756,273.08,-0.53366,-0.33902,0.52876
-278.42,-4.9118,232.17,-0.66748,-0.17682,0.44562
-312.84,83.364,180.98,-0.73438,-0.000425,0.34223
-300.74,180.3,108.68,-0.70194,0.19827,0.19624
-259.17,255.79,27.737,-0.61679,0.35236,0.036069
-208.62,297.68,-57.495,-0.5073,0.44157,-0.13019
-140.34,297.78,-152.47,-0.36133,0.4436,-0.31469
-59.76,263.36,-234.47,-0.19304,0.38277,-0.46675
26.11,214.74,-286.63,-0.016644,0.28951,-0.56002
122.03,154.11,-299.11,0.17799,0.17191,-0.57826
214.17,80.203,-273.91,0.3625,0.021875,-0.52555
282.04,1.0331,-230.72,0.49226,-0.13829,-0.43431
314.15,-89.201,-177.19,0.55511,-0.31874,-0.32482
299.22,-187.48,-107.2,0.52064,-0.51744,-0.18493
254.91,-264.43,-28.903,0.42535,-0.67356,-0.032869
201.43,-304.82,57.768,0.31181,-0.75871,0.13744
133.21,-300.97,154.3,0.16583,-0.75669,0.32195
55.857,-264.05,236.16,0.0056562,-0.68775,0.47604
-29.493,-213.31,287.63,-0.17276,-0.59449,0.56727
-126.57,-152.14,297.66,-0.36943,-0.47284,0.58349
-219.66,-80.047,269.73,-0.55394,-0.32888,0.5247
-287.08,-1.2317,224.67,-0.68369,-0.16668,0.42941
-317.04,89.804,170.67,-0.74249,0.017825,0.32195
-299.89,188.08,101.65,-0.70194,0.21854,0.18407
-254.31,264.21,23.562,-0.60665,0.37061,0.027962
-200.41,302.73,-63.959,-0.48906,0.45171,-0.14033
-132.35,297.31,-160.68,-0.3451,0.44562,-0.32888
-53.72,260.53,-241.01,-0.18088,0.37669,-0.47486
32.739,210.37,-290.95,-0.000425,0.28342,-0.57016
129.34,148.31,-300.5,0.19624,0.16178,-0.58029
220.45,72.559,-272.45,0.37466,0.015794,-0.52353
285.3,-9.2288,-227.68,0.50037,-0.15857,-0.42823
314.36,-99.344,-172.83,0.55106,-0.33902,-0.31874
298.11,-194.11,-99.533,0.51456,-0.53163,-0.17276
253.21,-266.55,-17.533,0.42129,-0.67761,-0.010563
199.29,-303.97,68.407,0.30776,-0.75871,0.15772
127.88,-298.71,161.24,0.15366,-0.75061,0.33411
45.053,-261.6,237.57,-0.016644,-0.68369,0.47604
-40.84,-212.74,284.68,-0.19304,-0.5884,0.56322
-134.78,-150.25,294.05,-0.38362,-0.46473,0.57336
-223.55,-71.602,266.43,-0.56204,-0.31063,0.51862
-286.2,10.965,223.02,-0.67964,-0.14235,0.42738
-313.69,100.61,169.11,-0.73236,0.0381,0.31789
-295.97,194.66,95.56,-0.68978,0.22462,0.16786
-251.15,265.84,14.126,-0.59651,0.37264,0.0097125
-197.91,301.17,-72.97,-0.485,0.44766,-0.15857
-127.44,293.39,-167.95,-0.33496,0.43549,-0.33902
-46.926,255.79,-245.23,-0.16668,0.36858,-0.485
40.264,206.2,-291.51,0.013769,0.27531,-0.56812
137.01,143.52,-297.53,0.20841,0.15164,-0.57218
226.86,67.393,-267.43,0.38886,-0.0024563,-0.51339
289.24,-14.843,-221.5,0.50443,-0.16871,-0.41809
313.8,-106.8,-165.14,0.55106,-0.35727,-0.30455
293.67,-201.87,-94.39,0.50645,-0.54583,-0.1606
246.63,-274.2,-15.433,0.40913,-0.69586,-0.0065062
190.87,-307.86,73.078,0.28951,-0.76479,0.16583
121.23,-296.11,169.54,0.1415,-0.75061,0.34831
43.401,-255.87,247.15,-0.018675,-0.67153,0.49631
-43.624,-204.53,292.21,-0.19912,-0.57624,0.57741
-141.36,-142.33,295.77,-0.39579,-0.45459,0.57741
-232.04,-68.37,263.69,-0.57421,-0.30658,0.50848
-293.9,14.102,215.97,-0.69789,-0.13627,0.41521
-315.79,107.61,158.74,-0.73641,0.052288,0.29559
-293.78,202.24,88.813,-0.68572,0.2449,0.15569
-246.15,273.38,9.9974,-0.5884,0.38886,0.0016
-190.36,305.73,-78.962,-0.47081,0.45576,-0.16871
-120.58,292.87,-175.31,-0.32078,0.43752,-0.35119
-40.816,252.2,-251.74,-0.15249,0.36047,-0.49716
46.799,201.5,-295.31,0.021875,0.26517,-0.57624
143.5,138.33,-298.54,0.2226,0.13947,-0.57624
232.08,60.717,-266.74,0.39697,-0.014619,-0.50933
291.79,-23.831,-219.49,0.51253,-0.18696,-0.41606
313.3,-116.09,-160.82,0.55106,-0.37146,-0.29441
292.04,-207.51,-85.898,0.50239,-0.56002,-0.14438
245.19,-275.14,-3.6379,0.40305,-0.69586,0.011738
189.4,-306.78,82.915,0.28545,-0.76277,0.18611
115.52,-294.44,175.15,0.12731,-0.74452,0.36047
31.771,-253.53,247.62,-0.047056,-0.67153,0.49631
-54.428,-203.92,288.81,-0.22345,-0.57624,0.56727
-148.44,-140.04,292.02,-0.41201,-0.44851,0.56727
-234.66,-59.854,260.86,-0.58435,-0.28833,0.50443
-292.53,24.812,215.56,-0.69383,-0.11397,0.41319
-312.27,117.07,157.25,-0.7283,0.058375,0.29559
-289.55,207.85,81.995,-0.67964,0.25504,0.1415
-243.39,273.81,0.1602,-0.58232,0.39088,-0.016644
-188.26,303.49,-87.691,-0.4627,0.45171,-0.18898
-115.65,289.21,-181.79,-0.30861,0.43143,-0.36741
-33.81,247.98,-255.21,-0.13829,0.35439,-0.50325
54.253,197.19,-295.38,0.04215,0.25707,-0.57421
151.09,133.42,-294.96,0.23679,0.13136,-0.57016
238.02,56.282,-261.6,0.40711,-0.022731,-0.49716
295.32,-28.266,-213.99,0.51862,-0.19304,-0.40187
311.95,-123.08,-154.33,0.54497,-0.38565,-0.28022
286.67,-215.15,-81.298,0.49023,-0.57421,-0.13627
238.07,-281.7,-1.0665,0.38886,-0.70803,0.015794
180.7,-309.28,88.2,0.26721,-0.76885,0.19827
110.16,-291.61,183.2,0.1192,-0.74047,0.37872
30.875,-247.8,257.2,-0.049087,-0.65937,0.51456
-57.707,-195.4,295.91,-0.23156,-0.56002,0.58349
-155.89,-132.37,292.56,-0.42823,-0.43229,0.57133
-243.13,-57.542,257.44,-0.59854,-0.28428,0.49631
-299.86,27.124,208.63,-0.71006,-0.10991,0.40102
-314.09,123.09,148.73,-0.73236,0.0827,0.27937
-286.46,215.19,75.862,-0.67153,0.27126,0.13339
-237.23,280.44,-4.7702,-0.56812,0.40507,-0.0207
-180.24,306.51,-94.272,-0.44648,0.45576,-0.20115
-109.32,288.51,-188.68,-0.29644,0.42738,-0.37957
-28.148,244.51,-261.43,-0.12816,0.34628,-0.51541
60.858,192.49,-298.85,0.056344,0.24693,-0.58232
157.79,127.69,-295.24,0.25099,0.1192,-0.56812
242.69,49.276,-260.35,0.41724,-0.034894,-0.49514
297.54,-36.358,-212.3,0.52267,-0.20926,-0.39579
312.17,-130.44,-150.82,0.54497,-0.39984,-0.27414
284.92,-219.7,-72.687,0.48821,-0.58435,-0.11599
236.16,-281.82,10.729,0.38074,-0.71208,0.04215
178.86,-307.34,97.801,0.26517,-0.76479,0.22057
103.53,-290.03,187.8,0.10501,-0.73641,0.3848
18.867,-246.34,256.45,-0.071387,-0.65531,0.51253
-67.993,-195.31,292.35,-0.24981,-0.55799,0.57336
-162.45,-128.88,288.72,-0.43837,-0.4262,0.56322
-245.06,-48.247,254.25,-0.60463,-0.264,0.49226
-298.05,36.867,208.53,-0.70397,-0.093694,0.39899
-310.98,131.02,147.67,-0.72628,0.10095,0.27531
-282.48,219.65,69.044,-0.66342,0.27531,0.11717
-234.73,280.11,-14.112,-0.56204,0.40102,-0.043006
-177.92,303.63,-102.72,-0.44243,0.45576,-0.21737
-104.04,284.61,-194.44,-0.28428,0.41724,-0.39174
-21.118,240.85,-263.96,-0.10991,0.34019,-0.51947
67.865,188.74,-298.54,0.068513,0.23882,-0.58232
165.15,122.69,-291.58,0.26517,0.10906,-0.56002
248.54,45.029,-254.78,0.42941,-0.047056,-0.485
300.73,-40.51,-206.66,0.52876,-0.21939,-0.38768
310.66,-136.66,-145.35,0.54294,-0.41404,-0.26603
279.68,-226.8,-69.503,0.47604,-0.59449,-0.11397
229.01,-287.55,12.993,0.36858,-0.72222,0.050263
170.39,-308.43,103.39,0.2449,-0.76479,0.22462
98.697,-286.42,195.75,0.090812,-0.7283,0.40102
18.396,-240.34,265.67,-0.077469,-0.64314,0.53078
-71.036,-187.38,298.77,-0.25589,-0.54177,0.58755
-169.97,-122.2,289.03,-0.45661,-0.40998,0.56119
-253.89,-46.195,250.08,-0.62287,-0.25994,0.48212
-304.87,39.391,201.2,-0.71816,-0.085581,0.3848
-312.82,136.32,140.19,-0.7283,0.10906,0.26113
-280.07,226.46,64.68,-0.65734,0.29154,0.10906
-228.5,286.01,-18.406,-0.55191,0.41319,-0.053144
-169.95,305.33,-109.25,-0.4262,0.45576,-0.22751
-97.67,283.08,-201.09,-0.27211,0.41724,-0.4039
-15.527,237.29,-269.48,-0.097744,0.33209,-0.52961
73.88,184.87,-301.68,0.0827,0.23882,-0.59043
171.59,117.1,-291.94,0.27531,0.096894,-0.56002
253.05,37.268,-253.13,0.43549,-0.06125,-0.48094
302.4,-48.507,-204.72,0.53281,-0.23562,-0.3816
311.08,-143.06,-141.74,0.54497,-0.42823,-0.25589
278.95,-230.11,-61.175,0.47401,-0.60463,-0.095719
227.93,-287.17,23.42,0.36656,-0.72019,0.068513
168.36,-306.35,111.84,0.23882,-0.76277,0.24287
90.936,-284.32,199.64,0.076619,-0.72424,0.40913
6.1522,-239.47,263.88,-0.099775,-0.64112,0.5247
-80.448,-187.93,295.28,-0.27617,-0.54583,0.58147
-175.73,-118.08,285.68,-0.46675,-0.4039,0.55714
-255.07,-36.146,247.18,-0.6249,-0.23764,0.47807
-302.6,48.874,201.15,-0.71411,-0.067331,0.3848
-309.56,143.59,138.57,-0.72222,0.12528,0.25504
-276.7,229.84,57.957,-0.65126,0.29762,0.096894
-226.92,285.32,-26.521,-0.54785,0.41116,-0.067331
-167.76,302.35,-116.85,-0.42012,0.45171,-0.24576
-91.795,278.72,-206.4,-0.25994,0.40913,-0.41404
-8.2616,233.66,-271.2,-0.083556,0.32398,-0.53366
80.745,181.31,-300.76,0.096894,0.2226,-0.58232
178.39,112.29,-288.38,0.29154,0.086756,-0.55394
258.64,33.14,-247.78,0.44968,-0.071387,-0.47284
305.21,-52.895,-198.78,0.53889,-0.24778,-0.36943
309.01,-149.5,-136.41,0.54092,-0.44039,-0.24576
273.74,-237.11,-58.84,0.46387,-0.61881,-0.089638
221.3,-292.6,25.237,0.35642,-0.73033,0.072563
160.32,-306.78,117.48,0.22057,-0.76479,0.25301
86.572,-279.98,207.71,0.070537,-0.71614,0.42129
5.2321,-232.65,272.46,-0.1018,-0.63098,0.54092
-84.223,-179.62,300.35,-0.28631,-0.52758,0.58958
-183.33,-112.41,285.42,-0.48297,-0.39174,0.55714
-263.94,-34.612,243.17,-0.63909,-0.23764,0.46793
-309.06,52.177,193.08,-0.72628,-0.06125,0.36656
-310.57,149.53,131.09,-0.72424,0.13542,0.24085
-274.03,236.63,54.112,-0.6472,0.31586,0.090812
-221.19,291.01,-30.248,-0.53569,0.42535,-0.077469
-160.14,303.86,-122.86,-0.40593,0.45576,-0.25386
-85.167,276.45,-212.81,-0.24373,0.40507,-0.42417
-2.1753,229.53,-275.92,-0.071387,0.31992,-0.54177
87.138,176.9,-303.05,0.11109,0.21652,-0.58637
184.68,106.77,-288.35,0.30573,0.076619,-0.55394
262.75,25.378,-246.5,0.45779,-0.087606,-0.46878
306.55,-61.199,-196.66,0.53686,-0.264,-0.36741
308.72,-156.06,-131.69,0.53686,-0.45459,-0.23359
272.79,-239.71,-49.946,0.45982,-0.6249,-0.071387
220.87,-292.1,34.579,0.35236,-0.73236,0.090812
158.4,-305.34,124.32,0.22057,-0.76277,0.26315
77.938,-277.81,210.66,0.048238,-0.71411,0.42738
-7.0821,-231.76,270.03,-0.12411,-0.62692,0.53484
-93.659,-179.79,296.39,-0.30253,-0.52961,0.58147
-188.47,-107.27,282.25,-0.49108,-0.3816,0.54497
-264.29,-24.256,241.23,-0.63909,-0.21737,0.46387
-306.61,61.377,193.48,-0.72222,-0.040975,0.37061
-306.87,156.68,128.19,-0.71614,0.15366,0.23679
-270.47,239.44,46.775,-0.64112,0.31789,0.074594
-220.08,290.06,-37.844,-0.53163,0.42333,-0.089638
-157.97,301.01,-129.54,-0.39782,0.44968,-0.26806
-79.316,272.21,-217.37,-0.23359,0.39899,-0.43229
5.1142,225.9,-277,-0.057194,0.31181,-0.5438
94.546,172.82,-301.26,0.12528,0.20841,-0.58232
191.36,101.81,-284.36,0.31586,0.066481,-0.54583
267.82,21.533,-241.74,0.4659,-0.095719,-0.46067
308.98,-65.516,-191.09,0.54497,-0.27211,-0.35524
305.94,-163.09,-126.36,0.53078,-0.46675,-0.22548
267.13,-247.02,-47.894,0.44766,-0.63909,-0.071387
214.31,-297.29,36.607,0.34019,-0.74249,0.096894
151.3,-305.38,130.12,0.20638,-0.76277,0.27531
74.73,-273.68,218.49,0.04215,-0.70803,0.4436
-8.1673,-224.75,278.06,-0.12816,-0.61476,0.55308
-98.613,-170.75,300.09,-0.31266,-0.50933,0.58553
-196.37,-101.87,280.84,-0.50933,-0.37146,0.54497
-273.11,-23.312,236.94,-0.65734,-0.21331,0.45779
-312.77,64.656,185.82,-0.73236,-0.036919,0.35439
-307.01,163.36,121.06,-0.71614,0.16583,0.22057
-267.07,246.56,43.024,-0.63098,0.33209,0.066481
-214.68,295.51,-41.335,-0.51947,0.43346,-0.097744
-151.36,302.71,-135.25,-0.38768,0.45171,-0.27819
-73.301,270.48,-223.27,-0.22143,0.39697,-0.44648
11.035,221.86,-281.44,-0.047056,0.3037,-0.54988
101.65,167.61,-302.62,0.13947,0.19827,-0.58435
197.61,95.56,-283.59,0.33006,0.052288,-0.54177
271.64,13.725,-240.34,0.47401,-0.10991,-0.45459
310.4,-73.513,-189.44,0.54497,-0.28631,-0.35119
305.26,-169.62,-120.81,0.53078,-0.48094,-0.21331
265.79,-249.26,-38.174,0.44766,-0.64314,-0.053144
214.22,-296.49,45.407,0.33817,-0.74452,0.11109
149.11,-304.35,136.14,0.2003,-0.76277,0.28545
65.718,-272.1,220.49,0.025931,-0.70397,0.4436
-19.656,-224.42,275.44,-0.15249,-0.61679,0.547
-108.03,-170.02,296.03,-0.33091,-0.51136,0.57944
-201.14,-95.263,277.35,-0.51541,-0.35727,0.53686
-272.88,-12.602,235.59,-0.65734,-0.18898,0.45374
-310.36,73.644,186.52,-0.72628,-0.022731,0.35236
-303.36,170.25,117.26,-0.706,0.17799,0.21246
-263.44,248.94,35.027,-0.62287,0.34019,0.050263
-213.43,294.36,-48.814,-0.51744,0.43143,-0.11194
-148.79,299.66,-141.85,-0.37754,0.44766,-0.29239
-67.497,266.64,-227.37,-0.21129,0.38886,-0.45256
17.688,218.82,-282.31,-0.032869,0.30167,-0.55191
109.53,163.03,-300.26,0.15164,0.19016,-0.58029
204.45,89.875,-278.77,0.34425,0.04215,-0.53163
276.4,9.7143,-235.25,0.48212,-0.11802,-0.44648
312.45,-78.278,-183.82,0.55106,-0.29644,-0.33902
302.26,-176.93,-115.93,0.5247,-0.49716,-0.20318
259.58,-257.09,-36.452,0.43346,-0.65937,-0.047056
207.47,-301.59,47.907,0.32398,-0.74857,0.11717
142.2,-303.61,142.84,0.18407,-0.76074,0.29762
63.501,-267.99,228.59,0.01985,-0.69789,0.46184
-20.363,-217.93,283.43,-0.15249,-0.60463,0.56119
-113.92,-160.96,298.93,-0.34308,-0.49108,0.58553
-209.75,-89.531,274.56,-0.53569,-0.3451,0.53078
-281.49,-10.951,229.81,-0.67153,-0.18696,0.44157
-315.93,77.749,178.34,-0.73844,-0.0065062,0.33817
-303.28,177.25,110.68,-0.706,0.19219,0.2003
-259.1,256.73,31.37,-0.61476,0.35439,0.046206
-207.2,299.62,-53.249,-0.5073,0.44562,-0.12208
-142.04,300.66,-148.29,-0.36741,0.44968,-0.30455
-61.93,264.92,-233.15,-0.19709,0.3848,-0.4627
22.996,215.49,-286.84,-0.0207,0.29154,-0.56002
116.67,157.53,-301.73,0.16786,0.18002,-0.58435
210.82,82.373,-277.15,0.35439,0.025931,-0.52961
279.8,0.84428,-233.15,0.49023,-0.13829,-0.44039
313.54,-86.794,-181.53,0.55308,-0.31469,-0.33496
301.67,-183.26,-109.51,0.5247,-0.51339,-0.19304
258,-259.12,-25.954,0.43143,-0.66545,-0.026781
206.65,-300.71,57.414,0.31992,-0.75263,0.13542
138.71,-302.06,149.13,0.17394,-0.75871,0.31181
53.828,-266.39,229.88,0.0016,-0.69181,0.46184
-31.003,-218.33,280.77,-0.17479,-0.60259,0.55511
-122.58,-159.78,295.37,-0.36133,-0.49108,0.57741
-214.25,-81.557,270.91,-0.5438,-0.32686,0.5247
-280.76,0.51406,228.56,-0.67153,-0.16263,0.43954
-313.26,87.35,178.43,-0.73236,0.011738,0.33411
-299.65,183.91,105.66,-0.70194,0.20841,0.19016
-255.8,258.64,22.76,-0.60665,0.35844,0.027962
-205.55,298.25,-61.34,-0.49716,0.43954,-0.13829
-138.32,297.07,-155.49,-0.35727,0.4436,-0.31672
-55.773,260.79,-237.16,-0.18493,0.37466,-0.46878
29.483,212.62,-287.6,-0.010563,0.28748,-0.56407
124.51,153,-299.2,0.18407,0.16989,-0.57624
217.64,76.57,-271.91,0.36656,0.015794,-0.51947
283.79,-4.0153,-227.42,0.49631,-0.14843,-0.43026
314.46,-92.763,-175.02,0.55308,-0.32482,-0.3228
298.13,-190.9,-104.39,0.51659,-0.52758,-0.18088
251.71,-266.96,-24.445,0.41724,-0.67964,-0.024756
199.05,-305.34,60.906,0.30573,-0.75871,0.1415
131.75,-300.26,156.99,0.16178,-0.75466,0.326
52.106,-261.51,238.73,-0.0044813,-0.68572,0.48009
-32.253,-211.64,288.55,-0.18088,-0.59043,0.57133
-128.76,-151.48,297.82,-0.37349,-0.47486,0.58349
-222.79,-76.816,268.01,-0.56002,-0.3228,0.51862
-288.75,3.2977,221.77,-0.68572,-0.15857,0.42535
-317.13,93.012,168.78,-0.73844,0.023906,0.31789
-298.76,191.27,99.004,-0.69586,0.22057,0.17597
-251.41,266.47,19.292,-0.59854,0.37264,0.01985
-198.61,303.25,-66.507,-0.48702,0.44968,-0.14641
-130.96,296.95,-162.99,-0.34105,0.44157,-0.33294
-50.182,258.1,-243.34,-0.17276,0.37264,-0.485
34.98,209.15,-291.77,0.0016,0.2814,-0.57218
131.16,147.77,-300.78,0.19624,0.15772,-0.58029
223.28,69.445,-270.92,0.37872,0.0036313,-0.51744
286.83,-13.239,-225.18,0.50239,-0.16668,-0.4262
314.72,-102.1,-171.22,0.55106,-0.34713,-0.31266
297.05,-197.06,-96.608,0.51456,-0.53569,-0.16466
250.53,-268.58,-13.499,0.41319,-0.68369,-0.000425
197.99,-304.56,70.483,0.3037,-0.75669,0.15975
126.39,-298.12,163.55,0.14961,-0.75061,0.34223
41.514,-259.41,239.7,-0.018675,-0.67964,0.47807
-42.586,-211.89,285.65,-0.19912,-0.59043,0.56525
-136.52,-149.78,294.52,-0.38565,-0.46675,0.57944
-226.36,-68.535,264.96,-0.5661,-0.30658,0.51253
-287.64,14.48,221.01,-0.68775,-0.13627,0.42333
-313.92,103.23,167.77,-0.73438,0.04215,0.31384
-294.84,197.61,92.564,-0.68978,0.23476,0.1638
-248.86,267.72,10.28,-0.59043,0.37466,0.0016
-196.89,301.88,-74.905,-0.48297,0.44968,-0.16263
-125.91,292.82,-170.3,-0.33294,0.43549,-0.34308
-43.529,253.66,-247.35,-0.15857,0.36656,-0.49108
41.845,205.63,-292.39,0.015794,0.27329,-0.57016
138.92,143.07,-297.91,0.21246,0.15164,-0.57421
229.79,64.326,-266.01,0.38886,-0.0085375,-0.5073
290.65,-17.934,-219.89,0.50848,-0.17276,-0.41404
314.1,-109.46,-164.01,0.54903,-0.35929,-0.30049
292.28,-204.96,-91.3,0.50239,-0.55394,-0.15654
244.27,-275.92,-11.777,0.40305,-0.69789,0.0016
190.04,-308.57,74.966,0.28748,-0.76479,0.17191
119.62,-295.52,172.23,0.13744,-0.74452,0.35439
40.099,-253.82,249.35,-0.026781,-0.66951,0.50037
-45.134,-204.09,293.25,-0.20723,-0.57826,0.57741
-143.55,-141.69,295.94,-0.40593,-0.45256,0.57539
-234.94,-65.327,262.18,-0.58029,-0.29644,0.50645
-295.38,16.98,214.6,-0.69992,-0.13221,0.41116
-316.09,110.26,157.67,-0.73438,0.058375,0.29356
-292.17,205.51,85.369,-0.68167,0.25301,0.15164
-243.84,275.11,6.2701,-0.58232,0.39291,-0.0024563
-189.6,306.39,-80.92,-0.46878,0.45779,-0.17682
-118.59,292.21,-178.16,-0.31672,0.43752,-0.36133
-37.608,250.24,-253.96,-0.14641,0.35642,-0.50325
48.332,201.22,-296.37,0.032012,0.26517,-0.57826
146.09,137.13,-298.64,0.22666,0.13947,-0.57421
235.05,57.296,-265.21,0.40102,-0.0207,-0.50325
293.44,-26.497,-218.33,0.51659,-0.19304,-0.40998
313.84,-118.81,-159.69,0.54903,-0.37957,-0.29239
290.2,-210.95,-82.053,0.49631,-0.5661,-0.13424
242.95,-276.77,-0.099336,0.39899,-0.69789,0.025931
188.65,-307.46,84.944,0.28342,-0.76682,0.19016
112.99,-293.68,178.13,0.12528,-0.74249,0.36452
28.516,-251.86,249.79,-0.06125,-0.66545,0.50037
-55.962,-203.66,290.18,-0.22548,-0.57421,0.57133
-151.41,-138.34,291.9,-0.41809,-0.44445,0.56931
-237.75,-56.292,259.04,-0.59043,-0.28022,0.50239
-294.08,27.384,214.53,-0.69789,-0.11194,0.41319
-312.72,119.98,156.12,-0.73033,0.07865,0.29356
-287.69,211.44,77.867,-0.67356,0.26315,0.13542
-241.43,275.65,-3.3784,-0.57624,0.39291,-0.018675
-187.36,304.26,-90.05,-0.46473,0.45779,-0.19101
-112.89,288.25,-185.07,-0.30253,0.42941,-0.37146
-30.649,246.33,-257.47,-0.13221,0.34831,-0.50933
55.928,197.05,-296.73,0.046206,0.25707,-0.57826
154.54,131.44,-294.82,0.2449,0.12731,-0.5661
241.4,52.555,-259.76,0.41521,-0.032869,-0.49514
297.12,-30.885,-213.05,0.52267,-0.20115,-0.39984
312.36,-126.26,-153.06,0.547,-0.39579,-0.28225
284.52,-218.97,-77.193,0.48617,-0.58232,-0.13019
236.09,-283.49,2.4485,0.38277,-0.71208,0.027962
179.78,-309.94,91.031,0.26517,-0.76885,0.20435
107,-290.55,187.02,0.10906,-0.73844,0.3848
27.69,-246.24,259.73,-0.055169,-0.65734,0.52064
-59.665,-195.22,297.45,-0.23359,-0.55799,0.58349
-159.9,-130.06,292.19,-0.43634,-0.4262,0.56931
-246.81,-53.555,255.31,-0.60665,-0.27617,0.49429
-301.89,29.908,207.73,-0.71411,-0.10586,0.39899
-314.61,126.72,147.2,-0.73236,0.092837,0.27531
-284.34,219.29,71.498,-0.66748,0.27937,0.12123
-235.27,282.37,-8.3796,-0.56407,0.40507,-0.034894
-179.06,307.12,-97.552,-0.44445,0.45779,-0.20723
-105.67,287.26,-192.81,-0.29036,0.42738,-0.38971
-24.822,243.07,-264.15,-0.12005,0.34223,-0.52149
63.194,192.26,-300.57,0.062425,0.24693,-0.58435
162.49,124.58,-294.82,0.26113,0.11311,-0.56812
246.75,45.855,-258.16,0.42333,-0.047056,-0.48906
299.81,-39.354,-211.28,0.52673,-0.21939,-0.39782
312.69,-134.49,-148.62,0.547,-0.41404,-0.27414
282.7,-223.9,-67.851,0.48009,-0.59449,-0.10991
234.3,-283.8,14.338,0.38074,-0.71614,0.054319
177.3,-308.03,101.48,0.25909,-0.76885,0.2226
98.91,-288.47,192.35,0.092837,-0.73236,0.39494
15.376,-245.13,259.35,-0.0795,-0.65328,0.51659
-70.729,-194.77,294.36,-0.25792,-0.55596,0.57944
-167.71,-125.11,288.06,-0.45053,-0.41606,0.55917
-249.29,-43.364,251.78,-0.60867,-0.25386,0.48617
-300.41,40.17,207.47,-0.71006,-0.087606,0.39494
-311.35,135.78,144.89,-0.72628,0.10906,0.26721
-280.19,224.32,63.831,-0.65531,0.28951,0.10703
-232.82,282.47,-18.004,-0.56002,0.41116,-0.053144
-175.73,304.03,-107.32,-0.43837,0.45171,-0.22548
-98.943,282.7,-199.56,-0.27617,0.41724,-0.40187
-17.273,239.41,-267.12,-0.10383,0.34019,-0.52555
71.568,187.87,-300.57,0.076619,0.24085,-0.58435
171.17,118.4,-290.85,0.27531,0.10095,-0.55799
253.36,39.769,-252.26,0.43752,-0.057194,-0.48094
303.37,-44.426,-205.15,0.53484,-0.22953,-0.38362
310.85,-142.33,-141.97,0.54294,-0.4262,-0.25589
277.04,-231.97,-64.006,0.46996,-0.60665,-0.10383
227.01,-290.19,17.287,0.36656,-0.72628,0.056344
167.37,-308.66,109.08,0.23679,-0.76682,0.23679
92.989,-283.89,201.6,0.07865,-0.72424,0.41116
14.079,-238.58,269.04,-0.083556,-0.64112,0.53484
-75.612,-185.9,300.8,-0.26806,-0.54177,0.58958
-176.82,-117.49,287.96,-0.47081,-0.4039,0.56119
-259.22,-40.675,247.34,-0.63301,-0.24778,0.47401
-307.72,44.322,199.15,-0.72222,-0.077469,0.37872
-312.63,143.05,135.97,-0.7283,0.12528,0.25099
-277.24,232.01,59.349,-0.65328,0.3037,0.098925
-226.45,288.93,-23.053,-0.54583,0.42129,-0.06125
-166.11,305.4,-115.83,-0.41606,0.45779,-0.2417
-91.064,280.08,-207.53,-0.25589,0.41319,-0.41606
-10.526,235.29,-273.14,-0.087606,0.33006,-0.53569
79.566,182.7,-303.73,0.092837,0.22868,-0.59043
179.28,111.44,-290.73,0.29356,0.086756,-0.56204
258.76,31.111,-250.37,0.44766,-0.075444,-0.47689
305.56,-54.192,-202.18,0.53889,-0.24981,-0.37551
310.54,-150.56,-136.33,0.54294,-0.44243,-0.24576
275.91,-235.84,-54.64,0.46793,-0.61679,-0.083556
225.76,-290.38,28.28,0.3625,-0.7283,0.076619
163.57,-306.63,118.89,0.22868,-0.76277,0.25707
83.387,-281.16,206.46,0.058375,-0.72019,0.41521
0.56125,-237.14,267.86,-0.10991,-0.63909,0.53078
-87.219,-185.03,297.16,-0.29036,-0.53569,0.58553
-184.06,-111.35,284.28,-0.485,-0.39174,0.55308
-261.13,-29.446,244.63,-0.63504,-0.22548,0.46996
-306.04,55.409,198.18,-0.72019,-0.057194,0.37669
-308.73,152.13,132.13,-0.71816,0.1415,0.2449
-273.4,236.21,51.045,-0.64518,0.31181,0.084731
-224.49,288.81,-32.159,-0.54177,0.42129,-0.081525
-162.19,302.24,-124.96,-0.40796,0.45171,-0.25994
-83.869,275.2,-213.85,-0.2417,0.40305,-0.42823
-1.8214,231.02,-275.57,-0.073419,0.32195,-0.54177
89.143,177.32,-302.41,0.11514,0.21854,-0.5884
187.87,105.04,-286.39,0.31181,0.074594,-0.54785
265.29,26.11,-244.97,0.45982,-0.085581,-0.46473
308.84,-60.491,-195.24,0.54294,-0.26198,-0.36538
307.66,-159.43,-129.28,0.53484,-0.46067,-0.22953
270.06,-244.33,-51.621,0.45374,-0.63301,-0.077469
218.58,-296.66,31.606,0.34628,-0.74249,0.084731
154.25,-306.54,126.79,0.21044,-0.76479,0.26721
78.433,-276.25,215.78,0.050263,-0.71006,0.43752
-2.246,-229.35,277.14,-0.11802,-0.62287,0.54903
-94.367,-174.39,301.48,-0.30658,-0.51541,0.59161
-193.87,-104.35,282.73,-0.50528,-0.37754,0.55106
-271.41,-27.063,239.98,-0.65531,-0.22143,0.46184
-312.98,60.953,189,-0.73033,-0.040975,0.36047
-308.45,160.88,122.92,-0.72019,0.1638,0.22666
-269.88,244.56,46.209,-0.63706,0.33006,0.070537
-218.1,295.35,-37.419,-0.52758,0.43549,-0.089638
-153.34,303.67,-133.2,-0.38971,0.45576,-0.27211
-76.297,272.72,-221.38,-0.22751,0.39899,-0.44039
6.4588,225.78,-281.04,-0.053144,0.31384,-0.55191
99.004,170.25,-303.97,0.13542,0.20435,-0.58637
196.34,97.188,-285.1,0.32803,0.058375,-0.54583
270.72,16.744,-242.99,0.47401,-0.10383,-0.46067
310.85,-71.248,-191.8,0.54497,-0.28428,-0.35727
306.36,-168.42,-121.9,0.53078,-0.47892,-0.21534
268.24,-248.15,-40.84,0.45374,-0.64112,-0.057194
217.17,-296.84,42.694,0.34425,-0.74249,0.10906
150.24,-305.17,135.29,0.2003,-0.76277,0.28342
68.053,-273.96,219.5,0.029988,-0.706,0.4436
-16.471,-227.51,275.55,-0.14641,-0.62084,0.54903
-106.92,-171.63,297.05,-0.33091,-0.51339,0.57741
-200.78,-95.995,278.48,-0.51744,-0.35727,0.54092
-272.81,-14.749,237.81,-0.65734,-0.19507,0.45779
-311.19,72.772,187.82,-0.73236,-0.022731,0.35642
-303.95,170.27,117.26,-0.71006,0.17799,0.21246
-265.21,248.61,36.843,-0.62692,0.33817,0.054319
-215.6,294.95,-47.186,-0.52149,0.43549,-0.10991
-148.91,300.32,-142.07,-0.37957,0.44968,-0.29239
-68.984,268.24,-227.16,-0.21331,0.39088,-0.45256
15.753,221.13,-283.09,-0.03895,0.3037,-0.55191
109.95,163.45,-301.19,0.15772,0.19219,-0.58232
205.14,89.733,-279.48,0.34425,0.044181,-0.53771
276.95,10.941,-237,0.48212,-0.11397,-0.45053
313.37,-78.679,-184.25,0.55106,-0.30049,-0.34105
302.5,-178.09,-114.91,0.52673,-0.50122,-0.20521
260.93,-257.5,-37.325,0.43346,-0.66139,-0.047056
208.61,-302.48,47.601,0.326,-0.75061,0.1192
141.4,-303.92,144.04,0.18407,-0.76277,0.3037
64.491,-269.27,229.03,0.021875,-0.69992,0.46184
-19.585,-219.51,284.66,-0.14843,-0.60665,0.56119
-115.72,-160.33,299.62,-0.34916,-0.48702,0.58755
-211.33,-88.658,274.82,-0.53771,-0.3451,0.53484
-282.71,-11.069,230.95,-0.67761,-0.18898,0.44562
-316.94,79.566,177.65,-0.74249,-0.0044813,0.33614
-303.21,179.4,108.53,-0.70803,0.2003,0.19827
-259.88,257.91,31.559,-0.61476,0.35642,0.046206
-207.44,300.8,-54.263,-0.5073,0.44562,-0.12411
-140.46,300.87,-150.58,-0.36335,0.44968,-0.30861
-62.213,265.86,-234.4,-0.19912,0.38683,-0.46675
23.468,216.37,-288.38,-0.0207,0.29154,-0.56407
119.74,155.88,-302.29,0.17799,0.17799,-0.58435
213.3,80.651,-277.03,0.36047,0.025931,-0.52961
281.5,-0.14653,-233.57,0.49226,-0.13829,-0.44243
314.6,-89.908,-179.81,0.55511,-0.32078,-0.33091
301.41,-186.3,-106.89,0.52267,-0.51339,-0.18696
258.33,-261.1,-25.223,0.42941,-0.66951,-0.022731
205.85,-302.2,59.655,0.31789,-0.75263,0.1415
136.23,-301.92,152.32,0.17597,-0.75669,0.31586
53.357,-266.91,231.72,-0.000425,-0.69383,0.4659
-32.607,-218.43,282.61,-0.17682,-0.60057,0.56119
-126.71,-157.14,295.8,-0.36943,-0.485,0.57944
-217.51,-78.868,270.53,-0.55191,-0.3228,0.5247
-283.11,2.7315,228.3,-0.67559,-0.16263,0.43752
-314.25,91.833,175.7,-0.73033,0.021875,0.33209
-299.11,187.73,102.42,-0.69992,0.21449,0.18611
-255.68,261.16,21.226,-0.60665,0.3625,0.025931
-203.8,299.83,-64.95,-0.49919,0.44562,-0.14438
-135.11,296.67,-159.69,-0.38971,0.4436,-0.32482
-54.57,260.93,-239.9,-0.17884,0.37872,-0.47689
32.479,211.81,-289.86,-0.0024563,0.28545,-0.5661
129.81,149.61,-299.42,0.19421,0.1638,-0.57826
221.7,73.55,-271.2,0.37466,0.015794,-0.51947
286.9,-7.4123,-226.43,0.50239,-0.15452,-0.4262
315.16,-98.731,-171.25,0.55106,-0.33902,-0.31266
297.14,-195.64,-100.62,0.51051,-0.52961,-0.17479
251,-270.23,-21.968,0.41724,-0.68572,-0.018675
196.13,-307.06,65.86,0.29964,-0.76277,0.15164
127.93,-299.37,162.25,0.15366,-0.75466,0.33614
50.172,-260.92,242.46,-0.0065062,-0.68167,0.48821
-36.57,-209.91,291.1,-0.18898,-0.58637,0.57539
-135.11,-147.4,297.78,-0.38362,-0.4627,0.58147
-227.58,-73.395,267.04,-0.56812,-0.31469,0.51659
-291.98,7.9922,220.07,-0.69383,-0.14843,0.42333
-317.42,100.54,163.93,-0.73844,0.0381,0.30776
-297.25,196.83,94.38,-0.70397,0.23476,0.16989
-250.18,270.29,15.871,-0.59651,0.38277,0.013769
-194.91,305.18,-72.734,-0.47892,0.45576,-0.15857
-126.38,295.77,-169.22,-0.33496,0.43954,-0.34308
-47.068,256.82,-247.85,-0.16871,0.37061,-0.48906
40.618,206.48,-294.65,0.013769,0.27937,-0.57624
138.47,142.81,-300.41,0.21246,0.14758,-0.57826
228.56,65.175,-269.74,0.38886,-0.0065062,-0.51136
290.39,-18.948,-222.89,0.50848,-0.17682,-0.42215
314.76,-110.67,-165.19,0.55106,-0.36335,-0.30253
295.11,-203.36,-90.946,0.50848,-0.55191,-0.15249
248.71,-272.78,-8.8514,0.40913,-0.69181,0.0076813
193.34,-306.49,77.726,0.29559,-0.76479,0.17394
120.87,-296.8,170.29,0.1415,-0.75061,0.35236
37.244,-257.42,244.65,-0.034894,-0.67761,0.49023
-49.285,-208.31,288.51,-0.21129,-0.58435,0.56931
-144.54,-143.81,293.86,-0.4039,-0.45864,0.57133
-232.16,-63.558,263.41,-0.57624,-0.29441,0.51051
-291.49,21.109,218.09,-0.69383,-0.12411,0.41724
-313.52,112.85,160.79,-0.73033,0.062425,0.30167
-292.24,204.5,86.124,-0.68369,0.24896,0.15164
-246.41,272.21,4.5244,-0.58637,0.38683,-0.0085375
-191.65,303.7,-83.303,-0.47081,0.45374,-0.18088
-120.08,291.36,-177.85,-0.32078,0.43549,-0.36133
-38.387,251.16,-252.97,-0.14641,0.36047,-0.50122
49.865,201.01,-295.43,0.032012,0.26517,-0.57826
147.95,136.54,-296.75,0.23071,0.13744,-0.57218
236.21,59.066,-263.91,0.40507,-0.018675,-0.50122
294.8,-25.53,-216.14,0.51659,-0.19101,-0.40593
313.13,-120.06,-156.69,0.547,-0.3816,-0.28428
289.14,-212.6,-84.388,0.49429,-0.56812,-0.14235
240.69,-280.59,-4.6051,0.39291,-0.70803,0.011738
183.69,-309.82,84.567,0.27126,-0.76885,0.19016
113.75,-293.64,180.2,0.12731,-0.74452,0.37466
34.39,-250.63,255.67,-0.040975,-0.66342,0.51253
-54.334,-198.57,296.27,-0.22345,-0.56407,0.58755
-153.63,-134.73,294.17,-0.42417,-0.43634,0.57336
-241.95,-59.524,259.47,-0.59651,-0.28631,0.50037
-299.75,25.284,210.28,-0.70803,-0.11397,0.40102
-315.1,121.16,150.36,-0.73033,0.07865,0.27937
-288.28,213.58,77.985,-0.67356,0.26721,0.13542
-239.28,279.9,-2.1045,-0.57421,0.40102,-0.018675
-182.67,307.24,-91.418,-0.45459,0.45982,-0.19507
-112.22,290.37,-186.65,-0.30455,0.43143,-0.37349
-30.838,246.77,-260.59,-0.13221,0.35033,-0.51339
58.547,194.95,-299.34,0.050263,0.25301,-0.58435
156.56,129.39,-296.58,0.25099,0.12123,-0.57016
242.27,50.597,-261.88,0.41724,-0.034894,-0.49919
297.82,-35.461,-213.4,0.52673,-0.20723,-0.39984
312.99,-129.52,-151.83,0.547,-0.39984,-0.27819
286.17,-219,-74.032,0.48821,-0.58232,-0.12208
237.62,-281.68,9.1245,0.38683,-0.71006,0.04215
180.89,-308.07,95.89,0.26721,-0.76479,0.21246
105.7,-291.51,186.69,0.10501,-0.74047,0.38277
20.707,-248.2,256.38,-0.067331,-0.66139,0.51253
-66.719,-197.06,293.15,-0.24778,-0.56204,0.57741
-162.31,-129.89,289.76,-0.44243,-0.42823,0.56322
-245.39,-48.814,255.24,-0.60463,-0.264,0.49226
-298.61,36.725,209.17,-0.70803,-0.093694,0.39899
-311.64,130.95,148.03,-0.72424,0.098925,0.27531
-283.28,219.67,69.563,-0.66545,0.27937,0.12123
-235.53,280.39,-13.428,-0.56407,0.40102,-0.043006
-179.22,304.36,-101.77,-0.44648,0.45374,-0.21534
-105.36,285.72,-194.15,-0.28833,0.42535,-0.39174
-22.038,242.08,-264.41,-0.11397,0.34425,-0.52149
67.676,189.76,-299.46,0.070537,0.24287,-0.58435
165.91,122.74,-292.34,0.26517,0.11109,-0.56407
249.58,44.652,-255.3,0.43346,-0.047056,-0.485
301.58,-41.194,-206.7,0.52876,-0.22143,-0.38768
311.18,-137.51,-145.09,0.54294,-0.41606,-0.26806
279.92,-227.54,-69.267,0.47604,-0.59854,-0.11397
229.18,-288.19,13.347,0.36858,-0.72019,0.050263
171.03,-309.06,103.63,0.24693,-0.76885,0.22462
99.146,-287.05,196.41,0.092837,-0.7283,0.40102
18.419,-241.01,266.66,-0.075444,-0.6472,0.52876
-71.956,-187.55,299.81,-0.25792,-0.5438,0.58755
-171.63,-121.57,289.5,-0.45864,-0.41201,0.56525
-255.54,-45.039,249.98,-0.62287,-0.25589,0.48009
-305.97,41.019,200.58,-0.72019,-0.083556,0.38074
-313.15,138,139.32,-0.7283,0.11311,0.26315
-279.84,227.83,63.689,-0.65937,0.29356,0.10906
-228.03,286.9,-19.585,-0.54988,0.41724,-0.055169
-169.79,305.8,-110.38,-0.42417,0.45779,-0.23359
-97.198,283.15,-202.53,-0.26806,0.41927,-0.40796
-14.631,237.43,-270.82,-0.099775,0.33209,-0.53163
75.815,184.31,-302.62,0.088788,0.23071,-0.5884
174.07,115.66,-292.1,0.2814,0.092837,-0.56204
255.24,35.263,-252.49,0.44157,-0.067331,-0.48094
303.7,-50.913,-203.52,0.53484,-0.2417,-0.3816
311.18,-145.42,-140.13,0.54294,-0.43634,-0.25386
278.32,-231.9,-59.5,0.47604,-0.60665,-0.095719
226.98,-288.26,25.19,0.36656,-0.72628,0.070537
167.61,-306.71,113.58,0.23679,-0.76479,0.2449
89.544,-283.94,201.72,0.074594,-0.72628,0.41319
4.5244,-239.09,265.55,-0.1018,-0.64112,0.53078
-83.185,-186.77,296.2,-0.28631,-0.53974,0.57944
-178.84,-115.9,285.63,-0.46878,-0.39984,0.55511
-257.59,-33.385,246.11,-0.62895,-0.23359,0.47604
-303.92,51.918,199.43,-0.71614,-0.06125,0.38277
-309.42,146.59,136.35,-0.72424,0.12934,0.25301
-275.61,232.1,55.527,-0.65126,0.30573,0.092837
-225.6,286.57,-28.856,-0.54583,0.41521,-0.071387
-166.34,302.47,-119.23,-0.41606,0.45171,-0.24576
-89.837,277.91,-208.97,-0.25589,0.40711,-0.41809
-5.9262,232.88,-273.07,-0.081525,0.32398,-0.53771
84.331,179.57,-301.61,0.10298,0.22666,-0.5884
182.16,109.74,-287.95,0.29762,0.084731,-0.55191
261.61,29.861,-246.38,0.45374,-0.075444,-0.46878
306.53,-56.622,-196.51,0.53889,-0.25386,-0.36335
308.56,-153.15,-133.76,0.53686,-0.45053,-0.2417
272.16,-239.8,-56.127,0.45982,-0.62287,-0.087606
219.72,-293.99,27.95,0.34831,-0.73438,0.07865
158.74,-306.78,120.4,0.2226,-0.76682,0.25707
84.142,-278.87,210.63,0.0604,-0.71816,0.42738
2.2597,-231.4,274.38,-0.11194,-0.62895,0.54497
-88.422,-177.48,300.96,-0.29441,-0.52149,0.58755
-187.55,-109.42,284.61,-0.48906,-0.38768,0.55308
-267.19,-30.908,241.35,-0.6472,-0.22953,0.4659
-310.41,56.329,190.61,-0.7283,-0.051112,0.36047
-309.72,153.78,128.02,-0.72222,0.14961,0.23476
-272.15,239.58,50.974,-0.64314,0.31992,0.0827
-219.54,292.49,-33.126,-0.53163,0.42738,-0.081525
-158.23,303.86,-126.14,-0.39984,0.45576,-0.25994
-82.265,275.15,-215.98,-0.23967,0.40507,-0.43026
1.4105,227.88,-278,-0.065306,0.31586,-0.5438
91.927,174.21,-303.52,0.1192,0.21044,-0.58637
189.36,103.18,-287.24,0.31586,0.068513,-0.55191
266.12,21.156,-244.5,0.46184,-0.091663,-0.46473
307.99,-65.563,-194.04,0.54092,-0.27008,-0.36335
307.69,-160.59,-128.05,0.53484,-0.4627,-0.22953
270.67,-242.77,-46.219,0.45576,-0.63098,-0.067331
219.13,-293.59,37.575,0.34831,-0.73438,0.094869
156.19,-305.38,127.78,0.21246,-0.76277,0.26923
74.423,-276.34,213.94,0.044181,-0.71208,0.43143
-11.022,-229.82,272.13,-0.13627,-0.6249,0.53889
-98.825,-176.63,296.74,-0.31469,-0.52149,0.58349
-193.26,-103.02,280.91,-0.50122,-0.37146,0.54497
-267.73,-19.703,239.2,-0.6472,-0.20521,0.45982
-308.05,66.001,190.72,-0.72424,-0.032869,0.36047
-305.6,161.5,124.2,-0.71208,0.16178,0.22666
-267.99,242.69,42.812,-0.63504,0.326,0.064456
-218.29,291.57,-40.934,-0.52758,0.42738,-0.097744
-155.63,300.87,-133.36,-0.39376,0.44968,-0.27414
-75.612,270.6,-220.98,-0.22751,0.39291,-0.44243
9.4548,223.73,-279.29,-0.051112,0.30776,-0.54785
100.3,169.28,-301.3,0.13542,0.20232,-0.58637
196.62,97.329,-282.57,0.326,0.054319,-0.53974
271.33,16.768,-239.19,0.46996,-0.10383,-0.45459
310.3,-70.422,-188.19,0.547,-0.28225,-0.35321
304.43,-168.28,-122.3,0.53078,-0.48094,-0.21534
264.28,-250.61,-43.718,0.4436,-0.6472,-0.06125
212.47,-298.83,39.792,0.33411,-0.74655,0.10095
148.76,-305.03,134.25,0.19827,-0.76277,0.2814
71.049,-271.89,222.22,0.0381,-0.706,0.44766
-12.744,-222.42,280.32,-0.14033,-0.61071,0.55511
-104.79,-167,299.85,-0.32482,-0.49919,0.58553
-201.89,-96.938,278.55,-0.51744,-0.35929,0.53889
-276.7,-18.193,234.04,-0.66748,-0.20318,0.44968
-314.07,69.776,182.75,-0.73438,-0.022731,0.34628
-305.36,168.69,116.89,-0.71006,0.17597,0.21449
-263.77,250.34,38.542,-0.62287,0.34223,0.056344
-212.46,297,-44.945,-0.51541,0.44157,-0.10586
-148.55,302.26,-139.66,-0.37957,0.45576,-0.28631
-69.432,268.67,-226.97,-0.21129,0.39291,-0.45256
15.777,219.46,-283.66,-0.032869,0.30167,-0.55596
107.99,163.5,-302.39,0.15366,0.19219,-0.58637
203.23,89.969,-280.99,0.34019,0.04215,-0.53771
275.11,8.3225,-237.23,0.47807,-0.12005,-0.44851
311.65,-78.703,-186.23,0.54903,-0.29644,-0.34713
303.63,-174.93,-116.16,0.52673,-0.49311,-0.20318
262.42,-252.97,-33.338,0.43752,-0.65328,-0.040975
212.05,-298.07,49.11,0.33614,-0.74655,0.1192
145.85,-303.8,140.59,0.19219,-0.76277,0.29559
61.542,-270.23,224.03,0.015794,-0.69992,0.45171
-24.28,-222.04,277.7,-0.16263,-0.61273,0.54903
-114.23,-165.73,295.8,-0.3451,-0.49919,0.57944
-206.85,-89.271,274.59,-0.52758,-0.3451,0.53078
-276.16,-6.9877,232.46,-0.66342,-0.17884,0.44766
-311.54,78.999,183.2,-0.73033,-0.0044813,0.34831
-301.52,175.6,112.45,-0.70397,0.19421,0.20435
-259.97,252.53,30.191,-0.61679,0.34628,0.04215
-211.14,295.75,-52.682,-0.51136,0.43549,-0.12005
-145.37,298.79,-146.6,-0.37146,0.44766,-0.30253
-63.322,264.73,-231.05,-0.20115,0.3848,-0.46067
22.43,216.39,-284.53,-0.026781,0.29559,-0.56002
116.01,158.74,-299.79,0.16786,0.18002,-0.57826
210.16,83.859,-275.66,0.35439,0.029988,-0.52555
279.57,3.8403,-231.71,0.48821,-0.13221,-0.43837
313.23,-83.846,-180.26,0.55106,-0.31063,-0.33496
300.23,-182.34,-111.12,0.51862,-0.5073,-0.19507
256.05,-260.63,-31.828,0.42738,-0.66951,-0.03895
204.88,-302.84,52.012,0.31789,-0.75466,0.12325
138.9,-302.51,147.74,0.17799,-0.75871,0.30978
59.585,-265.87,232.34,0.011738,-0.69383,0.4659
-25.058,-215.5,285.56,-0.16263,-0.60057,0.56322
-120.2,-156.91,298.41,-0.35727,-0.48297,0.58349
-215.32,-83.68,271.45,-0.5438,-0.33496,0.5247
-284.34,-4.9826,226.2,-0.67761,-0.17682,0.43346
-316.35,83.505,174.54,-0.73641,0.0076813,0.33006
-301.11,182.63,105.87,-0.70194,0.20232,0.19016
-255.82,260.06,27.1,-0.60867,0.35844,0.036069
-204.58,300.8,-57.353,-0.50122,0.44562,-0.12613
-138.46,299.33,-153.32,-0.35727,0.44766,-0.31469
-57.99,262.77,-236.78,-0.18696,0.38277,-0.47081
27.619,213.16,-288.8,-0.014619,0.28545,-0.56407
122.64,153.4,-301.3,0.18205,0.17191,-0.58232
215.97,76.428,-274.08,0.36452,0.017825,-0.52353
282.37,-4.7467,-229.63,0.49631,-0.14641,-0.43431
313.82,-92.267,-177.5,0.55106,-0.32686,-0.32686
299.45,-188.33,-104.37,0.51862,-0.52149,-0.18088
255.05,-262.17,-21.92,0.41927,-0.66748,-0.0207
204.1,-301.85,61.259,0.31384,-0.75061,0.14352
134.74,-300.69,153.92,0.16786,-0.75669,0.32398
49.818,-264.22,233.23,-0.0065062,-0.68978,0.46996
-35.108,-216.07,282.61,-0.1829,-0.59854,0.56119
-128.15,-155.68,294.92,-0.37146,-0.48094,0.57944
-219.07,-75.754,268.05,-0.55394,-0.32078,0.51862
-283.11,5.8219,225.35,-0.67559,-0.15249,0.43346
-313.31,92.847,174.38,-0.73033,0.021875,0.32803
-297.48,188.62,100.66,-0.69586,0.21652,0.18002
-253.23,261.33,19.103,-0.60463,0.3625,0.01985
-203.19,299.31,-65.115,-0.49514,0.4436,-0.14235
-134.4,295.58,-160.3,-0.34916,0.43954,-0.3228
-51.975,258.62,-240.49,-0.17682,0.37264,-0.47689
33.682,210.33,-289.3,-0.000425,0.28342,-0.5661
129.95,148.99,-298.66,0.19421,0.15975,-0.57624
222.19,71.38,-269.15,0.37466,0.013769,-0.51339
286.15,-8.9222,-224.4,0.50037,-0.15857,-0.42417
314.1,-98.212,-171.01,0.55106,-0.33902,-0.31469
295.68,-195.4,-99.627,0.50848,-0.53366,-0.17276
249.46,-269.43,-21.189,0.41116,-0.68369,-0.016644
196.64,-306.23,64.633,0.30167,-0.76277,0.14961
128,-298.61,161.87,0.15366,-0.75263,0.33817
48.615,-259.24,242.1,-0.010563,-0.67964,0.48617
-36.334,-209.32,290.09,-0.18898,-0.58637,0.57133
-134.02,-147.68,297.09,-0.38362,-0.46473,0.57944
-226.99,-72.192,265.48,-0.56812,-0.31063,0.51456
-290.64,7.9215,219.08,-0.69181,-0.14843,0.42129
-316.52,98.509,164.73,-0.73641,0.034044,0.30978
-296.14,195.61,94.31,-0.68978,0.22868,0.16989
-249.5,268.71,16.461,-0.59449,0.37872,0.013769
-196.44,304.17,-70.092,-0.48094,0.45171,-0.15249
-127.23,295.21,-167.5,-0.33091,0.44157,-0.33902
-46.573,255.9,-245.87,-0.16466,0.36656,-0.48906
39.014,206.86,-293.26,0.011738,0.27734,-0.57016
136.25,143.85,-299.96,0.20638,0.15366,-0.58029
227.19,64.798,-268.58,0.3848,-0.0065062,-0.51541
288.53,-17.32,-222.84,0.50645,-0.17479,-0.42215
313.98,-107.13,-167.24,0.547,-0.35727,-0.30455
294.47,-200.97,-91.984,0.50645,-0.54583,-0.15857
248.9,-270.4,-10.904,0.41319,-0.68572,0.0016
195.87,-305.29,73.857,0.29762,-0.76277,0.16583
122.52,-296.66,167.7,0.14352,-0.74655,0.34628
38.094,-257.31,242.53,-0.034894,-0.67761,0.48617
-46.313,-209.61,286.9,-0.20723,-0.58637,0.56525
-141.29,-145.68,293.51,-0.39984,-0.46067,0.57336
-229.78,-64.147,262.67,-0.57421,-0.29847,0.50848
-289.11,18.183,218.89,-0.68775,-0.13019,0.41927
-313.15,108.04,163.81,-0.73033,0.054319,0.30776
-292.36,201.15,88.271,-0.68369,0.24287,0.15569
-247.54,269.35,7.945,-0.59043,0.38277,-0.000425
-194.96,302.47,-78.16,-0.47892,0.44766,-0.16871
-122.49,291.48,-174.13,-0.3228,0.43346,-0.35321
-40.486,251.82,-249.9,-0.15452,0.36047,-0.49311
45.643,203.3,-293.59,0.015794,0.26721,-0.57218
143.71,138.99,-296.7,0.2226,0.1415,-0.57218
232.97,60.387,-263.72,0.39697,-0.014619,-0.50325
292,-21.307,-217.84,0.51051,-0.18088,-0.40998
312.99,-114.04,-160.37,0.54903,-0.36943,-0.29239
289.85,-208.12,-87.502,0.50037,-0.56002,-0.14641
243,-277.29,-9.6299,0.39899,-0.69789,0.0097125
188.01,-308.9,78.174,0.28342,-0.76885,0.17799
116.63,-294.2,175.67,0.13136,-0.74655,0.36047
37.48,-252.07,251.75,-0.034894,-0.66748,0.50443
-48.79,-201.7,294.24,-0.21331,-0.57016,0.58147
-148.15,-137.8,294.57,-0.41201,-0.44445,0.57539
-237.73,-61.836,260.1,-0.5884,-0.29036,0.50443
-296.63,20,212.76,-0.70194,-0.12613,0.40913
-314.99,114.41,154.32,-0.73236,0.068513,0.28748
-289.84,208.28,82.019,-0.67559,0.25504,0.14758
-242.7,276.22,4.3357,-0.57826,0.39494,-0.0085375
-187.71,306.53,-84.034,-0.4627,0.45982,-0.18088
-115.86,291.2,-181.18,-0.31063,0.43346,-0.36538
-35.155,248.85,-256.13,-0.14235,0.35439,-0.5073
51.847,198.89,-297.27,0.036069,0.25909,-0.58029
150.27,133.38,-297.29,0.23274,0.12934,-0.57421
237.41,54.253,-263.37,0.40507,-0.026781,-0.50122
294.38,-29.092,-216.61,0.51659,-0.19507,-0.40796
312.76,-122.32,-156.53,0.547,-0.38565,-0.28631
288.27,-213.07,-79.245,0.49631,-0.56812,-0.13221
241.99,-277.71,1.5049,0.39494,-0.70194,0.025931
186.69,-307.6,87.752,0.27937,-0.76682,0.19624
110.42,-292.81,180.79,0.11514,-0.74249,0.37061
26.298,-250.72,251.68,-0.057194,-0.66342,0.50239
-59.217,-201.54,290.94,-0.23562,-0.57016,0.57133
-155.14,-134.8,290.58,-0.4262,-0.43837,0.56727
-239.73,-53.555,257.48,-0.59246,-0.27211,0.49834
-294.96,29.695,213.02,-0.69789,-0.10586,0.40711
-311.68,123.23,153.07,-0.72628,0.0827,0.28748
-285.99,213.32,75.65,-0.67153,0.26721,0.13542
-240.68,276.38,-4.6995,-0.57218,0.39494,-0.016644
-185.59,304.22,-92.716,-0.45864,0.45374,-0.19709
-110.64,287.47,-187.48,-0.29847,0.42535,-0.37957
-28.715,245.45,-259.17,-0.12816,0.35033,-0.50933
59.136,194.92,-297.41,0.050263,0.25301,-0.57826
158.07,128.09,-293.57,0.25301,0.1192,-0.56407
243.14,50.337,-258.37,0.41521,-0.036919,-0.49108
297.82,-33.079,-211.4,0.5247,-0.20521,-0.39579
311.34,-129.23,-150.28,0.54497,-0.39782,-0.27617
283.15,-220.39,-75.612,0.48415,-0.58637,-0.12613
235.31,-284.18,3.7223,0.38074,-0.71411,0.032012
177.91,-309.7,93.72,0.25909,-0.77291,0.20841
105.04,-289.67,189.1,0.10703,-0.73844,0.38683
26.039,-245.3,261.16,-0.057194,-0.65531,0.52267
-62.779,-193.12,297.94,-0.2417,-0.55394,0.58553
-163.18,-127.02,290.94,-0.44243,-0.42215,0.56727
-248.41,-51.715,254.09,-0.61071,-0.27211,0.49023
-302.48,31.984,206.15,-0.71411,-0.1018,0.39291
-313.57,129.37,144.65,-0.73033,0.096894,0.27126
-283.37,220.38,70.53,-0.66342,0.27937,0.12325
-234.59,282.89,-9.5119,-0.56002,0.40913,-0.034894
-177.19,306.77,-100.12,-0.44039,0.45779,-0.21534
-103.94,286.45,-194.7,-0.28631,0.41927,-0.39376
-23.289,242.36,-265.47,-0.11397,0.34425,-0.52149
66.213,190.16,-301,0.064456,0.2449,-0.58637
165.36,121.7,-293.66,0.26721,0.10703,-0.56407
248.02,43.307,-257.07,0.42535,-0.051112,-0.48702
300.16,-41.335,-209.72,0.52876,-0.22143,-0.39376
311.62,-136.71,-146.31,0.547,-0.41404,-0.264
282.14,-224.61,-67.238,0.48009,-0.59449,-0.10991
233.75,-284.34,15.282,0.37872,-0.71411,0.050263
175.41,-307.72,103.82,0.25099,-0.76682,0.22462
97.447,-287.86,193.93,0.088788,-0.73236,0.39494
13.89,-244.47,260.46,-0.083556,-0.65328,0.52064
-73.654,-192.81,294.64,-0.26198,-0.55191,0.58147
-170.28,-122.39,287.07,-0.45864,-0.41404,0.55714
-250.42,-41.996,250.95,-0.61476,-0.25184,0.48415
-300.81,42.057,205.85,-0.71006,-0.081525,0.39291
-310.43,137.67,142.74,-0.72424,0.11311,0.26721
-279.79,224.74,63.689,-0.65937,0.28951,0.10906
-232.32,282.87,-18.783,-0.55799,0.40711,-0.051112
-174.1,303.67,-109.42,-0.43431,0.45374,-0.23156
-97.905,282.25,-200.97,-0.27414,0.41521,-0.4039
-15.811,238.78,-268.21,-0.1018,0.33817,-0.52758
74.47,185.77,-300.67,0.0827,0.23882,-0.58637
173.48,115.92,-289.81,0.2814,0.092837,-0.55596
254.32,38.683,-251.46,0.43954,-0.06125,-0.47892
303.56,-46.431,-203.43,0.53281,-0.23359,-0.3816
309.9,-143.95,-140.09,0.53889,-0.42823,-0.25386
276.99,-232.32,-64.265,0.46996,-0.60867,-0.1018
226.58,-290.55,18.113,0.36656,-0.7283,0.056344
165.91,-308.26,110.87,0.23071,-0.76885,0.23882
92.257,-283.54,202.73,0.07865,-0.72424,0.41319
12.64,-237.82,269.99,-0.087606,-0.64112,0.53889
-78.443,-183.7,300.75,-0.27211,-0.53771,0.59161
-178.94,-115.36,287.09,-0.47486,-0.39984,0.55714
-260.09,-39.708,246.63,-0.63504,-0.24778,0.47604
-307.81,46.209,197.38,-0.72222,-0.071387,0.37872
-311.75,144.32,134.55,-0.72628,0.12934,0.24896
-277.41,232.24,59.325,-0.65126,0.30776,0.098925
-226.07,289.28,-23.737,-0.54583,0.42129,-0.063281
-164.86,305.18,-117.34,-0.41404,0.45576,-0.24373
-90.498,279.85,-208.47,-0.25589,0.41116,-0.41606
-9.0637,234.53,-274.01,-0.085581,0.33006,-0.53771
82.231,180.53,-303.54,0.098925,0.22462,-0.5884
180.89,109.67,-289.86,0.29559,0.084731,-0.56002
259.49,30.262,-249.71,0.45171,-0.075444,-0.47486
305.47,-56.032,-200.43,0.53686,-0.25184,-0.37551
309.86,-151.46,-135.25,0.54092,-0.44445,-0.24373
276.24,-235.91,-55.183,0.4659,-0.61679,-0.087606
225.38,-290.85,28.964,0.3625,-0.73033,0.07865
162.53,-306.45,120.09,0.22868,-0.76479,0.25707
82.963,-280.99,207.26,0.0604,-0.71816,0.42333
-1.0665,-236.36,268.57,-0.10991,-0.63909,0.53484
-89.696,-182.9,296.93,-0.29441,-0.53366,0.58349
-185.31,-109.89,283.76,-0.48906,-0.38971,0.55106
-261.72,-28.549,243.99,-0.63504,-0.22345,0.46996
-305.9,57.131,196.46,-0.72019,-0.051112,0.37264
-308.1,152.81,131.39,-0.71816,0.14556,0.24085
-273.7,236.18,51.658,-0.64518,0.30978,0.084731
-224.07,289.07,-32.89,-0.53974,0.42129,-0.0795
-161.32,302.12,-126.05,-0.40593,0.45374,-0.26198
-83.562,275.18,-214.61,-0.2417,0.40507,-0.42823
-0.21729,230.12,-276.2,-0.067331,0.31992,-0.53974
91.455,175.27,-302.06,0.11717,0.21246,-0.58637
188.79,104.01,-285.87,0.31384,0.068513,-0.54785
265.81,25.284,-244.28,0.45982,-0.087606,-0.46878
308.58,-62.237,-193.42,0.54294,-0.26603,-0.36133
307.21,-159.74,-128.97,0.53484,-0.46067,-0.23156
270.32,-244.31,-52.234,0.45374,-0.63301,-0.0795
217.97,-296.8,32.338,0.34628,-0.74047,0.086756
153.66,-306.42,127.5,0.20841,-0.76682,0.26923
78.268,-276.27,216.32,0.050263,-0.71208,0.43752
-3.8974,-228.38,277.73,-0.12208,-0.62287,0.55308
-96.49,-172.5,301.08,-0.31266,-0.51339,0.58958
-194.53,-103.64,282.33,-0.50528,-0.37551,0.54903
-271.74,-26.332,239.2,-0.65734,-0.22143,0.46387
-312.56,62.463,187.35,-0.73438,-0.03895,0.35642
-308.19,160.91,123.07,-0.71816,0.15975,0.22666
-270.09,244.53,46.799,-0.63706,0.33006,0.076619
-217.51,295.47,-38.151,-0.52961,0.43143,-0.091663
-152.92,303.63,-133.69,-0.38971,0.45171,-0.27617
-76.226,272.82,-221.85,-0.22548,0.40102,-0.44039
8.0866,224.67,-281.58,-0.051112,0.30978,-0.55191
100.75,168.48,-303.45,0.13744,0.19827,-0.58637
196.6,96.834,-284.79,0.326,0.056344,-0.5438
270.88,16.037,-242.28,0.47198,-0.10586,-0.46067
310.35,-72.404,-190.31,0.547,-0.28631,-0.35524
306.29,-168.09,-122.3,0.53078,-0.47892,-0.21534
268.43,-248.06,-41.288,0.45171,-0.64314,-0.055169
216.53,-296.89,43.354,0.34425,-0.74249,0.10703
150.1,-305.2,135.52,0.2003,-0.76479,0.28545
68.006,-274.01,219.76,0.029988,-0.70803,0.44766
-18.099,-226.36,275.86,-0.14843,-0.61881,0.547
-108.4,-170,296.69,-0.33294,-0.5073,0.58147
-201.02,-95.9,278.36,-0.51947,-0.35727,0.54092
-272.83,-14.018,236.98,-0.65734,-0.19709,0.45576
-310.57,73.526,186.62,-0.72628,-0.024756,0.35236
-304.02,169.56,118.21,-0.70803,0.17799,0.21449
-265.49,248.38,37.386,-0.62692,0.33817,0.056344
-215.08,294.97,-47.728,-0.52149,0.43346,-0.10991
-149.24,300.49,-141.97,-0.3816,0.44968,-0.29239
-69.007,268.34,-227.46,-0.21331,0.39291,-0.45053
17.334,219.98,-283.26,-0.032869,0.30167,-0.55394
111.11,162.06,-300.67,0.15772,0.18611,-0.58232
205.02,89.851,-279.41,0.34425,0.04215,-0.53366
276.88,10.186,-236.1,0.48415,-0.12208,-0.44445
312.83,-79.127,-183.37,0.55106,-0.30049,-0.34105
302.75,-177.05,-116.24,0.5247,-0.49716,-0.20521
261.14,-257.21,-37.962,0.43549,-0.65937,-0.051112
208.28,-302.41,47.836,0.32803,-0.75466,0.11717
142.01,-304.23,143.73,0.18407,-0.76277,0.29964
64.421,-269.34,229.27,0.021875,-0.69992,0.46184
-21.095,-218.41,284.76,-0.15654,-0.60665,0.56322
-116.47,-159.38,299.26,-0.34713,-0.48906,0.58553
-211.12,-88.823,274.82,-0.53771,-0.3451,0.53281
-282.55,-10.408,230.07,-0.67761,-0.18493,0.43954
-316.45,79.566,177.28,-0.74047,-0.0044813,0.33614
-303.73,178.24,110.52,-0.70803,0.19624,0.2003
-260.18,257.6,32.125,-0.61679,0.35844,0.044181
-207.27,300.75,-54.334,-0.50325,0.44562,-0.12208
-141.24,301.27,-150.13,-0.36335,0.45171,-0.31063
-62.048,265.95,-234.59,-0.19912,0.38683,-0.4627
24.859,215.23,-288.42,-0.0207,0.29154,-0.56204
120.05,155.29,-302.01,0.17394,0.17597,-0.58435
212.88,80.934,-277.03,0.35844,0.025931,-0.52758
281.24,-0.71266,-232.73,0.49023,-0.14033,-0.44243
314.1,-89.436,-179.76,0.55308,-0.32078,-0.33294
302,-185.05,-108.62,0.5247,-0.51136,-0.19101
258.57,-260.77,-25.719,0.42941,-0.66545,-0.026781
205.85,-302.03,59.561,0.31992,-0.75263,0.13744
137.22,-302.32,151.73,0.17394,-0.75669,0.31586
53.144,-266.96,231.84,-0.000425,-0.69586,0.46793
-33.787,-217.46,282.58,-0.18088,-0.60259,0.55917
-126.69,-156.88,295.68,-0.36943,-0.485,0.57944
-217.04,-79.293,270.41,-0.54785,-0.32482,0.52267
-282.69,3.1326,227.48,-0.67559,-0.15857,0.43549
-313.81,91.007,176.03,-0.73438,0.015794,0.33209
-299.77,186.34,104.26,-0.69992,0.21246,0.18813
-255.89,260.81,21.698,-0.60665,0.36452,0.027962
-204.09,299.83,-64.548,-0.49919,0.4436,-0.14235
-136.19,297.16,-159.05,-0.35321,0.4436,-0.3228
-54.405,260.91,-239.92,-0.1829,0.38074,-0.47486
33.352,210.89,-289.63,-0.0024563,0.28342,-0.56204
129.32,149.72,-299.25,0.19421,0.1638,-0.57826
221.08,73.88,-271.11,0.37466,0.015794,-0.51744
286.31,-7.719,-225.65,0.50239,-0.15654,-0.4262
314.81,-97.41,-172,0.55308,-0.33496,-0.31063
297.8,-194.11,-102.46,0.51253,-0.53163,-0.17682
251.19,-269.67,-22.534,0.41724,-0.68775,-0.016644
196.67,-306.94,65.175,0.29964,-0.76479,0.15164
129.01,-299.89,161.47,0.15569,-0.75263,0.33614
49.96,-260.92,242.34,-0.010563,-0.68167,0.48617
-37.136,-209.18,290.77,-0.18696,-0.58435,0.57539
-134.26,-147.89,297.73,-0.38362,-0.46473,0.58349
-226.85,-73.796,266.99,-0.56812,-0.31672,0.51862
-291.35,8.063,219.41,-0.69383,-0.15046,0.42129
-317.27,98.768,165.15,-0.74047,0.036069,0.30978
-298,195.37,96.268,-0.69586,0.22868,0.17191
-250.42,269.8,16.461,-0.59651,0.38074,0.011738
-195.62,305.11,-71.767,-0.48094,0.45576,-0.15452
-127.58,296.36,-168.25,-0.33496,0.4436,-0.34308
-46.879,256.8,-247.61,-0.16668,0.36858,-0.49108
40.901,205.99,-294.18,0.013769,0.27531,-0.57421
137.24,143.66,-300.55,0.20841,0.15164,-0.57826
227.76,65.647,-269.69,0.38683,-0.0065062,-0.51339
289.71,-18.759,-222.42,0.50645,-0.17682,-0.42012
314.76,-108.52,-166.88,0.55106,-0.35727,-0.30658
295.87,-201.8,-92.857,0.51051,-0.54988,-0.15654
248.97,-272.17,-9.6062,0.41116,-0.69181,0.0056562
194.4,-306.42,76.428,0.29559,-0.76074,0.17191
122.15,-297.43,169.35,0.14352,-0.75061,0.35033
37.079,-257.45,244.42,-0.034894,-0.67356,0.48821
-49.309,-207.96,288.11,-0.21129,-0.58435,0.57133
-143.2,-144.92,294.07,-0.40187,-0.45864,0.57539
-231.29,-64.006,263.34,-0.57624,-0.29644,0.51051
-290.66,20.637,217.88,-0.68978,-0.12411,0.41724
-313.69,110.4,162.75,-0.73033,0.058375,0.30573
-293.21,202.97,88.058,-0.68572,0.2449,0.15569
-246.86,271.64,5.4208,-0.5884,0.3848,-0.0065062
-192.95,303.7,-81.769,-0.47486,0.44968,-0.17479
-121.28,291.93,-176.77,-0.32078,0.43346,-0.35929
-38.221,251.19,-252.61,-0.14843,0.35844,-0.49919
49.747,200.87,-294.96,0.034044,0.26315,-0.57826
146.49,137.72,-297.01,0.22868,0.13744,-0.57218
235.26,59.467,-263.86,0.40305,-0.016644,-0.50528
293.88,-24.799,-216.16,0.51659,-0.18898,-0.40593
313.46,-117.32,-158.96,0.55106,-0.37551,-0.29036
289.97,-211.05,-86.393,0.49631,-0.56812,-0.14235
241.37,-280.02,-5.8318,0.39697,-0.70803,0.0097125
185.3,-310.06,82.703,0.27734,-0.77088,0.18611
114.88,-294.27,179.24,0.12731,-0.74655,0.37264
34.13,-250.56,255.2,-0.040975,-0.66342,0.51456
-53.815,-198.57,295.77,-0.22345,-0.56407,0.58147
-151.95,-135.98,294.52,-0.42012,-0.44243,0.57336
-240.93,-59.972,259.44,-0.59651,-0.29036,0.50239
-298.85,24.317,210.52,-0.71006,-0.12005,0.40507
-315.48,118.44,152.67,-0.73641,0.072563,0.28545
-289.3,212.07,79.802,-0.67559,0.26315,0.13947
-240.13,279.33,-0.75985,-0.57624,0.40102,-0.016644
-184.41,307.52,-89.484,-0.45661,0.45982,-0.19101
-113.22,290.91,-185.61,-0.30455,0.43143,-0.37349
-30.649,246.7,-260.04,-0.13221,0.35439,-0.51339
57.697,195.28,-298.94,0.048238,0.25301,-0.58232
154.87,130.76,-296.92,0.2449,0.12731,-0.57421
241.3,51.116,-261.98,0.41319,-0.034894,-0.49919
296.98,-34.093,-213.99,0.52267,-0.20723,-0.40187
313.39,-126.92,-154.31,0.54903,-0.39579,-0.28225
287.04,-217.63,-75.778,0.49226,-0.58232,-0.12613
238.61,-281.11,7.6856,0.39088,-0.71006,0.04215
182.75,-308.45,94.027,0.26721,-0.76682,0.20638
106.67,-292.13,185.82,0.11109,-0.74047,0.38277
20.637,-248.01,255.95,-0.069363,-0.65937,0.51456
-65.728,-197.53,292.71,-0.24778,-0.56407,0.57741
-160.63,-131.19,290.06,-0.43837,-0.42823,0.56525
-244.26,-49.285,255.22,-0.60259,-0.264,0.49226
-297.69,35.145,210.09,-0.706,-0.095719,0.40711
-312.2,128.4,150.5,-0.72628,0.094869,0.2814
-284.18,218.47,71.144,-0.66545,0.27531,0.12528
-236.62,279.94,-11.918,-0.5661,0.40305,-0.040975
-181.16,304.9,-99.863,-0.44851,0.45576,-0.21331
-106.33,286.36,-193.33,-0.29036,0.42333,-0.38971
-22.133,242.08,-263.89,-0.11397,0.34425,-0.51744
66.331,190.54,-299.18,0.064456,0.24693,-0.58435
164.37,124.06,-292.72,0.26315,0.11311,-0.56407
248.52,45.053,-255.4,0.42738,-0.049087,-0.485
300.8,-39.236,-207.91,0.52876,-0.21737,-0.39174
311.77,-135.06,-147.45,0.547,-0.41201,-0.27008
280.79,-226.36,-70.588,0.48009,-0.59854,-0.11397
230.43,-287.79,11.814,0.37466,-0.72019,0.048238
172.89,-309.72,101.76,0.24896,-0.77088,0.22666
99.971,-287.76,195.63,0.096894,-0.73236,0.39899
18.632,-241.22,266.19,-0.073419,-0.6472,0.52876
-70.47,-188.63,299.69,-0.25589,-0.54583,0.58958
-170.23,-122.68,289.85,-0.45864,-0.41404,0.56525
-254.52,-45.487,250.1,-0.62287,-0.25792,0.48212
-305.38,38.896,202.19,-0.72019,-0.087606,0.3848
-313.85,135.78,141.51,-0.73033,0.10703,0.26315
-280.64,226.91,64.822,-0.66139,0.29356,0.11109
-229.33,286.67,-18.052,-0.55191,0.41521,-0.053144
-171.65,306.53,-108.8,-0.42823,0.45982,-0.22751
-97.811,283.91,-201.99,-0.27211,0.41927,-0.40593
-14.867,237.67,-270.52,-0.099775,0.33411,-0.53163
74.258,185.56,-302.74,0.0827,0.23274,-0.5884
172.91,116.65,-292.46,0.2814,0.096894,-0.56002
254.47,35.758,-252.64,0.43954,-0.065306,-0.48094
303.25,-48.696,-205.34,0.53281,-0.23764,-0.38565
311.91,-143.51,-142.28,0.54497,-0.42823,-0.25589
279.07,-231.19,-60.515,0.47198,-0.60867,-0.093694
228.02,-288.21,23.821,0.37061,-0.72424,0.070537
169.23,-307.55,112.45,0.24085,-0.76682,0.24085
89.945,-284.53,201.53,0.072563,-0.72628,0.40913
4.5952,-239.28,265.43,-0.1018,-0.64314,0.52876
-81.887,-187.97,296.39,-0.27617,-0.54583,0.58349
-178.07,-116.68,285.91,-0.47284,-0.39984,0.55714
-256.98,-33.763,246.35,-0.62692,-0.23562,0.47604
-303.8,49.842,201.32,-0.71614,-0.065306,0.38277
-310.22,145.08,138.16,-0.72222,0.12934,0.25707
-276.32,231.75,56.4,-0.6472,0.30167,0.092837
-226.9,286.67,-27.724,-0.54583,0.41724,-0.071387
-167.64,303.3,-118.55,-0.42215,0.45374,-0.24576
-89.696,278.36,-209.18,-0.25386,0.40913,-0.41809
-5.7375,233,-273.18,-0.081525,0.32398,-0.53771
83.364,180.67,-301.96,0.10095,0.2226,-0.5884
181.78,110,-288.21,0.29559,0.0827,-0.55191
261.24,30.049,-246.55,0.45171,-0.073419,-0.46878
306.67,-54.688,-198.42,0.53889,-0.24981,-0.37146
309.34,-152.19,-135.2,0.53686,-0.44445,-0.24373
272.91,-239.8,-56.598,0.46184,-0.6249,-0.087606
220.97,-294.41,27.1,0.35236,-0.74047,0.076619
159.51,-307.6,120.33,0.21854,-0.76885,0.25707
83.505,-279.01,211.29,0.0604,-0.71816,0.42941
1.5992,-231.29,274.82,-0.10991,-0.62692,0.54497
-88.045,-178.16,301.43,-0.29441,-0.52353,0.58958
-187.81,-109.25,284.73,-0.49311,-0.38768,0.55308
-267.17,-30.861,241.42,-0.6472,-0.22953,0.46793
-310.81,54.914,192.26,-0.72628,-0.055169,0.36858
-310.43,153.45,128.96,-0.72222,0.14352,0.23679
-272.71,239.98,51.092,-0.64112,0.31992,0.0827
-220.58,293.18,-32.749,-0.53366,0.42941,-0.0795
-158.53,304.59,-126.71,-0.39984,0.45576,-0.26198
-81.062,275.06,-217.11,-0.23764,0.40305,-0.43229
2.3069,227.71,-278.63,-0.063281,0.31586,-0.54785
92.116,174.54,-304.02,0.12123,0.21044,-0.5884
190.11,102.52,-287.15,0.31586,0.068513,-0.54785
266.43,20.896,-244.59,0.45982,-0.095719,-0.46675
308.61,-64.714,-195.43,0.54294,-0.26806,-0.36538
308.32,-160.96,-128.43,0.53484,-0.46473,-0.23156
271.1,-243.69,-45.936,0.45779,-0.63098,-0.065306
219.95,-294.63,37.716,0.35033,-0.74047,0.094869
155.86,-306.09,128.99,0.21652,-0.76277,0.27531
72.63,-275.99,215.49,0.036069,-0.71006,0.43549
-12.319,-229.47,273.03,-0.13424,-0.6249,0.54294
-99.816,-176.39,297.21,-0.31874,-0.51744,0.58147
-194.77,-101.7,280.58,-0.50528,-0.36943,0.54294
-268.49,-19.231,239.34,-0.6472,-0.20723,0.45982
-308.92,65.812,191.71,-0.72628,-0.034894,0.36452
-306,162.77,123.87,-0.71411,0.1638,0.22666
-268.16,244.01,42.08,-0.63098,0.326,0.066481
-218.83,292.78,-41.666,-0.52961,0.42738,-0.095719
-154.66,301.5,-135.34,-0.39174,0.45171,-0.27819
-73.371,270.06,-222.96,-0.21939,0.39697,-0.44445
11.13,223.21,-280.4,-0.047056,0.30573,-0.54785
102.17,168.45,-301.61,0.1415,0.19827,-0.58435
198.72,95.348,-281.84,0.33209,0.052288,-0.53974
272.51,15.824,-239.17,0.47401,-0.10586,-0.45459
311.44,-71.036,-188.66,0.54497,-0.28225,-0.35119
304.59,-170.28,-121.38,0.52673,-0.48297,-0.21737
264.04,-252.52,-42.444,0.43954,-0.65126,-0.059225
212.45,-300.31,41.326,0.33614,-0.74857,0.10501
147.29,-305.5,137.03,0.19624,-0.76277,0.28951
68.407,-271.11,224.69,0.027962,-0.70194,0.45576
-14.796,-221.68,281.81,-0.14235,-0.60867,0.55917
-107.67,-165.52,300.11,-0.33091,-0.49919,0.58755
-204.65,-94.249,277.44,-0.52555,-0.35321,0.53484
-278.23,-16.849,233.71,-0.66748,-0.19709,0.44968
-315.34,71.333,182.73,-0.73641,-0.0207,0.34628
-305.27,171.64,115.28,-0.71208,0.18205,0.21044
-263.13,252.79,36.702,-0.62287,0.34628,0.058375
-211.94,298.67,-47.233,-0.51339,0.4436,-0.10788
-146.41,302.47,-143.13,-0.37551,0.45171,-0.29036
-66.294,267.68,-229.97,-0.20723,0.38886,-0.45661
18.301,218.63,-285.43,-0.034894,0.29762,-0.55799
111.63,161.38,-302.55,0.15975,0.18611,-0.58637
206.65,86.572,-279.53,0.34628,0.034044,-0.53366
276.99,6.4588,-236.71,0.48415,-0.12613,-0.44648
313.06,-81.085,-185.59,0.55106,-0.30253,-0.34308
303.39,-178.54,-113.81,0.5247,-0.50122,-0.19912
261.47,-255.96,-30.838,0.43752,-0.64314,-0.043006
210.92,-300.01,52.201,0.33006,-0.75061,0.12528
142.74,-303.73,144.86,0.18611,-0.76074,0.3037
57.697,-268.94,227.27,0.0076813,-0.69789,0.45779
-27.228,-220.98,279.59,-0.16466,-0.60665,0.55511
-118.64,-162.9,295.89,-0.35524,-0.49311,0.57944
-210.79,-85.19,272.89,-0.53569,-0.33699,0.52673
-278.47,-4.5579,231.82,-0.67153,-0.17682,0.4436
-312.98,82.349,181.97,-0.73438,0.0036313,0.34425
-301.21,179.92,109.48,-0.70194,0.2003,0.19827
-258.86,255.95,27.124,-0.61273,0.35236,0.036069
-209.44,297.85,-56.74,-0.5073,0.44157,-0.13019
-141.62,298.51,-151.86,-0.36538,0.44766,-0.31063
-59.005,263.05,-234.9,-0.19101,0.38074,-0.46675
26.086,214.93,-286.77,-0.014619,0.29154,-0.56204
121.23,155.39,-299.77,0.17597,0.17394,-0.58232
214.69,79.283,-273.58,0.36452,0.021875,-0.52353
282.21,0.6792,-230.51,0.49631,-0.13829,-0.43634
314.48,-88.304,-178.25,0.55511,-0.31874,-0.33091
299.55,-187.38,-107.65,0.51659,-0.51744,-0.19101
254.49,-264.64,-28.29,0.42333,-0.67356,-0.032869
202.38,-305.15,56.966,0.31181,-0.75871,0.13542
134.22,-301.66,154.04,0.16989,-0.75669,0.32398
54.631,-263.58,236.82,0.0016,-0.69181,0.47604
-29.469,-213.59,287.92,-0.17074,-0.59246,0.57133
-126.14,-153.11,298.3,-0.36943,-0.47486,0.58349
-220.43,-78.868,269.21,-0.55596,-0.32482,0.51862
-287.38,-0.8778,224.51,-0.68369,-0.16871,0.42941
-317.44,89.167,171.66,-0.73844,0.017825,0.32398
-300.08,188.46,101.69,-0.70194,0.21449,0.18205
-253.93,264.61,22.831,-0.60463,0.37061,0.025931
-201.35,303.18,-63.275,-0.49108,0.45374,-0.14033
-132.94,298.06,-160.56,-0.3451,0.44562,-0.32686
-52.447,260.1,-241.83,-0.17884,0.37669,-0.47892
32.786,210.82,-291.35,-0.0024563,0.28342,-0.57016
129.29,148.9,-301.04,0.19219,0.16178,-0.58029
221.39,71.097,-271.91,0.37872,0.0097125,-0.51947
285.7,-9.6062,-227.58,0.49834,-0.1606,-0.43026
314.97,-98.991,-173.68,0.55308,-0.33902,-0.31874
298.23,-194.79,-99.085,0.51456,-0.53366,-0.16871
252.98,-267.1,-16.778,0.42129,-0.67964,-0.010563
200.23,-304.49,68.053,0.30573,-0.76074,0.15366
128.07,-299.13,161.83,0.15164,-0.75466,0.33614
43.543,-261.06,238.57,-0.018675,-0.68369,0.47807
-41.005,-213.22,285.37,-0.19507,-0.59449,0.56525
-135.39,-150.39,294.59,-0.38362,-0.47081,0.57539
-224.85,-69.998,265.79,-0.56407,-0.30658,0.51253
-286.72,11.484,222.97,-0.68167,-0.14438,0.42941
-314.21,100.75,169.66,-0.73438,0.0381,0.31789
-295.95,195.8,94.64,-0.68775,0.23274,0.16786
-250.98,266.68,13.229,-0.59854,0.37669,0.0076813
-198.71,301.98,-72.947,-0.48702,0.44968,-0.15857
-127.13,293.6,-168.98,-0.33496,0.43752,-0.34308
-45.299,255.17,-246.41,-0.16263,0.36858,-0.485
40.618,206.72,-292.24,0.015794,0.27531,-0.57016
138.19,143.21,-297.91,0.21246,0.14758,-0.57421
228.49,65.6,-266.96,0.38683,-0.0044813,-0.51136
289.99,-15.433,-221.57,0.50645,-0.17074,-0.41606
314.41,-107.51,-165.4,0.55511,-0.35929,-0.30455
293.27,-203.47,-93.069,0.50443,-0.55394,-0.15857
246.3,-275.14,-14.348,0.40711,-0.69586,-0.0024563
191.53,-308.85,73.526,0.29154,-0.76682,0.16583
120.4,-296.21,171.33,0.13947,-0.75061,0.35236
41.561,-255.18,248.69,-0.018675,-0.67153,0.49834
-44.261,-204.86,293.2,-0.20318,-0.57624,0.57741
-143.27,-141.43,295.94,-0.40187,-0.45053,0.57336
-233.9,-66.459,262.93,-0.58232,-0.29847,0.51051
-294.98,15.022,216.01,-0.69789,-0.13221,0.41319
-316.33,109.01,158.59,-0.73641,0.054319,0.29964
-293.09,204.43,86.737,-0.68167,0.24896,0.15164
-245.68,274.66,8.5584,-0.58637,0.39088,-0.000425
-190.62,306.69,-79.977,-0.46878,0.45779,-0.17276
-119,292.85,-177.69,-0.31672,0.43549,-0.36133
-38.646,251.37,-253.6,-0.15046,0.36047,-0.49919
47.907,201.65,-296.42,0.025931,0.26517,-0.57826
146.07,136.65,-298.5,0.22666,0.13744,-0.57421
234.3,58.405,-265.87,0.39899,-0.016644,-0.50933
293.13,-24.987,-219.44,0.51253,-0.18898,-0.41404
313.87,-118.05,-160.16,0.55106,-0.37754,-0.29036
290.87,-210.22,-83.185,0.49631,-0.56407,-0.13829
244.53,-276.58,-1.845,0.40305,-0.70194,0.011738
189.14,-307.79,84.59,0.28342,-0.76682,0.18813
113.16,-294.13,178.13,0.12528,-0.74452,0.36656
29.224,-252.64,249.75,-0.051112,-0.66545,0.49834
-56.032,-203.76,290.18,-0.22345,-0.57218,0.57336
-151.69,-137.66,291.62,-0.42012,-0.44039,0.56525
-237.14,-57.259,259.7,-0.5884,-0.28428,0.50037
-294.01,26.346,215.35,-0.69992,-0.11599,0.41116
-312.79,119.72,156.21,-0.73033,0.076619,0.29154
-288.23,211.04,78.693,-0.67761,0.26315,0.13744
-242.73,275.63,-2.0338,-0.57624,0.39494,-0.018675
-187.53,304.57,-90.121,-0.46473,0.45374,-0.19304
-112.81,288.53,-185.28,-0.30253,0.42941,-0.37349
-31.003,246.96,-257.66,-0.13424,0.35033,-0.50933
56.471,196.74,-296.94,0.046206,0.25707,-0.58232
155.15,130.45,-294.49,0.24287,0.12528,-0.5661
241.04,53.427,-260.4,0.41116,-0.030838,-0.49716
297.19,-30.224,-213.5,0.52064,-0.20115,-0.40187
312.36,-126.4,-152.82,0.54497,-0.39579,-0.27617
285.01,-218.78,-77.83,0.48821,-0.58232,-0.13019
237.08,-283.82,1.6936,0.38683,-0.71208,0.025931
179.42,-310.2,91.715,0.26113,-0.77088,0.20232
106.55,-290.64,187.52,0.11109,-0.74047,0.38277
27.737,-246.53,260.06,-0.057194,-0.65531,0.52064
-60.632,-194.48,297.64,-0.23764,-0.55799,0.58349
-160.8,-128.88,291.76,-0.43837,-0.42823,0.56931
-246.69,-54.287,255.88,-0.60665,-0.27819,0.49226
-302.06,29.672,207.94,-0.71208,-0.10586,0.39899
-314.51,127.22,146.73,-0.73033,0.090812,0.27531
-284.74,219.36,72.064,-0.66748,0.27734,0.12528
-235.89,282.8,-8.0729,-0.5661,0.40913,-0.032869
-178.28,307.33,-98.708,-0.44445,0.45779,-0.21129
-105.12,287.35,-193.64,-0.28631,0.42535,-0.38971
-24.515,243.24,-264.74,-0.12005,0.34425,-0.52149
64.68,191.12,-300.78,0.064456,0.24693,-0.58637
163.62,123.35,-294.37,0.26113,0.10906,-0.56407
246.82,45.454,-258.6,0.42535,-0.047056,-0.49108
300.07,-39.566,-211.26,0.52876,-0.21737,-0.39782
312.57,-135.25,-148.04,0.54497,-0.40998,-0.27211
283.17,-224.11,-68.323,0.48415,-0.59246,-0.11194
234.58,-284.48,14.55,0.38277,-0.71614,0.052288
176.05,-308.19,103.11,0.25504,-0.76682,0.22462
98.178,-288.45,193.37,0.092837,-0.73438,0.39697
14.621,-244.95,260.06,-0.081525,-0.65328,0.52064
-72.593,-193.42,294.43,-0.26198,-0.55596,0.57944
-168.89,-123.85,287.73,-0.45256,-0.41404,0.56119
-249.62,-43.789,252.2,-0.61273,-0.25386,0.48617
-300.93,40.807,207.07,-0.71006,-0.083556,0.39697
-311.31,136.77,144.11,-0.72424,0.11109,0.26923
-280.61,224.67,64.255,-0.65937,0.28951,0.11109
-232.87,283.2,-18.571,-0.55799,0.40913,-0.055169
-174.32,304.1,-109.28,-0.43431,0.45576,-0.22953
-98.165,282.73,-200.74,-0.27414,0.41724,-0.4039
-16.117,239.08,-268.09,-0.10383,0.33411,-0.52758
73.88,186.12,-300.67,0.080675,0.23679,-0.58435
172.49,117.1,-290.5,0.27126,0.098925,-0.56002
253.99,39.981,-252.4,0.43954,-0.059225,-0.47892
303.82,-45.535,-204.37,0.53484,-0.23359,-0.3816
310.68,-143.65,-141.01,0.54294,-0.42823,-0.25386
277.51,-232.65,-64.383,0.46996,-0.61071,-0.1018
226.75,-291.04,18.372,0.36656,-0.73033,0.062425
165.65,-308.57,111.34,0.23476,-0.76479,0.24287
92.092,-283.75,202.97,0.07865,-0.72628,0.41521
12.522,-237.87,270.15,-0.087606,-0.64112,0.53889
-78.42,-183.82,300.82,-0.27211,-0.53569,0.58958
-178.37,-116.28,287.61,-0.47486,-0.4039,0.55714
-260.11,-40.533,247.32,-0.63098,-0.24576,0.47807
-308.29,45.878,198.04,-0.72222,-0.073419,0.37669
-312.34,144.6,134.93,-0.7283,0.12731,0.24896
-277.64,232.97,59.018,-0.65328,0.30573,0.10095
-225.91,289.9,-24.492,-0.54583,0.42333,-0.063281
-164.19,305.35,-118.29,-0.41404,0.45779,-0.24778
-90.003,279.85,-209.06,-0.25589,0.41116,-0.41606
-8.5211,234.34,-274.36,-0.087606,0.32803,-0.54177
82.68,180.23,-303.69,0.098925,0.22462,-0.5884
180.89,110.26,-290.33,0.29559,0.084731,-0.55799
259.84,30.521,-250.16,0.44968,-0.077469,-0.47486
306.08,-56.127,-200.83,0.53686,-0.25386,-0.37349
310.3,-152.35,-134.99,0.54092,-0.44445,-0.24373
276.24,-237,-54.405,0.46996,-0.61881,-0.081525
224.86,-291.61,30.144,0.35844,-0.73033,0.0827
161.52,-306.56,121.42,0.22868,-0.76479,0.25909
81.925,-280.59,208.18,0.058375,-0.71816,0.42333
-1.9629,-235.82,269,-0.11397,-0.63301,0.53484
-90.569,-182.34,297.05,-0.29847,-0.53163,0.58147
-185.73,-110.15,284.05,-0.48702,-0.38565,0.55106
-262.5,-28.526,244.32,-0.63706,-0.22143,0.47198
-306.73,57.768,196.6,-0.72019,-0.049087,0.37669
-308.38,154.11,130.71,-0.72019,0.14556,0.24085
-273.44,237.5,50.526,-0.64314,0.31181,0.080675
-223.36,290.02,-34.376,-0.53974,0.42333,-0.083556
-160,302.19,-127.79,-0.4039,0.44968,-0.26603
-82.218,274.68,-215.83,-0.23967,0.40305,-0.43026
1.2218,229.34,-276.84,-0.065306,0.31789,-0.5438
92.753,174.42,-302.1,0.12123,0.21044,-0.58435
189.71,103.89,-285.92,0.31586,0.070537,-0.54988
266.78,24.907,-244.4,0.46387,-0.091663,-0.46473
309.45,-63.227,-193.42,0.54497,-0.26806,-0.36133
307.26,-161.67,-127.87,0.53484,-0.46878,-0.22953
269.8,-246.01,-50.748,0.45576,-0.63706,-0.077469
216.98,-297.84,34.272,0.34223,-0.74452,0.090812
152.08,-306.35,129.6,0.20638,-0.76682,0.27329
76.593,-275.59,217.85,0.044181,-0.71006,0.43954
-5.6903,-227.37,278.48,-0.12411,-0.62287,0.55308
-98.306,-171.39,301.01,-0.31469,-0.51136,0.58755
-195.9,-103.14,282.21,-0.5073,-0.37551,0.547
-273.04,-25.483,239.11,-0.65937,-0.21737,0.45982
-313.64,63.831,187.11,-0.73641,-0.03895,0.35439
-308.1,163.31,121.63,-0.71614,0.16583,0.2226
-269.27,246.59,44.888,-0.63504,0.33411,0.070537
-216.26,296.57,-40.51,-0.52555,0.43549,-0.095719
-151.24,303.65,-136.03,-0.38971,0.45374,-0.28022
-74.315,272.02,-223.64,-0.22345,0.39899,-0.44445
10.233,223.51,-282.55,-0.051112,0.30776,-0.55596
102.97,167.2,-303.54,0.1415,0.19624,-0.5884
198.39,95.843,-284.51,0.33006,0.052288,-0.5438
272.49,14.715,-241.97,0.47604,-0.10991,-0.45661
311.6,-74.315,-189.84,0.54903,-0.29239,-0.35321
306.18,-170.89,-120.48,0.53078,-0.48702,-0.21534
267.32,-250.47,-38.858,0.44766,-0.6472,-0.053144
214.97,-298.09,46.067,0.33817,-0.74655,0.11109
148.05,-305.12,138.19,0.19827,-0.76277,0.28951
65.671,-273.14,221.77,0.023906,-0.706,0.44968
-20.411,-225.08,276.99,-0.15249,-0.61679,0.54903
-110.79,-168.58,296.81,-0.33902,-0.50528,0.58349
-203.19,-94.414,277.89,-0.52149,-0.35524,0.53889
-274.74,-12.178,236.47,-0.65937,-0.19304,0.45779
-311.92,75.98,185.91,-0.73033,-0.0207,0.35033
-303.8,172.82,116.01,-0.70803,0.18407,0.21246
-264.1,251.07,34.531,-0.6249,0.34019,0.050263
-213.26,296.34,-50.96,-0.51541,0.43752,-0.11802
-146.86,300.25,-145.23,-0.37551,0.44968,-0.29644
-66.389,267.3,-229.75,-0.20926,0.38886,-0.45864
20.094,218.54,-284.55,-0.028813,0.29964,-0.55596
113.89,161.66,-300.74,0.16178,0.18611,-0.58029
207.73,87.893,-278.54,0.34831,0.0381,-0.53366
279.05,7.7799,-235.18,0.48821,-0.12411,-0.44648
314.08,-82.265,-182.17,0.55308,-0.30455,-0.33902
302.45,-180.9,-113.69,0.5247,-0.50933,-0.19912
259.37,-260.35,-34.73,0.43549,-0.66748,-0.043006
205.99,-303.9,51.682,0.31992,-0.75466,0.12528
139.39,-303.8,147.53,0.17799,-0.76277,0.30776
61.495,-268.02,232.01,0.015794,-0.69586,0.46793
-24.256,-216.68,286.19,-0.1606,-0.60057,0.56727
-119.7,-157.8,299.36,-0.35727,-0.485,0.58553
-214.4,-86.464,273.79,-0.54583,-0.33699,0.53281
-284.91,-7.2,228.66,-0.67761,-0.18088,0.43752
-317.53,83.552,175.41,-0.74047,0.0056562,0.33411
-303.1,182.61,107.52,-0.70803,0.20232,0.19624
-258.11,261.05,28.374,-0.61476,0.36452,0.0381
-204.53,302.19,-58.698,-0.49919,0.44968,-0.13221
-138.1,300.49,-154.43,-0.35727,0.44968,-0.31469
-58.792,264.33,-237.66,-0.18898,0.3848,-0.47081
28.422,213.37,-290,-0.014619,0.28951,-0.5661
123.66,153.45,-302.15,0.18407,0.16989,-0.58435
216.48,77.985,-275.85,0.36656,0.017825,-0.52758
283.86,-4.4871,-231.07,0.49631,-0.14843,-0.43634
315.19,-94.225,-177.17,0.55511,-0.31874,-0.32888
301.17,-189.77,-104.86,0.52064,-0.52353,-0.18088
256.33,-264.41,-21.449,0.42535,-0.67559,-0.0207
202.75,-303.64,64.373,0.31384,-0.75669,0.14758
133.3,-301.4,156.52,0.16583,-0.75669,0.32803
49.299,-264.95,235.12,-0.010563,-0.69181,0.47198
-37.585,-215.34,284.21,-0.18898,-0.59651,0.56322
-130.53,-154.76,295.87,-0.37754,-0.47689,0.57741
-220.93,-75.919,269.23,-0.55596,-0.31672,0.52267
-285.43,7.4497,225.61,-0.67964,-0.15046,0.43143
-314.75,96.48,172.94,-0.73438,0.027962,0.32398
-298.76,191.5,99.995,-0.69789,0.2226,0.18002
-253.58,264.66,16.933,-0.60259,0.37264,0.017825
-200.69,301.43,-69.927,-0.48906,0.44766,-0.15249
-131.85,295.84,-164.34,-0.34308,0.44157,-0.33699
-50.135,258.52,-243.65,-0.17276,0.37466,-0.48094
37.763,208.46,-291.42,0.0056562,0.2814,-0.57016
133.8,147.27,-299.3,0.2003,0.15975,-0.58029
225.43,70.389,-269.74,0.38074,0.0016,-0.51744
289.1,-12.437,-223.52,0.50645,-0.16466,-0.42215
315.33,-103.78,-168.23,0.55308,-0.34713,-0.30861
296.2,-199.86,-97.67,0.51253,-0.5438,-0.16668
248.43,-273.77,-17.179,0.41116,-0.69383,-0.0085375
192.87,-308.52,71.12,0.29356,-0.76682,0.1638
124.46,-298.38,167.46,0.14758,-0.75263,0.34831
45.336,-258.04,246.61,-0.0207,-0.67964,0.49631
-42.043,-206.37,292.66,-0.19709,-0.58232,0.57741
-139.35,-145.16,297.56,-0.39376,-0.45864,0.58147
-231.59,-70.163,265.51,-0.57826,-0.30658,0.51456
-294.39,13.041,217.31,-0.69789,-0.13829,0.41724
-317.42,105.94,160.93,-0.73844,0.048238,0.30167
-295.88,201.69,90.724,-0.69181,0.24287,0.16178
-247.28,273.88,10.493,-0.59043,0.39088,0.0016
-191.72,306.62,-78.113,-0.47081,0.45779,-0.17074
-122.58,294.71,-174.67,-0.32686,0.43954,-0.35524
-41.477,253.5,-252.23,-0.15654,0.3625,-0.49919
46.28,202.85,-296.18,0.01985,0.26517,-0.57826
142.91,140.29,-300.17,0.22057,0.14352,-0.58029
232.76,61.401,-268.04,0.39697,-0.014619,-0.51136
292.96,-24.067,-220.25,0.51456,-0.18696,-0.41606
314.9,-116,-162.14,0.55308,-0.37349,-0.29644
293.37,-208.38,-86.464,0.50239,-0.56204,-0.14438
245.55,-276.37,-2.883,0.40507,-0.69789,0.011738
190.09,-307.96,83.317,0.28545,-0.76682,0.18813
116.37,-295.83,175.89,0.13136,-0.74857,0.3625
31.016,-254.07,249.09,-0.047056,-0.66951,0.50037
-55.041,-204.63,290.28,-0.22345,-0.57624,0.57133
-149.4,-140.84,293.39,-0.41404,-0.44851,0.57133
-236.52,-59.288,261.33,-0.5884,-0.28833,0.50645
-294.2,26.251,215.71,-0.69383,-0.11397,0.41521
-313.76,118.42,157.79,-0.73033,0.074594,0.29356
-290.26,210.09,81.099,-0.67964,0.25909,0.13947
-243.18,275.93,-1.9394,-0.58232,0.39291,-0.018675
-188.23,305.07,-89.389,-0.46473,0.45374,-0.19304
-115.24,290.2,-183.99,-0.31063,0.43346,-0.37146
-31.687,247.62,-257.66,-0.13221,0.35236,-0.51136
56.046,197.28,-297.32,0.046206,0.25504,-0.58029
153.64,133.14,-296.07,0.24287,0.13136,-0.57016
241.21,54.371,-261.51,0.41521,-0.030838,-0.49919
297.75,-31.003,-213.4,0.5247,-0.20115,-0.40187
313.37,-125.95,-153.98,0.54903,-0.39376,-0.28225
286.38,-218.71,-79.104,0.49023,-0.58232,-0.13221
236.84,-284.39,2.4956,0.3848,-0.71411,0.029988
179.9,-310.79,91.573,0.26517,-0.76885,0.20232
108.42,-292.03,187,0.11109,-0.74047,0.3848
27.336,-246.64,260.69,-0.053144,-0.65734,0.52064
-60.821,-194.77,298.2,-0.23764,-0.55799,0.58755
-160.21,-130.93,293.22,-0.43837,-0.43026,0.57133
-247.61,-54.263,256.35,-0.60867,-0.27617,0.49834
-302.93,31.182,207.38,-0.71411,-0.10383,0.39494
-315.53,127.55,147.48,-0.73641,0.090812,0.27531
-285.54,220.19,72.3,-0.66748,0.2814,0.12325
-235.01,283.76,-9.8186,-0.56204,0.40913,-0.036919
-178.37,307.94,-99.344,-0.44243,0.46184,-0.21331
-106.07,288.29,-193.99,-0.29036,0.42738,-0.38768
-23.171,242.67,-265.87,-0.11802,0.34628,-0.52353
65.506,191.22,-301.52,0.064456,0.24693,-0.58637
163.97,124.6,-295.52,0.26315,0.11311,-0.57016
248.45,44.274,-258.44,0.42738,-0.049087,-0.49108
301.2,-41.76,-210.22,0.53281,-0.22345,-0.40998
313.58,-136.24,-148.29,0.55106,-0.41404,-0.26806
283.39,-225.74,-67.426,0.48212,-0.59651,-0.10586
233.12,-285.71,17.122,0.37872,-0.72019,0.056344
175.65,-308.78,104.45,0.25301,-0.76479,0.22868
98.084,-288.94,194.62,0.088788,-0.73236,0.39697
12.333,-243.95,261.71,-0.089638,-0.65126,0.5247
-74.032,-193.26,295.56,-0.264,-0.55596,0.58349
-170.33,-124.11,288.55,-0.45661,-0.41606,0.56119
-251.9,-41.571,251.37,-0.61476,-0.25184,0.48821
-302.15,43.614,205.77,-0.71208,-0.081525,0.39291
-312.13,138.52,143.85,-0.72628,0.11514,0.26721
-280.21,227.1,62.392,-0.65937,0.29356,0.10703
-230.81,284.71,-21.92,-0.55596,0.41116,-0.057194
-173.37,304.59,-111.4,-0.43229,0.45374,-0.23359
-97.033,282.51,-202.95,-0.26806,0.41724,-0.40998
-12.885,237.43,-270.02,-0.095719,0.33411,-0.52758
75.956,185.7,-301.75,0.086756,0.23476,-0.58435
174.85,116.58,-291.04,0.28342,0.092837,-0.56002
256.87,36.843,-251.03,0.4436,-0.067331,-0.47689
305.4,-48.979,-202.55,0.53686,-0.23967,-0.37957
311.29,-146.15,-140.23,0.54497,-0.43431,-0.25386
276.45,-235.63,-61.694,0.46996,-0.61679,-0.097744
224.27,-292.67,22.264,0.36047,-0.73438,0.068513
164.37,-308.9,114.15,0.23274,-0.76885,0.24693
90.016,-282.95,205.99,0.074594,-0.72222,0.41927
8.4168,-235.6,272.3,-0.097744,-0.63504,0.54092
-81.109,-183.09,301.83,-0.28022,-0.53569,0.59161
-181.63,-115.13,287.75,-0.48094,-0.39984,0.55917
-263.58,-36.688,245.45,-0.63706,-0.2417,0.47401
-309.98,49.912,195.98,-0.73033,-0.063281,0.37264
-312.7,148.03,133.59,-0.72628,0.13542,0.24693
-275.94,236.51,55.527,-0.65126,0.31384,0.092837
-223.34,291.81,-28.715,-0.53771,0.42535,-0.071387
-162.64,305.73,-121.52,-0.40998,0.46184,-0.25386
-86.771,278.41,-212.74,-0.24778,0.40913,-0.42823
-3.6851,231.65,-276.65,-0.073419,0.32195,-0.54177
85.959,179.24,-304.68,0.10703,0.22057,-0.59246
184.92,108.09,-290.12,0.3037,0.07865,-0.55596
263.67,25.827,-248.01,0.45779,-0.087606,-0.47284
308.06,-60.515,-198.57,0.54092,-0.26198,-0.36943
310.45,-156.53,-132.72,0.54092,-0.45661,-0.23764
273.97,-240.96,-49.875,0.4659,-0.62692,-0.075444
222.24,-293.59,34.531,0.35236,-0.73641,0.086756
159.51,-307.08,124.98,0.2226,-0.76885,0.26517
77.608,-278.84,212.21,0.048238,-0.71614,0.42941
-7.2944,-232.89,271.64,-0.12411,-0.62895,0.53889
-94.556,-180.78,298.04,-0.30658,-0.52961,0.58349
-190.57,-106.89,283.39,-0.49919,-0.37957,0.55106
-266.55,-23.194,242.06,-0.64518,-0.21534,0.4659
-308.76,62.533,194.31,-0.72628,-0.040975,0.37061
-308.14,159.18,127.6,-0.71816,0.15772,0.23274
-270.73,242.06,45.242,-0.63706,0.32398,0.070537
-220.69,292.21,-39.165,-0.53163,0.42738,-0.091663
-157.66,302.5,-131.99,-0.39984,0.45374,-0.27414
-77.169,272.39,-220.48,-0.22548,0.40102,-0.43837
7.1194,225.92,-279.46,-0.055169,0.30978,-0.54785
97.801,172.3,-302.81,0.12934,0.20638,-0.58637
195.47,99.665,-284.58,0.326,0.0604,-0.5438
271.31,18.82,-241.45,0.47401,-0.1018,-0.45864
311.58,-68.559,-190.78,0.547,-0.27819,-0.35727
306.48,-167.66,-124.19,0.53281,-0.47892,-0.22143
266.35,-251.15,-44.78,0.44766,-0.6472,-0.065306
214.01,-300.15,39.367,0.33817,-0.75061,0.10095
149.58,-306.54,134.53,0.2003,-0.76682,0.28545
71.144,-272.9,222.97,0.036069,-0.70397,0.45171
-11.824,-223.97,281.29,-0.13829,-0.61476,0.55917
-104.32,-168.63,301.32,-0.32686,-0.5073,0.58958
-202.46,-97.787,279.99,-0.51947,-0.36335,0.54294
-277.83,-18.783,235.57,-0.66748,-0.20115,0.45171
-315.83,69.681,184.35,-0.74047,-0.024756,0.35033
-306.92,170.06,117.31,-0.71208,0.18002,0.21652
-264.9,252.2,38.212,-0.62692,0.34628,0.058375
-213.1,298.84,-46.077,-0.51541,0.43752,-0.10586
-148.18,303.53,-141.6,-0.37957,0.45576,-0.29239
-68.087,269.11,-229.02,-0.21129,0.39494,-0.45459
16.343,220.33,-285.38,-0.036919,0.30167,-0.55799
109.6,163.76,-303.66,0.15569,0.19219,-0.59043
205.49,89.214,-281.63,0.34425,0.0381,-0.53974
277.32,7.2845,-237.94,0.50239,-0.12816,-0.45256
313.82,-80.496,-186.68,0.55308,-0.30049,-0.34713
304.71,-178.16,-114.94,0.52876,-0.49716,-0.20318
262.56,-256.08,-31.357,0.43752,-0.65531,-0.036919
211.51,-300.41,51.894,0.33209,-0.74655,0.12325
143.97,-304.68,144.23,0.19016,-0.76074,0.30167
58.735,-269.93,227.17,0.011738,-0.69992,0.45779
-26.214,-222.18,279.99,-0.16466,-0.61071,0.55511
-117.75,-164.53,296.9,-0.35119,-0.49716,0.58147
-210.67,-86.747,274.49,-0.53366,-0.33902,0.53078
-279.39,-4.3456,232.41,-0.66951,-0.17682,0.44562
-314.04,82.727,182.51,-0.73641,0.0016,0.34425
-302.1,180.56,109.74,-0.706,0.19827,0.19827
-259.17,256.87,26.723,-0.61476,0.35642,0.036069
-209.51,298.56,-57.283,-0.50933,0.43752,-0.13221
-142.09,299.19,-152.14,-0.36538,0.44766,-0.31063
-59.217,263.64,-235.44,-0.19101,0.38277,-0.46878
26.086,215.64,-287.48,-0.018675,0.29154,-0.56204
121.42,156.33,-300.69,0.17597,0.17799,-0.58232
215.61,79.896,-274.57,0.36452,0.021875,-0.52555
283.6,-0.50039,-230.51,0.49429,-0.14033,-0.43431
315.59,-89.743,-178.02,0.55511,-0.3228,-0.33091
300.09,-189.04,-107.01,0.51862,-0.52149,-0.18493
254.11,-266.22,-26.851,0.42129,-0.67964,-0.034894
201.76,-306.04,58.452,0.31384,-0.75871,0.13542
134.01,-302.13,155.29,0.16583,-0.75669,0.32398
54.253,-263.79,238.09,-0.000425,-0.68775,0.47807
-30.224,-213.92,289.07,-0.17479,-0.59449,0.57133
-127.35,-153.51,299.29,-0.37146,-0.47689,0.58349
-222.23,-78.538,269.82,-0.55799,-0.32482,0.52673
-289.18,1.434,223.89,-0.68978,-0.15857,0.42941
-318.45,91.762,170.72,-0.74249,0.021875,0.31992
-300.19,191.01,100.21,-0.70194,0.2226,0.18002
-253.11,266.8,20.542,-0.60463,0.37466,0.023906
-200.24,304.38,-65.61,-0.49108,0.45171,-0.14438
-131.92,298.27,-162.9,-0.3451,0.44562,-0.33294
-51.173,259.7,-243.74,-0.17276,0.37669,-0.485
34.366,210.66,-292.76,0.0016,0.2814,-0.57421
131.44,148.69,-301.96,0.19624,0.16178,-0.58637
224.1,69.728,-272.03,0.38886,0.0016,-0.52149
287.92,-12.885,-226.52,0.50443,-0.16466,-0.43026
315.94,-102.72,-171.79,0.55308,-0.34713,-0.31672
297.92,-198.26,-96.49,0.51456,-0.53974,-0.16668
251.52,-269.74,-13.499,0.41927,-0.68369,-0.0024563
198.58,-305.86,71.167,0.3037,-0.76074,0.16178
125.99,-298.9,165.03,0.14758,-0.75466,0.34223
41.326,-260.18,241.09,-0.018675,-0.68167,0.48415
-43.293,-212.53,287.04,-0.20115,-0.59246,0.56931
-138.36,-149.4,295.44,-0.39174,-0.47081,0.57741
-228.34,-67.592,265.48,-0.57016,-0.30253,0.51456
-289.34,15.541,221.51,-0.68978,-0.13627,0.42738
-315.01,105.54,166.99,-0.73641,0.048238,0.31181
-295,200.14,91.031,-0.68775,0.23882,0.16178
-249.22,269.75,9.0773,-0.59449,0.38074,-0.000425
-196.56,303.46,-77.028,-0.48297,0.45171,-0.16668
-124.21,293.06,-173.23,-0.32686,0.43549,-0.34916
-42.208,253.8,-249.78,-0.15857,0.36452,-0.49311
44.015,205.37,-294.23,0.017825,0.27126,-0.57421
142.32,141.42,-298.42,0.22057,0.14556,-0.57624
232.83,62.345,-265.82,0.39899,-0.012594,-0.50528
292.96,-20.293,-219.59,0.51253,-0.18088,-0.41606
314.79,-113.48,-162.14,0.54903,-0.36943,-0.29644
291.64,-208.69,-88.54,0.50239,-0.55596,-0.14843
243.76,-278.59,-9.2053,0.40102,-0.70194,0.0056562
188.55,-310.17,78.622,0.28342,-0.76885,0.18002
116.86,-295.24,176.5,0.12934,-0.74857,0.36452
37.669,-253.08,252.72,-0.034894,-0.66748,0.50645
-48.696,-202.84,295.42,-0.21129,-0.57218,0.58553
-148.55,-138.93,295.94,-0.41404,-0.44648,0.57336
-239,-62.307,261.38,-0.59043,-0.29239,0.50443
-298.31,20.495,213.68,-0.70397,-0.12411,0.41319
-316.61,115.75,154.87,-0.73641,0.064456,0.28951
-290.69,210.54,81.264,-0.67964,0.26113,0.1415
-242.47,278.36,2.3541,-0.57826,0.39899,-0.014619
-187.15,307.94,-86.181,-0.4627,0.45982,-0.18696
-114.63,291.62,-183.68,-0.30658,0.43549,-0.37146
-33.904,248.97,-258.18,-0.14033,0.35642,-0.51136
53.404,199.05,-298.83,0.040125,0.26113,-0.58232
152.41,133.21,-298.19,0.24085,0.12934,-0.57421
239.89,53.097,-263.53,0.41319,-0.030838,-0.50325
296.79,-31.05,-216.73,0.51659,-0.19912,-0.40593
314.22,-125.39,-155.82,0.55106,-0.39174,-0.28428
288.03,-216.78,-76.603,0.49226,-0.57624,-0.12816
240.71,-280.52,5.1849,0.39291,-0.71006,0.034044
184.92,-308.95,91.62,0.27531,-0.76885,0.20232
107.61,-292.55,184.54,0.11109,-0.74452,0.37872
23.585,-250.04,254.56,-0.065306,-0.66342,0.51051
-62.284,-200.62,292.87,-0.23967,-0.57016,0.57741
-159,-133.01,291.01,-0.43431,-0.43634,0.56525
-243.39,-51.055,256.92,-0.60057,-0.27211,0.49631
-297.98,32.927,212.36,-0.70194,-0.099775,0.40507
-312.89,127.86,151.14,-0.73033,0.092837,0.2814
-284.79,218.23,71.309,-0.66748,0.27734,0.12528
-238.43,279.73,-9.9365,-0.56812,0.40305,-0.040975
-182.6,305.37,-98.354,-0.44851,0.45576,-0.20926
-106.59,286.57,-192.67,-0.29036,0.42535,-0.38565
-24.61,243.99,-262.97,-0.12005,0.34628,-0.51744
63.784,193.06,-299.56,0.0604,0.24896,-0.58232
163.57,125.05,-293.49,0.26113,0.11311,-0.56407
248.07,46.539,-256.88,0.42738,-0.045031,-0.49108
301.29,-37.75,-209.72,0.52876,-0.21737,-0.39376
312.21,-135.34,-147.33,0.547,-0.41201,-0.27008
280.96,-226.62,-70.163,0.47807,-0.59449,-0.11194
231.94,-287.81,10.328,0.37466,-0.72222,0.04215
173.62,-310.22,101.25,0.25301,-0.77088,0.22057
99.712,-287.81,195.56,0.092837,-0.73033,0.39899
20.731,-242.96,265.74,-0.069363,-0.65126,0.53078
-68.818,-190.5,300.25,-0.25386,-0.54785,0.58958
-170.21,-122.93,290.39,-0.45864,-0.41404,0.56525
-254.57,-46.549,251.47,-0.6249,-0.25994,0.48617
-306.16,38.188,203.42,-0.71816,-0.087606,0.38886
-314.14,136.91,140.76,-0.73236,0.11311,0.26315
-280.68,227.57,64.161,-0.65937,0.29356,0.10906
-230.46,286.97,-17.226,-0.55394,0.41521,-0.049087
-171.51,306.79,-109.16,-0.42823,0.45779,-0.22953
-97.316,283.84,-202.27,-0.27211,0.41927,-0.40593
-16.589,239.32,-270.52,-0.1018,0.33614,-0.53366
73.597,186.83,-303.47,0.0827,0.23882,-0.5884
173.64,116.3,-292.79,0.2814,0.098925,-0.56407
254.98,36.49,-253.84,0.44157,-0.067331,-0.48297
304.24,-48.814,-206.07,0.53686,-0.23764,-0.38362
312.05,-145.28,-140.89,0.54497,-0.43229,-0.25184
278.98,-232.23,-59.5,0.47401,-0.60867,-0.093694
229.06,-288.8,23.609,0.37061,-0.72424,0.066481
168.29,-307.63,113.7,0.24085,-0.76885,0.2449
89.12,-284.41,202.17,0.072563,-0.72424,0.41724
5.9163,-240.75,265.76,-0.097744,-0.64518,0.53078
-82.147,-188.61,297.12,-0.28022,-0.54785,0.58553
-179.46,-115.76,286.12,-0.47486,-0.39984,0.55714
-258.01,-34.046,247.41,-0.62692,-0.23562,0.47807
-305.08,50.832,201.5,-0.71816,-0.063281,0.3848
-310.27,147.58,136.21,-0.72019,0.13136,0.24896
-276.13,233.09,55.197,-0.64923,0.3037,0.094869
-227.28,287.61,-28.078,-0.5438,0.41724,-0.071387
-165.99,303.18,-120.6,-0.41809,0.45374,-0.25184
-88.682,278.08,-210.27,-0.25184,0.40913,-0.42215
-6.4687,234.18,-273.89,-0.083556,0.32803,-0.53569
84.638,180.56,-302.67,0.10298,0.22462,-0.58637
183.88,108.65,-288.21,0.30167,0.080675,-0.55394
262.77,30.026,-247.45,0.45576,-0.077469,-0.47081
308.06,-56.528,-198,0.54294,-0.25386,-0.36943
309.08,-155.42,-132.65,0.53889,-0.45459,-0.23359
272.56,-241.64,-55.254,0.45982,-0.62692,-0.081525
220.97,-295.64,28.186,0.35236,-0.73844,0.076619
157.34,-307.46,123.14,0.21449,-0.76682,0.26517
82.279,-278.75,212.78,0.058375,-0.71411,0.43346
1.7408,-232.21,275.86,-0.10788,-0.62895,0.54903
-90.356,-177.26,302.12,-0.30049,-0.52149,0.59363
-190.55,-107.48,284.61,-0.49514,-0.38362,0.55106
-269.34,-30.319,242.2,-0.64923,-0.22953,0.4659
-312.44,57.744,191.2,-0.73236,-0.049087,0.36452
-309.91,157.51,125.8,-0.72222,0.15164,0.23071
-272.24,242.29,49.441,-0.64112,0.32195,0.080675
-220.17,294.66,-34.494,-0.53366,0.43143,-0.083556
-155.84,304.45,-130.18,-0.39579,0.45374,-0.26806
-79.576,274.78,-219.07,-0.23359,0.40507,-0.43431
3.1562,228.14,-280.12,-0.063281,0.31586,-0.55191
95.678,172.84,-304.58,0.12528,0.20841,-0.59043
193.55,100.18,-286.84,0.32195,0.062425,-0.54988
269.11,19.551,-244.9,0.46996,-0.099775,-0.4627
310.4,-68.7,-193.54,0.54903,-0.27819,-0.36133
307.57,-165.73,-124.47,0.53484,-0.47486,-0.22345
270.32,-246.41,-43.6,0.45576,-0.64112,-0.063281
218.94,-296.37,40.405,0.34628,-0.74047,0.10095
152.46,-305.95,133.02,0.20841,-0.76682,0.2814
70.837,-275.61,217.83,0.034044,-0.71208,0.4436
-14.018,-229.35,274.92,-0.14235,-0.62287,0.547
-104.35,-173.77,297.68,-0.32686,-0.51541,0.58349
-198.73,-98.708,280.11,-0.51136,-0.36335,0.54294
-271.72,-16.943,239.32,-0.65531,-0.19912,0.45982
-310.95,70.861,189.28,-0.73033,-0.024756,0.35844
-304.98,168.34,119.41,-0.71006,0.17597,0.21854
-266.93,247.32,39.155,-0.63098,0.33614,0.0604
-216.94,294.73,-45.487,-0.52555,0.43549,-0.10383
-150.77,301.03,-140.2,-0.38565,0.45171,-0.28631
-71.13,269.63,-225.86,-0.21534,0.39291,-0.45053
13.961,222.59,-282.67,-0.040975,0.30573,-0.55394
108.04,165.06,-301.8,0.15164,0.19624,-0.58435
203.49,91.88,-280.94,0.34223,0.046206,-0.53771
276.29,12.545,-238.27,0.48212,-0.11599,-0.45053
313.37,-77.217,-185.31,0.55308,-0.29441,-0.34105
303.44,-176.51,-116.59,0.52673,-0.49716,-0.20723
262.32,-256.65,-38.976,0.43752,-0.65937,-0.051112
209.69,-302.44,46.327,0.33006,-0.75466,0.11514
142.93,-304.72,142.6,0.18813,-0.76277,0.30167
66.001,-270.45,228.19,0.025931,-0.69992,0.46184
-18.476,-220.51,284.52,-0.14843,-0.60665,0.56322
-114.51,-161.48,300.16,-0.3451,-0.49108,0.58755
-210.29,-90.215,276.14,-0.53569,-0.34713,0.53686
-282.48,-12.225,231.98,-0.67153,-0.18898,0.44766
-317.13,78.646,178.55,-0.74047,-0.0065062,0.33614
-304.04,178.39,110.26,-0.70803,0.19624,0.2003
-260.94,257.51,32.644,-0.61881,0.35439,0.044181
-208.14,300.91,-53.485,-0.50528,0.44766,-0.12411
-141.74,301.53,-149.47,-0.36538,0.45374,-0.30253
-63.275,266.87,-233.98,-0.20318,0.38683,-0.46675
22.996,216.96,-288.42,-0.022731,0.29559,-0.5661
119.13,156.59,-302.72,0.17394,0.17597,-0.58637
212.76,81.76,-277.97,0.35844,0.021875,-0.53163
281.55,0.49042,-234.23,0.49226,-0.13829,-0.44039
314.81,-89.389,-180.38,0.55511,-0.3228,-0.33294
302.12,-185.73,-107.95,0.52267,-0.51541,-0.18898
258.99,-261.01,-25.813,0.43346,-0.66748,-0.024756
206.22,-302.41,59.443,0.31992,-0.75466,0.13947
137.27,-302.62,151.8,0.17799,-0.75871,0.31586
53.994,-267.62,231.72,0.0016,-0.69586,0.46793
-32.607,-218.74,282.89,-0.17884,-0.60665,0.56322
-126.62,-157.52,296.2,-0.36943,-0.48297,0.57741
-217.44,-79.552,271.21,-0.54988,-0.32686,0.5247
-283.42,2.6608,228.63,-0.67761,-0.1606,0.43549
-314.58,91.903,175.96,-0.73438,0.017825,0.33411
-299.7,187.61,103.18,-0.69789,0.21449,0.18611
-256.01,261.47,21.415,-0.60867,0.3625,0.023906
-203.92,300.21,-65.162,-0.49919,0.44766,-0.14235
-135.72,297.14,-159.64,-0.35119,0.44157,-0.32482
-54.711,261.38,-240.23,-0.1829,0.37669,-0.47892
32.904,211.84,-290.24,-0.000425,0.28342,-0.5661
130.1,149.63,-299.72,0.19421,0.1638,-0.58232
221.98,73.644,-271.58,0.37466,0.015794,-0.52149
287.35,-7.9549,-226.29,0.50443,-0.15654,-0.42823
315.45,-99.344,-171.08,0.55511,-0.34308,-0.31469
297.56,-195.97,-100.88,0.51051,-0.53569,-0.17682
251.12,-270.78,-21.732,0.41521,-0.68775,-0.018675
195.96,-307.48,66.426,0.29964,-0.76682,0.15164
128.09,-299.72,162.7,0.15366,-0.75466,0.33817
49.865,-261.08,243.07,-0.010563,-0.68369,0.48821
-37.396,-209.65,291.6,-0.18898,-0.58637,0.57539
-135.84,-147.19,298.08,-0.38768,-0.4627,0.58147
-228.34,-73.112,267.23,-0.57016,-0.31469,0.51659
-292.62,8.983,219.65,-0.69586,-0.14843,0.42129
-317.58,101.62,163.43,-0.73844,0.040125,0.3037
-297.39,197.68,94.192,-0.69383,0.23476,0.1638
-249.95,271.12,15.069,-0.59449,0.38277,0.021875
-194.53,305.7,-73.607,-0.47892,0.45779,-0.1606
-126.21,296.08,-170.02,-0.33294,0.4436,-0.3451
-46.289,256.73,-248.77,-0.16668,0.36858,-0.49514
41.797,206.01,-295.17,0.015794,0.27734,-0.57421
139.44,142.46,-300.71,0.21449,0.14961,-0.58029
229.65,64.515,-269.69,0.39088,-0.0085375,-0.51541
291.12,-20.269,-222.27,0.50848,-0.18088,-0.42215
314.88,-112.01,-164.41,0.55308,-0.36538,-0.30049
295.04,-204.46,-90.215,0.50645,-0.55394,-0.15046
248.19,-273.75,-7.6247,0.40913,-0.69586,0.0076813
192.82,-307.01,78.905,0.29154,-0.76277,0.17597
120.28,-296.94,171.47,0.13744,-0.74857,0.35439
36.088,-257.07,245.74,-0.03895,-0.67559,0.49226
-50.701,-207.62,289.17,-0.21331,-0.58435,0.57133
-145.77,-143.29,294.12,-0.40796,-0.45256,0.57336
-233.5,-62.496,263.17,-0.58029,-0.29239,0.50645
-292.41,22.736,217.4,-0.69383,-0.12005,0.41724
-313.62,114.53,159.87,-0.73236,0.066481,0.30167
-291.94,206.01,85.039,-0.68369,0.25099,0.14758
-245.65,273.29,2.8023,-0.58435,0.39088,-0.012594
-190.92,304.22,-84.813,-0.46878,0.45171,-0.18088
-119.16,291.43,-179.34,-0.31672,0.43143,-0.36335
-36.853,250.69,-254.33,-0.14641,0.35642,-0.50325
51.705,200.07,-296.11,0.0381,0.26113,-0.58029
149.61,135.73,-296.8,0.23274,0.13542,-0.57218
237.79,57.744,-263.42,0.40913,-0.022731,-0.50122
295.82,-27.393,-215.29,0.51862,-0.19304,-0.40593
313.28,-121.87,-155.84,0.54903,-0.38565,-0.28631
288.36,-214.42,-82.973,0.49429,-0.57421,-0.13829
239.6,-281.82,-2.5763,0.39088,-0.71006,0.011738
182.84,-310.24,86.336,0.27329,-0.77088,0.19016
112.55,-293.54,182.07,0.12123,-0.74452,0.37466
32.503,-249.78,257.32,-0.045031,-0.66139,0.51659
-56.457,-197.43,297.05,-0.23156,-0.56204,0.58553
-155.7,-133.62,294.12,-0.42823,-0.43431,0.57133
-243.77,-57.92,258.71,-0.59854,-0.28428,0.49834
-300.85,27.313,209.31,-0.71006,-0.11397,0.39899
-315.22,123.23,149.49,-0.73438,0.0827,0.27937
-287.53,215.75,76.31,-0.67559,0.27126,0.13339
-237.96,281.17,-4.6287,-0.57016,0.40507,-0.018675
-181.68,307.61,-93.636,-0.45053,0.46184,-0.19912
-110.72,289.99,-188.78,-0.29644,0.43143,-0.3816
-28.549,245.81,-262.45,-0.13019,0.35033,-0.51541
60.976,193.65,-300.24,0.054319,0.25301,-0.58435
159.04,127.95,-296.47,0.25301,0.12123,-0.57016
244.42,48.568,-260.92,0.42129,-0.040975,-0.49716
299.03,-37.655,-212.25,0.52673,-0.21737,-0.39984
313.25,-131.78,-150.72,0.547,-0.40593,-0.27414
285.3,-221.26,-71.979,0.48617,-0.58637,-0.11802
236.11,-282.97,11.814,0.3848,-0.71208,0.050263
179.52,-308.45,98.462,0.26721,-0.76682,0.21652
103.58,-290.97,189.14,0.10298,-0.73641,0.38683
18.065,-247,258.24,-0.073419,-0.65531,0.51659
-69.432,-195.62,294.17,-0.25184,-0.55799,0.57944
-165.09,-127.98,289.57,-0.44445,-0.42215,0.56525
-247.73,-46.289,253.99,-0.60867,-0.25994,0.49023
-299.89,39.226,207.9,-0.70803,-0.089638,0.39899
-311.82,133.54,146.7,-0.7283,0.10095,0.27531
-282.31,222.19,67.204,-0.66139,0.28545,0.11717
-233.9,281.92,-16.471,-0.56002,0.40507,-0.051112
-177.69,304.62,-104.89,-0.44039,0.45374,-0.22143
-102.95,284.97,-197.06,-0.28225,0.42129,-0.39984
-19.113,240.81,-266.53,-0.10788,0.34223,-0.52353
70.766,188.15,-300.48,0.086756,0.23882,-0.58435
169.14,120.66,-292.1,0.27329,0.10298,-0.56407
252.37,41.774,-253.77,0.43954,-0.053144,-0.48297
303.01,-44.213,-205.03,0.53281,-0.22953,-0.38565
311.34,-140.49,-143.46,0.54294,-0.42417,-0.25994
278.76,-230.41,-66.695,0.47401,-0.60867,-0.10586
227.36,-289.77,16.556,0.36656,-0.72628,0.058375
169,-309.16,107.1,0.23882,-0.77088,0.23274
96.268,-285.97,199.76,0.086756,-0.7283,0.40913
15.022,-239.42,268.88,-0.081525,-0.64112,0.53484
-75.471,-185.8,300.77,-0.264,-0.53771,0.59161
-175.38,-119.18,289.07,-0.46675,-0.40796,0.56525
-258.67,-41.736,248.19,-0.62895,-0.24981,0.47807
-307.46,44.605,198.63,-0.72222,-0.075444,0.37872
-313.12,141.66,137.39,-0.7283,0.12123,0.25099
-278.56,231.09,60.811,-0.65328,0.30167,0.10095
-226.29,288.69,-23.006,-0.54785,0.41927,-0.06125
-167.43,305.87,-114.32,-0.42215,0.45779,-0.23967
-93.801,281.83,-206.26,-0.26198,0.41521,-0.41404
-10.762,235.66,-273.23,-0.089638,0.33006,-0.53569
79.707,182.51,-303.66,0.094869,0.22868,-0.58637
178.24,112.92,-291.54,0.28951,0.088788,-0.55799
258.59,31.418,-250.63,0.44968,-0.075444,-0.47486
305.35,-54.876,-201.37,0.53686,-0.25184,-0.37551
311.03,-149.5,-137.51,0.54294,-0.44243,-0.24576
276.83,-235.34,-56.009,0.46996,-0.61476,-0.085581
225.21,-290.29,28.728,0.3625,-0.7283,0.080675
164.82,-306.92,117.78,0.23274,-0.76682,0.25301
85.392,-282.38,205.68,0.062425,-0.72222,0.41724
0.065812,-236.97,268.12,-0.10991,-0.63909,0.53484
-87.573,-184.65,297.28,-0.29036,-0.53569,0.58147
-183.54,-112.51,285.04,-0.48297,-0.39174,0.55511
-261.22,-29.186,244.37,-0.63301,-0.22548,0.46996
-305.76,56.235,197.21,-0.72019,-0.051112,0.37669
-309.04,151.3,133.19,-0.72019,0.1415,0.2449
-273.89,235.92,51.729,-0.6472,0.31181,0.084731
-223.78,288.77,-32.749,-0.54177,0.42129,-0.077469
-163.25,302.64,-124.04,-0.41201,0.45374,-0.25589
-85.332,276.07,-213.48,-0.24576,0.40711,-0.4262
-0.80705,230.4,-275.8,-0.071387,0.31789,-0.54177
89.544,176.97,-302.44,0.11109,0.21652,-0.58637
187.52,105.92,-286.91,0.30776,0.072563,-0.54988
265.6,25.284,-244.36,0.46184,-0.089638,-0.4627
308.56,-61.458,-194.13,0.54294,-0.264,-0.36335
307.9,-158.67,-130.2,0.53484,-0.46067,-0.23156
270.06,-244.19,-51.857,0.45779,-0.63301,-0.077469
217.71,-296.42,32.22,0.34628,-0.74249,0.086756
155.48,-306.92,125.76,0.21246,-0.76682,0.26517
79.235,-276.75,215.68,0.052288,-0.71614,0.43752
-3.6143,-228.41,277.37,-0.12005,-0.6249,0.55106
-94.674,-174.08,301.43,-0.30658,-0.51744,0.59161
-193.61,-105.08,283.13,-0.50325,-0.37754,0.54903
-271.67,-25.931,239.04,-0.65328,-0.21534,0.45982
-312.67,61.731,187.96,-0.73033,-0.040975,0.35642
-308.64,160.29,123.82,-0.72019,0.15772,0.22666
-269.5,244.56,45.996,-0.63504,0.33006,0.072563
-215.98,295.04,-37.962,-0.52555,0.43346,-0.089638
-154.64,304.03,-132.06,-0.39376,0.45576,-0.27211
-76.816,272.94,-221.35,-0.22751,0.39899,-0.44039
7.8978,224.58,-281.2,-0.053144,0.30978,-0.54988
99.075,170.15,-303.92,0.13339,0.20232,-0.5884
195.98,97.801,-285.43,0.32398,0.0604,-0.54785
270.93,15.494,-241.9,0.47198,-0.10586,-0.46067
310.47,-71.696,-191.02,0.54497,-0.28428,-0.35727
306.51,-167.71,-122.86,0.53078,-0.47689,-0.21737
267.53,-248.13,-40.297,0.44968,-0.64314,-0.053144
216.51,-296.49,42.882,0.34223,-0.74249,0.10703
151.75,-305.64,134.13,0.20435,-0.76277,0.28342
68.195,-274.03,219.53,0.029988,-0.706,0.44562
-17.863,-226.29,275.67,-0.14641,-0.61476,0.547
-106.8,-171.7,297.09,-0.33091,-0.5073,0.57944
-200.59,-96.561,278.65,-0.51744,-0.35929,0.54092
-272.78,-13.381,236.51,-0.65531,-0.19507,0.45374
-310.74,72.819,187.42,-0.73033,-0.0207,0.35642
-304.2,169.37,118.37,-0.71006,0.17799,0.21652
-264.5,248.54,36.206,-0.62287,0.33817,0.056344
-215.17,294.59,-47.139,-0.52353,0.43549,-0.10788
-150.56,300.73,-140.67,-0.38362,0.44968,-0.28833
-69.007,268.1,-227.11,-0.21129,0.39088,-0.45053
17.004,219.98,-283,-0.034894,0.30776,-0.55596
109.41,163.88,-301.21,0.15366,0.18813,-0.58435
204.78,90.158,-279.58,0.34425,0.04215,-0.53366
276.85,9.5728,-235.67,0.48415,-0.11802,-0.44445
312.87,-78.207,-184.22,0.55106,-0.29644,-0.34308
302.75,-176.89,-116.26,0.52673,-0.49716,-0.20521
260.08,-257.24,-36.759,0.43346,-0.65937,-0.049087
208.68,-302.08,47.058,0.326,-0.75466,0.11717
143.33,-304.56,142.65,0.18813,-0.76074,0.29964
64.232,-269.03,228.96,0.021875,-0.69789,0.46387
-20.599,-218.5,284.4,-0.15654,-0.60463,0.55917
-114.87,-161.08,299.71,-0.3451,-0.49311,0.58553
-210.97,-88.894,274.87,-0.53771,-0.34713,0.53484
-282.52,-9.8658,229.74,-0.67559,-0.1829,0.43954
-316.57,78.693,178.2,-0.74047,-0.0065062,0.33614
-303.52,178.17,110.3,-0.70803,0.19421,0.20232
-259.12,257.56,30.922,-0.61273,0.35439,0.044181
-207.86,300.37,-53.225,-0.50528,0.44766,-0.12005
-142.4,301.36,-148.91,-0.36943,0.45171,-0.30455
-61.93,265.55,-234.28,-0.19912,0.38683,-0.46473
24.081,215.64,-288.02,-0.022731,0.29356,-0.56407
118.54,156.92,-302.41,0.16989,0.17597,-0.58435
212.83,80.792,-276.93,0.35844,0.025931,-0.52961
281.12,-1.0193,-232.49,0.49023,-0.14033,-0.43634
314.2,-88.587,-180.71,0.55308,-0.31874,-0.33294
301.65,-185,-108.31,0.52267,-0.51541,-0.18898
257.6,-260.44,-24.893,0.42738,-0.66748,-0.024756
206.79,-301.75,58.146,0.32195,-0.75061,0.13744
138.28,-302.6,150.71,0.17597,-0.75871,0.31586
53.074,-266.65,231.51,-0.000425,-0.69383,0.46793
-32.749,-218.03,282.23,-0.17884,-0.60259,0.55917
-125.29,-158.49,295.96,-0.36538,-0.485,0.57944
-216.94,-79.104,270.29,-0.54785,-0.32686,0.52267
-282.5,3.1326,227.52,-0.67761,-0.16263,0.43549
-314.02,90.063,176.99,-0.73236,0.015794,0.33209
-299.34,186.43,103.72,-0.69992,0.21044,0.19016
-255.02,260.46,21.085,-0.60665,0.36047,0.025931
-205.17,299.48,-62.992,-0.49919,0.4436,-0.14235
-137.11,297.16,-157.97,-0.35321,0.44562,-0.32078
-54.287,260.65,-239.47,-0.1829,0.37466,-0.47486
32.102,211.79,-289.32,-0.0044813,0.28545,-0.5661
128.09,151.02,-299.65,0.19421,0.16786,-0.57826
221.01,73.526,-270.97,0.37466,0.015794,-0.51744
286.05,-7.3888,-225.86,0.50037,-0.15452,-0.4262
314.9,-96.514,-172.81,0.55106,-0.33496,-0.31874
297.31,-194.18,-101.77,0.51253,-0.53163,-0.17479
250.69,-269.27,-22.274,0.41521,-0.67964,-0.018675
197.97,-306.73,63.43,0.3037,-0.76277,0.14758
129.72,-299.96,160.58,0.15975,-0.75466,0.33614
49.983,-260.7,241.8,-0.0085375,-0.68369,0.48821
-35.674,-210.29,290.46,-0.18493,-0.58637,0.57539
-133.17,-149,298.11,-0.3816,-0.46675,0.58349
-226.8,-73.324,266.68,-0.56812,-0.31266,0.51862
-291.04,7.4732,219.81,-0.69181,-0.15046,0.42129
-317.39,97.919,165.86,-0.73844,0.034044,0.30978
-297.41,195.39,95.466,-0.69586,0.23071,0.16786
-250.11,269.14,17.098,-0.59449,0.37872,0.015794
-197.06,304.83,-69.856,-0.48094,0.45374,-0.15654
-128.12,296.24,-167.36,-0.33496,0.44157,-0.34105
-47.068,256.71,-246.93,-0.16668,0.36858,-0.48702
39.132,207.36,-293.92,0.0097125,0.27531,-0.57218
136.28,144.7,-300.85,0.20638,0.15366,-0.58029
227.67,65.199,-269.36,0.38683,-0.0044813,-0.51541
289.31,-17.91,-223.01,0.50848,-0.17682,-0.42012
314.72,-107.6,-167.52,0.54903,-0.35727,-0.30861
295.18,-201.66,-92.055,0.50848,-0.54785,-0.15654
249.04,-271.41,-10.172,0.41116,-0.69181,0.0036313
195.94,-306.19,74.47,0.29964,-0.76074,0.16786
122.64,-297.25,168.48,0.14352,-0.75061,0.34831
37.551,-257.45,243.64,-0.034894,-0.67964,0.49226
-47.304,-209.51,287.75,-0.20926,-0.58435,0.56931
-142.18,-145.82,294.19,-0.39984,-0.45864,0.57539
-231.03,-63.652,263.08,-0.57624,-0.29441,0.51253
-290.26,19.528,218.75,-0.68978,-0.12816,0.41724
-313.74,109.5,163.38,-0.73236,0.056344,0.30573
-292.53,202.75,87.327,-0.68369,0.2449,0.15164
-247.04,270.77,6.3881,-0.5884,0.38277,-0.0044813
-194.44,303.42,-79.67,-0.47486,0.45171,-0.17074
-121.73,291.81,-175.85,-0.32078,0.43346,-0.35929
-38.929,251.33,-251.64,-0.14843,0.35844,-0.52555
47.435,202.66,-294.65,0.01985,0.26721,-0.57421
145.43,138.4,-297.13,0.22462,0.14352,-0.57218
234.81,59.231,-263.63,0.39899,-0.0207,-0.50528
293.39,-23.359,-217.13,0.51253,-0.18493,-0.40796
313.46,-116.38,-159.5,0.54903,-0.37551,-0.29036
289.38,-210.62,-85.615,0.49429,-0.56407,-0.14033
241.92,-279.08,-7.1764,0.39697,-0.70397,0.0097125
186.88,-309.77,80.651,0.2814,-0.76885,0.18205
115.16,-294.13,178.2,0.12934,-0.74452,0.36858
35.098,-250.98,254.13,-0.040975,-0.66342,0.51051
-51.385,-200.55,295.58,-0.21939,-0.56812,0.58349
-150.96,-136.52,294.69,-0.41606,-0.44243,0.57741
-240.34,-59.854,259.37,-0.59246,-0.28631,0.50037
-298.35,22.689,211.7,-0.706,-0.12005,0.40711
-315.41,117.55,153.03,-0.73236,0.072563,0.28545
-288.78,211.53,79.306,-0.67559,0.26113,0.13947
-241.05,278.29,1.0094,-0.57826,0.39899,-0.014619
-185.97,307.38,-87.313,-0.46067,0.45779,-0.18898
-113.73,290.75,-184.53,-0.30455,0.43346,-0.37146
-31.994,247.34,-258.93,-0.13424,0.35236,-0.51136
55.197,197.26,-298.68,0.04215,0.25707,-0.58232
153.92,131.25,-297.06,0.24085,0.12528,-0.57218
240.57,51.281,-262.02,0.41319,-0.032869,-0.49919
296.39,-32.442,-215.17,0.52064,-0.20521,-0.40593
313.18,-126.05,-154.59,0.547,-0.39376,-0.28225
286.67,-216.87,-75.518,0.49023,-0.57624,-0.12411
239.84,-280.05,5.5388,0.39291,-0.706,0.036069
184.28,-308.36,91.833,0.27329,-0.76479,0.20232
107.28,-292.01,184.64,0.11109,-0.73844,0.37872
22.43,-248.86,254.68,-0.063281,-0.66342,0.50848
-63.227,-199.49,292.45,-0.23967,-0.5661,0.57539
-159.62,-131.71,290.16,-0.43634,-0.43229,0.56322
-243.41,-49.639,255.6,-0.59854,-0.26806,0.49429
-297.22,33.494,211.22,-0.70397,-0.099775,0.40507
-311.87,127.71,150.55,-0.7283,0.092837,0.2814
-283.87,217.5,71.167,-0.66748,0.27126,0.12123
-237.99,278.88,-9.5119,-0.57016,0.39697,-0.034894
-182.71,304.78,-97.622,-0.45053,0.45374,-0.20723
-106.99,286.26,-191.94,-0.29239,0.42535,-0.38971
-24.209,243.19,-262.57,-0.11802,0.34628,-0.51947
63.878,192.33,-298.92,0.062425,0.24693,-0.58029
163.24,124.48,-292.76,0.26113,0.11311,-0.56407
247.32,45.949,-255.91,0.42535,-0.047056,-0.48702
300.18,-37.514,-209.09,0.52673,-0.21534,-0.39376
311.34,-134.23,-147.37,0.54294,-0.41201,-0.26806
280.65,-225.11,-70.941,0.47807,-0.59449,-0.11397
232.12,-286.65,9.0538,0.37669,-0.72019,0.040125
174.47,-309.7,99.452,0.24896,-0.76682,0.22057
100.8,-287.93,194.12,0.096894,-0.73236,0.39697
21.038,-242.61,264.77,-0.067331,-0.6472,0.52673
-68.016,-190.26,299.4,-0.24778,-0.54988,0.58755
-168.89,-123.03,289.85,-0.45459,-0.41404,0.56322
-253.04,-46.856,251.04,-0.61881,-0.25994,0.48617
-304.68,36.961,203.37,-0.71816,-0.091663,0.38886
-313.36,134.81,141.35,-0.7283,0.10703,0.26315
-280.76,225.28,65.624,-0.65937,0.28951,0.15366
-231.19,285.44,-15.056,-0.55596,0.41319,-0.047056
-173.14,306.51,-106.35,-0.43026,0.45779,-0.22345
-99.014,284.21,-200.15,-0.27414,0.41927,-0.4039
-17.792,239.41,-269.1,-0.10586,0.33817,-0.52758
71.734,187.26,-302.46,0.07865,0.24085,-0.5884
171.43,117.17,-292.41,0.27937,0.096894,-0.56204
252.77,37.669,-253.79,0.43752,-0.063281,-0.48297
302.47,-46.714,-206.59,0.53281,-0.23359,-0.38565
311.39,-142.37,-142.3,0.54294,-0.4262,-0.25792
279.42,-229.47,-61.836,0.47604,-0.60259,-0.099775
230.28,-286.91,20.707,0.37264,-0.72019,0.064456
170.84,-307.39,110.14,0.2449,-0.76682,0.23679
91.526,-285.12,199.5,0.076619,-0.72628,0.40711
7.9922,-241.29,264,-0.099775,-0.64518,0.52673
-79.34,-189.65,296.05,-0.27617,-0.54583,0.58349
-176.44,-117.41,285.86,-0.46878,-0.40187,0.55714
-255.21,-36.098,247.67,-0.62287,-0.23967,0.47604
-303,47.695,202.61,-0.71411,-0.067331,0.38886
-309.8,143.76,138.31,-0.72019,0.12528,0.25504
-276.98,229.72,58.146,-0.65126,0.29964,0.098925
-228.86,285.46,-24.445,-0.54988,0.41116,-0.063281
-169.22,303.16,-116.09,-0.42215,0.45374,-0.2417
-91.654,279.14,-206.89,-0.25792,0.41116,-0.41606
-9.6299,235.33,-271.63,-0.089638,0.32803,-0.53366
80.651,182.33,-301.68,0.094869,0.22666,-0.58435
179.87,110.92,-288.33,0.29356,0.0827,-0.55596
259.28,32.691,-248.11,0.44766,-0.069363,-0.47284
305.8,-52.376,-199.75,0.53889,-0.24576,-0.37349
308.94,-150.51,-135.41,0.53686,-0.44445,-0.2417
273.81,-237.47,-58.769,0.4659,-0.61476,-0.093694
223.09,-293.09,23.774,0.35844,-0.73236,0.070537
160.95,-307.46,117.81,0.22666,-0.76682,0.25301
85.676,-279.95,208.75,0.062425,-0.71816,0.42535
5.9398,-233.95,273.22,-0.099775,-0.63301,0.54294
-85.119,-179.81,301.27,-0.28833,-0.52758,0.58958
-185.52,-110.27,285.01,-0.48702,-0.38971,0.55511
-265.02,-33.763,243.21,-0.64314,-0.23562,0.47198
-309.87,52.507,193.6,-0.73033,-0.059225,0.36858
-310.2,151.45,129.39,-0.72222,0.1415,0.23882
-273.96,237.39,53.758,-0.6472,0.31586,0.088788
-222.65,291.81,-29.328,-0.53771,0.42738,-0.073419
-159.95,304.43,-124.09,-0.40187,0.45374,-0.25792
-83.728,276.24,-214.37,-0.24373,0.40711,-0.4262
-2.1517,230.52,-277.08,-0.071387,0.32195,-0.5438
89.19,176.22,-303.87,0.11311,0.21246,-0.5884
187.63,103.93,-287.64,0.30978,0.072563,-0.55394
264.23,24.104,-246.31,0.45982,-0.089638,-0.46675
307.54,-62.26,-196.61,0.54092,-0.26603,-0.36741
308.06,-158.58,-129.3,0.53484,-0.46067,-0.23156
272.61,-240.82,-49.215,0.46387,-0.6249,-0.071387
221.96,-293.12,34.296,0.35642,-0.73438,0.086756
157.41,-305.83,126.32,0.21652,-0.76479,0.26721
75.862,-277.36,212.73,0.046206,-0.71411,0.42941
-7.8134,-232.23,271.43,-0.12613,-0.62692,0.54092
-96.726,-178.16,297.05,-0.31063,-0.52555,0.58147
-192.01,-103.71,281.29,-0.49716,-0.37349,0.54294
-266.2,-22.557,241.02,-0.64518,-0.21534,0.4659
-307.74,63.383,192.73,-0.72628,-0.03895,0.36858
-306.02,159.91,125.19,-0.71411,0.15772,0.22666
-270.02,240.99,45.69,-0.63706,0.32195,0.070537
-220.79,291.34,-38.151,-0.53569,0.42333,-0.089638
-156.34,301.27,-132.32,-0.39376,0.45171,-0.27211
-76.886,271.64,-219.89,-0.23156,0.39899,-0.43634
6.5768,226.04,-278.8,-0.055169,0.31384,-0.54583
98.768,170.39,-301.66,0.13542,0.20232,-0.58435
195.47,97.848,-282.95,0.326,0.0604,-0.54177
270.06,19.457,-241.08,0.47198,-0.1018,-0.45864
310.16,-68.394,-189.79,0.54903,-0.27617,-0.35321
304.83,-166.95,-123.03,0.53281,-0.47892,-0.22143
266.43,-249.12,-46.525,0.44766,-0.64314,-0.067331
214.6,-298.85,37.645,0.33817,-0.74249,0.098925
149.04,-305.41,133.71,0.20232,-0.76277,0.2814
72.182,-272.95,221.37,0.0381,-0.70803,0.44766
-10.314,-224.44,280.08,-0.13424,-0.61476,0.55308
-103.92,-167.52,300.18,-0.32482,-0.50325,0.58755
-201.07,-97.339,279.07,-0.51744,-0.36133,0.53889
-275.83,-20.623,235.88,-0.66342,-0.20521,0.45374
-314.04,68.455,183.76,-0.73641,-0.026781,0.35033
-305.71,167.82,117.36,-0.71208,0.17394,0.21449
-265.96,249.18,41.255,-0.62895,0.33817,0.064456
-214.18,297.28,-43.388,-0.51947,0.43954,-0.1018
-148.48,302.57,-139.54,-0.37957,0.45171,-0.28833
-70.493,269.75,-226.47,-0.21534,0.39697,-0.45053
13.89,221.23,-283.82,-0.03895,0.30167,-0.55596
107.78,163.55,-302.69,0.15366,0.18813,-0.58435
202.75,90.417,-281.53,0.34019,0.044181,-0.53974
274.59,10.422,-238.98,0.48009,-0.11802,-0.45459
311.67,-78.16,-186.68,0.54903,-0.29644,-0.34713
303.96,-174.41,-116.59,0.52673,-0.49311,-0.20521
264.59,-252.28,-35.792,0.4436,-0.64923,-0.049087
213.18,-298.5,48.355,0.33817,-0.74655,0.11717
145.36,-304.06,141.09,0.19016,-0.76074,0.29762
62.486,-271.25,223.89,0.017825,-0.70397,0.45171
-23.053,-223.41,277.98,-0.15857,-0.61071,0.55106
-114.87,-165.16,295.96,-0.3451,-0.49716,0.58147
-206.61,-89.578,275.22,-0.52961,-0.3451,0.53484
-276.13,-8.6626,234.11,-0.66545,-0.1829,0.44968
-311.8,79.235,183.13,-0.73033,-0.0065062,0.34628
-301.92,175.56,112.73,-0.70397,0.18813,0.20638
-261.81,252.32,32.243,-0.61881,0.34628,0.044181
-211.71,296.34,-52.682,-0.51339,0.43752,-0.12005
-144.52,299,-147.66,-0.36943,0.44766,-0.30253
-64.029,265.72,-231.22,-0.20521,0.38683,-0.46067
22.005,217.17,-285.17,-0.024756,0.29559,-0.55799
117.26,157.6,-299.82,0.16989,0.17799,-0.58029
210.37,83.977,-276.04,0.35236,0.032012,-0.52961
279.82,5.0198,-232.98,0.48821,-0.12816,-0.44039
313.46,-84.836,-179.6,0.55106,-0.30861,-0.32888
300.63,-182.71,-111.23,0.52267,-0.51136,-0.19709
257.58,-260.99,-33.244,0.42738,-0.66545,-0.03895
204.74,-303.61,52.932,0.31384,-0.75466,0.12934
137.39,-302.84,149.39,0.17597,-0.75871,0.31181
59.915,-266.67,232.95,0.015794,-0.69586,0.46793
-25.483,-215.79,286.41,-0.16466,-0.59651,0.56525
-122.2,-155.25,298.41,-0.36133,-0.47892,0.58553
-216.02,-83.515,271.76,-0.54785,-0.33496,0.5247
-285.05,-5.3128,226.98,-0.67964,-0.17682,0.43549
-316.61,85.275,173.29,-0.73844,0.0076813,0.32803
-301.49,183.51,105.77,-0.70194,0.20638,0.18813
-256.95,261.02,27.808,-0.61071,0.36047,0.0381
-203.78,301.74,-59.099,-0.49716,0.44766,-0.13221
-136.66,299.26,-155.42,-0.35321,0.44766,-0.32078
-57.896,263.34,-237.92,-0.19101,0.38277,-0.47284
28.893,212.85,-289.86,-0.010563,0.28951,-0.5661
125.24,151.26,-301.23,0.18813,0.16583,-0.58232
217.15,75.956,-274.36,0.36656,0.01985,-0.52353
283.39,-5.36,-229.87,0.49631,-0.14843,-0.43229
314.08,-94.815,-175.68,0.55106,-0.33091,-0.32482
299.83,-189.63,-103.87,0.51862,-0.52353,-0.17884
255.79,-263.61,-21.755,0.42333,-0.67356,-0.0207
202.68,-303.03,63.784,0.31384,-0.75263,0.14758
132.55,-300.48,156.59,0.16583,-0.75466,0.32803
49.228,-264.38,234.72,-0.010563,-0.68978,0.47401
-37.349,-215.24,283.79,-0.18898,-0.59854,0.56322
-131.33,-153.01,294.8,-0.37754,-0.47486,0.57539
-220.69,-74.834,268.15,-0.55596,-0.31874,0.51862
-284.58,7.426,224.93,-0.67964,-0.15046,0.42941
-313.62,96.173,172.02,-0.73033,0.029988,0.32195
-297.74,190.51,99.901,-0.69586,0.21854,0.17799
-253.58,263.19,18.278,-0.60259,0.37061,0.017825
-201.18,300.47,-68.512,-0.49311,0.44766,-0.15046
-131.92,295.23,-163.42,-0.34105,0.44157,-0.33294
-50.866,258.55,-242.59,-0.17276,0.37264,-0.48094
36.796,208.7,-290.66,0.0056562,0.27937,-0.5661
133.61,146.11,-298.33,0.20232,0.15772,-0.57421
224.27,70.177,-269.08,0.38277,0.0036313,-0.51541
287.8,-11.541,-223.29,0.50037,-0.16668,-0.42417
314.2,-102.36,-168.13,0.54903,-0.34713,-0.30861
295.68,-197.88,-98.495,0.51051,-0.54177,-0.17276
249.06,-271.79,-19.396,0.41116,-0.68775,-0.014619
194.05,-307.41,68.738,0.29559,-0.76479,0.15569
125.28,-298.02,165.46,0.14758,-0.75061,0.34019
46.964,-258.58,244.68,-0.014619,-0.68167,0.49429
-40.345,-207.01,291.64,-0.19709,-0.58029,0.57336
-138.17,-144.66,296.74,-0.39376,-0.45864,0.57944
-229.63,-70.753,265.15,-0.57421,-0.31063,0.51456
-292.6,11.295,217.43,-0.69181,-0.14033,0.41724
-316.42,103.32,161.57,-0.73641,0.044181,0.3037
-295.88,198.58,92.8,-0.69181,0.23679,0.1638
-248.51,271.45,13.701,-0.59246,0.38277,0.0076813
-193.33,305.42,-74.975,-0.47486,0.45576,-0.16263
-124.26,294.8,-171.67,-0.32686,0.43954,-0.34916
-44.213,254.82,-249.69,-0.1606,0.36656,-0.49514
43.732,203.93,-294.86,0.017825,0.26923,-0.57421
140.69,140.62,-299.51,0.21449,0.14556,-0.57826
230,62.934,-268.09,0.39291,-0.012594,-0.51136
290.65,-21.425,-220.81,0.50848,-0.18088,-0.41606
313.58,-112.27,-163.7,0.55106,-0.36741,-0.30049
294.03,-204.42,-89.767,0.50443,-0.55191,-0.15452
247.36,-273.49,-7.1293,0.40913,-0.69383,0.0097125
192.21,-306.56,79.306,0.29356,-0.76479,0.17799
119.13,-296.04,172.02,0.13744,-0.74857,0.35844
34.815,-255.87,245.88,-0.040975,-0.67153,0.49226
-51.692,-206.19,288.65,-0.21939,-0.57826,0.56727
-146.03,-142.14,293.13,-0.40796,-0.45661,0.57133
-233.08,-61.788,262.06,-0.58029,-0.29036,0.51051
-291.54,22.901,216.48,-0.69383,-0.12005,0.41319
-312.77,113.65,160.01,-0.73033,0.066481,0.30167
-291.49,205.11,85.463,-0.67964,0.24896,0.14556
-245.46,272.63,3.3213,-0.58637,0.38683,-0.012594
-190.9,303.67,-84.459,-0.47081,0.45374,-0.18088
-118.88,290.79,-179.01,-0.31672,0.43346,-0.36133
-36.499,249.98,-253.86,-0.14235,0.35642,-0.50528
51.8,199.31,-295.36,0.034044,0.26113,-0.57624
148.87,135.38,-296.07,0.23071,0.13542,-0.57016
236.73,57.792,-262.76,0.40711,-0.0207,-0.50122
294.55,-26.757,-214.87,0.51862,-0.19304,-0.40593
312.66,-120.06,-156.74,0.547,-0.3816,-0.28631
288.41,-212.79,-84.294,0.49023,-0.57016,-0.14235
239.96,-280.59,-3.921,0.39291,-0.70803,0.0097125
183.25,-309.7,85.204,0.26923,-0.77088,0.19016
112.95,-293.26,180.98,0.12325,-0.74249,0.37466
32.833,-249.47,256.19,-0.047056,-0.65937,0.51051
-55.702,-197.13,296.01,-0.22751,-0.56204,0.58349
-154.05,-133.98,293.6,-0.42417,-0.43634,0.56931
-242,-58.674,258.52,-0.59449,-0.28631,0.50037
-299.39,25.921,209.29,-0.706,-0.11599,0.40305
-314.77,120.57,150.88,-0.73438,0.07865,0.28342
-288.05,213.42,78.245,-0.67356,0.26315,0.13744
-239.05,279.8,-2.3404,-0.57016,0.40102,-0.018675
-182.62,307.17,-91.63,-0.45256,0.45982,-0.19507
-111.78,290.18,-186.96,-0.30253,0.42941,-0.37754
-29.682,245.9,-260.92,-0.13019,0.35033,-0.51541
59.349,193.91,-299.04,0.054319,0.25301,-0.58029
156.52,129.06,-296.21,0.24896,0.12123,-0.5661
242.01,50.125,-261.2,0.41521,-0.03895,-0.49514
297.28,-35.556,-212.81,0.52267,-0.21129,-0.40187
312.83,-128.46,-152.8,0.55106,-0.39782,-0.27819
286.24,-218.48,-74.669,0.48821,-0.58029,-0.12208
237.72,-281.42,8.8179,0.38683,-0.71006,0.04215
181.19,-308.07,95.607,0.26721,-0.76682,0.21246
105.52,-291.39,186.71,0.10703,-0.73844,0.3848
19.905,-247.49,256.38,-0.071387,-0.65734,0.51253
-67.049,-196.33,292.82,-0.24778,-0.56002,0.57741
-161.84,-129.89,289.54,-0.44243,-0.42823,0.56727
-244.87,-48.625,254.72,-0.60259,-0.26198,0.48821
-297.93,36.395,208.91,-0.70397,-0.093694,0.39899
-311.61,129.6,149.3,-0.7283,0.096894,0.27734
-283.54,218.94,70.483,-0.66545,0.27531,0.1192
-236.03,280.13,-12.673,-0.5661,0.39899,-0.043006
-179.86,304.48,-101.14,-0.44648,0.45576,-0.21331
-105.53,285.77,-193.87,-0.28833,0.42535,-0.38971
-21.614,241.73,-264.17,-0.11397,0.34019,-0.51947
67.511,189.5,-299.04,0.068513,0.23882,-0.58232
165.08,123.11,-292.31,0.26517,0.11311,-0.56204
248.87,44.699,-255.02,0.42941,-0.047056,-0.48906
300.82,-40.321,-206.92,0.52876,-0.22345,-0.38971
311.25,-135.84,-146.55,0.54497,-0.41201,-0.26603
280.41,-226.54,-70.399,0.47807,-0.59246,-0.10991
230.03,-287.74,12.215,0.37466,-0.72019,0.048238
171.88,-309.3,102.61,0.24693,-0.76885,0.2226
99.547,-287.38,195.96,0.092837,-0.73033,0.39899
18.372,-240.89,266.31,-0.073419,-0.6472,0.53078
-71.295,-187.71,299.43,-0.25792,-0.54583,0.58755
-170.52,-122.09,289.5,-0.45864,-0.41404,0.56322
-254.64,-45.417,249.86,-0.62084,-0.25792,0.48212
-305.27,39.58,201.39,-0.71816,-0.087606,0.38277
-313.43,136.18,141,-0.73033,0.10906,0.26113
-280.52,226.79,64.987,-0.65937,0.29356,0.11109
-229.12,286.5,-18.24,-0.55191,0.41521,-0.053144
-170.94,306.2,-109.16,-0.42823,0.45576,-0.22953
-97.787,283.74,-201.87,-0.27008,0.41927,-0.40593
-14.891,237.53,-270.4,-0.097744,0.33411,-0.53163
74.777,184.83,-302.48,0.084731,0.23476,-0.5884
172.89,116.41,-292.15,0.27937,0.096894,-0.56204
254.25,35.9,-252.64,0.43954,-0.065306,-0.48094
302.99,-49.097,-204.63,0.53281,-0.23562,-0.38362
311.6,-143.51,-142.04,0.54294,-0.42823,-0.25589
279.07,-230.96,-60.845,0.47401,-0.60463,-0.095719
228.21,-287.88,23.774,0.36656,-0.72424,0.072563
168.9,-307.22,112.4,0.24085,-0.76885,0.24085
90.323,-284.65,201.06,0.074594,-0.72424,0.41116
4.9255,-239.38,265.25,-0.1018,-0.64314,0.52876
-82.029,-187.53,296.13,-0.28225,-0.5438,0.58147
-177.69,-116.75,285.72,-0.47081,-0.40187,0.55714
-256.6,-34.164,246.35,-0.62692,-0.23359,0.47604
-303.43,49.865,200.94,-0.71614,-0.065306,0.38277
-309.98,144.7,138.31,-0.72222,0.12731,0.25504
-276.53,231.18,56.966,-0.64923,0.30167,0.094869
-226.83,286.36,-27.511,-0.54785,0.41521,-0.069363
-167.66,302.99,-118.08,-0.42012,0.45374,-0.24576
-90.616,278.65,-208.36,-0.25589,0.40711,-0.41606
-6.4215,233.23,-272.71,-0.083556,0.326,-0.53569
83.01,180.56,-301.66,0.098925,0.2226,-0.58435
180.98,110.49,-288.28,0.29559,0.084731,-0.55394
260.62,30.663,-246.69,0.45171,-0.075444,-0.46675
306.15,-54.357,-198.31,0.53889,-0.24981,-0.36943
309.17,-151.29,-135.7,0.53889,-0.44445,-0.24576
273.15,-238.95,-57.448,0.46184,-0.62287,-0.089638
220.99,-293.87,26.676,0.35236,-0.74047,0.076619
159.89,-307.44,119.43,0.22462,-0.76682,0.25504
84.685,-279.48,210.23,0.062425,-0.71614,0.42738
2.7551,-231.78,274.21,-0.10788,-0.62895,0.54294
-87.125,-178.35,301.17,-0.29036,-0.52353,0.58755
-186.53,-110.15,285.01,-0.48906,-0.39174,0.55308
-266.39,-31.711,241.75,-0.6472,-0.22953,0.46793
-310.24,54.182,192.47,-0.7283,-0.057194,0.36452
-310.48,152.15,129.86,-0.72222,0.14352,0.23882
-273.18,238.94,52.224,-0.64314,0.31789,0.084731
-220.74,292.56,-32.017,-0.53569,0.42941,-0.0795
-159.26,304.48,-125.39,-0.40187,0.45779,-0.25792
-82.454,275.58,-215.83,-0.23967,0.40507,-0.43026
1.0331,228.26,-277.95,-0.067331,0.31586,-0.54583
90.795,175.06,-303.73,0.11717,0.21449,-0.5884
188.51,103.77,-287.57,0.30978,0.072563,-0.55191
265.48,21.911,-244.83,0.46184,-0.095719,-0.46473
307.9,-63.652,-195.76,0.53889,-0.26806,-0.36741
308.42,-159.34,-129.66,0.53686,-0.4627,-0.23156
271.64,-242.28,-47.398,0.45982,-0.63098,-0.067331
220.26,-293.75,36.725,0.35033,-0.73641,0.092837
156.92,-306,127.38,0.21652,-0.76277,0.27126
74.376,-276.65,214.05,0.040125,-0.71006,0.43346
-10.904,-229.97,272.25,-0.13424,-0.62287,0.54092
-98,-177.26,297.02,-0.31266,-0.52149,0.58147
-192.81,-103.43,281.1,-0.50325,-0.37551,0.547
-267.19,-20.363,239.51,-0.6472,-0.20723,0.46387
-308.1,64.35,192.33,-0.72628,-0.03895,0.36656
-306.35,160.6,125.57,-0.71614,0.15975,0.22868
-268.98,242.48,43.732,-0.63504,0.32398,0.068513
-219.23,291.83,-40.345,-0.53163,0.42535,-0.091663
-155.96,301.41,-133.29,-0.39579,0.45171,-0.27617
-75.306,270.74,-221.24,-0.22751,0.39494,-0.44039
9.502,223.84,-279.34,-0.049087,0.30573,-0.54785
99.853,169.75,-301.54,0.13744,0.2003,-0.58435
196.41,97.353,-282.6,0.326,0.058375,-0.54177
271.03,17.334,-239.52,0.47198,-0.10383,-0.45459
310.47,-69.054,-189.55,0.54497,-0.27819,-0.35321
305.07,-167.69,-123.29,0.53078,-0.47689,-0.21939
265.15,-250.58,-44.449,0.44562,-0.64518,-0.06125
213.18,-299.3,39.58,0.33817,-0.74655,0.098925
148.83,-305.53,134.6,0.2003,-0.76479,0.28342
70.483,-271.93,222.69,0.036069,-0.70397,0.44968
-12.933,-222.42,280.6,-0.14033,-0.61071,0.55308
-104.7,-167.21,300.11,-0.32686,-0.50122,0.58755
-201.99,-96.726,278.5,-0.51947,-0.36133,0.53889
-276.53,-18.665,234.44,-0.66545,-0.20318,0.45171
-314.35,68.856,183.91,-0.73641,-0.028813,0.34831
-305.81,168.57,117.52,-0.71411,0.17597,0.21449
-264.55,250.53,39.037,-0.62287,0.34223,0.058375
-212.96,297.56,-44.945,-0.51947,0.43752,-0.10383
-148.37,302.64,-140.25,-0.37957,0.45171,-0.28833
-68.677,268.62,-227.68,-0.21331,0.39291,-0.45459
16.107,219.43,-284.06,-0.03895,0.29964,-0.55394
108.25,163.38,-302.58,0.15164,0.19219,-0.58435
203.58,89.474,-280.8,0.34223,0.04215,-0.53771
275.08,8.7943,-237.63,0.48415,-0.12005,-0.44851
311.95,-78.16,-187.1,0.54903,-0.29644,-0.34916
303.98,-175.21,-116.45,0.52876,-0.49311,-0.20521
263.08,-253.37,-33.551,0.44157,-0.65126,-0.040975
212.36,-298.73,49.488,0.33411,-0.74452,0.12123
145.36,-304.18,141.54,0.19219,-0.76074,0.29762
60.528,-270,224.93,0.013769,-0.70397,0.45576
-24.751,-221.94,278.1,-0.16466,-0.61273,0.55308
-114.96,-165.26,295.84,-0.3451,-0.50122,0.57944
-207.41,-88.516,274.26,-0.53163,-0.3451,0.53281
-276.32,-7.3416,233,-0.66342,-0.17884,0.44968
-312.01,78.834,183.88,-0.73033,-0.0044813,0.34831
-301.85,176.17,112.5,-0.706,0.19219,0.20638
-260.4,253.19,30.12,-0.61881,0.34628,0.040125
-211.21,296.5,-53.367,-0.51541,0.43752,-0.12005
-144.61,299.03,-147.89,-0.36741,0.4436,-0.30253
-62.095,264.37,-232.06,-0.19912,0.38683,-0.46067
23.161,216.15,-285.1,-0.024756,0.29356,-0.55799
116.98,158.05,-299.82,0.16989,0.18002,-0.58232
210.92,82.939,-275.21,0.35439,0.027962,-0.52555
279.8,4.147,-232.14,0.48821,-0.13019,-0.43837
313.63,-83.963,-180.71,0.55511,-0.30861,-0.33496
300.44,-183.16,-110.93,0.51862,-0.50933,-0.19709
256.26,-261.6,-31.451,0.42738,-0.66951,-0.03895
204.64,-303.71,53.097,0.31992,-0.75466,0.12731
137.67,-302.53,149.42,0.17597,-0.75669,0.31181
58.122,-265.33,233.54,0.0076813,-0.69181,0.46996
-25.978,-215.13,286.15,-0.16668,-0.59651,0.56525
-121.5,-156.03,298.41,-0.35929,-0.48094,0.58147
-216.42,-82.548,270.86,-0.54785,-0.33091,0.5247
-284.86,-4.9826,226.51,-0.68167,-0.17276,0.43143
-316.78,84.166,174.66,-0.73844,0.0036313,0.33006
-301.28,183.79,105.42,-0.70397,0.20638,0.19219
-255.73,261.31,26.251,-0.60867,0.3625,0.036069
-203.99,301.67,-58.863,-0.49919,0.44968,-0.13221
-136.92,299.26,-155.4,-0.35524,0.4436,-0.31874
-56.197,261.97,-238.25,-0.18493,0.37872,-0.47081
28.87,212.62,-289.51,-0.0085375,0.28951,-0.56407
124.22,152.22,-301.23,0.18407,0.16989,-0.58232
217.29,75.131,-273.44,0.36858,0.015794,-0.52353
283.01,-5.1477,-229.73,0.49226,-0.15046,-0.43431
314.24,-93.4,-177.24,0.55308,-0.32888,-0.32482
299.57,-189.77,-103.52,0.52064,-0.52149,-0.18088
254.82,-263.56,-20.717,0.42333,-0.67153,-0.018675
203.13,-302.84,63.1,0.31181,-0.75669,0.14556
132.69,-300.31,156.35,0.1638,-0.75466,0.32803
47.789,-263.13,234.79,-0.014619,-0.68572,0.47198
-36.688,-215.32,283.25,-0.18696,-0.59651,0.56119
-130.04,-154.17,294.76,-0.37349,-0.47689,0.57539
-220.46,-74.126,267.32,-0.55394,-0.31469,0.51862
-283.89,6.6004,225.26,-0.67559,-0.15249,0.43143
-313.64,94.38,173.76,-0.73236,0.025931,0.32803
-297.41,190.32,99.618,-0.69383,0.22057,0.17597
-252.85,262.84,17.617,-0.60259,0.36858,0.015794
-201.99,300.16,-67.356,-0.49514,0.44562,-0.14641
-132.09,294.97,-162.92,-0.34308,0.43752,-0.33091
-49.686,257.34,-242.26,-0.17074,0.37061,-0.47892
35.569,209.29,-290.03,0.0036313,0.27937,-0.5661
132.15,147.27,-298.21,0.2003,0.15975,-0.57624
223.63,69.752,-268.3,0.38074,0.0016,-0.51339
286.88,-10.007,-224.04,0.49834,-0.1606,-0.42417
314.29,-100.17,-170.02,0.55106,-0.34308,-0.31469
295.39,-197.32,-98.448,0.50848,-0.53569,-0.16668
248.73,-271.08,-19.373,0.41116,-0.68775,-0.014619
195.14,-307.04,67.134,0.29762,-0.76277,0.15569
125.5,-297.84,164.63,0.14758,-0.75061,0.33817
46.327,-257.85,243.87,-0.016644,-0.67761,0.49023
-38.41,-208.05,290.89,-0.19101,-0.58637,0.57336
-136.45,-145.82,296.6,-0.38971,-0.45864,0.57944
-228.6,-70.706,264.68,-0.57218,-0.30861,0.51253
-291.47,9.1482,218.65,-0.69383,-0.14843,0.41927
-316.57,100.8,163.62,-0.73641,0.0381,0.30573
-295.76,197.71,92.871,-0.68978,0.23476,0.16583
-248.6,270.44,14.338,-0.59449,0.38277,0.0097125
-194.72,304.97,-72.852,-0.47892,0.45576,-0.15857
-124.56,294.47,-170.45,-0.32888,0.43752,-0.34713
-44.213,254.47,-248.41,-0.1606,0.36656,-0.49311
41.326,205.3,-293.97,0.013769,0.27329,-0.57218
138.71,141.82,-299.34,0.21044,0.14556,-0.57826
228.59,63.383,-267.9,0.38886,-0.010563,-0.51136
289.38,-18.712,-222.35,0.50645,-0.17479,-0.41809
314.01,-109.68,-165.73,0.54903,-0.36133,-0.30455
293.93,-203.19,-90.144,0.50645,-0.54988,-0.15046
247.84,-272.22,-8.5683,0.40711,-0.68978,0.0056562
194,-306.12,76.758,0.29356,-0.76277,0.17394
119.65,-295.78,170.6,0.13947,-0.74655,0.35033
35.569,-255.82,244.34,-0.036919,-0.67559,0.49226
-48.814,-207.91,287.56,-0.21331,-0.58435,0.56727
-143.84,-143.51,292.8,-0.40187,-0.45459,0.57336
-231.24,-62.803,262.16,-0.57421,-0.29036,0.50848
-290.1,19.67,218.4,-0.68978,-0.12613,0.41724
-312.96,110.73,162.16,-0.73033,0.058375,0.30573
-291.61,203.49,86.171,-0.68167,0.24693,0.15164
-246.36,271.07,5.4445,-0.59043,0.3848,-0.0065062
-192.93,303.13,-81.369,-0.47486,0.45171,-0.17682
-119.54,290.46,-177.15,-0.31874,0.43346,-0.35929
-37.891,250.31,-251.81,-0.14843,0.35642,-0.49716
48.261,201.48,-294.23,0.027962,0.26517,-0.57624
146.3,136.8,-295.9,0.2226,0.13744,-0.57016
234.37,59.301,-263.16,0.40102,-0.016644,-0.49919
292.94,-22.888,-217.16,0.51456,-0.1829,-0.40998
312.83,-116.78,-158.77,0.54497,-0.37551,-0.28833
288.84,-210.64,-85.355,0.49226,-0.5661,-0.14235
241.56,-279.01,-6.8462,0.39494,-0.70397,0.011738
185.72,-309.35,81.618,0.27734,-0.77088,0.18407
113.77,-293.07,178.72,0.12325,-0.74249,0.36656
35.003,-250.42,253.64,-0.040975,-0.66545,0.50848
-51.503,-199.79,294.8,-0.21939,-0.5661,0.57944
-150.91,-135.53,293.6,-0.41809,-0.44039,0.56931
-239.19,-60.821,259.4,-0.59246,-0.29036,0.50443
-297.58,21.651,212,-0.70397,-0.12208,0.40507
-314.8,117.07,152.81,-0.73236,0.070537,0.28545
-288.66,210.8,79.707,-0.67559,0.26517,0.13542
-241.12,277.84,1.4105,-0.57421,0.39494,-0.016644
-185.28,306.79,-87.549,-0.45864,0.45576,-0.18898
-112.96,289.99,-184.22,-0.30455,0.43143,-0.37146
-32.56,247.18,-257.97,-0.13627,0.35033,-0.51136
54.583,196.86,-297.79,0.04215,0.25301,-0.58029
152.96,130.97,-296.25,0.24085,0.12123,-0.57016
238.78,53.097,-262.54,0.40711,-0.030838,-0.49919
295.35,-30.814,-215.83,0.51862,-0.19912,-0.40593
312.64,-124.85,-154.95,0.547,-0.38971,-0.28225
287.07,-215.53,-76.768,0.49023,-0.57421,-0.12613
240.33,-279.25,4.5009,0.39291,-0.706,0.029988
184.05,-307.72,91.267,0.27329,-0.76479,0.2003
107.28,-291.51,183.6,0.11311,-0.73844,0.37872
23.68,-249.12,253.24,-0.06125,-0.66139,0.50645
-61.977,-199.46,291.31,-0.23764,-0.5661,0.57336
-157.73,-132.3,289.54,-0.43026,-0.43229,0.56525
-241.1,-52.352,256.56,-0.59449,-0.27211,0.49631
-295.83,31.394,212.12,-0.70397,-0.1018,0.40507
-311.54,125.59,151.59,-0.72628,0.090812,0.28545
-284.67,215.52,73.196,-0.66748,0.26923,0.12731
-238.88,277.77,-7.6954,-0.57421,0.39697,-0.032869
-182.93,304.15,-96.231,-0.45661,0.45374,-0.20318
-107.65,286.1,-190.17,-0.29441,0.42535,-0.3816
-26.143,243.78,-260.7,-0.12005,0.34831,-0.51339
61.896,192.78,-297.62,0.056344,0.24693,-0.58029
160.46,125.78,-292.46,0.25707,0.11311,-0.56204
244.44,49.205,-257.47,0.42129,-0.03895,-0.48906
298.65,-34.73,-210.48,0.5247,-0.20926,-0.39579
311.2,-131.43,-148.96,0.54294,-0.4039,-0.27414
281.9,-222.58,-73.371,0.48415,-0.5884,-0.12005
233.42,-285.33,6.6711,0.37872,-0.71411,0.04215
175.2,-309.28,97.141,0.25504,-0.76885,0.21449
102.28,-287.71,191.46,0.098925,-0.73236,0.39291
23.656,-243.6,262.49,-0.065306,-0.65126,0.5247
-65.28,-191.09,297.99,-0.24576,-0.54988,0.58755
-165.28,-124.99,289.85,-0.45053,-0.41606,0.56525
-249.62,-50.677,253.05,-0.61679,-0.27008,0.48821
-303.03,33.517,205.21,-0.71411,-0.099775,0.39291
-313.38,131.32,143.5,-0.7283,0.10095,0.26721
-282.22,222.31,68.502,-0.66139,0.2814,0.11717
-232.73,283.91,-12.178,-0.56002,0.41116,-0.040975
-174.57,306.27,-103.26,-0.43431,0.46184,-0.21939
-101.4,285.09,-196.77,-0.27819,0.42129,-0.39579
-21.048,240.74,-266.48,-0.11397,0.34019,-0.52353
68.431,188.32,-300.93,0.072563,0.24085,-0.58637
166.99,120.09,-292.72,0.26721,0.10298,-0.56204
248.97,42.246,-256.15,0.42738,-0.053144,-0.48702
300.66,-42.751,-208.71,0.52673,-0.22345,-0.39376
311.53,-138.27,-145.18,0.547,-0.42012,-0.264
281.05,-226.17,-65.374,0.48009,-0.59651,-0.10586
232.05,-285.1,17.594,0.37466,-0.71816,0.058375
172.89,-307.18,106.44,0.24693,-0.76479,0.23274
95.088,-286.44,195.58,0.084731,-0.73033,0.39899
11.979,-242.87,261.19,-0.085581,-0.64923,0.52064
-75.471,-191.06,294.36,-0.264,-0.54988,0.58147
-171.3,-121.21,286.34,-0.45661,-0.37957,0.55917
-251.01,-41.194,250.2,-0.61881,-0.24981,0.48212
-301,43.236,205,-0.71006,-0.0795,0.39088
-310.24,138.94,141.77,-0.72628,0.11514,0.26315
-278.89,225.99,62.085,-0.65734,0.29154,0.10703
-230.84,283.43,-20.717,-0.55191,0.41116,-0.059225
-171.93,303.06,-111.59,-0.4262,0.45171,-0.23562
-95.971,280.93,-202.15,-0.26806,0.41319,-0.4039
-14.159,237.39,-268.56,-0.099775,0.33209,-0.52758
75.909,184.26,-300.19,0.084731,0.23274,-0.58435
173.95,115.31,-289.3,0.2814,0.092837,-0.55799
254.68,38.188,-250.84,0.43954,-0.059225,-0.47892
303.67,-47.233,-202.72,0.53484,-0.23359,-0.37957
309.64,-144.99,-139.38,0.54092,-0.43229,-0.25386
276.17,-233.22,-63.015,0.46793,-0.61071,-0.097744
225.31,-290.88,19.67,0.36047,-0.72628,0.062425
164.11,-307.63,112.57,0.23071,-0.76682,0.24287
90.748,-282.45,203.58,0.076619,-0.72019,0.41319
11.295,-236.5,270.13,-0.089638,-0.63909,0.53686
-79.458,-182.48,300.16,-0.27617,-0.53163,0.58958
-178.84,-115.29,286.64,-0.47486,-0.39782,0.55917
-260.16,-39.543,246.26,-0.63301,-0.24576,0.47401
-307.74,46.704,196.98,-0.72424,-0.073419,0.37466
-311.45,145.05,133.99,-0.72628,0.12731,0.24896
-276.72,232.86,58.452,-0.64923,0.30573,0.096894
-224.96,289.47,-24.964,-0.54583,0.41927,-0.065306
-163.46,304.52,-118.52,-0.40998,0.45576,-0.24778
-89.413,278.93,-208.85,-0.25589,0.40913,-0.41606
-8.1673,233.49,-273.82,-0.085581,0.326,-0.53771
82.727,179.59,-302.86,0.10298,0.2226,-0.58637
180.46,109.9,-289.6,0.29559,0.0827,-0.55596
259.16,30.403,-249.52,0.45171,-0.077469,-0.47081
305.3,-56.032,-200.31,0.53889,-0.25184,-0.37551
310.78,-151.74,-134.78,0.53686,-0.44648,-0.2417
275.7,-236.19,-54.499,0.46996,-0.61679,-0.081525
224.34,-290.71,29.861,0.35844,-0.7283,0.0827
161.4,-305.83,120.78,0.22666,-0.76277,0.25909
82.255,-280.17,207.19,0.054319,-0.71614,0.41927
-1.3732,-235.53,268.12,-0.11397,-0.63504,0.53686
-89.625,-182.29,296.22,-0.29644,-0.52961,0.58147
-184.44,-110.48,283.53,-0.485,-0.38768,0.55511
-261.08,-29.163,244.04,-0.63504,-0.22548,0.47198
-305.53,56.659,196.64,-0.72222,-0.053144,0.37466
-307.81,152.55,131.3,-0.71614,0.1415,0.24287
-273.25,236.06,51.328,-0.64314,0.30978,0.084731
-223.34,288.77,-33.362,-0.53974,0.42129,-0.081525
-160.59,301.5,-126.14,-0.40796,0.44968,-0.25994
-83.374,274.59,-213.99,-0.2417,0.40305,-0.4262
-0.3588,229.55,-275.45,-0.069363,0.31992,-0.53974
90.7,175.11,-301.33,0.11717,0.21246,-0.58435
187.4,105,-285.8,0.30776,0.072563,-0.54988
264.75,26.298,-244.52,0.46184,-0.085581,-0.4627
308.04,-61.128,-193.97,0.54092,-0.26198,-0.36133
307,-159,-129.14,0.53281,-0.4627,-0.23156
270.11,-243.74,-52.352,0.45779,-0.63098,-0.083556
217.52,-296.21,32.314,0.34628,-0.74047,0.086756
153.29,-305.74,127.01,0.20841,-0.76277,0.26721
78.551,-275.94,215.28,0.052288,-0.71208,0.43549
-3.1189,-228.15,276.66,-0.12005,-0.62084,0.54903
-94.909,-172.83,300.35,-0.30658,-0.51136,0.58755
-192.53,-105.1,282.56,-0.50122,-0.37754,0.54903
-270.33,-27.747,239.77,-0.65531,-0.22143,0.46387
-311.94,60.74,188.25,-0.73236,-0.043006,0.35844
-308.17,159.58,123.7,-0.72019,0.15569,0.22666
-270.19,243.47,47.412,-0.63504,0.326,0.074594
-217.34,294.64,-37.561,-0.52758,0.43143,-0.089638
-153.06,303.18,-132.39,-0.38971,0.45576,-0.27211
-77.051,272.61,-220.32,-0.22953,0.40102,-0.44039
6.6004,224.86,-280.19,-0.057194,0.30978,-0.54988
98.273,169.61,-302.93,0.13136,0.20232,-0.58637
194.03,98.933,-285.26,0.32195,0.0604,-0.54583
269.11,18.113,-243.1,0.46996,-0.099775,-0.46067
309.55,-70.069,-191.68,0.54497,-0.28022,-0.35727
306.43,-166.06,-123.62,0.53484,-0.47486,-0.22143
268.9,-246.55,-42.539,0.45171,-0.63706,-0.06125
216.74,-295.81,42.128,0.34425,-0.74047,0.10703
151,-304.77,133.66,0.20435,-0.76277,0.2814
69.469,-274.15,217.88,0.032012,-0.706,0.44157
-16.07,-226.9,274.33,-0.14641,-0.61679,0.54497
-105.01,-171.96,296.34,-0.3228,-0.50933,0.58147
-197.88,-98.731,279.19,-0.51339,-0.36335,0.54092
-270.78,-16.66,238.09,-0.65531,-0.19709,0.45779
-309.68,70.672,188.22,-0.72628,-0.022731,0.35642
-304.35,166.94,119.95,-0.71006,0.17191,0.21854
-266.34,246.44,39.202,-0.63098,0.33209,0.058375
-215.74,293.72,-45.912,-0.52149,0.43143,-0.10383
-150.51,300.18,-139.4,-0.38565,0.45171,-0.28631
-70.965,268.62,-225.03,-0.21737,0.39291,-0.44445
14.55,220.85,-281.46,-0.040975,0.3037,-0.54988
106.08,164.66,-300.55,0.14961,0.19016,-0.58232
201.25,93.177,-280.64,0.33614,0.046206,-0.53569
274.49,13.418,-237.7,0.48009,-0.10991,-0.44851
311.91,-75.636,-185.38,0.547,-0.29239,-0.3451
303.3,-173.87,-118.31,0.5247,-0.49108,-0.20926
262.42,-254.71,-40.203,0.44157,-0.65531,-0.055169
209.34,-301.04,45.336,0.32803,-0.75061,0.11311
143.76,-304.18,140.45,0.19016,-0.76479,0.29559
66.756,-270.07,226.39,0.029988,-0.70397,0.45779
-17.934,-219.51,282.73,-0.14843,-0.60665,0.55917
-111.47,-162.43,299.19,-0.34308,-0.49311,0.58553
-206.75,-92.716,276.47,-0.52961,-0.34916,0.53686
-279.95,-14.372,232.2,-0.67153,-0.19709,0.44562
-315.55,75.532,179.57,-0.74047,-0.0207,0.33817
-304.3,174.52,112.99,-0.71006,0.18813,0.20638
-261.74,254.75,34.767,-0.62084,0.35033,0.048238
-208.9,299.19,-51.078,-0.5073,0.43954,-0.11599
-143.58,301.36,-146.05,-0.37146,0.44968,-0.30049
-65.067,266.97,-231.29,-0.20723,0.39291,-0.45864
21.156,216.63,-286.2,-0.024756,0.29356,-0.55799
114.62,158.78,-301.87,0.16178,0.18205,-0.58435
208.18,85.51,-278.94,0.35033,0.032012,-0.53163
278.43,4.0054,-235.23,0.48415,-0.13221,-0.44445
313.21,-84.907,-182.55,0.55106,-0.33699,-0.33699
302.73,-180.83,-111.89,0.5247,-0.50528,-0.19709
260.32,-257.54,-29.021,0.43549,-0.66139,-0.034894
207.92,-300.29,55.716,0.32195,-0.75061,0.13339
140.33,-302.74,147.11,0.18002,-0.76074,0.30978
56.801,-268.28,228.23,0.0056562,-0.69586,0.45982
-29.729,-219.07,280.2,-0.17479,-0.60259,0.55714
-120.86,-160.8,295.49,-0.35727,-0.48906,0.57539
-211.94,-84.506,272.56,-0.53974,-0.33699,0.52876
-279.69,-2.2697,230.4,-0.66951,-0.16871,0.43954
-312.93,85.723,179.28,-0.73438,0.0076813,0.33614
-300.74,181.64,108.09,-0.70194,0.20435,0.19421
-257.85,257.27,25.449,-0.61071,0.35844,0.034044
-206.54,298.06,-60.066,-0.50122,0.43954,-0.13424
-139.8,297.73,-153.63,-0.36133,0.44562,-0.31469
-58.509,262.63,-235.65,-0.19101,0.37872,-0.46675
28.492,213.02,-287.13,-0.012594,0.28748,-0.56407
122.88,153.99,-299.34,0.18002,0.17394,-0.57826
215.56,79.235,-273.54,0.36656,0.023906,-0.52353
283.25,-1.562,-229.07,0.49429,-0.14438,-0.43431
314.38,-91.229,-175.85,0.55308,-0.32482,-0.3228
299.22,-188.78,-106.63,0.51862,-0.51947,-0.18493
253.45,-265.8,-26.733,0.42129,-0.67761,-0.028813
199.59,-305.08,59.986,0.30776,-0.76074,0.13947
133.16,-301.04,155.29,0.16178,-0.75466,0.32195
54.536,-263.27,237.48,-0.000425,-0.68775,0.47807
-31.64,-211.89,288.2,-0.17682,-0.5884,0.57336
-127.3,-152.35,298.11,-0.37146,-0.47284,0.58147
-221.02,-79.245,269.49,-0.55799,-0.32482,0.52267
-288.19,1.3633,223.07,-0.68775,-0.16263,0.42738
-317.27,91.691,169.63,-0.73844,0.021875,0.31992
-300.01,189.54,101.1,-0.69992,0.21854,0.18407
-252.97,265.65,21.297,-0.60057,0.37061,0.021875
-198.87,304.1,-65.988,-0.48906,0.45171,-0.14641
-132.32,297.64,-161.39,-0.34916,0.44562,-0.33091
-52.258,259.77,-242.4,-0.18088,0.37466,-0.48094
34.72,209.2,-291.47,0.0036313,0.27937,-0.56812
129.86,148.69,-301.04,0.19219,0.15975,-0.58029
221.84,71.592,-272.26,0.37669,0.023906,-0.51947
286.41,-11.729,-226.26,0.50037,-0.16466,-0.42417
314.79,-101,-171.98,0.55308,-0.3451,-0.31672
298.25,-195.57,-98.755,0.51456,-0.53771,-0.17074
251.92,-267.95,-15.197,0.41724,-0.68167,-0.0065062
198.13,-304.39,70.153,0.3037,-0.76074,0.16178
127.83,-298.92,162.27,0.15569,-0.75466,0.33411
43.26,-260.73,238.97,-0.016644,-0.68369,0.48212
-42.515,-211.85,285.42,-0.20115,-0.5884,0.56322
-135.58,-150.56,294.78,-0.38768,-0.47081,0.57539
-225.22,-70.352,266.1,-0.5661,-0.30658,0.51456
-287.31,13.465,221.67,-0.68369,-0.13627,0.42333
-314.09,102.31,168.41,-0.73438,0.040125,0.31586
-296.02,196.36,94.593,-0.69181,0.23071,0.16786
-249.97,267.37,11.554,-0.59449,0.37466,0.0036313
-196.96,301.86,-74.716,-0.48297,0.44968,-0.16263
-127.25,293.53,-169.17,-0.33294,0.43752,-0.34308
-44.827,254.7,-246.9,-0.16263,0.36656,-0.49108
41.939,205.54,-292.31,0.013769,0.27126,-0.57016
138.14,143.76,-298.21,0.21044,0.14961,-0.57826
228.96,65.86,-267.03,0.39291,-0.0044813,-0.50933
290.58,-17.415,-220.22,0.50645,-0.17479,-0.41404
314.31,-108.71,-164.53,0.55106,-0.36133,-0.30049
293.46,-203.94,-93.14,0.50443,-0.55191,-0.1606
245.1,-275.78,-12.626,0.40305,-0.69586,0.0016
189.97,-308.66,74.895,0.28748,-0.76682,0.16989
120.8,-296.28,171.43,0.13947,-0.74857,0.35236
40.877,-254.52,249.18,-0.0207,-0.67153,0.50037
-45.393,-203.87,293.22,-0.20521,-0.57421,0.57741
-142.92,-142.28,296.34,-0.39984,-0.45459,0.57741
-234.38,-66.53,263.03,-0.57826,-0.30253,0.51051
-295.43,16.909,214.57,-0.69992,-0.13221,0.41319
-316.38,109.79,158.1,-0.73641,0.058375,0.29559
-293.23,204.78,86.879,-0.68369,0.24693,0.15164
-244.33,275.18,6.6711,-0.58232,0.39088,-0.0044813
-189.48,306.48,-81.038,-0.46675,0.45576,-0.17884
-119.63,292.87,-177.5,-0.32078,0.43752,-0.36133
-37.915,250.62,-254.03,-0.15046,0.35844,-0.50528
48.686,200.84,-296.44,0.032012,0.26315,-0.57624
145.52,137.81,-298.99,0.22666,0.13542,-0.57624
234.74,58.216,-265.87,0.40102,-0.018675,-0.5073
293.51,-26.78,-218.08,0.51456,-0.19304,-0.40998
314.01,-118.5,-160.04,0.55106,-0.37754,-0.29239
291.1,-210.5,-83.209,0.50037,-0.5661,-0.13424
243.14,-276.98,-0.05214,0.39697,-0.70194,0.023906
188.39,-307.63,85.204,0.2814,-0.76277,0.19016
113.91,-294.39,177.82,0.12325,-0.74452,0.36656
28.256,-251.88,250.12,-0.053144,-0.66748,0.50239
-56.575,-203.24,290.18,-0.22751,-0.57421,0.56931
-151.03,-138.93,292.23,-0.41809,-0.44648,0.56931
-237.61,-56.882,259.49,-0.59043,-0.28225,0.49834
-294.3,27.997,214.1,-0.69789,-0.11194,0.40913
-312.91,119.88,156.4,-0.73033,0.076619,0.29154
-288.28,211.32,78.693,-0.67559,0.26113,0.13744
-241.29,275.98,-3.7794,-0.57624,0.39494,-0.018675
-187.17,304.43,-90.404,-0.4627,0.45374,-0.19304
-113.69,288.81,-184.86,-0.30658,0.42941,-0.37349
-29.988,246.07,-257.92,-0.13019,0.35033,-0.50933
56.636,196.46,-296.82,0.046206,0.25504,-0.57826
154.42,131.87,-295.12,0.2449,0.12934,-0.57016
241.49,52.861,-260.09,0.41319,-0.028813,-0.49514
297.31,-31.663,-212.39,0.5247,-0.20115,-0.4039
312.54,-126.31,-153.13,0.54497,-0.39579,-0.28022
284.92,-219.04,-77.665,0.48617,-0.58232,-0.12816
235.55,-283.85,3.3685,0.3848,-0.71614,0.029988
179.45,-310.06,91.526,0.26315,-0.76682,0.20435
107.59,-290.92,187,0.11109,-0.73844,0.38074
26.723,-245.61,260.2,-0.057194,-0.65734,0.52064
-60.467,-194.56,297.49,-0.23359,-0.55799,0.58349
-159.9,-130.37,292.47,-0.43837,-0.42823,0.56931
-247.09,-53.626,255.48,-0.60665,-0.27617,0.49226
-302.06,30.851,206.93,-0.71006,-0.10383,0.39697
-314.8,126.86,147.29,-0.73236,0.090812,0.27531
-284.55,219.57,71.71,-0.66748,0.2814,0.12325
-234.4,282.77,-9.6062,-0.56204,0.40507,-0.03895
-178.58,307.12,-98.165,-0.44243,0.45982,-0.21129
-106.02,287.56,-193.02,-0.28833,0.42738,-0.38971
-23.643,242.27,-264.57,-0.12005,0.34425,-0.51947
63.972,191.57,-300.62,0.064456,0.24896,-0.58435
162.51,124.93,-295,0.26113,0.11109,-0.56812
247.03,44.723,-258.06,0.42333,-0.047056,-0.48906
299.92,-40.297,-210.55,0.52673,-0.21939,-0.39579
312.78,-134.57,-148.79,0.547,-0.40998,-0.27008
282.77,-224.19,-67.804,0.48009,-0.59246,-0.10788
233.3,-284.22,15.612,0.37872,-0.71411,0.054319
176.73,-308.07,102.14,0.25707,-0.76682,0.2226
99.028,-288.56,192.71,0.092837,-0.73438,0.39494
14.008,-244.12,259.84,-0.083556,-0.65126,0.51862
-71.484,-194.2,294.29,-0.25792,-0.55596,0.58147
-167.73,-125.34,288.2,-0.45256,-0.41606,0.56119
-249.64,-43.034,251.59,-0.61273,-0.25184,0.48617
-300.55,41.09,206.72,-0.71208,-0.083556,0.39291
-311.52,135.88,145.05,-0.72628,0.10906,0.27126
-280.12,224.58,63.76,-0.65531,0.28951,0.10906
-231.76,282.66,-19.184,-0.55596,0.40913,-0.051112
-175.35,303.98,-107.79,-0.43229,0.45171,-0.22751
-99.014,282.66,-199.86,-0.27414,0.41724,-0.39984
-15.952,238.47,-267.45,-0.1018,0.33411,-0.52555
72.111,187.33,-300.48,0.080675,0.23882,-0.58637
171.26,118.54,-290.92,0.27531,0.098925,-0.55799
253.76,39.32,-251.79,0.43752,-0.059225,-0.47892
303.37,-45.204,-204.35,0.53281,-0.23156,-0.38362
310.82,-142.26,-142.16,0.54294,-0.4262,-0.25589
276.97,-232.23,-64.006,0.46996,-0.60665,-0.099775
226.02,-290.33,18.466,0.36452,-0.7283,0.058375
167.18,-308.59,109.41,0.23679,-0.76885,0.23882
92.894,-283.78,201.91,0.07865,-0.72628,0.41319
12.805,-237.75,269.28,-0.087606,-0.63706,0.53686
-76.084,-185.43,300.61,-0.27008,-0.53771,0.58958
-176.89,-117.63,287.94,-0.47081,-0.4039,0.55917
-259.55,-40.038,246.73,-0.63301,-0.24778,0.47604
-307.67,44.935,198.53,-0.72019,-0.075444,0.37669
-312.7,142.86,136.42,-0.7283,0.12528,0.25301
-277.15,232.27,58.712,-0.64923,0.30573,0.098925
-225.62,288.95,-23.949,-0.5438,0.41927,-0.063281
-166.13,305.35,-115.86,-0.41809,0.46184,-0.2417
-90.852,279.82,-207.77,-0.25589,0.41116,-0.41606
-9.4175,234.37,-273.21,-0.087606,0.32803,-0.53366
79.754,182.44,-303.54,0.090812,0.22666,-0.59043
179.16,111.63,-290.59,0.29154,0.084731,-0.55799
258.88,30.498,-249.64,0.44968,-0.077469,-0.47284
305.33,-54.428,-201.7,0.53686,-0.24981,-0.37754
310.56,-150.13,-136.85,0.54294,-0.44243,-0.24778
275.7,-235.91,-54.381,0.46793,-0.61679,-0.085581
224.98,-290.36,28.964,0.35844,-0.73033,0.07865
163.78,-306.49,118.65,0.23274,-0.76682,0.25301
83.01,-280.66,206.65,0.058375,-0.71816,0.42129
-0.38243,-236.22,267.7,-0.11397,-0.63706,0.53078
-87.007,-184.88,296.81,-0.28833,-0.53771,0.58349
-183.63,-111.68,284.19,-0.485,-0.38971,0.55308
-261.03,-28.88,243.87,-0.63504,-0.22345,0.47401
-305.69,55.315,197.97,-0.72019,-0.053144,0.37669
-308.71,151.49,132.74,-0.72019,0.1415,0.24287
-273.07,236.09,50.785,-0.64314,0.31181,0.084731
-223.9,288.53,-32.465,-0.53974,0.42129,-0.081525
-162.66,302.09,-124.33,-0.40998,0.45171,-0.25792
-83.586,274.71,-213.64,-0.24373,0.40305,-0.4262
-1.2789,230.26,-275.07,-0.071387,0.32195,-0.53974
88.365,177.56,-302.01,0.11311,0.21652,-0.58637
187.07,105.54,-286.3,0.30573,0.074594,-0.54988
264.77,25.756,-244.24,0.45982,-0.085581,-0.4627
308.2,-59.925,-195.17,0.54092,-0.25792,-0.36538
307.57,-158.37,-130.04,0.53686,-0.46067,-0.23156
269.61,-243.84,-51.503,0.45576,-0.63504,-0.077469
218.21,-295.97,31.394,0.34628,-0.73844,0.084731
155.15,-306.47,125.5,0.21246,-0.76479,0.26923
78.221,-275.8,215.23,0.050263,-0.71208,0.43752
-2.1753,-228.93,276.4,-0.11802,-0.62287,0.54903
-92.881,-175.07,301.17,-0.30658,-0.51947,0.58755
-192.6,-105.19,282.77,-0.50122,-0.37754,0.54903
-270.49,-27.087,239.39,-0.65126,-0.22143,0.45982
-312.15,59.75,189.38,-0.73033,-0.043006,0.3625
-308.52,159.28,124.03,-0.72019,0.15975,0.22666
-269.5,243.66,46.303,-0.63504,0.33006,0.074594
-218.08,294.5,-36.594,-0.52758,0.43143,-0.089638
-154.62,303.6,-131.26,-0.39579,0.45374,-0.27211
-76.462,272.23,-220.34,-0.22953,0.40102,-0.43837
5.586,225.73,-279.98,-0.059225,0.31384,-0.54988
96.716,171.52,-303.64,0.12934,0.20638,-0.58637
194.33,98.556,-285.31,0.32195,0.0604,-0.54583
269.28,17.452,-242.75,0.46793,-0.1018,-0.46067
309.83,-69.267,-192.64,0.547,-0.27617,-0.35929
306.53,-166.22,-123.52,0.53281,-0.47689,-0.21939
268.01,-246.81,-41.335,0.44968,-0.65734,-0.051112
217.55,-295.69,41.184,0.34628,-0.73844,0.10501
151.99,-305.05,133.02,0.20435,-0.76479,0.2814
68.643,-273.63,218.07,0.032012,-0.706,0.44157
-14.938,-227.77,274.16,-0.14235,-0.62287,0.54497
-103.83,-173.49,296.76,-0.32686,-0.51339,0.58147
-198.38,-98.071,278.95,-0.51136,-0.36538,0.54092
-270.97,-16.07,237.83,-0.65328,-0.19912,0.45982
-310.01,69.964,189.21,-0.7283,-0.024756,0.35844
-304.32,167.39,119.43,-0.71208,0.17394,0.22057
-265.47,246.7,37.976,-0.62692,0.33614,0.058375
-216.52,293.6,-44.898,-0.52353,0.42941,-0.10383
-151.1,300.32,-139.09,-0.38565,0.44766,-0.28833
-70.045,268.08,-225.08,-0.21737,0.39291,-0.44851
13.418,221.86,-281.35,-0.043006,0.30573,-0.55394
105.87,165.91,-301.07,0.14961,0.19421,-0.58029
201.95,92.257,-280.24,0.33817,0.048238,-0.53569
274.66,13.064,-237.56,0.47807,-0.10991,-0.45256
312.14,-74.905,-186.32,0.54903,-0.28833,-0.3451
302.97,-174.41,-117.53,0.52673,-0.49311,-0.20926
261.59,-254.9,-39.094,0.43549,-0.65531,-0.053144
210.28,-301.04,44.298,0.33006,-0.75061,0.11109
143.94,-304.18,140.38,0.19219,-0.76074,0.29559
65.93,-269.5,226.44,0.023906,-0.69992,0.45576
-16.565,-220.6,282.58,-0.14438,-0.60665,0.55917
-110.88,-163.3,299.5,-0.33902,-0.49514,0.58755
-207.46,-91.583,275.93,-0.52961,-0.34713,0.53484
-279.95,-14.23,232.2,-0.67153,-0.19304,0.44562
-315.79,74.777,180.46,-0.73844,-0.0207,0.34019
-303.78,175.08,111.93,-0.71006,0.18813,0.20435
-260.99,254.65,33.989,-0.61679,0.35033,0.052288
-209.82,299.03,-49.97,-0.51136,0.44562,-0.11397
-143.48,301.2,-146.08,-0.37146,0.45171,-0.29847
-65.233,266.45,-231.17,-0.20521,0.38886,-0.45864
19.551,217.88,-285.99,-0.028813,0.29964,-0.56002
114.17,159.4,-302.03,0.1638,0.18205,-0.58435
208.72,84.331,-278.23,0.34831,0.032012,-0.52758
278.32,4.1941,-235.44,0.48617,-0.13019,-0.44648
313.35,-84.105,-183.44,0.55106,-0.30861,-0.33902
302.12,-181.34,-110.69,0.52267,-0.5073,-0.19304
259.82,-257.28,-28.62,0.43346,-0.66139,-0.032869
208.98,-300.15,54.442,0.326,-0.74857,0.12934
140.08,-302.41,147.11,0.18002,-0.75669,0.30776
56.541,-267.92,227.95,0.0056562,-0.69789,0.45982
-27.936,-220.41,280.04,-0.16871,-0.60665,0.55511
-120.55,-161.29,295.54,-0.35727,-0.49108,0.57539
-212.34,-83.397,271.9,-0.53974,-0.33294,0.52876
-279.46,-2.7178,230.76,-0.66748,-0.16871,0.44157
-313.1,84.873,180.04,-0.73236,0.0056562,0.34223
-300.01,182.02,106.93,-0.70194,0.20435,0.19016
-257.57,256.8,25.543,-0.61071,0.35642,0.032012
-207.77,297.8,-58.533,-0.50325,0.44157,-0.13019
-139.38,297.26,-153.51,-0.36133,0.4436,-0.31266
-58.533,262.53,-235.2,-0.19101,0.38277,-0.46878
26.511,214.57,-286.94,-0.012594,0.29356,-0.56204
122.64,154.16,-299.34,0.18002,0.17191,-0.58029
215.8,78.268,-272.88,0.36452,0.017825,-0.52149
282.87,-0.68909,-229.68,0.49429,-0.14033,-0.43431
314.38,-90.404,-176.46,0.55308,-0.32078,-0.32482
298.48,-188.99,-105.55,0.51456,-0.52149,-0.1829
253.59,-265.14,-27.276,0.41927,-0.67559,-0.030838
200.99,-304.89,58.287,0.30776,-0.75871,0.13947
132.57,-300.55,155.13,0.16583,-0.75263,0.326
55.079,-263.42,236.7,0.0016,-0.68775,0.47604
-29.469,-213.5,287.96,-0.17276,-0.59449,0.56727
-126.99,-152.35,297.99,-0.36741,-0.47486,0.58147
-220.95,-78.396,268.9,-0.55596,-0.32482,0.52064
-287.71,0.065812,223.94,-0.68572,-0.16263,0.42738
-317.23,90.842,170.11,-0.73844,0.01985,0.31586
-299.16,189.4,100.11,-0.69789,0.21854,0.17597
-253.37,264.73,22.335,-0.60259,0.37061,0.027962
-200.34,302.83,-64.077,-0.49311,0.44968,-0.14235
-131.88,297.14,-160.99,-0.3451,0.4436,-0.32888
-53.343,260.2,-241.29,-0.18088,0.37466,-0.47892
32.408,210.99,-291.21,-0.0044813,0.28342,-0.56812
129.53,148.69,-300.88,0.19219,0.16178,-0.58435
221.56,71.167,-271.89,0.37669,0.013769,-0.51947
285.86,-10.149,-227.25,0.49834,-0.15857,-0.43026
314.6,-100.1,-172.4,0.55308,-0.34308,-0.31469
297.42,-195.22,-98,0.51456,-0.53569,-0.16871
252.6,-266.81,-16.66,0.41724,-0.67964,-0.0085375
199.43,-303.99,68.313,0.3037,-0.75871,0.15772
127.57,-298.45,161.61,0.15366,-0.75263,0.33614
44.864,-261.53,237.72,-0.016644,-0.68369,0.47807
-40.227,-213.57,284.99,-0.19304,-0.59651,0.56525
-135.01,-150.56,294.52,-0.38565,-0.46878,0.57539
-224.52,-70.375,265.91,-0.56407,-0.30861,0.51659
-286.61,11.531,222.85,-0.68369,-0.14235,0.43143
-313.83,101.25,168.83,-0.73236,0.040125,0.31789
-295.36,195.65,94.121,-0.69992,0.23274,0.16786
-250.8,266.02,13.512,-0.59651,0.37466,0.0097125
-198.24,301.27,-72.758,-0.48297,0.44766,-0.15857
-127.23,293.25,-168.21,-0.33294,0.43752,-0.34105
-47.021,255.83,-245.25,-0.16668,0.36858,-0.48702
39.415,207.26,-291.77,0.011738,0.27734,-0.57016
137.31,143.78,-297.91,0.21044,0.15164,-0.57421
227.76,66.402,-267.07,0.38886,-0.0044813,-0.50933
289.66,-15.126,-221.64,0.51051,-0.16668,-0.41809
314.08,-107.34,-164.93,0.55106,-0.35524,-0.30253
293.15,-202.67,-93.211,0.50239,-0.54988,-0.1606
246.4,-274.27,-15.103,0.40507,-0.69383,-0.0024563
191.24,-308,72.842,0.28748,-0.76479,0.16583
121.13,-296.09,169.7,0.13744,-0.74655,0.35033
43.708,-256.17,247.2,-0.018675,-0.67559,0.49429
-42.657,-205.76,292.61,-0.20115,-0.58029,0.57741
-141.76,-142.44,296.1,-0.40187,-0.45256,0.57741
-232.8,-67.568,263.52,-0.57826,-0.30658,0.51051
-294.34,14.291,216.22,-0.69789,-0.13829,0.41521
-316.12,108.09,158.57,-0.73438,0.054319,0.29559
-293.31,202.97,87.681,-0.68572,0.2449,0.15772
-246.05,273.5,9.8087,-0.58637,0.38886,0.0016
-190.71,305.87,-78.703,-0.46878,0.45576,-0.17074
-120.48,292.92,-175.35,-0.32078,0.43549,-0.35727
-41.312,252.67,-251.72,-0.15249,0.36452,-0.49919
45.902,202.75,-295.71,0.01985,0.26721,-0.58029
144.04,138.24,-298.92,0.22057,0.1415,-0.57826
232.79,60.056,-266.72,0.39899,-0.016644,-0.50933
292.33,-23.855,-219.87,0.51253,-0.18493,-0.41809
313.61,-116.57,-160.63,0.54903,-0.37349,-0.29441
291.6,-208.17,-84.883,0.50037,-0.55799,-0.14438
245.26,-275.19,-3.6379,0.40102,-0.69789,0.0097125
189.76,-306.94,82.75,0.28342,-0.76682,0.18205
115.49,-294.58,175.32,0.12934,-0.74655,0.3625
32.314,-254.1,247.72,-0.045031,-0.66748,0.49631
-53.555,-205.1,289.4,-0.22143,-0.57624,0.57133
-149.17,-139.75,292.26,-0.41606,-0.44648,0.57133
-235.41,-59.217,260.83,-0.58435,-0.28631,0.50443
-293,24.859,216.01,-0.69789,-0.11802,0.41521
-312.6,117.71,157.11,-0.7283,0.072563,0.29154
-289.22,208.58,81.028,-0.67964,0.25707,0.13947
-243.65,274.07,0.27815,-0.58029,0.39088,-0.016644
-188.52,303.79,-87.596,-0.46675,0.45171,-0.18696
-115.72,289.33,-181.96,-0.31063,0.42738,-0.36538
-34.447,248.61,-255.37,-0.14033,0.35642,-0.50325
53.593,198.34,-296.02,0.040125,0.25909,-0.57624
151.99,132.95,-295.19,0.23679,0.13339,-0.56812
238.82,55.692,-261.69,0.41116,-0.024756,-0.49716
295.91,-28.455,-214.3,0.52064,-0.19507,-0.4039
312.26,-123.85,-153.91,0.54903,-0.39174,-0.28225
286.38,-215.86,-80.448,0.48821,-0.57624,-0.13424
238.4,-281.98,-1.2317,0.39088,-0.70803,0.015794
180.93,-309.54,88.318,0.26721,-0.76885,0.19624
110.19,-291.84,183.48,0.11514,-0.73844,0.37872
31.488,-248.48,257.48,-0.049087,-0.66139,0.51253
-57.212,-196.47,296.67,-0.22953,-0.56204,0.58147
-157.07,-131.71,292.71,-0.42823,-0.42823,0.57133
-244.03,-56.929,257.53,-0.60259,-0.28225,0.49631
-300.6,27.502,208.89,-0.70803,-0.10586,0.40102
-314.35,124.22,148.14,-0.73033,0.086756,0.27531
-286.23,216.01,75.013,-0.67153,0.27126,0.12934
-237.58,280.74,-4.6523,-0.56812,0.40305,-0.0207
-180.38,306.84,-94.485,-0.44851,0.45779,-0.20115
-109.35,288.72,-189.04,-0.29644,0.43143,-0.37957
-28.667,245.26,-261.91,-0.12613,0.34831,-0.51541
60.693,193.46,-299.72,0.054319,0.25301,-0.58232
159.28,126.82,-295.38,0.25301,0.11717,-0.5661
243.78,48.615,-260.47,0.41927,-0.040975,-0.49514
298.37,-36.995,-212.46,0.5247,-0.21331,-0.39782
312.38,-131.71,-149.92,0.547,-0.40593,-0.27211
284.71,-220.6,-71.767,0.48821,-0.58435,-0.11599
236.49,-282.27,10.8,0.38277,-0.71411,0.046206
178.86,-307.77,98.367,0.26113,-0.76479,0.21652
103.27,-290.22,188.48,0.10095,-0.73641,0.3848
19.245,-247.19,257.15,-0.069363,-0.65937,0.51456
-68.134,-195.99,293.29,-0.25386,-0.56204,0.57741
-164.15,-127.82,288.84,-0.44648,-0.42215,0.56322
-246.31,-47.469,254.28,-0.60665,-0.26198,0.49429
-299.01,37.787,208.56,-0.70803,-0.089638,0.39697
-311.14,132.71,146.49,-0.72628,0.10298,0.27531
-282.29,220.73,68.03,-0.66342,0.27937,0.11717
-234.87,280.79,-14.395,-0.5661,0.40305,-0.045031
-177.69,303.96,-103.64,-0.44243,0.45374,-0.21737
-103.73,284.83,-195.43,-0.28631,0.42129,-0.39174
-21.284,241.58,-264.88,-0.11599,0.34223,-0.51947
68.572,189.14,-299.53,0.070537,0.24085,-0.58232
167.2,121.32,-291.7,0.26923,0.10703,-0.56002
250.1,43.85,-254.71,0.43143,-0.051112,-0.485
301.81,-41.784,-206.3,0.53078,-0.22345,-0.38768
310.75,-139.33,-143.88,0.54294,-0.41809,-0.26198
279.35,-228.13,-68.347,0.47604,-0.60057,-0.11194
228.92,-288.4,13.701,0.36858,-0.72424,0.050263
169.73,-308.73,104.83,0.24287,-0.76885,0.22868
98.108,-286.42,197.05,0.090812,-0.73033,0.40305
18.325,-241.01,266.8,-0.075444,-0.6472,0.53484
-72.404,-187.34,299.88,-0.26198,-0.5438,0.58958
-172.4,-120.62,289.03,-0.4627,-0.40998,0.56525
-255.77,-44.85,249.84,-0.62287,-0.25792,0.48212
-306.09,41.231,200.56,-0.71816,-0.083556,0.38277
-312.86,138.87,138.4,-0.7283,0.11514,0.25707
-279.69,228.14,63.383,-0.65531,0.29762,0.10906
-228.24,287.04,-19.585,-0.54785,0.41927,-0.057194
-169.01,305.56,-111.21,-0.42215,0.45779,-0.23359
-96.655,282.92,-202.81,-0.27008,0.41724,-0.40593
-14.938,237.67,-270.85,-0.097744,0.33817,-0.53163
75.862,184.38,-302.79,0.0827,0.23274,-0.5884
174.49,115.19,-291.89,0.2814,0.092837,-0.56002
255.2,35.522,-252.78,0.43752,-0.067331,-0.48094
303.75,-50.866,-203.76,0.53686,-0.2417,-0.3816
311.01,-145.89,-139.52,0.54497,-0.43431,-0.25386
278.43,-231.97,-59.429,0.47401,-0.60463,-0.093694
227.36,-288.45,24.93,0.36656,-0.72222,0.072563
166.97,-306.66,114.08,0.23476,-0.76885,0.24287
89.426,-283.94,201.69,0.072563,-0.72628,0.41116
5.0434,-239.54,265.43,-0.1018,-0.64112,0.52876
-83.138,-186.98,296.31,-0.28225,-0.53974,0.58147
-179.03,-115.72,285.68,-0.47689,-0.39782,0.55511
-257.57,-34.022,246.75,-0.62895,-0.23562,0.47604
-304.11,51.587,199.85,-0.71614,-0.06125,0.38277
-309.32,146.85,135.97,-0.72222,0.13136,0.25099
-275.94,232.05,55.904,-0.65126,0.3037,0.094869
-226.07,286.74,-28.573,-0.54583,0.41724,-0.071387
-166.06,302.52,-119.54,-0.41606,0.45171,-0.24778
-90.05,278.15,-208.78,-0.25589,0.41116,-0.41606
-6.5867,233.49,-273.04,-0.083556,0.326,-0.53569
84.26,179.75,-301.68,0.10298,0.22462,-0.58435
182.14,109.79,-288.07,0.29964,0.0827,-0.55394
261.45,30.686,-247.14,0.44968,-0.077469,-0.47081
306.77,-56.268,-197.1,0.54092,-0.25589,-0.36741
308.61,-153.37,-133.62,0.53484,-0.45053,-0.23967
272.79,-239.71,-56.693,0.45982,-0.6249,-0.087606
220.24,-294.16,27.643,0.35236,-0.73641,0.07865
158.52,-306.92,120.61,0.22057,-0.76479,0.25504
84.567,-279.29,210.49,0.064456,-0.71816,0.42941
2.8967,-232.11,274.54,-0.10788,-0.62895,0.54903
-88.516,-177.52,301.15,-0.29239,-0.52353,0.58958
-187.53,-109.63,284.99,-0.49108,-0.38768,0.55308
-267.12,-31.805,242.22,-0.64518,-0.22751,0.4659
-310.74,56.093,191.1,-0.7283,-0.051112,0.3625
-310.03,153.99,127.95,-0.72019,0.14758,0.23679
-272.95,239.56,51.635,-0.64314,0.31789,0.084731
-219.96,292.78,-33.079,-0.53366,0.42941,-0.081525
-158.13,304.05,-126.38,-0.40187,0.45779,-0.26198
-82.76,275.74,-215.98,-0.2417,0.40711,-0.43229
0.84428,228.7,-278.3,-0.065306,0.31586,-0.5438
92.257,174.42,-303.8,0.12123,0.21246,-0.5884
189.36,103.49,-287.71,0.31181,0.070537,-0.54785
266.24,21.911,-245.35,0.46387,-0.093694,-0.46878
308.49,-65.704,-194.3,0.54092,-0.27211,-0.36335
308.16,-160.87,-127.98,0.53686,-0.46675,-0.22953
271.54,-242.96,-46.879,0.45982,-0.62895,-0.069363
219.29,-294.08,37.834,0.35033,-0.73641,0.096894
155.95,-305.69,128.19,0.21449,-0.76479,0.27126
74.848,-276.89,214.08,0.04215,-0.71208,0.43549
-10.621,-230.51,272.61,-0.13424,-0.62692,0.54092
-99.415,-176.39,297.14,-0.31469,-0.52149,0.58349
-193.61,-103.24,281.48,-0.50325,-0.37551,0.54497
-268.21,-20.198,239.98,-0.6472,-0.20723,0.46387
-308.52,66.544,190.68,-0.72424,-0.028813,0.3625
-305.95,162.04,124.08,-0.71411,0.1638,0.22666
-268.82,243.07,43.236,-0.63301,0.32803,0.068513
-218.24,292.16,-41.666,-0.52758,0.42738,-0.095719
-155.18,301.22,-134.07,-0.39376,0.45171,-0.27617
-75.943,271.17,-221.26,-0.22548,0.39697,-0.43837
9.4548,224.25,-279.84,-0.051112,0.31181,-0.54785
101.25,168.95,-301.63,0.13744,0.19827,-0.58435
197.21,97.4,-283.02,0.32803,0.058375,-0.54177
272.09,16.886,-239.8,0.47198,-0.10586,-0.45661
310.96,-71.508,-187.83,0.547,-0.28225,-0.34916
304.83,-169.1,-122.01,0.52876,-0.48297,-0.21737
264.94,-251.31,-43.93,0.44157,-0.64518,-0.059225
212.1,-299.56,40.948,0.33411,-0.74857,0.10501
148.28,-305.38,135.31,0.19827,-0.76277,0.28342
71.285,-272.52,222.95,0.0381,-0.706,0.44968
-13.098,-222.7,281.24,-0.14033,-0.61071,0.55714
-106.21,-166.37,300.23,-0.33091,-0.50122,0.58553
-202.84,-96.797,278.95,-0.52149,-0.36335,0.54294
-277.74,-17.863,234.39,-0.66545,-0.20318,0.45171
-314.82,71.333,182.09,-0.73641,-0.022731,0.34628
-305.71,170.01,116.39,-0.71208,0.18002,0.21449
-264.19,251.49,38.33,-0.6249,0.34425,0.058375
-211.78,297.92,-46.525,-0.51541,0.43954,-0.10788
-147.92,302.73,-141.05,-0.37551,0.45374,-0.29036
-69.337,269.23,-227.98,-0.21331,0.39088,-0.45459
16.674,219.6,-284.77,-0.036919,0.29964,-0.55799
109.79,162.6,-302.81,0.15569,0.19016,-0.58637
204.52,89.497,-281.3,0.34223,0.040125,-0.54177
276.38,7.4497,-237.37,0.48415,-0.12613,-0.44648
312.59,-80.755,-185.21,0.55106,-0.30253,-0.3451
303.96,-176.7,-115.32,0.5247,-0.49716,-0.20318
262.53,-254.48,-32.583,0.44157,-0.65531,-0.040975
211.04,-299.09,51.139,0.33209,-0.74655,0.12325
144.84,-304.06,142.32,0.19016,-0.76074,0.29762
61,-270.56,225.33,0.015794,-0.70397,0.45374
-25.648,-221.83,279.07,-0.16466,-0.61071,0.55308
-116.52,-164.43,296.24,-0.34916,-0.49716,0.57741
-208.62,-88.398,274.73,-0.53569,-0.34713,0.53281
-277.78,-5.6431,232.34,-0.66748,-0.17479,0.44766
-312.48,81.571,182.02,-0.73236,-0.000425,0.34425
-301.89,177.73,111.37,-0.70397,0.19624,0.20232
-259.85,254.42,28.87,-0.61273,0.34831,0.036069
-209.87,296.93,-55.254,-0.50933,0.43954,-0.12208
-144.14,299.05,-148.86,-0.37146,0.44968,-0.30455
-62.378,264.8,-232.77,-0.19912,0.38886,-0.46067
24.482,215.78,-286.02,-0.0207,0.29356,-0.56002
118.8,157.23,-300.19,0.17191,0.17799,-0.57826
212.38,82.703,-275.66,0.36047,0.025931,-0.52555
281.45,1.9058,-231.24,0.49226,-0.13424,-0.43634
314.13,-86.936,-178.66,0.55106,-0.31672,-0.32888
300.44,-184.86,-109.84,0.52064,-0.51541,-0.19101
255.46,-262.97,-29.988,0.42535,-0.67356,-0.032869
203.23,-304.2,55.126,0.31384,-0.75669,0.12934
137.34,-302.62,150.62,0.17394,-0.75871,0.31586
58.146,-265.61,234.67,0.0076813,-0.69181,0.47198
-27.747,-214.44,287.23,-0.16871,-0.59449,0.56931
-123.45,-155.23,298.89,-0.36335,-0.47892,0.58553
-218.12,-82.1,271.19,-0.55191,-0.33091,0.5247
-286.7,-2.1045,225.12,-0.68167,-0.16668,0.43346
-317.3,87.35,172.56,-0.73844,0.013769,0.326
-301.26,185.77,104.19,-0.70194,0.21044,0.18611
-254.81,262.91,24.482,-0.60463,0.36858,0.029988
-202.46,302.31,-61.057,-0.49514,0.45171,-0.13424
-136.5,299.33,-156.93,-0.35119,0.44766,-0.31874
-55.867,262.11,-239.64,-0.18493,0.38074,-0.47486
31.064,211.72,-290.57,-0.0085375,0.29356,-0.56812
126.37,151.45,-301.77,0.18611,0.16786,-0.58435
219.32,74.258,-273.7,0.37264,0.015794,-0.52353
285.01,-8.5447,-228.08,0.49631,-0.15654,-0.43026
314.81,-96.797,-174.93,0.55308,-0.33496,-0.32078
299.4,-192.01,-101.99,0.51862,-0.52758,-0.17682
253.59,-265.42,-18.382,0.41927,-0.67761,-0.010563
201.65,-303.57,65.506,0.31181,-0.75466,0.14961
131.98,-300.48,158.12,0.16178,-0.75466,0.32803
46.964,-263.16,236.54,-0.014619,-0.68775,0.47604
-39.236,-214.18,284.66,-0.19101,-0.59651,0.56322
-132.35,-153.3,295.42,-0.37957,-0.47284,0.57741
-222.86,-72.899,267.39,-0.55799,-0.31266,0.51862
-285.95,10.469,223.28,-0.68369,-0.14438,0.42738
-314.32,98.178,171.36,-0.73438,0.034044,0.32195
-297.27,193.01,97.612,-0.69586,0.22666,0.17394
-251.5,265.06,14.81,-0.60057,0.36858,0.011738
-200.29,301.08,-70.116,-0.48906,0.44562,-0.15452
-131.19,295.02,-165.16,-0.34105,0.43954,-0.33699
-48.483,257.13,-244.4,-0.17074,0.36858,-0.48297
38.613,207.9,-291.56,0.0097125,0.27734,-0.57016
134.93,146.26,-298.94,0.20435,0.15772,-0.57218
226.68,68.006,-268.13,0.38277,0.0016,-0.51136
289.19,-14.607,-221.61,0.50443,-0.16668,-0.41606
314.69,-104.46,-167.31,0.55308,-0.35119,-0.30861
294.76,-200.57,-95.995,0.50645,-0.54583,-0.16668
246.89,-273.51,-15.976,0.40711,-0.68978,-0.0065062
193.32,-308.05,70.413,0.29356,-0.76682,0.1638
124.39,-297.79,167.46,0.14556,-0.75061,0.34628
44.487,-257.07,246.68,-0.016644,-0.67559,0.49429
-41.972,-206.28,292.49,-0.19912,-0.58029,0.57741
-139.78,-144.61,297.16,-0.39579,-0.46067,0.57944
-232.11,-68.394,264.16,-0.57624,-0.30658,0.51253
-294.25,14.244,215.99,-0.69992,-0.13627,0.41319
-316.8,105.75,160.62,-0.73438,0.050263,0.3037
-294.63,201.58,89.757,-0.68978,0.24085,0.15975
-246.34,273.1,10.28,-0.5884,0.38683,0.0056562
-192.76,306.08,-76.532,-0.47486,0.45779,-0.16466
-123.1,294.4,-173.82,-0.32482,0.43954,-0.35321
-41.453,253.14,-251.6,-0.15452,0.36452,-0.49514
45.312,203.34,-295.78,0.017825,0.26923,-0.57624
142.5,140.19,-299.93,0.22057,0.14352,-0.57421
232.6,60.245,-266.98,0.39697,-0.016644,-0.50933
292.14,-24.02,-219.61,0.51051,-0.18493,-0.41404
314.24,-114.8,-162.54,0.55106,-0.37146,-0.29644
292.45,-207.41,-86.205,0.50239,-0.56204,-0.14641
245.31,-275,-3.8502,0.40305,-0.69789,0.013769
191.71,-307.34,80.863,0.29154,-0.76479,0.18205
117.57,-295.66,174.33,0.13136,-0.74857,0.35844
31.984,-254.19,247.88,-0.047056,-0.67153,0.49834
-53.201,-205.64,289.52,-0.22143,-0.58029,0.57336
-148.08,-141.36,293.15,-0.41201,-0.45256,0.57133
-235.6,-58.863,260.72,-0.58232,-0.28631,0.50645
-293,25.26,215.64,-0.69383,-0.11397,0.41319
-313.24,116.34,158.64,-0.73236,0.072563,0.29559
-289.7,208.3,81.689,-0.67761,0.25504,0.13947
-243.6,274.19,0.27815,-0.58029,0.38886,-0.014619
-190.47,304.26,-85.945,-0.46878,0.45374,-0.1829
-117.01,290.23,-181.56,-0.31266,0.43143,-0.36741
-33.551,248.33,-255.84,-0.13829,0.35642,-0.50325
53.357,198.84,-296.35,0.040125,0.26113,-0.57826
151.4,134.27,-296.04,0.23882,0.13136,-0.57016
239.34,54.819,-261.32,0.40913,-0.026781,-0.49919
296.01,-28.88,-214.04,0.51862,-0.19709,-0.4039
312.83,-122.86,-155.28,0.54497,-0.38971,-0.28225
286.41,-216.02,-80.425,0.48821,-0.57826,-0.13424
238.23,-282.05,-1.0193,0.38886,-0.71006,0.017825
182.84,-310.2,86.997,0.27126,-0.76885,0.19421
110.87,-292.46,183.69,0.12123,-0.74249,0.37872
30.073,-247.96,258.17,-0.053144,-0.65937,0.51659
-57.165,-196.89,297.09,-0.22953,-0.56002,0.58553
-156.93,-132.56,293.41,-0.43026,-0.43229,0.57133
-244.83,-55.584,256.92,-0.60259,-0.28022,0.49631
-300.81,27.997,208.65,-0.70803,-0.11194,0.40102
-314.94,123.49,149.28,-0.73438,0.084731,0.27937
-285.92,216.6,74.352,-0.67153,0.27329,0.12934
-237.33,281.03,-5.1005,-0.57016,0.40102,-0.0207
-182.08,307.5,-93.612,-0.45053,0.46184,-0.20318
-109.23,289.07,-189.84,-0.29644,0.42738,-0.3816
-26.898,244.44,-262.69,-0.12613,0.34831,-0.51744
60.882,193.77,-300.19,0.054319,0.25099,-0.58435
159.75,127.01,-295.81,0.25504,0.11717,-0.56812
244.91,46.775,-259.43,0.42129,-0.045031,-0.49311
298.65,-37.419,-212.25,0.52064,-0.21331,-0.39984
312.87,-131.43,-150.87,0.54903,-0.40796,-0.27414
284.02,-221.47,-70.54,0.48415,-0.58637,-0.11397
236.25,-282.62,11.342,0.38277,-0.71006,0.046206
180.23,-308.45,97.895,0.26113,-0.76682,0.21449
102.57,-290.19,189.62,0.098925,-0.73844,0.38886
17.263,-246.12,258.1,-0.075444,-0.65531,0.51456
-68.535,-196.25,293.84,-0.25386,-0.56002,0.58147
-165.09,-127.44,288.93,-0.44648,-0.42215,0.56322
-247.52,-45.181,252.96,-0.61071,-0.25792,0.48821
-299.39,38.235,208.44,-0.70803,-0.087606,0.39697
-311.61,132.71,147.11,-0.72628,0.10501,0.27329
-281.37,221.89,66.449,-0.66139,0.28342,0.11109
-234.66,281.15,-14.961,-0.56204,0.40507,-0.045031
-178.77,304.5,-103.59,-0.44243,0.45374,-0.22143
-102.41,284.45,-196.87,-0.28022,0.42129,-0.39376
-19.113,240.52,-265.85,-0.10991,0.34019,-0.52555
69.186,189.28,-300.1,0.072563,0.2449,-0.58435
168.55,120.42,-291.54,0.27126,0.10501,-0.55799
251.49,41.467,-253.13,0.43346,-0.055169,-0.485
302.19,-42.208,-206.16,0.53281,-0.22345,-0.38565
311.03,-139.19,-144.14,0.54497,-0.42215,-0.264
278.22,-229.47,-66.577,0.46996,-0.59854,-0.10586
228.85,-288.82,14.22,0.37061,-0.72424,0.054319
170.53,-309.18,105.23,0.2449,-0.77088,0.23071
96.338,-285.76,198.89,0.088788,-0.7283,0.40507
16.131,-239.8,267.82,-0.0795,-0.64314,0.53484
-73.135,-187.43,300.44,-0.26198,-0.5438,0.58958
-174.2,-119.35,288.74,-0.46675,-0.40796,0.56322
-257.28,-42.232,247.88,-0.6249,-0.25184,0.47807
-306.59,41.845,200.42,-0.72019,-0.081525,0.3848
-312.93,139.74,138.26,-0.7283,0.1192,0.25707
-278.44,229.53,61.377,-0.65531,0.29964,0.10298
-228.2,287.52,-19.963,-0.54988,0.41724,-0.055169
-169.38,305.96,-111.92,-0.42215,0.45779,-0.23562
-94.438,281.95,-204.79,-0.264,0.41724,-0.40998
-12.791,236.58,-271.89,-0.093694,0.33209,-0.53366
76.853,184.33,-303.38,0.088788,0.23071,-0.5884
176.57,113.39,-291.3,0.28748,0.090812,-0.56002
256.68,32.927,-251.1,0.44562,-0.073419,-0.47892
304.29,-51.385,-203.61,0.53686,-0.24576,-0.3816
310.92,-147.16,-138.83,0.54092,-0.43634,-0.24981
277.18,-233.36,-57.401,0.46793,-0.61071,-0.087606
227.5,-289.04,25.237,0.36452,-0.72628,0.070537
167.04,-307.06,115.19,0.23679,-0.76885,0.24896
86.784,-282.76,203.82,0.066481,-0.72424,0.41724
2.9203,-238.48,266.47,-0.10586,-0.64112,0.53281
-84.223,-186.82,296.86,-0.28631,-0.54177,0.58553
-181.25,-113.57,284.92,-0.48094,-0.39579,0.55511
-258.98,-31.38,245.22,-0.63301,-0.22953,0.47198
-304.72,52.366,199.69,-0.71816,-0.059225,0.38074
-309.09,148.52,134.81,-0.72019,0.13542,0.25099
-274.74,233.45,53.923,-0.63706,0.3037,0.088788
-226.38,287.33,-28.832,-0.54583,0.41927,-0.075444
-165.56,302.75,-121.07,-0.41201,0.45374,-0.25184
-87.101,276.85,-211.16,-0.24778,0.40711,-0.42417
-4.5107,232.5,-274.1,-0.077469,0.32803,-0.53569
85.652,179.42,-302.2,0.10906,0.22057,-0.58637
184.68,107.21,-287.1,0.3037,0.07865,-0.55191
262.82,28.256,-245.7,0.45779,-0.0795,-0.46675
307.43,-57.07,-196.91,0.53889,-0.25386,-0.36741
308.06,-155.44,-131.99,0.53484,-0.45459,-0.23562
271.54,-241.12,-54.688,0.45982,-0.62692,-0.081525
220.64,-294.93,27.95,0.35033,-0.73438,0.076619
157.67,-307.04,122.52,0.21652,-0.76479,0.25909
81.406,-277.74,212.92,0.056344,-0.71411,0.43143
0.86791,-231.12,275.53,-0.11194,-0.62692,0.55106
-90.239,-176.89,301.53,-0.29847,-0.52149,0.59566
-190.31,-106.8,283.69,-0.49716,-0.37957,0.54903
-268.61,-29.517,240.92,-0.6472,-0.22751,0.46793
-311.38,57.084,190.89,-0.7283,-0.051112,0.36452
-309.09,156.4,125.97,-0.72019,0.15164,0.23274
-271.65,241.07,49.771,-0.63909,0.326,0.080675
-220.46,293.55,-33.291,-0.53366,0.42941,-0.081525
-156.95,304.15,-128.55,-0.39782,0.45576,-0.26603
-79.434,274.09,-218.33,-0.23359,0.40102,-0.43634
2.7315,227.78,-279.27,-0.06125,0.31384,-0.54583
94.239,173.22,-304.02,0.12528,0.21044,-0.59043
192.26,100.3,-286.2,0.31586,0.062425,-0.54785
267.6,19.905,-244.24,0.46387,-0.095719,-0.46675
309.08,-66.695,-194.13,0.54497,-0.27414,-0.36133
307.05,-163.53,-125.55,0.53484,-0.47081,-0.22548
270.34,-244.38,-44.945,0.45374,-0.63504,-0.063281
219.74,-294.86,38.164,0.34831,-0.73844,0.096894
154.35,-305.64,130.5,0.21044,-0.76479,0.27531
71.451,-275.38,216.32,0.0381,-0.71006,0.43752
-12.414,-229.68,273.55,-0.13627,-0.6249,0.54497
-101.63,-175.09,297.19,-0.3228,-0.51541,0.58349
-196.49,-99.769,279.85,-0.50933,-0.36943,0.54294
-269.41,-18.476,239.13,-0.64923,-0.20521,0.46184
-309.25,67.605,190.46,-0.72628,-0.030838,0.36047
-304.82,164.8,121.42,-0.71411,0.16989,0.22057
-267.73,244.42,41.585,-0.63098,0.326,0.066481
-218.69,292.99,-42.09,-0.52961,0.42941,-0.095719
-153.32,300.99,-136.66,-0.38971,0.45171,-0.28022
-72.711,269.73,-223.45,-0.21939,0.39494,-0.44445
11.106,223.54,-280.8,-0.049087,0.30978,-0.54988
103.96,167.18,-301.44,0.14352,0.19421,-0.58435
200.04,93.814,-281.18,0.33411,0.050263,-0.53974
273.22,15.423,-238.93,0.47604,-0.10586,-0.45256
311.53,-72.734,-187.43,0.547,-0.28631,-0.34713
303.56,-171.89,-119.42,0.5247,-0.48702,-0.21129
263.92,-252.64,-42.444,0.4436,-0.65126,-0.06125
212.36,-300.43,41.561,0.33411,-0.74857,0.10501
146.09,-305.03,138.05,0.19624,-0.76074,0.28951
68.313,-271.13,224.95,0.029988,-0.70194,0.45576
-14.607,-222.11,282.14,-0.14235,-0.61071,0.55917
-109.13,-164.36,299.88,-0.33496,-0.49716,0.58958
-205.71,-93.164,276.81,-0.52555,-0.35321,0.53484
-278.77,-16.424,233.61,-0.66748,-0.19912,0.44968
-315.32,72.842,181.41,-0.73641,-0.024756,0.34628
-304.44,172.65,113.82,-0.71208,0.18611,0.20841
-263.37,252.7,37.174,-0.62084,0.34831,0.056344
-211.87,298.65,-47.375,-0.51136,0.44157,-0.10991
-145.56,302.02,-143.84,-0.37349,0.45374,-0.29644
-66.672,267.98,-229.82,-0.20926,0.39088,-0.45661
17.947,219.1,-285.62,-0.032869,0.29964,-0.56002
112.83,160.24,-302.41,0.15975,0.18205,-0.58435
207.12,86.006,-279.43,0.35033,0.032012,-0.53366
277.37,6.2465,-236.71,0.48415,-0.12613,-0.44851
312.9,-82.501,-184.22,0.54903,-0.30455,-0.34105
302.71,-179.08,-112.74,0.5247,-0.50122,-0.19709
261.94,-255.58,-31.687,0.43549,-0.65531,-0.03895
210.92,-299.84,52.201,0.32803,-0.74857,0.12528
142.17,-303.4,145.15,0.18611,-0.76074,0.30573
58.641,-269.5,226.96,0.0076813,-0.69789,0.45779
-26.78,-221.45,279.78,-0.16466,-0.60867,0.55511
-119.47,-161.98,295.77,-0.35524,-0.48906,0.57944
-210.9,-85.072,273.01,-0.53771,-0.33699,0.52673
-278.61,-4.4871,231.84,-0.66951,-0.17479,0.44562
-312.7,83.529,180.72,-0.73033,0.0036313,0.34019
-300.74,179.99,108.96,-0.70194,0.19827,0.19827
-259.52,255.39,28.327,-0.61476,0.35439,0.040125
-209.32,297.59,-56.646,-0.5073,0.44157,-0.12816
-141.34,298.23,-151.76,-0.36335,0.44562,-0.31063
-60.326,263.88,-234.28,-0.19507,0.38277,-0.46675
25.591,215.38,-286.77,-0.018675,0.29356,-0.56002
121.75,154.68,-299.58,0.17799,0.17394,-0.57624
214.46,79.825,-273.91,0.3625,0.023906,-0.52353
282.14,0.89147,-230.58,0.49226,-0.14033,-0.43431
313.98,-89.13,-177.05,0.55308,-0.31874,-0.32482
299.36,-186.89,-107.65,0.51659,-0.51541,-0.18898
255.41,-263.89,-29.729,0.42333,-0.67153,-0.034894
202.4,-304.77,56.683,0.31384,-0.75871,0.13339
134.34,-301.56,153.5,0.16583,-0.75669,0.31992
56.541,-264.76,235.97,0.0056562,-0.68978,0.47401
-28.88,-214.11,287.89,-0.17276,-0.59449,0.56931
-126.33,-152.68,298.18,-0.36741,-0.47486,0.58349
-219.82,-79.764,269.85,-0.55596,-0.32482,0.52267
-287.17,-1.2789,224.65,-0.68167,-0.16668,0.42941
-316.97,89.615,170.65,-0.73844,0.015794,0.31992
-300.17,187.44,102.35,-0.70397,0.21246,0.18407
-255.04,263.69,24.482,-0.60665,0.37061,0.032012
-201.54,302.78,-62.756,-0.49108,0.45171,-0.13829
-133.5,298.23,-159.64,-0.34713,0.44562,-0.32686
-54.617,261.42,-240.75,-0.1829,0.37872,-0.47892
32.078,211.29,-291.21,-0.0024563,0.28545,-0.56812
129.13,148.76,-300.95,0.19016,0.16178,-0.58232
220.59,72.394,-272.66,0.37264,0.013769,-0.52149
285.37,-9.1581,-227.77,0.50037,-0.15654,-0.43026
314.36,-99.085,-172.88,0.55106,-0.33902,-0.31874
298.56,-193.4,-100.34,0.51456,-0.53163,-0.17276
254.02,-266.04,-18.523,0.42129,-0.67761,-0.010563
200.44,-304.02,67.299,0.30978,-0.75871,0.15366
129.13,-299.39,160.5,0.15569,-0.75263,0.33411
45.926,-262.59,237.36,-0.010563,-0.68572,0.48009
-40.25,-213.59,284.99,-0.19304,-0.59449,0.56525
-134.82,-150.58,294.55,-0.38362,-0.46878,0.57539
-223.78,-71.484,266.66,-0.56204,-0.31063,0.51659
-286.28,10.87,223.21,-0.68369,-0.14438,0.42535
-313.71,100.3,169.26,-0.73236,0.0381,0.31992
-296.47,193.93,96.433,-0.69181,0.22666,0.17191
-251.98,265.41,15.093,-0.59854,0.36858,0.013769
-199.06,301.34,-71.862,-0.48702,0.44766,-0.15654
-128.67,294.03,-167.17,-0.33699,0.43752,-0.33902
-47.799,256.75,-245.11,-0.16871,0.37061,-0.48702
39.769,207.12,-291.87,0.0097125,0.27734,-0.56812
137.22,143.64,-297.91,0.20841,0.15366,-0.57624
227.08,67.299,-267.62,0.38886,-0.0024563,-0.51136
289.31,-14.702,-221.66,0.50645,-0.16871,-0.41809
313.98,-106.49,-165.33,0.55106,-0.35321,-0.30253
294.24,-201.23,-95.287,0.50443,-0.54583,-0.16466
247.48,-273.8,-16.4,0.40711,-0.69383,-0.0065062
191.97,-308.17,72.04,0.28951,-0.76479,0.16178
122.36,-296.87,169.02,0.1415,-0.75061,0.35033
44.18,-256.81,247.13,-0.018675,-0.67356,0.49834
-43.223,-205.36,292.71,-0.20115,-0.57624,0.57944
-141.69,-142.26,296.24,-0.39782,-0.45459,0.57741
-232.28,-68.158,263.88,-0.57421,-0.30455,0.51253
-293.99,14.102,216.04,-0.69789,-0.13829,0.41724
-315.98,107.24,158.9,-0.73641,0.052288,0.29762
-294.41,201.67,89.639,-0.68775,0.2449,0.15975
-246.97,273.2,10.965,-0.5884,0.38683,0.0016
-191.44,306.03,-77.971,-0.47081,0.45576,-0.17276
-121.54,293.72,-174.86,-0.32078,0.43752,-0.35321
-41.501,253.1,-251.83,-0.15452,0.36047,-0.49919
46.515,202.31,-295.85,0.01985,0.26517,-0.57826
143.92,138.19,-298.94,0.22057,0.1415,-0.57826
232.46,60.505,-266.91,0.39697,-0.014619,-0.5073
291.97,-23.973,-219.51,0.51253,-0.18898,-0.41404
313.51,-115.76,-161.08,0.54903,-0.37146,-0.29441
292.56,-207.08,-86.629,0.50037,-0.55799,-0.14641
246,-275.02,-4.5815,0.40507,-0.69586,0.0097125
190.39,-307.18,82.113,0.28748,-0.76682,0.18407
116.51,-295.19,174.85,0.13136,-0.74452,0.3625
32.314,-254.4,247.81,-0.045031,-0.67153,0.49834
-54.287,-204.65,289.43,-0.22143,-0.57421,0.57133
-148.98,-139.78,292.47,-0.41606,-0.44851,0.56931
-235.18,-59.524,260.93,-0.58435,-0.28631,0.50443
-292.74,25.143,215.38,-0.69586,-0.11802,0.41521
-312.51,116.84,157.7,-0.72424,0.072563,0.29762
-290.1,207.54,82.68,-0.67964,0.25707,0.14352
-244.12,273.86,0.93867,-0.58029,0.39088,-0.014619
-189.13,304.01,-87.077,-0.4627,0.45374,-0.18493
-116.45,289.92,-181.65,-0.31266,0.43346,-0.36538
-34.188,248.73,-255.61,-0.13829,0.35236,-0.5073
54.277,197.78,-296.04,0.044181,0.25909,-0.57421
151.75,133.12,-295.36,0.23882,0.13136,-0.56812
238.61,55.81,-261.67,0.40913,-0.024756,-0.49919
295.63,-28.809,-213.76,0.52064,-0.19709,-0.39984
312.29,-122.86,-154.69,0.54497,-0.38971,-0.28631
287.16,-215.06,-81.864,0.49023,-0.57218,-0.13627
238.68,-281.91,-1.6091,0.38886,-0.71006,0.013769
181.52,-309.8,87.846,0.26923,-0.77088,0.19624
110.82,-292.39,183.34,0.1192,-0.74249,0.37669
30.922,-248.44,257.74,-0.049087,-0.65937,0.51659
-57.967,-195.81,296.62,-0.23359,-0.55799,0.58553
-156.74,-131.95,292.87,-0.42823,-0.43431,0.56931
-243.84,-56.905,257.39,-0.60057,-0.28225,0.49834
-300.26,27.832,208.3,-0.71208,-0.10991,0.40102
-314.47,123.11,149.09,-0.73236,0.0827,0.27937
-286.89,215.33,76.287,-0.66951,0.27126,0.13542
-237.8,280.77,-4.4636,-0.56812,0.40305,-0.0207
-180.9,307.05,-94.107,-0.44851,0.45779,-0.20115
-109.79,289.26,-189.04,-0.29644,0.42941,-0.3816
-27.983,245.01,-262.24,-0.12613,0.34628,-0.51744
61.448,192.71,-299.6,0.054319,0.25099,-0.58232
158.97,127.08,-295.52,0.25301,0.12123,-0.57016
243.64,48.497,-260.18,0.42129,-0.03895,-0.49514
298.04,-37.278,-211.78,0.5247,-0.21331,-0.39984
312.64,-130.58,-151.05,0.547,-0.39984,-0.27819
285.3,-220.01,-72.852,0.48617,-0.58435,-0.11802
236.58,-282.27,10.705,0.3848,-0.71208,0.044181
179.4,-308,97.943,0.26315,-0.76682,0.21854
103.68,-290.62,188.46,0.10298,-0.73641,0.3848
18.396,-246.71,257.44,-0.071387,-0.65734,0.51456
-68.913,-195.26,293.25,-0.25386,-0.55596,0.57741
-163.86,-128.15,288.95,-0.44445,-0.4262,0.56322
-246.17,-47.233,253.95,-0.60463,-0.26198,0.49226
-298.59,37.976,208.04,-0.706,-0.091663,0.39697
-311.38,131.46,147.81,-0.73033,0.096894,0.27531
-282.76,220.26,68.974,-0.66545,0.27937,0.11717
-235.01,280.82,-14.301,-0.56204,0.40305,-0.045031
-178.3,304.26,-103.21,-0.44243,0.45576,-0.21737
-103.9,285.16,-195.48,-0.28428,0.42535,-0.39174
-20.269,241.02,-265.12,-0.10991,0.34019,-0.51947
69.257,188.44,-299.32,0.072563,0.24085,-0.58232
166.87,121.65,-291.75,0.27126,0.10703,-0.55799
250.01,43.567,-254.33,0.43346,-0.047056,-0.485
301.36,-41.854,-205.97,0.52876,-0.22143,-0.38565
311.08,-137.42,-145.28,0.54294,-0.41809,-0.26603
279.73,-227.65,-69.172,0.47807,-0.59854,-0.11194
229.11,-288.38,13.536,0.37061,-0.72424,0.052288
170.46,-309.04,104.34,0.2449,-0.77088,0.22666
98.202,-286.7,197.23,0.090812,-0.73033,0.40305
17.169,-240.27,267.02,-0.077469,-0.64314,0.53281
-72.923,-186.7,299.66,-0.27008,-0.53771,0.58755
-172.03,-120.98,289.03,-0.46067,-0.41201,0.56322
-255.56,-44.497,249.32,-0.62287,-0.25792,0.48212
-305.6,41.066,200.35,-0.71614,-0.083556,0.38277
-313.17,137.48,139.93,-0.73033,0.11514,0.26113
-280.02,227.64,64.09,-0.65937,0.29559,0.11109
-228.43,286.95,-19.278,-0.54988,0.41724,-0.057194
-169.74,305.89,-110.62,-0.4262,0.45982,-0.23156
-96.773,283.17,-202.86,-0.26603,0.41927,-0.40998
-13.9,237.03,-271.08,-0.097744,0.33411,-0.53163
76.121,183.93,-302.62,0.086756,0.23071,-0.59043
174.05,115.47,-291.84,0.2814,0.092837,-0.56204
255.01,35.098,-252.16,0.43954,-0.069363,-0.47689
303.32,-50.323,-203.85,0.53281,-0.2417,-0.3816
311.39,-144.5,-141.05,0.54294,-0.43026,-0.25589
278.74,-231.57,-60.184,0.47198,-0.60665,-0.095719
227.64,-288.3,24.553,0.36452,-0.72222,0.072563
167.89,-306.94,113.47,0.23679,-0.76479,0.2449
89.45,-284.2,201.79,0.072563,-0.72424,0.41319
4.1234,-238.95,265.58,-0.10383,-0.64314,0.52876
-83.138,-186.79,296.22,-0.28225,-0.54177,0.58349
-178.56,-116.02,285.56,-0.47081,-0.39984,0.55308
-257.21,-33.574,246.09,-0.6249,-0.23562,0.47401
-303.59,50.88,200.25,-0.71411,-0.063281,0.37872
-309.75,145.43,137.57,-0.72222,0.12934,0.25707
-276.27,231.65,56.423,-0.64923,0.30167,0.092837
-226.5,286.62,-28.101,-0.54583,0.41724,-0.069363
-166.91,302.83,-118.95,-0.41606,0.45171,-0.24981
-90.003,278.24,-208.9,-0.25386,0.40913,-0.41809
-5.8082,232.9,-273.04,-0.077469,0.32398,-0.53569
83.93,179.85,-301.63,0.10298,0.22462,-0.58435
181.67,110.02,-288.05,0.29964,0.0827,-0.55394
261.09,30.238,-246.5,0.45374,-0.075444,-0.46878
306.29,-55.136,-197.69,0.53889,-0.24981,-0.36943
309.01,-151.88,-135.15,0.53686,-0.44648,-0.2417
272.96,-239.31,-57.188,0.46387,-0.62287,-0.089638
220.71,-294.11,27.1,0.35439,-0.73641,0.076619
159.35,-307.32,120.09,0.22057,-0.76682,0.25909
84.378,-279.36,210.66,0.064456,-0.71816,0.42738
2.2361,-231.57,274.45,-0.10991,-0.62692,0.54497
-87.879,-177.83,301.13,-0.29239,-0.52353,0.58958
-186.96,-109.79,284.87,-0.48906,-0.39174,0.55511
-266.6,-31.427,241.7,-0.6472,-0.23156,0.4659
-310.31,54.748,192,-0.7283,-0.053144,0.36452
-310.43,152.53,129.41,-0.72222,0.14556,0.24085
-273.18,239.18,52.012,-0.64314,0.31586,0.086756
-220.46,292.68,-32.371,-0.53569,0.43143,-0.0795
-158.89,304.5,-125.79,-0.4039,0.45576,-0.25994
-82.454,275.65,-216.05,-0.23967,0.40507,-0.43229
1.3633,228.16,-278.09,-0.063281,0.31384,-0.5438
91.337,174.82,-303.76,0.11717,0.21044,-0.5884
188.79,103.68,-287.57,0.31181,0.070537,-0.54988
265.69,21.698,-244.8,0.46387,-0.095719,-0.46675
308.09,-64.006,-195.45,0.54092,-0.27008,-0.36335
308.49,-159.57,-129.49,0.53484,-0.4627,-0.23156
271.71,-242.52,-47.28,0.45982,-0.63098,-0.069363
220,-293.99,37.056,0.34831,-0.73641,0.092837
156.75,-306.02,127.64,0.21246,-0.76479,0.27126
74.447,-276.84,214.2,0.04215,-0.71411,0.43346
-11.069,-230.08,272.46,-0.13221,-0.62287,0.54092
-98.401,-177.12,297.14,-0.31266,-0.52353,0.58349
-193,-103.5,281.22,-0.50325,-0.37349,0.54294
-267.45,-20.269,239.6,-0.6472,-0.20926,0.46387
-308.24,64.656,192.14,-0.72424,-0.036919,0.36656
-306.47,160.74,125.5,-0.71614,0.16178,0.23274
-269.13,242.65,43.732,-0.63504,0.326,0.068513
-219.07,292.07,-40.698,-0.52961,0.42738,-0.097744
-155.94,301.53,-133.5,-0.39579,0.45171,-0.27414
-75.424,271,-221.38,-0.22345,0.39494,-0.44243
9.6907,223.92,-279.6,-0.049087,0.30776,-0.54988
100.14,169.68,-301.68,0.13542,0.20232,-0.58637
196.57,97.494,-282.88,0.32803,0.058375,-0.54177
271.26,17.145,-239.59,0.47401,-0.10586,-0.45459
310.73,-69.337,-189.46,0.54497,-0.27819,-0.35524
305.26,-167.83,-123.36,0.52876,-0.47892,-0.21939
265.32,-250.75,-44.497,0.44562,-0.6472,-0.06125
213.09,-299.53,39.816,0.33614,-0.74452,0.10298
148.95,-305.79,134.79,0.19827,-0.76277,0.28545
70.53,-272.22,222.97,0.032012,-0.70397,0.45171
-13.239,-222.46,280.82,-0.13829,-0.60867,0.55714
-105.01,-167.17,300.25,-0.32686,-0.50122,0.58553
-202.1,-96.915,278.81,-0.52149,-0.36133,0.53889
-276.86,-18.406,234.44,-0.66545,-0.20521,0.45374
-314.66,69.162,183.81,-0.73844,-0.024756,0.35033
-306.07,168.78,117.59,-0.71208,0.17799,0.21652
-264.67,250.83,39.061,-0.6249,0.34223,0.0604
-212.91,297.82,-45.275,-0.51744,0.44157,-0.10383
-148.41,302.92,-140.46,-0.37957,0.45576,-0.28833
-68.653,268.9,-227.96,-0.21129,0.39291,-0.45256
16.485,219.41,-284.41,-0.034894,0.29762,-0.55596
108.65,163.36,-302.79,0.15164,0.18813,-0.58435
203.86,89.544,-281.09,0.34223,0.040125,-0.53569
275.51,8.3461,-237.68,0.47807,-0.12208,-0.44851
312.38,-78.538,-187.05,0.54903,-0.30049,-0.34713
304.29,-175.47,-116.54,0.52673,-0.49514,-0.20723
263.19,-253.79,-33.433,0.43752,-0.65328,-0.040975
212.29,-299.04,49.865,0.33209,-0.74857,0.1192
145.36,-304.49,141.89,0.19219,-0.76074,0.29762
60.457,-270.26,225.4,0.013769,-0.70194,0.45374
-25.27,-221.92,278.57,-0.16466,-0.61071,0.55308
-115.46,-165.23,296.13,-0.3451,-0.49716,0.58349
-207.91,-88.469,274.47,-0.52961,-0.34105,0.53078
-276.86,-6.8462,233,-0.66342,-0.19912,0.44766
-312.48,79.353,183.81,-0.7283,-0.0044813,0.34831
-302.2,176.71,112.43,-0.706,0.19421,0.20638
-260.54,253.88,29.837,-0.61679,0.35033,0.04215
-211.07,297,-53.956,-0.51136,0.43954,-0.12411
-144.57,299.38,-148.44,-0.37146,0.44766,-0.30253
-61.883,264.61,-232.7,-0.19507,0.38683,-0.4627
23.845,216.11,-285.66,-0.0207,0.29356,-0.56002
117.73,157.96,-300.17,0.16989,0.17799,-0.58029
211.77,82.609,-275.35,0.35439,0.027962,-0.52555
280.56,3.4629,-232.06,0.49023,-0.13424,-0.43837
314.15,-84.742,-180.54,0.55308,-0.31063,-0.33496
300.8,-183.96,-110.76,0.51862,-0.50933,-0.19304
256.31,-262.52,-30.932,0.42535,-0.66951,-0.036919
204.48,-304.35,53.899,0.31789,-0.75669,0.12934
137.53,-302.93,150.34,0.17394,-0.75871,0.31384
57.674,-265.54,234.46,0.0076813,-0.68978,0.47401
-26.851,-215.06,286.9,-0.16871,-0.59854,0.56727
-122.56,-155.75,298.89,-0.35929,-0.48094,0.58349
-217.49,-82.076,271.03,-0.54988,-0.32686,0.5247
-285.87,-3.9446,226.3,-0.68369,-0.17074,0.43549
-317.49,85.275,174.33,-0.74249,0.0076813,0.33006
-301.66,184.94,105,-0.70397,0.20841,0.19016
-255.73,262.51,25.449,-0.60665,0.36656,0.034044
-203.76,302.57,-59.996,-0.49514,0.45374,-0.13019
-136.48,299.71,-156.72,-0.35321,0.44766,-0.31874
-55.419,262.08,-239.5,-0.1829,0.38074,-0.47284
30.026,212.45,-290.43,-0.010563,0.28748,-0.5661
125.66,151.89,-301.82,0.19219,0.16583,-0.58029
218.84,74.187,-273.54,0.37061,0.015794,-0.52149
284.33,-6.5395,-229.45,0.49834,-0.15249,-0.43229
315.05,-95.098,-176.67,0.55308,-0.33294,-0.32686
299.85,-191.47,-102.65,0.51456,-0.52555,-0.17884
254.61,-265.23,-19.349,0.42129,-0.67559,-0.014619
202.71,-303.95,64.751,0.31586,-0.75466,0.14961
131.82,-300.76,158.31,0.15975,-0.75466,0.33006
46.539,-263.11,236.56,-0.014619,-0.68775,0.47604
-38.292,-215.01,284.59,-0.18898,-0.59651,0.56322
-131.97,-153.44,295.42,-0.37957,-0.47284,0.58147
-222.51,-72.734,267.27,-0.56002,-0.31266,0.51862
-285.54,8.5348,224.81,-0.68369,-0.14641,0.43143
-314.7,96.834,172.77,-0.73438,0.032012,0.32398
-297.62,192.73,98.108,-0.69586,0.22666,0.17394
-252.47,265.01,15.753,-0.60057,0.37264,0.015794
-201.14,301.55,-69.668,-0.49311,0.44766,-0.15249
-130.6,295.16,-165.7,-0.34105,0.44157,-0.33699
-47.823,257.04,-244.61,-0.16871,0.37061,-0.485
37.858,208.68,-291.63,0.0056562,0.2814,-0.56812
134.96,146.14,-298.94,0.20232,0.15569,-0.57826
226.49,67.865,-268.11,0.3848,-0.000425,-0.51339
289.03,-12.697,-223.24,0.50443,-0.16466,-0.42215
315.19,-103.66,-168.46,0.55308,-0.34916,-0.31063
295.21,-200.69,-96.254,0.50848,-0.5438,-0.16668
248,-273.84,-16.754,0.41116,-0.69383,-0.0065062
193.88,-308.71,70.436,0.29356,-0.76682,0.15975
123.37,-297.79,168.45,0.14556,-0.75061,0.34831
44.51,-256.86,247.03,-0.0207,-0.67761,0.49631
-41.642,-206.87,292.8,-0.19709,-0.58029,0.57741
-140.27,-144.17,297.12,-0.39782,-0.46067,0.58147
-232.21,-68.229,264.23,-0.57826,-0.30253,0.51253
-294.08,12.64,217.52,-0.69789,-0.13829,0.41521
-317.3,105.47,161.42,-0.73438,0.048238,0.3037
-295,202,89.804,-0.68978,0.2449,0.16178
-247.33,273.62,10.894,-0.5884,0.38886,0.0016
-192.95,306.84,-77.099,-0.47486,0.45779,-0.16871
-121.73,294.29,-175.21,-0.3228,0.43954,-0.35321
-40.675,253,-252.28,-0.15249,0.36452,-0.49919
45.477,203.6,-296.25,0.017825,0.26721,-0.57826
143.52,139.32,-299.77,0.2226,0.1415,-0.58029
232.9,60.056,-267.12,0.39697,-0.016644,-0.50933
292.47,-22.959,-220.86,0.51253,-0.18493,-0.41606
314.76,-115.2,-162.83,0.55308,-0.37551,-0.29644
292.8,-208.31,-85.874,0.50037,-0.56002,-0.14235
246.18,-275.92,-3.921,0.40305,-0.69992,0.011738
191.55,-308.19,82.043,0.28951,-0.76885,0.18407
115.71,-295.48,176.19,0.12731,-0.75061,0.3625
30.875,-253.98,248.83,-0.049087,-0.66951,0.50037
-53.98,-205.55,290.18,-0.22345,-0.57624,0.57539
-149.69,-139.94,292.92,-0.41606,-0.44445,0.56931
-236.15,-58.58,260.91,-0.58637,-0.28833,0.50443
-293.73,24.694,216.72,-0.69789,-0.11802,0.41319
-313.66,117.55,158.38,-0.73236,0.072563,0.29559
-289.81,209.71,80.863,-0.67559,0.26113,0.13744
-244.12,275.32,-0.33524,-0.58435,0.39291,-0.016644
-189.74,305.18,-87.997,-0.47081,0.45779,-0.18898
-114.77,289.97,-183.92,-0.30861,0.43143,-0.37146
-32.206,248.07,-257.19,-0.13627,0.35642,-0.50933
54.89,198.3,-297.17,0.04215,0.25707,-0.57826
153.73,132.24,-295.62,0.24287,0.12731,-0.56812
240.52,54.347,-261.41,0.41319,-0.030838,-0.49716
297.19,-28.974,-214.8,0.52267,-0.19709,-0.40593
313.37,-124.99,-154.57,0.547,-0.39174,-0.28225
286.29,-218.22,-79.08,0.48821,-0.58029,-0.13221
238.35,-283.8,0.46686,0.38886,-0.71006,0.025931
181.26,-311.07,90.087,0.26721,-0.76885,0.19827
108.04,-291.87,186.78,0.11311,-0.74047,0.38074
28.445,-247.47,260.1,-0.055169,-0.65937,0.52064
-59.642,-195.81,298.13,-0.23764,-0.56002,0.58755
-160.18,-130.01,292.78,-0.43634,-0.42823,0.57133
-246.64,-54.758,256.71,-0.60665,-0.27617,0.49631
-302.39,28.87,209.01,-0.71411,-0.10788,0.40102
-315.46,126.53,147.93,-0.73438,0.090812,0.27734
-285.52,219.46,72.583,-0.66748,0.31384,0.12731
-236.9,283.17,-7.436,-0.56812,0.40711,-0.032869
-179.62,308.23,-97.953,-0.44445,0.46387,-0.20926
-105.83,288.22,-193.66,-0.28833,0.42738,-0.39174
-24.633,243.87,-265.21,-0.12005,0.34628,-0.52353
64.279,192.16,-301.52,0.0604,0.24896,-0.5884
163.78,123.82,-295.12,0.26315,0.11109,-0.56812
247.36,45.336,-259.05,0.42535,-0.047056,-0.49108
300.68,-39.377,-211.97,0.52876,-0.21939,-0.39984
313.46,-135.32,-148.7,0.547,-0.40998,-0.27211
283.62,-224.89,-68.04,0.48617,-0.59449,-0.11194
235.22,-285.17,14.574,0.38074,-0.71614,0.052288
176.81,-308.99,103.25,0.25909,-0.76885,0.22462
98.084,-288.97,194.12,0.092837,-0.73438,0.39899
14.22,-245.3,260.91,-0.081525,-0.65531,0.52064
-72.876,-194.06,295.42,-0.25994,-0.55394,0.58147
-169.97,-123.52,288.25,-0.45661,-0.41404,0.56119
-250.75,-43.081,252.27,-0.61476,-0.25386,0.48617
-301.73,41.208,207.5,-0.71208,-0.083556,0.39494
-311.97,137.55,144.2,-0.72424,0.11311,0.26721
-280.68,225.9,63.477,-0.65734,0.28951,0.10703
-233.06,284.12,-19.255,-0.55596,0.41116,-0.055169
-174.39,304.83,-110.34,-0.43229,0.45374,-0.23156
-97.127,282.66,-202.27,-0.26806,0.43752,-0.40593
-15.126,239.08,-269.24,-0.1018,0.33614,-0.52555
74.8,186.31,-301.63,0.0827,0.23476,-0.5884
174.28,116.08,-290.69,0.28545,0.096894,-0.55799
255.53,38.754,-252.14,0.44157,-0.06125,-0.48094
304.97,-46.573,-204.44,0.53484,-0.23359,-0.3816
311.22,-145.13,-140.58,0.54092,-0.43229,-0.25184
277.3,-234.4,-63.109,0.47198,-0.61273,-0.099775
226.65,-292.29,19.575,0.36452,-0.73033,0.062425
165.1,-309.18,113.11,0.23274,-0.76682,0.2449
90.417,-283.37,205.18,0.074594,-0.72424,0.41927
10.8,-237.47,271.69,-0.091663,-0.64112,0.54092
-80.189,-183.54,301.76,-0.27617,-0.53366,0.59161
-180.85,-114.75,287.56,-0.48094,-0.39782,0.55917
-262.12,-38.788,246.8,-0.63706,-0.24576,0.47604
-309.58,47.483,197.68,-0.72628,-0.069363,0.37669
-312.74,146.92,133.94,-0.72424,0.13136,0.24693
-277.15,235.17,57.32,-0.65531,0.30776,0.096894
-225.55,291.38,-26.143,-0.5438,0.42535,-0.065306
-163.2,305.92,-120.72,-0.41201,0.45576,-0.25386
-87.573,279.09,-211.8,-0.25184,0.41116,-0.42417
-6.1149,233.54,-276.16,-0.0795,0.326,-0.53974
85.227,179.4,-304.63,0.10501,0.2226,-0.59043
184.02,108.04,-290.03,0.3037,0.080675,-0.55596
262.27,28.233,-249.4,0.45576,-0.083556,-0.47284
307.69,-58.509,-200.05,0.54092,-0.25792,-0.37349
310.52,-155.4,-133.2,0.54294,-0.45256,-0.2417
275.41,-239.66,-52.045,0.46387,-0.6249,-0.077469
224.32,-293.33,32.243,0.35844,-0.73438,0.086756
159.89,-307.13,124.39,0.22057,-0.77088,0.26315
78.669,-279.65,211.27,0.052288,-0.71411,0.43143
-5.1477,-234.66,271.1,-0.12411,-0.63301,0.53889
-94.013,-180.71,297.99,-0.30455,-0.52758,0.58553
-189.55,-107.22,283.53,-0.49514,-0.3816,0.55106
-265.26,-25.742,243.45,-0.64314,-0.21939,0.46996
-308.31,60.835,195.37,-0.72222,-0.043006,0.37264
-308.1,158.05,128.07,-0.71816,0.15569,0.23274
-272.26,240.64,47.553,-0.64112,0.31992,0.076619
-222.49,292,-37.113,-0.53974,0.42738,-0.087606
-157.75,302.57,-131.52,-0.39984,0.45576,-0.27211
-78.538,273.34,-219.37,-0.22953,0.40102,-0.43634
5.0434,227.71,-279.01,-0.059225,0.31586,-0.54988
97.329,172.09,-302.67,0.12934,0.20841,-0.58637
194.19,100.37,-284.93,0.32195,0.064456,-0.54785
270.08,21.486,-243.15,0.46996,-0.093694,-0.46067
311.29,-67.096,-191.68,0.54903,-0.27414,-0.35727
306.6,-166.62,-124.63,0.53484,-0.47689,-0.22143
268.15,-249.73,-47.304,0.45374,-0.64518,-0.069363
215.56,-300.05,37.716,0.34223,-0.74655,0.098925
149.49,-306.61,134.18,0.2003,-0.76885,0.28545
72.63,-274.06,221.91,0.040125,-0.71006,0.44766
-10.149,-225.32,280.93,-0.13424,-0.61273,0.55917
-103.99,-168.21,301.15,-0.32686,-0.50325,0.59161
-201.09,-98.896,280.6,-0.51744,-0.36538,0.54497
-276.7,-21.496,237.31,-0.66545,-0.20723,0.45779
-315.5,68.502,184.99,-0.74047,-0.028813,0.35033
-306.78,168.95,117.76,-0.71411,0.17597,0.21449
-266.86,250.81,40.783,-0.62895,0.34223,0.064456
-214.3,298.77,-44.709,-0.51947,0.44157,-0.10383
-147.99,303.56,-141.22,-0.37551,0.45576,-0.29036
-69.903,270.37,-227.98,-0.21534,0.39494,-0.45256
14.975,221.39,-285.1,-0.036919,0.3037,-0.55596
109.31,163.24,-303.45,0.15366,0.19016,-0.58637
204.01,90.677,-282.45,0.34425,0.04215,-0.53974
276.33,9.9502,-239.76,0.48415,-0.11802,-0.45256
313.51,-79.599,-187.12,0.55106,-0.30049,-0.3451
305,-176.93,-115.83,0.53078,-0.49716,-0.20521
264.68,-254.83,-34.046,0.44157,-0.65531,-0.043006
212.45,-300.31,50.88,0.33411,-0.74857,0.12325
143.83,-304.75,143.87,0.18813,-0.76277,0.30167
60.693,-271.32,226.18,0.017825,-0.70397,0.45576
-25.318,-222.86,279.85,-0.16263,-0.61476,0.55511
-117.7,-163.94,296.76,-0.35119,-0.49311,0.58147
-209.28,-88.469,275.34,-0.53163,-0.34308,0.53281
-278.59,-6.8462,234.11,-0.66748,-0.17682,0.45171
-313.74,81.995,182.75,-0.73438,0.0016,0.34831
-302.6,179.33,110.87,-0.706,0.19624,0.20232
-261.2,255.83,29.224,-0.61679,0.35236,0.040125
-210.1,298.56,-56.693,-0.50933,0.44157,-0.12816
-141.93,299.38,-151.79,-0.36335,0.44968,-0.31063
-61.222,265.13,-234.57,-0.19709,0.38683,-0.46675
25.473,215.99,-287.43,-0.016644,0.29559,-0.56204
121.44,155.64,-300.52,0.18002,0.17597,-0.58029
214.31,81.665,-275.66,0.35844,0.023906,-0.52555
283.08,1.6936,-232.11,0.49631,-0.13424,-0.43837
315.49,-89.224,-178.23,0.55308,-0.31874,-0.33091
300.84,-187.88,-108.29,0.51862,-0.51744,-0.18898
256.16,-265.52,-29.234,0.42535,-0.67356,-0.032869
202.14,-306.12,58.169,0.31384,-0.76074,0.13744
134.06,-302.41,154.91,0.16786,-0.75871,0.32398
56.093,-265.3,237.36,0.0036313,-0.69181,0.47807
-30.201,-213.9,289.05,-0.17682,-0.59651,0.57133
-127.42,-152.87,299.1,-0.36943,-0.47284,0.58553
-221.12,-80.307,270.91,-0.55799,-0.32686,0.5247
-288.89,-0.26448,225.07,-0.68775,-0.16466,0.43143
-318.48,91.455,170.65,-0.74249,0.01985,0.31789
-301.14,189.92,101.62,-0.70194,0.21854,0.18407
-254.88,266.33,22.547,-0.60665,0.37264,0.027962
-200.19,304.5,-65.775,-0.48906,0.45374,-0.14438
-132.16,298.7,-162.61,-0.3451,0.4436,-0.33091
-52.682,261.05,-243.34,-0.17884,0.37669,-0.48297
34.838,210.19,-292.93,0.0016,0.28342,-0.56812
131.58,148.07,-301.89,0.19624,0.15772,-0.58029
223.21,71.498,-273.11,0.37872,0.013769,-0.52149
287.75,-11.777,-227.28,0.50239,-0.16466,-0.42823
315.82,-102.67,-171.65,0.55511,-0.34713,-0.31266
298.86,-197.29,-98.071,0.51659,-0.53771,-0.16668
253.07,-269.57,-15.103,0.42129,-0.68572,-0.0044813
198.23,-306.04,71.639,0.3037,-0.76277,0.16583
126.32,-299.39,164.75,0.15366,-0.75466,0.34223
42.552,-261.25,240.92,-0.0207,-0.68369,0.48415
-44.237,-211.73,287.14,-0.20318,-0.59246,0.56931
-138.46,-149,295.35,-0.39174,-0.46675,0.57741
-227.56,-69.196,266.5,-0.57016,-0.30658,0.51659
-289.37,15.093,221.89,-0.68978,-0.13627,0.42535
-314.94,105.82,166.61,-0.73236,0.048238,0.31384
-296.02,199.41,92.588,-0.69181,0.23476,0.1638
-250.23,269.8,10.045,-0.59449,0.38074,0.0056562
-195.88,303.6,-77.901,-0.48094,0.45374,-0.16871
-124.66,293.67,-173.06,-0.33091,0.43752,-0.35119
-42.94,254.49,-249.83,-0.1606,0.36452,-0.49514
45.312,204.24,-294.32,0.015794,0.27126,-0.57421
142.41,141.28,-298.5,0.22057,0.14758,-0.57624
232.29,63.925,-266.84,0.39899,-0.0085375,-0.50933
293.13,-20.34,-219.63,0.51456,-0.18088,-0.41404
314.76,-114.06,-161.6,0.55511,-0.37146,-0.29847
292.73,-208.33,-89.932,0.50239,-0.56204,-0.15249
244.37,-278.99,-9.5355,0.40102,-0.70397,0.0097125
187.61,-310.36,79.896,0.28342,-0.77088,0.18002
117.38,-295.85,176.48,0.13339,-0.74655,0.3625
37.999,-253.51,253.14,-0.034894,-0.67153,0.50645
-50.371,-201.4,295.58,-0.21534,-0.57016,0.58349
-148.74,-138.91,296.08,-0.41404,-0.44445,0.57741
-238.76,-63.652,262.3,-0.59043,-0.29847,0.50848
-298.57,21.038,213.35,-0.706,-0.12208,0.40711
-316.59,116.46,154.32,-0.73844,0.070537,0.28951
-291.63,210.4,82.467,-0.68167,0.25909,0.14556
-242.56,279,1.9295,-0.57624,0.39697,-0.014619
-185.85,308.13,-87.761,-0.46067,0.45982,-0.18898
-115.17,292.33,-183.87,-0.30861,0.43549,-0.36943
-33.574,249.02,-258.93,-0.13829,0.35844,-0.51136
55.409,197.26,-299.09,0.044181,0.25707,-0.58435
152.86,133.09,-298.35,0.24085,0.13136,-0.57421
240.07,54.112,-264.41,0.41319,-0.026781,-0.50325
297.14,-32.135,-216.14,0.52267,-0.20521,-0.40593
314.29,-126.17,-155.3,0.55106,-0.39376,-0.28428
288.88,-217.04,-77.5,0.49429,-0.57624,-0.12816
240.33,-281.39,6.2701,0.39291,-0.71006,0.0381
183.32,-309.16,93.649,0.27126,-0.76885,0.20435
107.94,-293.19,185.11,0.11109,-0.74452,0.38074
22.547,-249.69,255.55,-0.063281,-0.66139,0.51253
-64.619,-198.78,293.15,-0.24576,-0.5661,0.57944
-159.69,-132.84,291.31,-0.43431,-0.43026,0.56525
-244.03,-51.479,257.37,-0.60259,-0.27008,0.49834
-298.54,34.414,211.39,-0.70803,-0.097744,0.40507
-313.05,128.82,150.79,-0.73236,0.094869,0.28342
-285.4,218.75,71.946,-0.66951,0.27937,0.12528
-237.61,280.72,-11.659,-0.56812,0.40305,-0.040975
-181.01,305.51,-100.59,-0.44648,0.45576,-0.21331
-106.66,287.16,-193.64,-0.29036,0.42535,-0.39174
-22.911,243.17,-264.31,-0.11599,0.34425,-0.51947
66.402,191.03,-299.89,0.068513,0.2449,-0.58435
164.59,124.84,-293.68,0.26315,0.11514,-0.56407
249.11,46.327,-256.95,0.42941,-0.045031,-0.48702
302.07,-39.778,-208.43,0.53078,-0.21737,-0.38971
312.57,-136.59,-146.95,0.547,-0.41201,-0.26806
281.57,-227.7,-70.446,0.47807,-0.59854,-0.11397
230.62,-289.08,12.757,0.37264,-0.72222,0.048238
171.73,-310.22,103.7,0.24896,-0.77088,0.22868
99.382,-288.05,196.93,0.092837,-0.73236,0.40102
18.254,-241.57,267.35,-0.075444,-0.64923,0.53281
-71.508,-188.47,300.61,-0.25994,-0.54177,0.58958
-171.58,-122.7,290.58,-0.46067,-0.41404,0.56525
-256.06,-45.653,250.95,-0.6249,-0.25792,0.48415
-306.87,40.641,201.76,-0.72222,-0.083556,0.38277
-314.44,138.31,140.38,-0.73236,0.11514,0.26113
-280.97,228.92,63.949,-0.65937,0.29762,0.10703
-228.79,288.27,-20.104,-0.54988,0.41724,-0.057194
-169.62,306.86,-111.8,-0.42417,0.45982,-0.23359
-96.301,283.69,-204.11,-0.27008,0.41724,-0.40998
-13.334,237.27,-272.19,-0.095719,0.33209,-0.53569
76.57,184.64,-303.78,0.086756,0.23274,-0.5884
175.3,115.8,-292.83,0.28342,0.094869,-0.56204
256.68,34.815,-252.92,0.44562,-0.067331,-0.48094
305.04,-51.762,-204.02,0.53686,-0.2417,-0.37957
312.36,-146.95,-140.18,0.547,-0.43634,-0.25386
278.9,-233.98,-58.556,0.47401,-0.61273,-0.089638
